screen_name|created_at|text|retweet_count|favorite_count
realDonaldTrump|Tue Sep 11 20:16:49 +0000 2018|The safety of American people is my absolute highest priority. Heed the directions of your State and Local Officials. Please be prepared, be careful and be SAFE! https://t.co/YP7ssITwW9 https://t.co/LZIUCgdPTH|7270|27341
realDonaldTrump|Tue Sep 11 16:48:49 +0000 2018|"Small Business Optimism Soars to Highest Level Ever | Breitbart https://t.co/T6rFhfPz6n via @BreitbartNews"|8520|31085
realDonaldTrump|Tue Sep 11 15:32:28 +0000 2018|"#NeverForget #September11th 
https://t.co/l8WZer3UOL"|9641|33968
realDonaldTrump|Tue Sep 11 12:58:10 +0000 2018|17 years since September 11th!|17952|73372
realDonaldTrump|Tue Sep 11 12:24:52 +0000 2018|Departing Washington, D.C. to attend a Flight 93 September 11th Memorial Service in Shanksville, Pennsylvania with Melania. #NeverForget https://t.co/O2sFUeRqeb|12541|52227
realDonaldTrump|Tue Sep 11 11:59:08 +0000 2018|Rudy Giuliani did a GREAT job as Mayor of NYC during the period of September 11th. His leadership, bravery and skill must never be forgotten. Rudy is a TRUE WARRIOR!|19674|90609
realDonaldTrump|Tue Sep 11 11:41:33 +0000 2018|?ERIC Holder could be running the Justice Department right now and it would be behaving no differently than it is.? @LouDobbs|10760|43470
realDonaldTrump|Tue Sep 11 11:19:19 +0000 2018|New Strzok-Page texts reveal ?Media Leak Strategy.?  @FoxNews  So terrible, and NOTHING is being done at DOJ or FBI - but the world is watching, and they get it completely.|18090|64190
realDonaldTrump|Tue Sep 11 11:12:31 +0000 2018|#NeverForget  #September11th https://t.co/ExGrrVtrEf|13947|49352
realDonaldTrump|Tue Sep 11 11:08:35 +0000 2018|?We have found nothing to show collusion between President Trump &amp; Russia, absolutely zero, but every day we get more documentation showing collusion between the FBI &amp; DOJ, the Hillary campaign, foreign spies &amp; Russians, incredible.? @SaraCarterDC @LouDobbs|16413|55979
realDonaldTrump|Mon Sep 10 23:35:54 +0000 2018|https://t.co/Vh47XjGzpt|30839|87363
realDonaldTrump|Mon Sep 10 23:21:41 +0000 2018|Just had calls with South Carolina Governor Henry McMaster, North Carolina Governor Roy Cooper, and Virginia Governor Ralph Northam regarding the incoming storm. Federal Government stands by, ready to assist 24/7.|14255|63219
realDonaldTrump|Mon Sep 10 23:17:24 +0000 2018|My people just informed me that this is one of the worst storms to hit the East Coast in many years. Also, looking like a direct hit on North Carolina, South Carolina and Virginia. Please be prepared, be careful and be SAFE!|20996|86620
realDonaldTrump|Mon Sep 10 21:52:11 +0000 2018|Was just briefed via phone by @DHSgov @SecNielsen and @FEMA @FEMA_Brock, along with @VP Mike Pence and Chief of Staff, John Kelly on incoming storm which is very dangerous. Heed the directions of your State and Local Officials - and know that WE are here for you. Be SAFE! https://t.co/sN8D5NvrBa|11514|44968
realDonaldTrump|Mon Sep 10 21:18:22 +0000 2018|Chuck Schumer is holding up 320 appointments (Ambassadors, Executives, etc.) of great people who have left jobs and given up so much in order to come into Government. Schumer and the Democrats continue to OBSTRUCT!|26776|81087
realDonaldTrump|Mon Sep 10 19:41:17 +0000 2018|To the incredible citizens of North Carolina, South Carolina and the entire East Coast - the storm looks very bad! Please take all necessary precautions. We have already began mobilizing our assets to respond accordingly, and we are here for you! https://t.co/g74cyD6b6K|26220|103715
realDonaldTrump|Mon Sep 10 19:35:06 +0000 2018|The Storms in the Atlantic are very dangerous. We encourage anyone in the path of these storms to prepare themselves and to heed the warnings of State and Local officials. The Federal Government is closely monitoring and ready to assist. We are with you!|17464|75556
realDonaldTrump|Mon Sep 10 14:42:34 +0000 2018|?President Trump would need a magic wand to get to 4% GDP,? stated President Obama. I guess I have a magic wand, 4.2%, and we will do MUCH better than this! We have just begun.|36625|133031
realDonaldTrump|Mon Sep 10 13:57:18 +0000 2018|The Economy is soooo good, perhaps the best in our country?s history (remember, it?s the economy stupid!), that the Democrats are flailing &amp; lying like CRAZY! Phony books, articles and T.V. ?hits? like no other pol has had to endure-and they are losing big. Very dishonest people!|21400|85538
realDonaldTrump|Mon Sep 10 12:36:53 +0000 2018|?It is mostly anonymous sources in here, why should anyone trust you? General Mattis, General Kelly said it?s not true.? @SavannahGuthrie  @TODAYshow  Bob Woodward is a liar who is like a Dem operative prior to the Midterms. He was caught cold, even by NBC.|14263|54462
realDonaldTrump|Mon Sep 10 11:46:35 +0000 2018|?I?m taking this book with a grain of salt &amp; everyone should do the same. Multiple sources, but almost every one of them has come out and discredited the claims made by Woodward. You cannot take this book too seriously.? Katelyn Caralle, Washington Examiner|11906|51552
realDonaldTrump|Mon Sep 10 11:35:54 +0000 2018|The White House is a ?smooth running machine.? We are making some of the biggest and most important deals in our country?s history - with many more to come! The Dems are going crazy!|15935|68729
realDonaldTrump|Mon Sep 10 11:22:29 +0000 2018|The Woodward book is a Joke - just another assault against me, in a barrage of assaults, using now disproven unnamed and anonymous sources. Many have already come forward to say the quotes by them, like the book, are fiction. Dems can?t stand losing. I?ll write the real book!|16790|73255
realDonaldTrump|Mon Sep 10 11:10:27 +0000 2018|If the Democrats had won the Election in 2016, GDP, which was about 1% and going down, would have been minus 4% instead of up 4.2%. I opened up our beautiful economic engine with Regulation and Tax Cuts. Our system was choking and would have been made worse. Still plenty to do!|15544|63312
realDonaldTrump|Mon Sep 10 11:03:40 +0000 2018|The GDP Rate (4.2%) is higher than the Unemployment Rate (3.9%) for the first time in over 100 years!|24386|87369
realDonaldTrump|Sun Sep 09 17:28:17 +0000 2018|Melania and I wish all Jewish people Shana Tova and send our warmest greetings to those celebrating Rosh Hashanah and the start of the High Holy Days... https://t.co/uMrHHX5il0|15705|65315
realDonaldTrump|Sun Sep 09 15:31:58 +0000 2018|...its commitment to denuclearize.? @FoxNews  This is a big and very positive statement from North Korea. Thank you To Chairman Kim. We will both prove everyone wrong! There is nothing like good dialogue from two people that like each other! Much better than before I took office.|17246|69158
realDonaldTrump|Sun Sep 09 15:21:22 +0000 2018|North Korea has just staged their parade, celebrating 70th anniversary of founding, without the customary display of nuclear missiles. Theme was peace and economic development. ?Experts believe that North Korea cut out the nuclear missiles to show President Trump......|20971|82072
realDonaldTrump|Sun Sep 09 14:42:41 +0000 2018|Wow, NFL first game ratings are way down over an already really bad last year comparison. Viewership declined 13%, the lowest in over a decade. If the players stood proudly for our Flag and Anthem, and it is all shown on broadcast, maybe ratings could come back? Otherwise worse!|22534|105123
realDonaldTrump|Sun Sep 09 14:12:18 +0000 2018|?Trump has set Economic Growth on fire. During his time in office, the economy has achieved feats most experts thought impossible. GDP is growing at a 3 percent-plus rate. The unemployment rate is near a 50 year low.? CNBC...Also, the Stock Market is up almost 50% since Election!|18760|76026
realDonaldTrump|Sun Sep 09 14:01:06 +0000 2018|If the U.S. sells a car into China, there is a tax of 25%. If China sells a car into the U.S., there is a tax of 2%. Does anybody think that is FAIR? The days of the U.S. being ripped-off by other nations is OVER!|32364|130869
realDonaldTrump|Sun Sep 09 13:49:20 +0000 2018|?Ford has abruptly killed a plan to sell a Chinese-made small vehicle in the U.S. because of the prospect of higher U.S. Tariffs.? CNBC.  This is just the beginning. This car can now be BUILT IN THE U.S.A. and Ford will pay no tariffs!|20190|82838
realDonaldTrump|Sun Sep 09 13:32:04 +0000 2018|?Barack Obama talked a lot about hope, but Donald Trump delivered the American Dream. All the economic indicators, what?s happening overseas, Donald Trump has proven to be far more successful than Barack Obama. President Trump is delivering the American Dream.? Jason Chaffetz|24707|93356
realDonaldTrump|Sun Sep 09 13:01:12 +0000 2018|Happy Anniversary! #ProudDeplorable https://t.co/iHyeu5a8DD|27380|86349
realDonaldTrump|Sun Sep 09 01:51:01 +0000 2018|So nice, thank you both! https://t.co/IAskDJIILo|19594|84750
realDonaldTrump|Sun Sep 09 01:47:25 +0000 2018|The Dems have tried every trick in the playbook-call me everything under the sun. But if I?m all of those terrible things, how come I beat them so badly, 306-223? Maybe they?re just not very good! The fact is they are going CRAZY only because they know they can?t beat me in 2020!|29501|123888
realDonaldTrump|Sun Sep 09 01:38:38 +0000 2018|Republicans are doing really well with the Senate Midterms. Races that we were not even thinking about winning are now very close, or even leading. Election night will be very interesting indeed!|21212|92829
realDonaldTrump|Sun Sep 09 00:07:31 +0000 2018|Our Social Media (and beyond) Stars, @DiamondandSilk, are terrific people who are doing really well. We are all very proud of them, and their great success!|19237|86598
realDonaldTrump|Sat Sep 08 21:08:41 +0000 2018|So true! ?Mr. Trump remains the single most popular figure in the Republican Party, whose fealty has helped buoy candidates in competitive Republican primaries and remains a hot commodity among general election candidates.?  Nicholas Fandos, @nytimes|16202|72758
realDonaldTrump|Sat Sep 08 15:45:28 +0000 2018|Apple prices may increase because of the massive Tariffs we may be imposing on China - but there is an easy solution where there would be ZERO tax, and indeed a tax incentive. Make your products in the United States instead of China. Start building new plants now. Exciting! #MAGA|28124|111571
realDonaldTrump|Sat Sep 08 14:51:29 +0000 2018|We are breaking all Jobs and Economic Records but, importantly, our Country has TREMENDOUS FUTURE POTENTIAL. We have just begun!|24366|102385
realDonaldTrump|Sat Sep 08 14:47:08 +0000 2018|?To this point, President Trump?s achievements are unprecedented.?  @LouDobbs|15362|67778
realDonaldTrump|Sat Sep 08 14:44:29 +0000 2018|Dave Hughes is running for Congress in the Great State of Minnesota. He will help us accomplish our America First policies, is strong on Crime, the Border, our 2nd Amendmen, Trade, Military and Vets. Running against Pelosi Liberal Puppet Petterson. Dave has my Total Endorsement!|16009|62758
realDonaldTrump|Fri Sep 07 21:39:37 +0000 2018|14 days for $28 MILLION - $2 MILLION a day, No Collusion. A great day for America!|21052|86620
realDonaldTrump|Fri Sep 07 20:16:18 +0000 2018|?Unprecedented Jobs Growth Streak Continues as Wages Rise? https://t.co/Mk0WSyjdOe|14668|56069
realDonaldTrump|Fri Sep 07 16:35:57 +0000 2018|Under our horrible immigration laws, the Government is frequently blocked from deporting criminal aliens with violent felony convictions. House GOP just passed a bill to increase our ability to deport violent felons (Crazy Dems opposed). Need to get this bill to my desk fast!|30184|111882
realDonaldTrump|Fri Sep 07 11:32:32 +0000 2018|The Woodward book is a scam. I don?t talk the way I am quoted. If I did I would not have been elected President. These quotes were made up. The author uses every trick in the book to demean and belittle. I wish the people could see the real facts - and our country is doing GREAT!|29179|125962
realDonaldTrump|Fri Sep 07 11:11:49 +0000 2018|Matt Rosendale will be a Great Senator from a Great State, Montana! He is a fighter who will be tough on Crime and the Border, fight hard for our 2nd Amendment and loves our Military and our Vets. He has my full and complete Endorsement!|15906|67938
realDonaldTrump|Fri Sep 07 10:56:38 +0000 2018|What was Nike thinking?|30042|151196
realDonaldTrump|Fri Sep 07 02:48:03 +0000 2018|Thank you Montana, I love you! https://t.co/9J4Xv2PoNw|16069|75956
realDonaldTrump|Fri Sep 07 02:38:26 +0000 2018|MAKE AMERICA GREAT AGAIN! https://t.co/RPOYiqsHHH|17382|67577
realDonaldTrump|Fri Sep 07 01:06:56 +0000 2018|Getting ready to go on stage for Matt Rosendale, who will be a great Senator. Jon Tester has let the people of Montana down &amp; does not deserve another six years. Matt is strong on Crime, the Borders, &amp; will save your Second Amendment from the onslaught. Loves our Military &amp; Vets!|16355|75159
realDonaldTrump|Thu Sep 06 23:15:20 +0000 2018|Landing in Montana now to support Matt Rosendale for U.S. Senate! #MAGA https://t.co/0MIEyWxMbW|11041|52356
realDonaldTrump|Thu Sep 06 23:12:02 +0000 2018|Are the investigative ?journalists? of the New York Times going to investigate themselves - who is the anonymous letter writer?|18800|85921
realDonaldTrump|Thu Sep 06 17:16:12 +0000 2018|Look forward to seeing everyone in Montana tonight! #MAGA https://t.co/fyHduA2Peo|13232|56156
realDonaldTrump|Thu Sep 06 14:09:32 +0000 2018|?The record is quite remarkable. The President has faithfully followed the agenda he campaigned on in 2016. People should focus on the results, and they?re extraordinary!?  James Freeman - Wall Street Journal|25234|97192
realDonaldTrump|Thu Sep 06 11:31:19 +0000 2018|Cosumer confidence highest in 18 years, Atlanta Fed forecasts 4.7 GDP, manufacturing jobs highest in many years. ?It?s the story of the Trump Administration, the Economic Success, that?s unnerving his detractors.? @MariaBartiromo|19090|76412
realDonaldTrump|Thu Sep 06 11:19:30 +0000 2018|The Deep State and the Left, and their vehicle, the Fake News Media, are going Crazy - &amp; they don?t know what to do. The Economy is booming like never before, Jobs are at Historic Highs, soon TWO Supreme Court Justices &amp; maybe Declassification to find Additional Corruption. Wow!|36365|128952
realDonaldTrump|Thu Sep 06 10:58:41 +0000 2018|Kim Jong Un of North Korea proclaims ?unwavering faith in President Trump.? Thank you to Chairman Kim. We will get it done together!|26141|110356
realDonaldTrump|Thu Sep 06 03:22:34 +0000 2018|I?m draining the Swamp, and the Swamp is trying to fight back. Don?t worry, we will win!|52753|202377
realDonaldTrump|Wed Sep 05 23:40:32 +0000 2018|Does the so-called ?Senior Administration Official? really exist, or is it just the Failing New York Times with another phony source? If the GUTLESS anonymous person does indeed exist, the Times must, for National Security purposes, turn him/her over to government at once!|31905|120273
realDonaldTrump|Wed Sep 05 22:15:09 +0000 2018|TREASON?|33981|121131
realDonaldTrump|Wed Sep 05 21:45:54 +0000 2018|The Failing New York Times! https://t.co/SHsXvYKpBf|25493|87987
realDonaldTrump|Wed Sep 05 21:10:01 +0000 2018|Today, it was my honor to welcome the Amir of Kuwait to the @WhiteHouse! https://t.co/b5iqsajpOj https://t.co/8wtucJrtEl|12194|49752
realDonaldTrump|Wed Sep 05 19:09:51 +0000 2018|Join me tomorrow night at 7:00pm MDT in Billings, Montana for a MAKE AMERICA GREAT AGAIN RALLY! Get your tickets here: https://t.co/fyHduA2Peo|14923|55469
realDonaldTrump|Wed Sep 05 13:54:35 +0000 2018|Thank you General Mattis, book is boring &amp; untrue! https://t.co/Bq79ZjF3Dk|15418|62157
realDonaldTrump|Wed Sep 05 13:51:29 +0000 2018|Thank you General Kelly, book is total fiction! https://t.co/J5iUONhRin|14790|58693
realDonaldTrump|Wed Sep 05 13:39:54 +0000 2018|Just like the NFL, whose ratings have gone WAY DOWN, Nike is getting absolutely killed with anger and boycotts. I wonder if they had any idea that it would be this way? As far as the NFL is concerned, I just find it hard to watch, and always will, until they stand for the FLAG!|27543|120862
realDonaldTrump|Wed Sep 05 13:21:07 +0000 2018|The Trump Economy is booming with help of House and Senate GOP. #FarmBill with SNAP work  requirements will bolster farmers and get America back to work. Pass the Farm Bill with SNAP work requirements!|13986|60137
realDonaldTrump|Wed Sep 05 13:20:22 +0000 2018|Almost everyone agrees that my Administration has done more in less than two years than any other Administration in the history of our Country. I?m tough as hell on people &amp; if I weren?t, nothing would get done. Also, I question everybody &amp; everything-which is why I got elected!|28838|118302
realDonaldTrump|Wed Sep 05 11:33:18 +0000 2018|Isn?t it a shame that someone can write an article or book, totally make up stories and form a picture of a person that is literally the exact opposite of the fact, and get away with it without retribution or cost. Don?t know why Washington politicians don?t change libel laws?|25540|114749
realDonaldTrump|Wed Sep 05 03:35:30 +0000 2018|?Secretary Mattis Nukes Woodward Allegations? https://t.co/H5bPjsVXNb|14591|53025
realDonaldTrump|Wed Sep 05 03:32:16 +0000 2018|Jim Mattis Calls Woodward Book 'Fiction': 'Product of Someone's Rich Imagination' https://t.co/HGMDiH98nx via @BreitbartNews|12262|46676
realDonaldTrump|Wed Sep 05 03:01:43 +0000 2018|The already discredited Woodward book, so many lies and phony sources, has me calling Jeff Sessions ?mentally retarded? and ?a dumb southerner.? I said NEITHER, never used those terms on anyone, including Jeff, and being a southerner is a GREAT thing. He made this up to divide!|22076|87174
realDonaldTrump|Wed Sep 05 02:50:19 +0000 2018|Sleepy Eyes Chuck Todd of Fake NBC News said it?s time for the Press to stop complaining and to start fighting back. Actually Chuck, they?ve been doing that from the day I announced for President. They?ve gone all out, and I WON, and now they?re going CRAZY!|26151|107529
realDonaldTrump|Tue Sep 04 23:18:08 +0000 2018|The Woodward book has already been refuted and discredited by General (Secretary of Defense) James Mattis and General (Chief of Staff) John Kelly. Their quotes were made up frauds, a con on the public. Likewise other stories and quotes. Woodward is a Dem operative? Notice timing?|23493|83811
realDonaldTrump|Tue Sep 04 22:49:35 +0000 2018|Statement from White House @PressSec, Sarah Sanders: https://t.co/mE73HSi6Rl|15809|56144
realDonaldTrump|Tue Sep 04 22:38:06 +0000 2018|Statement from White House Chief of Staff, General John Kelly: https://t.co/LUN8cDr3N5|20316|66547
realDonaldTrump|Tue Sep 04 22:37:09 +0000 2018|Statement from Secretary of Defense, James Mattis: https://t.co/OneaxKCneV|21551|67879
realDonaldTrump|Tue Sep 04 21:03:50 +0000 2018|?Judge Brett Kavanaugh is an Exceptionally Qualified and Deserving Nominee for the Supreme Court? https://t.co/nD5XZo9yIm|15183|58872
realDonaldTrump|Tue Sep 04 20:55:41 +0000 2018|Paul Cook is a decorated Marine Corps Veteran who loves and supports our Military and Vets. He is Strong on Crime, the Border, and supported Tax Cuts for the people of California. Paul has my total and complete Endorsement!|16062|64491
realDonaldTrump|Tue Sep 04 20:44:49 +0000 2018|?Pledge to America?s Workers? https://t.co/wbGZU6oi9G|10318|42975
realDonaldTrump|Tue Sep 04 20:41:38 +0000 2018|....looking to inflict pain and embarrassment to one of the most highly renowned jurists to ever appear before Congress. So sad to see!|15491|66592
realDonaldTrump|Tue Sep 04 20:41:37 +0000 2018|The Brett Kavanaugh hearings for the future Justice of the Supreme Court are truly a display of how mean, angry, and despicable the other side is. They will say anything, and are only....|21966|90520
realDonaldTrump|Tue Sep 04 20:40:28 +0000 2018|Jon Kyl will be an extraordinary Senator representing an extraordinary state, Arizona. I look forward to working with him!|12604|58447
realDonaldTrump|Tue Sep 04 18:24:52 +0000 2018|Everyone in the path of #Gordon please heed the advice of State and local officials and follow @NHC_Atlantic for updates. The Federal Government stands ready to assist. Be safe! https://t.co/sJiL4wnQID|11465|46425
realDonaldTrump|Tue Sep 04 14:58:21 +0000 2018|NBC FAKE NEWS, which is under intense scrutiny over their killing the Harvey Weinstein story, is now fumbling around making excuses for their probably highly unethical conduct. I have long criticized NBC and their journalistic standards-worse than even CNN. Look at their license?|25964|104420
realDonaldTrump|Mon Sep 03 22:20:17 +0000 2018|President Bashar al-Assad of Syria must not recklessly attack Idlib Province. The Russians and Iranians would be making a grave humanitarian mistake to take part in this potential human tragedy. Hundreds of thousands of people could be killed. Don?t let that happen!|22820|88423
realDonaldTrump|Mon Sep 03 19:21:26 +0000 2018|According to the Failing New York Times, the FBI started a major effort to flip Putin loyalists in 2014-2016. ?It wasn?t about Trump, he wasn?t even close to a candidate yet.?  Rigged Witch Hunt!|18697|72608
realDonaldTrump|Mon Sep 03 18:55:35 +0000 2018|I see that John Kerry, the father of the now terminated Iran deal, is thinking of running for President. I should only be so lucky - although the field that is currently assembling looks really good - FOR ME!|25243|111116
realDonaldTrump|Mon Sep 03 18:39:19 +0000 2018|....The Democrats, none of whom voted for Jeff Sessions, must love him now. Same thing with Lyin? James Comey. The Dems all hated him, wanted him out, thought he was disgusting - UNTIL I FIRED HIM! Immediately he became a wonderful man, a saint like figure in fact. Really sick!|23820|100043
realDonaldTrump|Mon Sep 03 18:25:25 +0000 2018|Two long running, Obama era, investigations of  two very popular Republican Congressmen were brought to a well publicized charge, just ahead of the Mid-Terms, by the Jeff Sessions Justice Department. Two easy wins now in doubt because there is not enough time. Good job Jeff......|20062|79146
realDonaldTrump|Mon Sep 03 17:50:01 +0000 2018|The U.S. is respected again! https://t.co/NtQ4vsoqnk|15052|67763
realDonaldTrump|Mon Sep 03 15:28:33 +0000 2018|Richard Trumka, the head of the AFL-CIO, represented his union poorly on television this weekend. Some of the things he said were so against the working men and women of our country, and the success of the U.S. itself, that it is easy to see why unions are doing so poorly. A Dem!|15431|63511
realDonaldTrump|Mon Sep 03 12:23:33 +0000 2018|The Worker in America is doing better than ever before. Celebrate Labor Day!|19755|93643
realDonaldTrump|Mon Sep 03 11:28:14 +0000 2018|Happy Labor Day! Our country is doing better than ever before with unemployment setting record lows. The U.S. has tremendous upside potential as we go about fixing some of the worst Trade Deals ever made by any country in the world. Big progress being made!|27878|124634
realDonaldTrump|Sun Sep 02 13:37:51 +0000 2018|....The fact is that African/American unemployment is now the lowest in the history of our country. Same with Asian, Hispanic and almost every other group. The Democrats have been all talk and no action. My Administration has already produced like no other, and everyone sees it!|32515|137655
realDonaldTrump|Sun Sep 02 13:28:20 +0000 2018|Tiger Woods showed great class in the way he answered the question about the Office of the Presidency and me. Now they say the so-called ?left? is angry at him. So sad, but the ?center &amp; right? loves Tiger, Kanye, George Foreman, Jim Brown &amp; so many other greats, even more.......|26396|125207
realDonaldTrump|Sun Sep 02 01:21:41 +0000 2018|?There is no possible way the Trump Tower meeting between Don Trump jr and a couple of Russians, who have very deep connections to both the Clintons &amp; Fusion GPS, &amp; where no information on the Clintons was exchanged, is a crime. Dems are blinded by their hatred of Trump.? Bongino|23142|95746
realDonaldTrump|Sun Sep 02 01:01:22 +0000 2018|?No information was ever given by the Trump Team to Russia, yet the Hillary Clinton campaign paid for information from Kremlin sources and just washed it through an intermediary, Christopher Steele.?  Jesse Waters|21796|82303
realDonaldTrump|Sun Sep 02 00:53:44 +0000 2018|....positions of power. That?s part of the story of the Russia Hoax. Christopher Steele is on the payroll of Hillary Clinton &amp; the FBI, &amp; when they fired him for lying, they continued to use him. Violation of FBI regulations. Kept trying to verify the unverifiable.? @GreggJarrett|16737|64062
realDonaldTrump|Sun Sep 02 00:46:41 +0000 2018|?There?s no fairness here, if you?re a Democrat or a friend of Hillary you get immunity or off scott free. If you?re connected to Donald Trump, you get people like Robert Mueller &amp; Andrew Weissman, and his team of partisans, coming after you with a vengeance and abusing their....|25222|94930
realDonaldTrump|Sat Sep 01 22:55:29 +0000 2018|We shouldn?t have to buy our friends with bad Trade Deals and Free Military Protection!|25466|108564
realDonaldTrump|Sat Sep 01 22:53:07 +0000 2018|MAKE AMERICA GREAT AGAIN!|44716|179030
realDonaldTrump|Sat Sep 01 22:51:29 +0000 2018|"No Deal! Trade Talks with Canada Conclude for the Week with No Agreement | Breitbart https://t.co/87vi7OqopY via @BreitbartNews"|11949|48975
realDonaldTrump|Sat Sep 01 15:12:25 +0000 2018|....Remember, NAFTA was one of the WORST Trade Deals ever made. The U.S. lost thousands of businesses and millions of jobs. We were far better off before NAFTA - should never have been signed. Even the Vat Tax was not accounted for. We make new deal or go back to pre-NAFTA!|19897|81834
realDonaldTrump|Sat Sep 01 15:03:28 +0000 2018|There is no political necessity to keep Canada in the new NAFTA deal. If we don?t make a fair deal for the U.S. after decades of abuse, Canada will be out. Congress should not interfere w/ these negotiations or I will simply terminate NAFTA entirely &amp; we will be far better off...|25964|105878
realDonaldTrump|Sat Sep 01 13:27:05 +0000 2018|....Donald Trump, and now we find out that there wasn?t even a hearing - that Donald Trump?s 4th Amendment right to privacy was signed away...and someone in there is swearing that this stuff is true, when it wasn?t? This is the scandal here - a police state.?  Dan Bongino|23776|85198
realDonaldTrump|Sat Sep 01 13:19:20 +0000 2018|?You have a Fake Dossier, gathered by Steele, paid by the Clinton team to get information on Trump. The Dossier is Fake, nothing in it has been verified. It then filters into our American court system in order to spy on Barrack Obama and Hillary Clinton?s political opponent......|22638|82807
realDonaldTrump|Sat Sep 01 12:32:59 +0000 2018|....of the DOJ &amp; FBI are completely out to lunch in terms of exposing and holding those accountable who are responsible for that corruption.? @TomFitton @JudicialWatch|15511|59478
realDonaldTrump|Sat Sep 01 12:26:58 +0000 2018|Report: There were no FISA hearings held over Spy documents.?It is astonishing that the FISA courts couldn?t hold hearings on Spy Warrants targeting Donald Trump. It isn?t about Carter Page, it?s about the Trump Campaign. You?ve got corruption at the DOJ &amp; FBI. The leadership....|19882|72583
realDonaldTrump|Sat Sep 01 11:21:41 +0000 2018|I love Canada, but they?ve taken advantage of our Country for many years!|17360|85182
realDonaldTrump|Sat Sep 01 11:19:04 +0000 2018|?I think today what has happened is that news reporting has become part of the adversary system.? Alan Dershowitz  It has become tainted and corrupt! DJT|17469|70989
realDonaldTrump|Sat Sep 01 02:40:23 +0000 2018|Still can?t believe that Bloomberg violated a firm OFF THE RECORD statement. Will they put out an apology?|16786|76453
realDonaldTrump|Sat Sep 01 02:36:57 +0000 2018|Great day in North Carolina where Republicans will do very well!|11739|63580
realDonaldTrump|Sat Sep 01 02:35:28 +0000 2018|The ABC/Washington Post Poll was by far the least accurate one 2 weeks out from the 2016 Election. I call it a suppression poll - but by Election Day they brought us, out of shame, to about even. They will never learn!|14813|66887
realDonaldTrump|Sat Sep 01 02:25:38 +0000 2018|.@Rasmussen_Poll just came out at 48% approval rate despite the constant and intense Fake News. Higher than Election Day and higher than President Obama. Rasmussen was one of the most accurate Election Day polls!|20407|84852
realDonaldTrump|Sat Sep 01 00:01:21 +0000 2018|https://t.co/c79zLeREOA|15267|61923
realDonaldTrump|Fri Aug 31 22:07:25 +0000 2018|?President Donald J. Trump is Strengthening Retirement Security for American Workers? https://t.co/cKeATuKXDe|14361|57470
realDonaldTrump|Fri Aug 31 18:37:04 +0000 2018|Wow, I made OFF THE RECORD COMMENTS to Bloomberg concerning Canada, and this powerful understanding was BLATANTLY VIOLATED. Oh well, just more dishonest reporting. I am used to it. At least Canada knows where I stand!|27245|120149
realDonaldTrump|Fri Aug 31 17:09:01 +0000 2018|I will be doing a major rally for Senator Ted Cruz in October. I?m picking the biggest stadium in Texas we can find. As you know, Ted has my complete and total Endorsement. His opponent is a disaster for Texas - weak on Second Amendment, Crime, Borders, Military, and Vets!|32602|122545
realDonaldTrump|Fri Aug 31 01:50:40 +0000 2018|"Thank you Indiana, I love you!
https://t.co/To6s9ViMj1"|20330|85409
realDonaldTrump|Thu Aug 30 19:59:32 +0000 2018|Throwback Thursday! #MAGA https://t.co/8slzITa1l6|27509|98414
realDonaldTrump|Thu Aug 30 18:30:04 +0000 2018|Kevin Stitt ran a great winning campaign against a very tough opponent in Oklahoma. Kevin is a very successful businessman who will be a fantastic Governor. He is strong on Crime &amp; Borders, the 2nd Amendment, &amp; loves our Military &amp; Vets. He has my complete and total Endorsement!|17056|72708
realDonaldTrump|Thu Aug 30 16:54:09 +0000 2018|CNN is working frantically to find their ?source.? Look hard because it doesn?t exist. Whatever was left of CNN?s credibility is now gone!|33057|129711
realDonaldTrump|Thu Aug 30 13:49:51 +0000 2018|Will be going to Evansville, Indiana, tonight for a big crowd rally with Mike Braun, a very successful businessman who is campaigning to be Indiana?s next U.S. Senator. He is strong on Crime &amp; Borders, the 2nd Amendment, and loves our Military &amp; Vets. Will be a big night!|18958|79369
realDonaldTrump|Thu Aug 30 13:39:00 +0000 2018|I am very excited about the person who will be taking the place of Don McGahn as White House Counsel! I liked Don, but he was NOT responsible for me not firing Bob Mueller or Jeff Sessions. So much Fake Reporting and Fake News!|14287|62373
realDonaldTrump|Thu Aug 30 13:17:48 +0000 2018|The Rigged Russia Witch Hunt did not come into play, even a little bit, with respect to my decision on Don McGahn!|12879|59846
realDonaldTrump|Thu Aug 30 12:54:13 +0000 2018|Wow, Nellie Ohr, Bruce Ohr?s wife, is a Russia expert who is fluent in Russian. She worked for Fusion GPS where she was paid a lot. Collusion! Bruce was a boss at the Department of Justice and is, unbelievably, still there!|26677|88497
realDonaldTrump|Thu Aug 30 11:56:28 +0000 2018|The only thing James Comey ever got right was when he said that President Trump was not under investigation!|16909|71559
realDonaldTrump|Thu Aug 30 11:44:28 +0000 2018|Ivanka Trump &amp; Jared Kushner had NOTHING to do with the so called ?pushing out? of Don McGahn.The Fake News Media has it, purposely,so wrong! They love to portray chaos in the White House when they know that chaos doesn?t exist-just a ?smooth running machine? with changing parts!|18604|77362
realDonaldTrump|Thu Aug 30 11:20:48 +0000 2018|The news from the Financial Markets is even better than anticipated. For all of you that have made a fortune in the markets, or seen your 401k?s rise beyond your wildest expectations, more good news is coming!|18682|81106
realDonaldTrump|Thu Aug 30 11:11:58 +0000 2018|I just cannot state strongly enough how totally dishonest much of the Media is. Truth doesn?t matter to them, they only have their hatred &amp; agenda. This includes fake books, which come out about me all the time, always anonymous sources, and are pure fiction. Enemy of the People!|31486|127460
realDonaldTrump|Thu Aug 30 11:02:16 +0000 2018|What?s going on at @CNN is happening, to different degrees, at other networks - with @NBCNews being the worst. The good news is that Andy Lack(y) is about to be fired(?) for incompetence, and much worse. When Lester Holt got caught fudging my tape on Russia, they were hurt badly!|18794|72097
realDonaldTrump|Thu Aug 30 10:50:20 +0000 2018|The hatred and extreme bias of me by @CNN has clouded their thinking and made them unable to function. But actually, as I have always said, this has been going on for a long time. Little Jeff Z has done a terrible job, his ratings suck, &amp; AT&amp;T should fire him to save credibility!|23879|100432
realDonaldTrump|Thu Aug 30 02:27:24 +0000 2018|Watch: Kanye West Says Trump Wants to Be the ?Greatest President? for Black Americans https://t.co/ECxTzVNZeG via @BreitbartNews|21009|72895
realDonaldTrump|Thu Aug 30 01:51:50 +0000 2018|...charge of the FISA court. He should direct the Presiding Judge, Rosemary Collier, to hold a hearing, haul all of these people from the DOJ &amp; FBI in there, &amp; if she finds there were crimes committed, and there were, there should be a criminal referral by her....? @GreggJarrett|20376|71001
realDonaldTrump|Thu Aug 30 01:43:30 +0000 2018|?Ohr told the FBI it (the Fake Dossier) wasn?t true, it was a lie and the FBI was determined to use it anyway to damage Trump and to perpetrate a fraud on the court to spy on the Trump campaign. This is a fraud on the court. The Chief Justice of the U.S. Supreme Court is in......|21613|73640
realDonaldTrump|Thu Aug 30 00:44:26 +0000 2018|?Lanny Davis admits being anonymous source in CNN Report.? @BretBaier  Oh well, so much for CNN saying it wasn?t Lanny. No wonder their ratings are so low, it?s FAKE NEWS!|22281|84450
realDonaldTrump|Wed Aug 29 22:43:49 +0000 2018|CNN is being torn apart from within based on their being caught in a major lie and refusing to admit the mistake. Sloppy @carlbernstein, a man who lives in the past and thinks like a degenerate fool, making up story after story, is being laughed at all over the country! Fake News|30800|116668
realDonaldTrump|Wed Aug 29 21:23:10 +0000 2018|...differences, they will be resolved in time by President Trump and China?s great President Xi Jinping. Their relationship and bond remain very strong.|10746|48143
realDonaldTrump|Wed Aug 29 21:23:10 +0000 2018|...of money on joint U.S.-South Korea war games. Besides, the President can instantly start the joint exercises again with South Korea, and Japan, if he so chooses. If he does, they will be far bigger than ever before. As for the U.S.?China trade disputes, and other...|10314|45247
realDonaldTrump|Wed Aug 29 21:23:09 +0000 2018|...considerable aid, including money, fuel, fertilizer and various other commodities. This is not helpful! Nonetheless, the President believes that his relationship with Kim Jong Un is a very good and warm one, and there is no reason at this time to be spending large amounts...|9066|33044
realDonaldTrump|Wed Aug 29 21:23:08 +0000 2018|"STATEMENT FROM THE WHITE HOUSE

President Donald J. Trump feels strongly that North Korea is under tremendous pressure from China because of our major trade disputes with the Chinese Government. At the same time, we also know that China is providing North Korea with..."|15908|61533
realDonaldTrump|Wed Aug 29 20:55:45 +0000 2018|#StopTheBias https://t.co/xqz599iQZw|40232|108524
realDonaldTrump|Wed Aug 29 15:12:23 +0000 2018|How the hell is Bruce Ohr still employed at the Justice Department? Disgraceful!  Witch Hunt!|26277|102092
realDonaldTrump|Wed Aug 29 14:56:38 +0000 2018|Consumer Confidence Index, just out, is the HIGHEST IN 18 YEARS! Also, GDP revised upward to 4.2 from 4.1. Our country is doing great!|20819|80858
realDonaldTrump|Wed Aug 29 14:30:35 +0000 2018|White House Counsel Don McGahn will be leaving his position in the fall, shortly after the confirmation (hopefully) of Judge Brett Kavanaugh to the United States Supreme Court. I have worked with Don for a long time and truly appreciate his service!|12776|61675
realDonaldTrump|Wed Aug 29 12:52:05 +0000 2018|Martha McSally is an extraordinary woman. She was a very talented fighter jet pilot and is now a highly respected member of Congress. She is Strong on Crime, the Border and our  under siege 2nd Amendment. Loves our Military and our Vets. Has my total and complete Endorsement!|14062|61740
realDonaldTrump|Wed Aug 29 12:41:38 +0000 2018|When you see ?anonymous source,? stop reading the story, it is fiction!|38318|149284
realDonaldTrump|Wed Aug 29 12:40:05 +0000 2018|?Anonymous Sources are really starting to BURN the media.? @FoxNews The fact is that many anonymous sources don?t even exist. They are fiction made up by the Fake News reporters. Look at the lie that Fake CNN is now in. They got caught red handed! Enemy of the People!|29346|104349
realDonaldTrump|Wed Aug 29 12:23:18 +0000 2018|Big Election Wins last night! The Republican Party will MAKE AMERICA GREAT AGAIN! Actually, it is happening faster than anybody thought possible! It is morphing into KEEP AMERICA GREAT!|17994|75088
realDonaldTrump|Wed Aug 29 12:18:10 +0000 2018|?Hillary Clinton and the DNC paid for information from the Russian government to use against her government - there?s no doubt about that!? @TuckerCarlson|20231|71583
realDonaldTrump|Wed Aug 29 12:12:38 +0000 2018|?The Obama people did something that?s never been done...They spied on a rival presidential campaign. Would it be OK if Trump did it next? I am losing faith that our system is on the level. I?m beginning to think it is rotten &amp; corrupt. Scary stuff Obama did.? @TuckerCarlson  DOJ|26130|85029
realDonaldTrump|Wed Aug 29 12:00:37 +0000 2018|Not only did Congressman Ron DeSantis easily win the Republican Primary, but his opponent in November is his biggest dream....a failed Socialist Mayor named Andrew Gillum who has allowed crime &amp; many other problems to flourish in his city. This is not what Florida wants or needs!|18804|72620
realDonaldTrump|Wed Aug 29 04:44:54 +0000 2018|Martha McSally, running in the Arizona Primary for U.S. Senate, was endorsed by rejected Senator Jeff Flake....and turned it down - a first! Now Martha, a great U.S. Military fighter jet pilot and highly respected member of Congress, WINS BIG. Congratulations, and on to November!|15079|69468
realDonaldTrump|Wed Aug 29 04:11:45 +0000 2018|Hillary Clinton?s Emails, many of which are Classified Information, got hacked by China. Next move better be by the FBI &amp; DOJ or, after all of their other missteps (Comey, McCabe, Strzok, Page, Ohr, FISA, Dirty Dossier etc.), their credibility will be forever gone!|31077|99415
realDonaldTrump|Wed Aug 29 02:26:35 +0000 2018|New Poll - A majority of Americans think that John Brennan and James Comey should have their Security Clearances Revoked. Not surprised! @FoxNews|24006|102379
realDonaldTrump|Wed Aug 29 02:19:58 +0000 2018|Our new Trade Deal with Mexico focuses on FARMERS, GROWTH for our country, tearing down TRADE BARRIERS, JOBS and having companies continue to POUR BACK INTO OUR COUNTRY. It will be a big hit!|18871|79664
realDonaldTrump|Wed Aug 29 01:21:59 +0000 2018|Add the 2026 World Cup to our long list of accomplishments!|18036|96361
realDonaldTrump|Wed Aug 29 01:16:58 +0000 2018|Report just out: ?China hacked Hillary Clinton?s private Email Server.? Are they sure it wasn?t Russia (just kidding!)? What are the odds that the FBI and DOJ are right on top of this? Actually, a very big story. Much classified information!|37225|124585
realDonaldTrump|Wed Aug 29 00:48:11 +0000 2018|Congratulations to Governor Rick Scott of Florida on his conclusive Republican Primary Win. He will be a great Senator!|15629|71968
realDonaldTrump|Wed Aug 29 00:32:05 +0000 2018|Such a fantastic win for Ron DeSantis and the people of the Great State of Florida. Ron will be a fantastic Governor. On to November!|18593|81778
realDonaldTrump|Tue Aug 28 20:50:34 +0000 2018|https://t.co/H2FiSVxyOF|12540|54644
realDonaldTrump|Tue Aug 28 17:28:28 +0000 2018|?Consumer confidence pops in August to highest level since October 2000? https://t.co/1Gg5IOtbNa|16658|64583
realDonaldTrump|Tue Aug 28 15:02:51 +0000 2018|....results on ?Trump News? are from National Left-Wing Media, very dangerous. Google &amp; others are suppressing voices of Conservatives and hiding information and news that is good. They are controlling what we can &amp; cannot see. This is a very serious situation-will be addressed!|20396|73773
realDonaldTrump|Tue Aug 28 15:02:49 +0000 2018|Google search results for ?Trump News? shows only the viewing/reporting of Fake News Media. In other words, they have it RIGGED, for me &amp; others, so that almost all stories &amp; news is BAD. Fake CNN is prominent. Republican/Conservative &amp; Fair Media is shut out. Illegal? 96% of....|27100|94969
realDonaldTrump|Tue Aug 28 14:21:08 +0000 2018|I smile at Senators and others talking about how good free trade is for the U.S. What they don?t say is that we lose Jobs and over 800 Billion Dollars a year on really dumb Trade Deals....and these same countries Tariff us to death. These lawmakers are just fine with this!|24464|91242
realDonaldTrump|Tue Aug 28 09:57:51 +0000 2018|NASDAQ has just gone above 8000 for the first time in history!|28373|121273
realDonaldTrump|Tue Aug 28 09:54:32 +0000 2018|?President Trump has done more for minority groups in this country than any president in decades.?  @LouDobbs|19547|80377
realDonaldTrump|Tue Aug 28 01:18:38 +0000 2018|VOTE FOR RON! https://t.co/80NShvQ73u|19366|70047
realDonaldTrump|Mon Aug 27 22:07:50 +0000 2018|.@FLOTUS Melania and I were honored to welcome the President of the Republic of Kenya, @UKenyatta and Mrs. Margaret Kenyatta to the @WhiteHouse today! https://t.co/ZU5MovNKt8|16696|71865
realDonaldTrump|Mon Aug 27 18:11:20 +0000 2018|United States-Mexico Trade Agreement: https://t.co/E1AzveYPli https://t.co/ZYbHt1pD8a|15814|60103
realDonaldTrump|Mon Aug 27 17:22:07 +0000 2018|Governor Doug Ducey of Arizona is doing a great job. It would be really nice to show your support tomorrow by voting for him in Tuesdays Primary. Doug is strong on Crime, the Border, and our Second Amendment. Loves our Military &amp; our Vets. He has my full and complete Endorsement.|18656|73270
realDonaldTrump|Mon Aug 27 17:20:15 +0000 2018|Congressman Ron DeSantis is a special person who has done an incredible job. He is running in Tuesdays Primary for Governor of Florida?.Strong on Crime, Borders and wants Low Taxes. He will be a great Governor and has my full and total Endorsement!|18962|69717
realDonaldTrump|Mon Aug 27 17:19:20 +0000 2018|Rick Scott of Florida is doing a fantastic job as Governor. Jobs are pouring into the State and its economic health is better than ever before. He is strong on Crime, Borders, and loves our Military and Vets. Vote for Rick on Tuesday!|18049|72158
realDonaldTrump|Mon Aug 27 13:39:02 +0000 2018|A big deal looking good with Mexico!|22022|113881
realDonaldTrump|Mon Aug 27 13:37:39 +0000 2018|The Fake News Media worked hard to get Tiger Woods to say something that he didn?t want to say. Tiger wouldn?t play the game - he is very smart. More importantly, he is playing great golf again!|30636|154250
realDonaldTrump|Mon Aug 27 12:57:37 +0000 2018|Thank you to the great @JimBrownNFL32, perhaps the greatest running back of all time, for your wonderful words and support. Since our meeting in New York, African-American UNEMPLOYMENT has reached the LOWEST LEVEL IN HISTORY. You get it!|21199|87025
realDonaldTrump|Mon Aug 27 00:39:38 +0000 2018|Over 90% approval rating for your all time favorite (I hope) President within the Republican Party and 52% overall. This despite all of the made up stories by the Fake News Media trying endlessly to make me look as bad and evil as possible. Look at the real villains please!|43475|181597
realDonaldTrump|Sun Aug 26 22:01:33 +0000 2018|?Mainstream Media tries to rewrite history to credit Obama for Trump accomplishments. Since President Trump took office, the economy is booming. The stronger the economy gets, the more desperate his critics are. O had weakest recovery since Great Depression.? @WashTimes|30201|113566
realDonaldTrump|Sun Aug 26 14:31:06 +0000 2018|Fantastic numbers on consumer spending released on Friday. Stock Market hits all time high!|22391|107026
realDonaldTrump|Sun Aug 26 14:27:16 +0000 2018|...And it will get, as I have always said, much better from even here! https://t.co/El26RzBjpG|17876|77546
realDonaldTrump|Sun Aug 26 00:44:13 +0000 2018|My deepest sympathies and respect go out to the family of Senator John McCain. Our hearts and prayers are with you!|39262|220232
realDonaldTrump|Sat Aug 25 23:45:48 +0000 2018|Stock Market hit all time high on Friday. Congratulations U.S.A.!|27464|136778
realDonaldTrump|Sat Aug 25 13:22:28 +0000 2018|Our relationship with Mexico is getting closer by the hour. Some really good people within both the new and old government, and all working closely together....A big Trade Agreement with Mexico could be happening soon!|21730|99090
realDonaldTrump|Sat Aug 25 13:14:15 +0000 2018|?The FBI looked at less than 1%? of Crooked?s Emails!|29129|102739
realDonaldTrump|Sat Aug 25 13:11:28 +0000 2018|?The FBI only looked at 3000 of 675,000 Crooked Hillary Clinton Emails.? They purposely didn?t look at the disasters. This news is just out. @FoxNews|34071|109952
realDonaldTrump|Sat Aug 25 13:05:42 +0000 2018|Big story out that the FBI ignored tens of thousands of Crooked Hillary Emails, many of which are REALLY BAD. Also gave false election info. I feel sure that we will soon be getting to the bottom of all of this corruption. At some point I may have to get involved!|42217|153676
realDonaldTrump|Sat Aug 25 12:46:18 +0000 2018|.@LindseyGrahamSC  ?Every President deserves an Attorney General they have confidence in. I believe every President has a right to their Cabinet, these are not lifetime appointments. You serve at the pleasure of the President.?|18494|76983
realDonaldTrump|Sat Aug 25 12:36:33 +0000 2018|Jeff Sessions said he wouldn?t allow politics to influence him only because he doesn?t understand what is happening underneath his command position. Highly conflicted Bob Mueller and his gang of 17 Angry Dems are having a field day as real corruption goes untouched. No Collusion!|24589|94932
realDonaldTrump|Sat Aug 25 12:16:53 +0000 2018|Michaels Cohen?s attorney clarified the record, saying his client does not know if President Trump knew about the Trump Tower meeting (out of which came nothing!). The answer is that I did NOT know about the meeting. Just another phony story by the Fake News Media!|21814|81555
realDonaldTrump|Sat Aug 25 03:35:21 +0000 2018|Happy birthday Vince, you are truly one of the greats! https://t.co/b8zV5MfojY|13183|66769
realDonaldTrump|Sat Aug 25 02:13:13 +0000 2018|Great #StateDinner2018 in Ohio tonight! Together, we are MAKING AMERICA GREAT AGAIN! https://t.co/ALU1PHEsvh|12739|52972
realDonaldTrump|Sat Aug 25 00:40:21 +0000 2018|Great to see the Senate working on solutions to end the secrecy around ridiculously high drug prices, something I called for in my drug pricing Blueprint. Will now work with the House to help American patients! #AmericanPatientsFirst|17782|71793
realDonaldTrump|Sat Aug 25 00:27:13 +0000 2018|Congratulations to new Australian Prime Minister Scott Morrison. There are no greater friends than the United States and Australia!|14687|79401
realDonaldTrump|Sat Aug 25 00:20:53 +0000 2018|I spoke with Governor David Ige of Hawaii today to express our full support for the people of Hawaii as the State is impacted by #HurricaneLane. The Federal Government is fully committed to helping the people of Hawaii. https://t.co/P35yAAovIk|10478|52807
realDonaldTrump|Fri Aug 24 23:26:02 +0000 2018|Thank you. I love you Ohio! https://t.co/RQ9Gj0SETz|13412|61248
realDonaldTrump|Fri Aug 24 17:36:02 +0000 2018|...Secretary Pompeo looks forward to going to North Korea in the near future, most likely after our Trading relationship with China is resolved. In the meantime I would like to send my warmest regards and respect to Chairman Kim. I look forward to seeing him soon!|12926|58452
realDonaldTrump|Fri Aug 24 17:36:01 +0000 2018|...Additionally, because of our much tougher Trading stance with China, I do not believe they are helping with the process of denuclearization as they once were (despite the UN Sanctions which are in place)...|11582|54226
realDonaldTrump|Fri Aug 24 17:36:00 +0000 2018|I have asked Secretary of State Mike Pompeo not to go to North Korea, at this time, because I feel we are not making sufficient progress with respect to the denuclearization of the Korean Peninsula...|18017|79401
realDonaldTrump|Fri Aug 24 16:10:25 +0000 2018|https://t.co/0a25gApyJ6|16108|63017
realDonaldTrump|Fri Aug 24 11:34:13 +0000 2018|Social Media Giants are silencing millions of people. Can?t do this even if it means we must continue to hear Fake News like CNN, whose ratings have suffered gravely. People have to figure out what is real, and what is not, without censorship!|53438|185134
realDonaldTrump|Fri Aug 24 11:10:13 +0000 2018|Ex-NSA contractor to spend 63 months in jail over ?classified? information. Gee, this is ?small potatoes? compared to what Hillary Clinton did! So unfair Jeff, Double Standard.|30169|106593
realDonaldTrump|Fri Aug 24 10:28:37 +0000 2018|....FISA abuse, Christopher Steele &amp; his phony and corrupt Dossier, the Clinton Foundation, illegal surveillance of Trump Campaign, Russian collusion by Dems - and so much more. Open up the papers &amp; documents without redaction? Come on Jeff, you can do it, the country is waiting!|29742|104685
realDonaldTrump|Fri Aug 24 10:17:34 +0000 2018|?Department of Justice will not be improperly influenced by political considerations.? Jeff, this is GREAT, what everyone wants, so look into all of the corruption on the ?other side? including deleted Emails, Comey lies &amp; leaks, Mueller conflicts, McCabe, Strzok, Page, Ohr......|32800|111143
realDonaldTrump|Fri Aug 24 10:04:45 +0000 2018|Our Economy is setting records on virtually every front - Probably the best our country has ever done. Tremendous value created since the Election. The World is respecting us again! Companies are moving back to the U.S.A.|20631|84869
realDonaldTrump|Fri Aug 24 09:57:15 +0000 2018|Target CEO raves about the Economy. ?This is the best consumer environment I?ve seen in my career.? A big statement from a top executive. But virtually everybody is saying this, &amp; when our Trade Deals are made, &amp; cost cutting done, you haven?t seen anything yet!  @DRUDGE_REPORT|17392|70195
realDonaldTrump|Fri Aug 24 04:21:37 +0000 2018|...And according to Polls, would do even better today! https://t.co/NAzQOIFW6o|16574|71628
realDonaldTrump|Thu Aug 23 21:10:31 +0000 2018|...Cindy has voted for our Agenda in the Senate 100% of the time and has my complete and total Endorsement. We need Cindy to win in Mississippi!|12973|55390
realDonaldTrump|Thu Aug 23 21:10:30 +0000 2018|.@cindyhydesmith has helped me put America First! She?s strong on the Wall, is helping me create Jobs, loves our Vets and fights for our conservative judges...|14772|65005
realDonaldTrump|Thu Aug 23 19:21:04 +0000 2018|I have authorized an emergency disaster declaration to provide Hawaii the necessary support ahead of #HurricaneLane. Our teams are closely coordinating with the state and local authorities. You are in our thoughts! https://t.co/lrhwbdUavj|14312|63730
realDonaldTrump|Thu Aug 23 18:08:19 +0000 2018|It was my great honor to host the Foreign Investment Risk Review Modernization Act Roundtable today at the @WhiteHouse! https://t.co/TjtI7ddtZM|11075|52320
realDonaldTrump|Thu Aug 23 16:02:32 +0000 2018|https://t.co/6ZG0P6FRs5|10399|45112
realDonaldTrump|Thu Aug 23 15:39:43 +0000 2018|https://t.co/6v90Th0zl1|11123|46585
realDonaldTrump|Thu Aug 23 13:44:47 +0000 2018|https://t.co/3PAVDdfJJr|14137|58834
realDonaldTrump|Thu Aug 23 05:10:08 +0000 2018|NO COLLUSION - RIGGED WITCH HUNT!|26787|118994
realDonaldTrump|Thu Aug 23 02:28:45 +0000 2018|I have asked Secretary of State @SecPompeo to closely study the South Africa land and farm seizures and expropriations and the large scale killing of farmers. ?South African Government is now seizing land from white farmers.? @TuckerCarlson @FoxNews|46095|135637
realDonaldTrump|Thu Aug 23 00:56:35 +0000 2018|The only thing that I have done wrong is to win an election that was expected to be won by Crooked Hillary Clinton and the Democrats. The problem is, they forgot to campaign in numerous states!|37865|154800
realDonaldTrump|Thu Aug 23 00:51:38 +0000 2018|I will be interviewed on @foxandfriends by @ainsleyearhardt tomorrow from 6:00 A.M. to 9:00 A.M.  Enjoy!|10908|53045
realDonaldTrump|Wed Aug 22 23:01:24 +0000 2018|https://t.co/15ibBbf34U|13462|55023
realDonaldTrump|Wed Aug 22 22:24:57 +0000 2018|https://t.co/wYCNmkkaNR|16935|62122
realDonaldTrump|Wed Aug 22 20:07:29 +0000 2018|Longest bull run in the history of the stock market, congratulations America!|24039|106341
realDonaldTrump|Wed Aug 22 20:05:05 +0000 2018|https://t.co/mJtO0AFLus|8853|36491
realDonaldTrump|Wed Aug 22 16:13:34 +0000 2018|https://t.co/OGqKufBeHn|15438|62420
realDonaldTrump|Wed Aug 22 15:05:30 +0000 2018|Everyone in the path of #HurricaneLane please prepare yourselves, heed the advice of State and local officials, and follow @NWSHonolulu for updates. Be safe! https://t.co/kCwtL8UxNI|11352|45879
realDonaldTrump|Wed Aug 22 13:52:33 +0000 2018|Thank you to Democrat Assemblyman Dov Hikind of New York for your very gracious remarks on @foxandfriends for our deporting a longtime resident Nazi back to Germany! Others worked on this for decades.|14049|66158
realDonaldTrump|Wed Aug 22 13:37:34 +0000 2018|Michael Cohen plead guilty to two counts of campaign finance violations that are not a crime. President Obama had a big campaign finance violation and it was easily settled!|26787|99644
realDonaldTrump|Wed Aug 22 13:34:16 +0000 2018|A large number of counts, ten, could not even be decided in the Paul Manafort case. Witch Hunt!|13615|63684
realDonaldTrump|Wed Aug 22 13:21:29 +0000 2018|I feel very badly for Paul Manafort and his wonderful family. ?Justice? took a 12 year old tax case, among other things, applied tremendous pressure on him and, unlike Michael Cohen, he refused to ?break? - make up stories in order to get a ?deal.? Such respect for a brave man!|22657|96678
realDonaldTrump|Wed Aug 22 12:44:08 +0000 2018|If anyone is looking for a good lawyer, I would strongly suggest that you don?t retain the services of Michael Cohen!|36931|151457
realDonaldTrump|Wed Aug 22 00:45:19 +0000 2018|Thank you West Virginia. I love you! https://t.co/K1OQ98wOh4|17279|80954
realDonaldTrump|Wed Aug 22 00:38:32 +0000 2018|MAKING AMERICA GREAT AGAIN! https://t.co/gZqP81bclE|17536|70961
realDonaldTrump|Tue Aug 21 21:32:31 +0000 2018|Just landed in West Virginia. Big crowd, looking forward to seeing everyone soon! #MAGA|13861|78120
realDonaldTrump|Tue Aug 21 15:22:04 +0000 2018|Join me tonight at the Charleston Civic Center in West Virginia at 7:00pmE! Tickets: https://t.co/OX8gGhdmg9|10666|46404
realDonaldTrump|Tue Aug 21 14:56:31 +0000 2018|To the incredible people of the Great State of Wyoming: Go VOTE TODAY for Foster Friess - He will be a fantastic Governor! Strong on Crime, Borders &amp; 2nd Amendment. Loves our Military &amp; our Vets. He has my complete and total Endorsement!|18559|77680
realDonaldTrump|Tue Aug 21 14:15:18 +0000 2018|Bill DeBlasio, the high taxing Mayor of NYC, just stole my campaign slogan: PROMISES MADE  PROMISES KEPT! That?s not at all nice. No imagination! @foxandfriends|19390|79914
realDonaldTrump|Tue Aug 21 11:57:19 +0000 2018|Big Rally tonight in West Virginia. Patrick Morrisey is running a GREAT race for U.S. Senate. I have done so much for West Virginia, against all odds, and having Patrick, a real fighter, by my side, would make things so much easier. See you later. CLEAN COAL!!!!|17482|75158
realDonaldTrump|Tue Aug 21 11:41:46 +0000 2018|I am sorry to have to reiterate that there are serious and unpleasant consequences to crossing the Border into the United States ILLEGALLY! If there were no serious consequences, our country would be overrun with people trying to get in, and our system could not handle it!|26632|110527
realDonaldTrump|Tue Aug 21 11:10:49 +0000 2018|Fake News, of which there is soooo much (this time the very tired New Yorker) falsely reported that I was going to take the extraordinary step of denying Intelligence Briefings to President Obama. Never discussed or thought of!|16463|71689
realDonaldTrump|Tue Aug 21 10:55:03 +0000 2018|Even James Clapper has admonished John Brennan for having gone totally off the rails. Maybe Clapper is being nice to me so he doesn?t lose his Security Clearance for lying to Congress!|18087|78185
realDonaldTrump|Tue Aug 21 10:38:19 +0000 2018|A Blue Wave means Crime and Open Borders. A Red Wave means Safety and Strength!|28713|101891
realDonaldTrump|Tue Aug 21 03:53:49 +0000 2018|I am hearing so many great things about the Republican Party?s California Gubernatorial Candidate, John Cox. He is a very successful businessman who is tired of high Taxes &amp; Crime. He will Make California Great Again &amp;  make you proud of your Great State again. Total Endorsement!|21376|84888
realDonaldTrump|Tue Aug 21 03:40:49 +0000 2018|Will be going to the Great State of West Virginia on Tuesday Night to campaign &amp; do a Rally Speech for a hard working and spectacular person, A.G. Patrick Morrisey, who is running for the U.S. Senate. Patrick has great Energy &amp; Stamina-I need his VOTE to MAGA. Total Endorsement!|15114|63698
realDonaldTrump|Tue Aug 21 02:06:08 +0000 2018|Just watched former Intelligence Official Phillip Mudd become totally unglued and weird while debating wonderful @PARISDENNARD over Brennan?s Security Clearance. Dennard destroyed him but Mudd is in no mental condition to have such a Clearance. Should be REVOKED? @seanhannity|21649|82470
realDonaldTrump|Tue Aug 21 01:46:12 +0000 2018|.@DianeHarkey is an extraordinary woman of great accomplishment &amp; potential. She is running as a very popular Republican for the Congressional seat of my friend Darrell Issa-with his complete support. Diane is strong on crime, loves our Military &amp; Vets-has my total Endorsement!|13676|55053
realDonaldTrump|Mon Aug 20 23:49:27 +0000 2018|https://t.co/PeF12D2IqJ|15523|59699
realDonaldTrump|Mon Aug 20 17:14:59 +0000 2018|It is outrageous that Poisonous Synthetic Heroin Fentanyl comes pouring into the U.S. Postal System from China. We can, and must, END THIS NOW! The Senate should pass the STOP ACT ? and firmly STOP this poison from killing our children and destroying our country. No more delay!|28450|104162
realDonaldTrump|Mon Aug 20 14:46:15 +0000 2018|?Bruce Ohr is at the center of FALSE ALLEGATIONS which led to a multi-million dollar investigation into what apparently didn?t happen.? Darrell Issa, House Oversight. We can take out the word ?apparently.?  @FoxNews|17791|67324
realDonaldTrump|Mon Aug 20 14:36:23 +0000 2018|Will Bruce Ohr, whose family received big money for helping to create the phony, dirty and discredited Dossier, ever be fired from the Jeff Sessions  ?Justice? Department? A total joke!|21372|80901
realDonaldTrump|Mon Aug 20 14:23:57 +0000 2018|Everybody wants to keep their Security Clearance, it?s worth great prestige and big dollars, even board seats, and that is why certain people are coming forward to protect Brennan. It certainly isn?t because of the good job he did! He is a political ?hack.?|27139|104664
realDonaldTrump|Mon Aug 20 14:13:19 +0000 2018|I hope John Brennan, the worst CIA Director in our country?s history, brings a lawsuit. It will then be very easy to get all of his records, texts, emails and documents to show not only the poor job he did, but how he was involved with the Mueller Rigged Witch Hunt. He won?t sue!|30908|113967
realDonaldTrump|Mon Aug 20 11:48:12 +0000 2018|Where?s the Collusion? They made up a phony crime called Collusion, and when there was no Collusion they say there was Obstruction (of a phony crime that never existed). If you FIGHT BACK or say anything bad about the Rigged Witch Hunt, they scream Obstruction!|24170|94668
realDonaldTrump|Mon Aug 20 11:38:44 +0000 2018|....looking for trouble. They are enjoying ruining people?s lives and REFUSE to look at the real corruption on the Democrat side - the lies, the firings, the deleted Emails and soooo much more! Mueller?s Angry Dems are looking to impact the election. They are a National Disgrace!|21582|82918
realDonaldTrump|Mon Aug 20 11:28:45 +0000 2018|Disgraced and discredited Bob Mueller and his whole group of Angry Democrat Thugs spent over 30 hours with the White House Councel, only with my approval, for purposes of transparency. Anybody needing that much time when they know there is no Russian Collusion is just someone....|18754|75754
realDonaldTrump|Sun Aug 19 12:24:38 +0000 2018|Study the late Joseph McCarthy, because we are now in period with Mueller and his gang that make Joseph McCarthy look like a baby! Rigged Witch Hunt!|24680|96743
realDonaldTrump|Sun Aug 19 12:14:44 +0000 2018|Some members of the media are very Angry at the Fake Story in the New York Times. They actually called to complain and apologize - a big step forward. From the day I announced, the Times has been Fake News, and with their disgusting new Board Member, it will only get worse!|22592|88492
realDonaldTrump|Sun Aug 19 12:06:43 +0000 2018|The Failing New York Times wrote a story that made it seem like the White House Councel had TURNED on the President, when in fact it is just the opposite - &amp; the two Fake reporters knew this. This is why the Fake News Media has become the Enemy of the People. So bad for America!|26500|99803
realDonaldTrump|Sun Aug 19 11:30:41 +0000 2018|No Collusion and No Obstruction, except by Crooked Hillary and the Democrats. All of the resignations and corruption, yet heavily conflicted Bob Mueller refuses to even look in that direction. What about the Brennan, Comey, McCabe, Strzok lies to Congress, or Crooked?s Emails!|29840|116497
realDonaldTrump|Sun Aug 19 11:15:12 +0000 2018|....and have demanded transparency so that this Rigged and Disgusting Witch Hunt can come to a close. So many lives have been ruined over nothing - McCarthyism at its WORST! Yet Mueller &amp; his gang of Dems refuse to look at the real crimes on the other side - Media is even worse!|19912|80786
realDonaldTrump|Sun Aug 19 11:01:47 +0000 2018|The failing @nytimes wrote a Fake piece today implying that because White House Councel Don McGahn was giving hours of testimony to the Special Councel, he must be a John Dean type ?RAT.? But I allowed him and all others to testify - I didn?t have to. I have nothing to hide......|17726|71684
realDonaldTrump|Sat Aug 18 22:12:30 +0000 2018|I allowed White House Counsel Don McGahn, and all other requested members of the White House Staff, to fully cooperate with the Special Counsel. In addition we readily gave over one million pages of documents. Most transparent in history. No Collusion, No Obstruction. Witch Hunt!|24084|95528
realDonaldTrump|Sat Aug 18 21:51:11 +0000 2018|The United States has ended the ridiculous 230 Million Dollar yearly development payment to Syria. Saudi Arabia and other rich countries in the Middle East will start making payments instead of the U.S. I want to develop the U.S., our military and countries that help us!|39801|158410
realDonaldTrump|Sat Aug 18 19:39:35 +0000 2018|https://t.co/TfRmZA8RWQ|18864|75931
realDonaldTrump|Sat Aug 18 13:39:28 +0000 2018|The Economy is stronger and better than ever before. Importantly, there remains tremendous potential - it will only get better with time!|22636|108877
realDonaldTrump|Sat Aug 18 13:34:49 +0000 2018|Great Job  Rachel Campos-Duffy on @foxandfriends.|8570|48439
realDonaldTrump|Sat Aug 18 13:12:43 +0000 2018|Has anyone looked at the mistakes that John Brennan made while serving as CIA Director? He will go down as easily the WORST in history &amp; since getting out, he has become nothing less than a loudmouth, partisan, political hack who cannot be trusted with the secrets to our country!|29514|116009
realDonaldTrump|Sat Aug 18 13:06:30 +0000 2018|https://t.co/5kIR5EggBp|16550|66230
realDonaldTrump|Sat Aug 18 11:46:14 +0000 2018|All of the fools that are so focused on looking only at Russia should start also looking in another direction, China. But in the end, if we are smart, tough and well prepared, we will get along with everyone!|20691|87364
realDonaldTrump|Sat Aug 18 11:40:11 +0000 2018|....Too many voices are being destroyed, some good &amp; some bad, and that cannot be allowed to happen. Who is making the choices, because I can already tell you that too many mistakes are being made. Let everybody participate, good &amp; bad, and we will all just have to figure it out!|27818|106826
realDonaldTrump|Sat Aug 18 11:32:17 +0000 2018|.....Censorship is a very dangerous thing &amp; absolutely impossible to police. If you are weeding out Fake News, there is nothing so Fake as CNN &amp; MSNBC, &amp; yet I do not ask that their sick behavior be removed. I get used to it and watch with a grain of salt, or don?t watch at all..|33656|125359
realDonaldTrump|Sat Aug 18 11:23:00 +0000 2018|Social Media is totally discriminating against Republican/Conservative voices. Speaking loudly and clearly for the Trump Administration, we won?t let that happen. They are closing down the opinions of many people on the RIGHT, while at the same time doing nothing to others.......|36904|114327
realDonaldTrump|Sat Aug 18 01:47:44 +0000 2018|....financial gain is a Federal Gratuity Statute Violation, Bribery Statute Violation, Honest Services Violation....all Major Crimes....because the DOJ is run by BLANK Jeff Sessions......?  Gregg Jarrett.  So when does Mueller do what must be done? Probably never! @FoxNews|17809|70387
realDonaldTrump|Sat Aug 18 01:46:26 +0000 2018|?Bruce Ohr of DOJ is in legal jeopardy, it?s astonishing that he?s still employed. Bruce &amp; Nelly Ohr?s bank account is getting fatter &amp; fatter because of the Dossier that they are both peddling. He doesn?t disclose it under Fed Regs. Using your Federal office for personal.......|21533|77845
realDonaldTrump|Fri Aug 17 22:29:15 +0000 2018|?Fox News has learned that Bruce Ohr wrote Christopher Steele following the firing of James Comey saying that he was afraid the anti-Trump Russia probe will be exposed.?  Charles Payne  @FoxBusiness   How much more does Mueller have to see? They have blinders on - RIGGED!|28007|93972
realDonaldTrump|Fri Aug 17 21:25:20 +0000 2018|https://t.co/TmICRUV9uo|21957|81393
realDonaldTrump|Fri Aug 17 19:25:53 +0000 2018|...I say Andrew?s was a bigger and more incompetent blunder. He should easily win his race against a Super Liberal Actress, but his political career is over!|12367|56893
realDonaldTrump|Fri Aug 17 19:25:52 +0000 2018|Which is worse, Hightax Andrew Cuomo's statement, ?WE?RE NOT GOING TO MAKE AMERICA GREAT AGAIN, IT WAS NEVER THAT GREAT? or Hillary Clinton?s ?DEPLORABLES? statement...|18609|76306
realDonaldTrump|Fri Aug 17 14:17:03 +0000 2018|When a politician admits that ?We?re not going to make America great again,? there doesn?t seem to be much reason to ever vote for him. This could be a career threatening statement by Andrew Cuomo, with many wanting him to resign-he will get higher ratings than his brother Chris!|21878|88710
realDonaldTrump|Fri Aug 17 14:10:25 +0000 2018|Wow! Big pushback on Governor Andrew Cuomo of New York for his really dumb statement about America?s lack of greatness. I have already MADE America Great Again, just look at the markets, jobs, military- setting records, and we will do even better. Andrew ?choked? badly, mistake!|21168|90531
realDonaldTrump|Fri Aug 17 12:38:52 +0000 2018|The U.S. has more than double the growth rate than it had 18 months ago.|19547|87381
realDonaldTrump|Fri Aug 17 12:29:24 +0000 2018|Just announced, youth unemployment is at a 50 year low!  @foxandfriends|19532|88631
realDonaldTrump|Fri Aug 17 12:10:05 +0000 2018|....attend the big parade already scheduled at Andrews Air Force Base on a different date, &amp; go to the Paris parade, celebrating the end of the War, on November 11th. Maybe we will do something next year in D.C. when the cost comes WAY DOWN. Now we can buy some more jet fighters!|15466|70597
realDonaldTrump|Fri Aug 17 11:57:56 +0000 2018|The local politicians who run Washington, D.C. (poorly) know a windfall when they see it. When asked to give us a price for holding a great celebratory military parade, they wanted a number so ridiculously high that I cancelled it. Never let someone hold you up! I will instead...|18462|83016
realDonaldTrump|Fri Aug 17 11:44:01 +0000 2018|How does a politician, Cuomo, known for pushing people and businesses out of his state, not to mention having the highest taxes in the U.S., survive making the statement, WE?RE NOT GOING TO MAKE AMERICA GREAT AGAIN, IT WAS NEVER THAT GREAT? Which section of the sentence is worse?|20616|78003
realDonaldTrump|Fri Aug 17 11:30:55 +0000 2018|In speaking with some of the world?s top business leaders I asked what it is that would make business (jobs) even better in the U.S. ?Stop quarterly reporting &amp; go to a six month system,? said one. That would allow greater flexibility &amp; save money. I have asked the SEC to study!|16739|75838
realDonaldTrump|Fri Aug 17 02:04:03 +0000 2018|.....released in 2017. If his statement is based on intelligence he has seen since leaving office, it constitutes an intelligence breach......?  Richard Burr (R-NC) Senate Intel Cmte Chair  @LouDobbs|13699|53729
realDonaldTrump|Fri Aug 17 01:54:54 +0000 2018|?Director Brennan?s recent statements purport to know as fact that the Trump campaign colluded with a foreign power. If Director Brennan?s statement is based on intelligence he received while leading the CIA, why didn?t he include it in the Intelligence Community Assessment......|18992|71371
realDonaldTrump|Fri Aug 17 01:49:11 +0000 2018|?....An incredibly corrupt FBI &amp; DOJ trying to steer the outcome of a Presidential Election. Brennan has gone off the deep end, he?s disgraced and discredited himself. His conduct has been outrageous.? Chris Farrell, Judicial Watch.|21633|83178
realDonaldTrump|Fri Aug 17 00:56:42 +0000 2018|How can ?Senator? Richard Blumenthal, who went around for twenty years as a Connecticut politician bragging that he was a great Marine war hero in Vietnam (then got caught and sobbingly admitted he was neither a Marine nor ever in Vietnam), pass judgement on anyone? Loser!|30068|110361
realDonaldTrump|Fri Aug 17 00:45:22 +0000 2018|.@TuckerCarlson speaking of John Brennan: ?How did somebody so obviously limited intellectually get to be CIA Director in the first place?? Now that is a really good question! Then followed by ?Richard Blumenthal of Connecticut is a FAKE War Hero...? So true, a total Fake!|19042|72845
realDonaldTrump|Thu Aug 16 23:53:55 +0000 2018|?Very concerned about Comey?s firing, afraid they will be exposed,? said Bruce Ohr. DOJ?s Emails &amp; Notes show Bruce Ohr?s connection to (phony &amp; discredited) Trump Dossier. A creep thinking he would get caught in a dishonest act. Rigged Witch Hunt!|21645|76887
realDonaldTrump|Thu Aug 16 23:45:01 +0000 2018|?While Steele shopped the document to multiple media outlets, he also asked for help with a RUSSIAN Oligarch.?  Catherine Herridge of @FoxNews  @LouDobbs  In other words, they were colluding with Russia!|17830|62805
realDonaldTrump|Thu Aug 16 23:37:15 +0000 2018|?The FBI received documents from Bruce Ohr (of the Justice Department &amp; whose wife Nelly worked for Fusion GPS).? Disgraced and fired FBI Agent Peter Strzok. This is too crazy to be believed! The Rigged Witch Hunt has zero credibility.|21096|79477
realDonaldTrump|Thu Aug 16 23:30:26 +0000 2018|Turkey has taken advantage of the United States for many years. They are now holding our wonderful Christian Pastor, who I must now ask to represent our Country as a great patriot hostage. We will pay nothing for the release of an innocent man, but we are cutting back on Turkey!|23068|86925
realDonaldTrump|Thu Aug 16 18:55:35 +0000 2018|Thank you for the kind words Omarosa! https://t.co/PMmNG6iIsi|25380|86229
realDonaldTrump|Thu Aug 16 18:43:22 +0000 2018|Great @Cabinet meeting today at the @WhiteHouse! https://t.co/RwOhQF9SEv|10761|52945
realDonaldTrump|Thu Aug 16 15:36:26 +0000 2018|The Queen of Soul, Aretha Franklin, is dead. She was a great woman, with a wonderful gift from God, her voice. She will be missed!|27668|147328
realDonaldTrump|Thu Aug 16 14:10:17 +0000 2018|There is nothing that I would want more for our Country than true FREEDOM OF THE PRESS. The fact is that the Press is FREE to write and say anything it wants, but much of what it says is FAKE NEWS, pushing a political agenda or just plain trying to hurt people. HONESTY WINS!|36485|135245
realDonaldTrump|Thu Aug 16 14:00:00 +0000 2018|The Boston Globe, which was sold to the the Failing New York Times for 1.3 BILLION DOLLARS (plus 800 million dollars in losses &amp; investment), or 2.1 BILLION DOLLARS, was then sold by the Times for 1 DOLLAR. Now the Globe is in COLLUSION with other papers on free press. PROVE IT!|16750|66703
realDonaldTrump|Thu Aug 16 12:50:44 +0000 2018|THE FAKE NEWS MEDIA IS THE OPPOSITION PARTY. It is very bad for our Great Country....BUT WE ARE WINNING!|25285|105151
realDonaldTrump|Thu Aug 16 12:43:33 +0000 2018|Our Economy is doing better than ever. Money is pouring into our cherished DOLLAR like rarely before, companies earnings are higher than ever, inflation is low &amp; business optimism is higher than it has ever been. For the first time in many decades, we are protecting our workers!|21965|91785
realDonaldTrump|Thu Aug 16 02:40:42 +0000 2018|?I?d strip the whole bunch of them. They?re all corrupt. They?ve all abused their power. They?ve all betrayed the American people with a political agenda. They tried to steal and influence an election in the United States.? @seanhannity|29431|109995
realDonaldTrump|Thu Aug 16 02:31:58 +0000 2018|Mark Levin ?When they had power they didn?t stop the Russians, the Chinese, the North Koreans, they funded the Iranians &amp; are responsible for the greatest scandal in American history by interfering with our election &amp; trying to undermine the Trump Campaign and Trump Presidency.?|30939|102594
realDonaldTrump|Thu Aug 16 02:02:16 +0000 2018|?WE?RE NOT GOING TO MAKE AMERICA GREAT AGAIN, IT WAS NEVER THAT GREAT.? Can you believe this is the Governor of the Highest Taxed State in the U.S., Andrew Cuomo, having a total meltdown!|34802|127718
realDonaldTrump|Thu Aug 16 01:14:17 +0000 2018|?Hillary Clinton clearly got a pass by the FBI. We have the unfortunate situation where they then decided they were going to frame Donald Trump? concerning the Rigged Witch Hunt. JOE DIGENOVA, former U.S. Attorney.|24286|93144
realDonaldTrump|Thu Aug 16 01:00:41 +0000 2018|?John Brennan is a stain on the Country, we deserve better than this.? Former Secret Service Agent and author of new book, ?Spygate, the Attempted Sabotage of Donald J. Trump,? Dan Bongino. Thank you Dan, and good luck with the book!|24766|93925
realDonaldTrump|Wed Aug 15 18:34:17 +0000 2018|Chuck Schumer, I agree! https://t.co/KfoLkQU5Hv|31104|87635
realDonaldTrump|Wed Aug 15 15:04:16 +0000 2018|Our Country was built on Tariffs, and Tariffs are now leading us to great new Trade Deals - as opposed to the horrible and unfair Trade Deals that I inherited as your President. Other Countries should not be allowed to come in and steal the wealth of our great U.S.A. No longer!|20039|82501
realDonaldTrump|Wed Aug 15 14:57:20 +0000 2018|Happy Birthday to the leader of the Democrat Party, Maxine Waters!|18580|93462
realDonaldTrump|Wed Aug 15 14:15:07 +0000 2018|?The action (the Strzok firing) was a decisive step in the right direction in correcting the wrongs committed by what has been described as Comey?s skinny inner circle.?  Chris Swecker, former FBI Assistant Director.|16678|69946
realDonaldTrump|Wed Aug 15 14:08:18 +0000 2018|The Rigged Russian Witch Hunt goes on and on as the ?originators and founders? of this scam continue to be fired and demoted for their corrupt and illegal activity. All credibility is gone from this terrible Hoax, and much more will be lost as it proceeds. No Collusion!|19212|78590
realDonaldTrump|Wed Aug 15 13:51:12 +0000 2018|My friend and very early supporter Kris Kobach won the Republican Nomination for Governor of Kansas last night in a tough race against a very fine opponent. Kris will win in November and be a great Governor. He has my complete and total Endorsement!|11783|56109
realDonaldTrump|Wed Aug 15 13:39:35 +0000 2018|It is about time that Connecticut had a real and talented Governor. Bob Stefanowski is the person needed to do the job. Tough on crime, Bob is also a big cutter of Taxes. He will win in November and make a Great Governor, a major difference maker. Bob has my total Endorsement!|14382|62970
realDonaldTrump|Wed Aug 15 13:31:30 +0000 2018|.@PeteStauber won big last night in Minnesota. A big star in Hockey, he will be an even bigger star in politics. It all begins with a win in November. Pete has my complete and total Endorsement!|10058|47315
realDonaldTrump|Wed Aug 15 13:18:43 +0000 2018|?People who enter the United States without our permission are illegal aliens and illegal aliens should not be treated the same as people who entered the U.S. legally.? Chuck Schumer in 2009, before he went left and haywire!  @foxandfriends|24304|86442
realDonaldTrump|Wed Aug 15 13:14:19 +0000 2018|Congratulations to Bryan Steil on a wonderful win last night. You will be replacing a great guy in Paul Ryan, and your win in November will make the entire State of Wisconsin very proud. You have my complete and total Endorsement!|10001|47070
realDonaldTrump|Wed Aug 15 13:12:48 +0000 2018|Jeff Johnson of Minnesota had a big night in winning the Republican nomination for Governor against a very strong and well known opponent! Thanks for all of the support you showed me. You have my complete and total Endorsement. You will win in November!|10454|48933
realDonaldTrump|Wed Aug 15 13:07:05 +0000 2018|Scott Walker is very special and will have another great win in November. He has done a fantastic job as Governor of Wisconsin and will always have my full support and Endorsement!|10757|50219
realDonaldTrump|Wed Aug 15 12:54:11 +0000 2018|Congratulations to Leah Vukmir of Wisconsin on your great win last night. You beat a very tough and good competitor and will make a fantastic Senator after winning in November against someone who has done very little. You have my complete and total Endorsement!|10442|49427
realDonaldTrump|Wed Aug 15 12:30:38 +0000 2018|Great Republican election results last night. So far we have the team we want. 8 for 9 in Special Elections. Red Wave!|19417|91798
realDonaldTrump|Tue Aug 14 18:21:51 +0000 2018|?Hope and Change in an Alabama Coal Mine? https://t.co/IwLEO9ff9X|12794|54466
realDonaldTrump|Tue Aug 14 13:15:58 +0000 2018|Lou Dobbs: ?This cannot go forward...this Special Counsel with all of his conflicts, with his 17 Angry Democrats, without any evidence of collusion by the Trump Campaign and Russia. The Dems are the ones who should be investigated.? Thank you Lou, so true!|20999|82386
realDonaldTrump|Tue Aug 14 13:10:30 +0000 2018|Strzok started the illegal Rigged Witch Hunt - why isn?t this so-called ?probe? ended immediately? Why aren?t these angry and conflicted Democrats instead looking at Crooked Hillary?|22089|91212
realDonaldTrump|Tue Aug 14 13:01:50 +0000 2018|Fired FBI Agent Peter Strzok is a fraud, as is the rigged investigation he started. There was no Collusion or Obstruction with Russia, and everybody, including the Democrats, know it. The only Collusion and Obstruction was by Crooked Hillary, the Democrats and the DNC!|24165|97118
realDonaldTrump|Tue Aug 14 12:06:55 +0000 2018|?They were all in on it, clear Hillary Clinton and FRAME Donald Trump for things he didn?t do.? Gregg Jarrett on @foxandfriends  If we had a real Attorney General, this Witch Hunt would never have been started! Looking at the wrong people.|19714|73888
realDonaldTrump|Tue Aug 14 11:55:01 +0000 2018|Bruce Ohr of the ?Justice? Department (can you believe he is still there) is accused of helping disgraced Christopher Steele ?find dirt on Trump.? Ohr?s wife, Nelly, was in on the act big time - worked for Fusion GPS on Fake Dossier. @foxandfriends|17200|66161
realDonaldTrump|Tue Aug 14 11:42:11 +0000 2018|Another terrorist attack in London...These animals are crazy and must be dealt with through toughness and strength!|30743|131332
realDonaldTrump|Tue Aug 14 11:31:11 +0000 2018|When you give a crazed, crying lowlife a break, and give her a job at the White House, I guess it just didn?t work out. Good work by General Kelly for quickly firing that dog!|21502|92316
realDonaldTrump|Tue Aug 14 11:13:26 +0000 2018|....should be shut down. The Strzok firing shows that the fundamental underpinnings of the investigation were corrupt. It should be shut down by the courts or by honest prosecutors.? Thank you Judicial Watch, I couldn?t have said it better myself!|15654|66607
realDonaldTrump|Tue Aug 14 11:07:00 +0000 2018|....guy was corrupt and had anti-Trump animus. Strzok and others at the FBI should be criminally investigated for the way the conducted this investigation. Instead, Mueller is pretending nothing went wrong. He used Strzok, he used the Clinton DNC Dossier...the whole thing....|14077|57866
realDonaldTrump|Tue Aug 14 10:59:33 +0000 2018|Tom Fitton of Judicial Watch: ?The Strzok firing is as much about the Mueller operation as anything else. There would be no Mueller Special Councel to investigate so called collusion but for the machinations of Strzok &amp; his colleagues at the top levels of the FBI. We know this...|18844|75686
realDonaldTrump|Tue Aug 14 01:57:55 +0000 2018|....such wonderful and powerful things about me - a true Champion of Civil Rights - until she got fired. Omarosa had Zero credibility with the Media (they didn?t want interviews) when she worked in the White House. Now that she says bad about me, they will talk to her. Fake News!|16941|74858
realDonaldTrump|Tue Aug 14 01:50:05 +0000 2018|.@MarkBurnettTV called to say that there are NO TAPES of the Apprentice where I used such a terrible and disgusting word as attributed by Wacky and Deranged Omarosa. I don?t have that word in my vocabulary, and never have. She made it up. Look at her MANY recent quotes saying....|16367|66840
realDonaldTrump|Tue Aug 14 01:37:40 +0000 2018|https://t.co/Gm9KE8cHpS|17147|70521
realDonaldTrump|Tue Aug 14 01:37:19 +0000 2018|Scott Walker of Wisconsin is a tremendous Governor who has done incredible things for that Great State. He has my complete &amp; total Endorsement! He brought the amazing Foxconn to Wisconsin with its 15,000 Jobs-and so much more. Vote for Scott on Tuesday in the Republican Primary!|18485|76162
realDonaldTrump|Tue Aug 14 00:11:32 +0000 2018|?Trump?s foreign policy is actually boosting America?s standing? https://t.co/oC7Xs38uRo|15205|62767
realDonaldTrump|Mon Aug 13 22:36:15 +0000 2018|It was my great honor to sign our new Defense Bill into law and to pay tribute to the greatest soldiers in the history of the world: THE U.S. ARMY. The National Defense Authorization Act is the most significant investment in our Military and our warfighters in modern history! https://t.co/M6VI1c0Sgx|15230|66440
realDonaldTrump|Mon Aug 13 20:42:37 +0000 2018|Pete Stauber is running for Congress in Minnesota. He will make for a great Congressman. Pete is strong on crime and borders, loves our Military, Vets and Second Amendment. Vote for Pete tomorrow. He has my full and total Endorsement!|16574|63387
realDonaldTrump|Mon Aug 13 19:37:25 +0000 2018|Great to be in Fort Drum, New York with our HEROES! https://t.co/Ke54QGZbU7|10982|50120
realDonaldTrump|Mon Aug 13 18:19:29 +0000 2018|Just landed at Fort Drum, New York. Looking forward to making a speech about our GREAT HEROES!|10936|63880
realDonaldTrump|Mon Aug 13 17:11:21 +0000 2018|Brooks Koepka just won his third Golf Major, and he did it not only with his powerful game, but with his powerful mind. He has been a man of steel on the Tour and will have many Victories, including Majors, ahead of him. Congrats to Brooks and his great team on a job well done!|10384|70290
realDonaldTrump|Mon Aug 13 16:13:11 +0000 2018|Wacky Omarosa already has a fully signed Non-Disclosure Agreement!|14745|66905
realDonaldTrump|Mon Aug 13 16:09:41 +0000 2018|Just fired Agent Strzok, formerly of the FBI, was in charge of the Crooked Hillary Clinton sham investigation. It was a total fraud on the American public and should be properly redone!|28916|114704
realDonaldTrump|Mon Aug 13 16:04:51 +0000 2018|Agent Peter Strzok was just fired from the FBI - finally. The list of bad players in the FBI &amp; DOJ gets longer &amp; longer. Based on the fact that Strzok was in charge of the Witch Hunt, will it be dropped? It is a total Hoax. No Collusion, No Obstruction - I just fight back!|24104|94982
realDonaldTrump|Mon Aug 13 15:12:31 +0000 2018|The very unpopular Governor of Ohio (and failed presidential candidate) @JohnKasich hurt Troy Balderson?s recent win by tamping down enthusiasm for an otherwise great candidate. Even Kasich?s Lt. Governor lost Gov. race because of his unpopularity. Credit to Troy on the BIG WIN!|14854|64792
realDonaldTrump|Mon Aug 13 14:21:46 +0000 2018|While I know it?s ?not presidential? to take on a lowlife like Omarosa, and while I would rather not be doing so, this is a modern day form of communication and I know the Fake News Media will be working overtime to make even Wacky Omarosa look legitimate as possible. Sorry!|23133|107631
realDonaldTrump|Mon Aug 13 13:50:27 +0000 2018|...really bad things. Nasty to people &amp; would constantly miss meetings &amp; work. When Gen. Kelly came on board he told me she was a loser &amp; nothing but problems. I told him to try working it out, if possible, because she only said GREAT things about me - until she got fired!|18329|81003
realDonaldTrump|Mon Aug 13 13:27:08 +0000 2018|Wacky Omarosa, who got fired 3 times on the Apprentice, now got fired for the last time. She never made it, never will. She begged me for a job, tears in her eyes, I said Ok. People in the White House hated her. She was vicious, but not smart. I would rarely see her but heard....|20367|87754
realDonaldTrump|Sun Aug 12 13:25:55 +0000 2018|?Seems like the Department of Justice (and FBI) had a program to keep Donald Trump from becoming President?. @DarrellIssa  @foxandfriends  If this had happened to the other side, everybody involved would be in jail. This is a Media coverup of the biggest story of our time.|33752|106966
realDonaldTrump|Sun Aug 12 12:57:39 +0000 2018|Many @harleydavidson owners plan to boycott the company if manufacturing moves overseas. Great! Most other companies are coming in our direction, including Harley competitors. A really bad move! U.S. will soon have a level playing field, or better.|18373|84420
realDonaldTrump|Sun Aug 12 12:34:06 +0000 2018|.@GovMikeHuckabee ?Your paycheck is bigger, your pension is stronger.? @foxandfriends  Unemployment numbers are better than they have been in 50 years, &amp; perhaps ever. Our country is booming like never before - and it will get even better! Many companies moving back to the U.S.A.|22273|95305
realDonaldTrump|Sun Aug 12 12:24:12 +0000 2018|.@JudgeJeanine  ?Bob Mueller, isn?t your whole investigation premised on a Fake Dossier, paid for by Hillary, created by a man who hates Donald Trump, &amp; used to con a FISA Court Judge. Bob, I really think it?s time for you to give up your phony investigation.? No Collusion!|24253|91837
realDonaldTrump|Sun Aug 12 01:51:10 +0000 2018|Bikers for Trump at Bedminster earlier today. Thank you! https://t.co/GWN56gYGT3|22636|99816
realDonaldTrump|Sat Aug 11 18:59:17 +0000 2018|Hundreds of Bikers for Trump just joined me at Bedminster. Quite a scene - great people who truly love our Country!|26243|134052
realDonaldTrump|Sat Aug 11 18:54:36 +0000 2018|....Do you believe Nelly worked for Fusion and her husband STILL WORKS FOR THE DEPARTMENT OF ?JUSTICE.? I have never seen anything so Rigged in my life. Our A.G. is scared stiff and Missing in Action. It is all starting to be revealed - not pretty. IG Report soon?  Witch Hunt!|30320|106462
realDonaldTrump|Sat Aug 11 18:28:48 +0000 2018|The big story that the Fake News Media refuses to report is lowlife Christopher Steele?s many meetings with Deputy A.G. Bruce Ohr and his beautiful wife, Nelly. It was Fusion GPS that hired Steele to write the phony &amp; discredited Dossier, paid for by Crooked Hillary &amp; the DNC....|25219|88688
realDonaldTrump|Sat Aug 11 13:41:16 +0000 2018|I am proud to have fought for and secured the LOWEST African American and Hispanic unemployment rates in history. Now I?m pushing for prison reform to give people who have paid their debt to society a second chance. I will never stop fighting for ALL Americans!|36288|152466
realDonaldTrump|Sat Aug 11 13:26:32 +0000 2018|The riots in Charlottesville a year ago resulted in senseless death and division. We must come together as a nation. I condemn all types of racism and acts of violence. Peace to ALL Americans!|32975|136390
realDonaldTrump|Sat Aug 11 13:18:06 +0000 2018|.....Will the FBI ever recover it?s once stellar reputation, so badly damaged by Comey, McCabe, Peter S and his lover, the lovely Lisa Page, and other top officials now dismissed or fired? So many of the great men and women of the FBI have been hurt by these clowns and losers!|25553|105192
realDonaldTrump|Sat Aug 11 13:17:09 +0000 2018|Why isn?t the FBI giving Andrew McCabe text messages  to Judicial Watch or appropriate governmental authorities. FBI said they won?t give up even one (I may have to get involved, DO NOT DESTROY). What are they hiding? McCabe wife took big campaign dollars from Hillary people.....|22370|80994
realDonaldTrump|Fri Aug 10 23:12:58 +0000 2018|Deal with Mexico is coming along nicely. Autoworkers and farmers must be taken care of or there will be no deal. New President of Mexico has been an absolute gentleman. Canada must wait. Their Tariffs and Trade Barriers are far too high. Will tax cars if we can?t make a deal!|24705|101101
realDonaldTrump|Fri Aug 10 22:58:05 +0000 2018|Thank you to Kanye West and the fact that he is willing to tell the TRUTH. One new and great FACT - African American unemployment is the lowest ever recorded in the history of our Country. So honored by this. Thank you Kanye for your support. It is making a big difference!|35792|148007
realDonaldTrump|Fri Aug 10 22:47:45 +0000 2018|Had a very good phone call with @EmmanuelMacron, President of France. Discussed various subjects, in particular Security and Trade. Many other calls and conversations today. Looking forward to dinner tonight with Tim Cook of Apple. He is investing big dollars in U.S.A.|16380|79878
realDonaldTrump|Fri Aug 10 21:30:43 +0000 2018|Democrats, please do not distance yourselves from Nancy Pelosi. She is a wonderful person whose ideas &amp; policies may be bad, but who should definitely be given a 4th chance. She is trying very hard &amp; has every right to take down the Democrat Party if she has veered too far left!|32569|141089
realDonaldTrump|Fri Aug 10 12:47:42 +0000 2018|I have just authorized a doubling of Tariffs on Steel and Aluminum with respect to Turkey as their currency, the Turkish Lira, slides rapidly downward against our very strong Dollar! Aluminum will now be 20% and Steel 50%. Our relations with Turkey are not good at this time!|37370|122032
realDonaldTrump|Fri Aug 10 12:32:40 +0000 2018|.....Be happy, be cool! A football game, that fans are paying soooo much money to watch and enjoy, is no place to protest. Most of that money goes to the players anyway. Find another way to protest. Stand proudly for your National Anthem or be Suspended Without Pay!|34509|171043
realDonaldTrump|Fri Aug 10 12:18:55 +0000 2018|The NFL players are at it again - taking a knee when they should be standing proudly for the National Anthem. Numerous players, from different teams, wanted to show their ?outrage? at something that most of them are unable to define. They make a fortune doing what they love......|25430|111488
realDonaldTrump|Fri Aug 10 11:49:48 +0000 2018|.@MariaBartiromo  ?No evidence to launch even an investigation into potential collusion between Donald Trump and the Russians - and here we are, a year and a half later.?|18372|75997
realDonaldTrump|Thu Aug 09 22:50:31 +0000 2018|Jenna Ellis  ?FBI thought they wouldn?t get caught because they thought that Hillary was going to win. There is overt bias and that depends on whether you are Democrat or Republican - a double standard that needs to stop.?|29351|112106
realDonaldTrump|Thu Aug 09 19:43:25 +0000 2018|@LindseyGrahamSC  ?Why didn?t the FBI tell President Trump that they had concerns about Carter Page? Is there a double standard here?? They told Senator Diane Feinstein that she had a spy - but not Trump. Is that entrapment or did they just want to use Page as an excuse to SPY?|6697|13621
realDonaldTrump|Thu Aug 09 17:00:42 +0000 2018|Congressman Ted Yoho of Florida is doing a fantastic job and has my complete and total Endorsement! Tough on Crime and Borders, Ted was really helpful on Tax Cuts. Vote all the way for Ted in the upcoming Primary - he will never let you down!|18178|77775
realDonaldTrump|Thu Aug 09 16:03:30 +0000 2018|Space Force all the way!|37804|144682
realDonaldTrump|Thu Aug 09 16:02:33 +0000 2018|This is an illegally brought Rigged Witch Hunt run by people who are totally corrupt and/or conflicted. It was started and paid for by Crooked Hillary and the Democrats. Phony Dossier, FISA disgrace and so many lying and dishonest people already fired. 17 Angry Dems? Stay tuned!|26356|101570
realDonaldTrump|Thu Aug 09 13:22:39 +0000 2018|?There has been no evidence whatsoever that Donald Trump or the campaign was involved in any kind of collusion to fix the 2016 election. In fact the evidence is the opposite, that Hillary Clinton &amp; the Democrats colluded with the Russians to fix the 2016 election.? @GrahamLedger|26307|100487
realDonaldTrump|Wed Aug 08 18:51:39 +0000 2018|RED WAVE!|32144|135172
realDonaldTrump|Wed Aug 08 18:07:43 +0000 2018|Congratulations to @LenaEpstein of Michigan on a job well done. Also, thanks for your great support!|11322|61503
realDonaldTrump|Wed Aug 08 15:25:55 +0000 2018|As long as I campaign and/or support Senate and House candidates (within reason), they will win! I LOVE the people, &amp; they certainly seem to like the job I?m doing. If I find the time, in between China, Iran, the Economy and much more, which I must, we will have a giant Red Wave!|21345|95179
realDonaldTrump|Wed Aug 08 15:14:26 +0000 2018|The Republicans have now won 8 out of 9 House Seats, yet if you listen to the Fake News Media you would think we are being clobbered. Why can?t they play it straight, so unfair to the Republican Party and in particular, your favorite President!|35941|152528
realDonaldTrump|Wed Aug 08 14:31:14 +0000 2018|5 for 5!|19545|94994
realDonaldTrump|Wed Aug 08 04:28:09 +0000 2018|Congratulations to Josh Hawley on your big Senate Primary win in Missouri. I look forward to working with you toward a big win in November. We need you in Washington!|16065|76900
realDonaldTrump|Wed Aug 08 03:52:43 +0000 2018|Congratulations to Bill Schuette. You will have a Big win in November and be a tremendous Governor for the Great State of Michigan. Lots of car and other companies moving back!|16380|80559
realDonaldTrump|Wed Aug 08 03:23:54 +0000 2018|Congratulations to a future STAR of the Republican Party, future Senator John James. A big and bold victory tonight in the Great State of Michigan - the first of many. November can?t come fast enough!|23654|107410
realDonaldTrump|Wed Aug 08 03:18:36 +0000 2018|.....Congratulations to Troy Balderson on a great win in Ohio. A very special and important race!|16703|83335
realDonaldTrump|Wed Aug 08 02:59:39 +0000 2018|When I decided to go to Ohio for Troy Balderson, he was down in early voting 64 to 36. That was not good. After my speech on Saturday night, there was a big turn for the better. Now Troy wins a great victory during a very tough time of the year for voting. He will win BIG in Nov.|20581|100315
realDonaldTrump|Tue Aug 07 18:25:13 +0000 2018|Today, on the 236th anniversary of the Purple Heart, we honor the members of our Armed Forces for serving as the vanguard of American democracy and freedom around the world. #PurpleHeartDay https://t.co/NghmQ4BOKh|16850|74925
realDonaldTrump|Tue Aug 07 10:46:45 +0000 2018|Ohio, vote today for Troy Balderson for Congress. His opponent, controlled by Nancy Pelosi, is weak on Crime, the Border, Military, Vets, your 2nd Amendment - and will end your Tax Cuts. Troy will be a great Congressman. #MAGA|22211|84507
realDonaldTrump|Tue Aug 07 09:31:46 +0000 2018|The Iran sanctions have officially been cast. These are the most biting sanctions ever imposed, and in November they ratchet up to yet another level. Anyone doing business with Iran will NOT be doing business with the United States. I am asking for WORLD PEACE, nothing less!|36914|136773
realDonaldTrump|Mon Aug 06 21:53:42 +0000 2018|California wildfires are being magnified &amp; made so much worse by the bad environmental laws which aren?t allowing massive amounts of readily available water to be properly utilized. It is being diverted into the Pacific Ocean. Must also tree clear to stop fire from spreading!|18170|77978
realDonaldTrump|Mon Aug 06 21:46:47 +0000 2018|Democrats want Open Borders and they want to abolish ICE, the brave men and women that are protecting our Country from some of the most vicious and dangerous people on earth! Sorry, we can?t let that happen! Also, change the rules in the Senate and approve STRONG Border Security!|24640|95003
realDonaldTrump|Mon Aug 06 19:13:42 +0000 2018|John James is a potential Republican Star who has a Senate primary election tomorrow in Michigan. If he becomes the Republican candidate, he will beat the Open Borders, weak on Crime, Democrat, Debbie Stabenow. Vote for John James and Make America Great Again!|20643|75195
realDonaldTrump|Mon Aug 06 17:43:57 +0000 2018|Governor Jerry Brown must allow the Free Flow of the vast amounts of water coming from the North and foolishly being diverted into the Pacific Ocean. Can be used for fires, farming and everything else. Think of California with plenty of Water - Nice! Fast Federal govt. approvals.|19451|75081
realDonaldTrump|Mon Aug 06 15:48:40 +0000 2018|Kris Kobach, a strong and early supporter of mine, is running for Governor of the Great State of Kansas.  He is a fantastic guy who loves his State and our Country - he will be a GREAT Governor and has my full &amp; total Endorsement! Strong on Crime, Border &amp; Military. VOTE TUESDAY!|18306|76641
realDonaldTrump|Mon Aug 06 14:52:46 +0000 2018|Great financial numbers being announced on an almost daily basis. Economy has never been better, jobs at best point in history. Fixing our terrible Trade Deals is a priority-and going very well. Immigration on Merit Based System to take care of the companies coming back to U.S.A.|17719|74813
realDonaldTrump|Mon Aug 06 14:25:56 +0000 2018|....a law firm, eventually Kremlin connected sources, to gather info on Donald Trump. Collusion is very real with Russia, but only with Hillary and the Democrats, and we should demand a full investigation.? Dan Bongino on @foxandfriends  Looking forward to the new IG Report!|18197|70577
realDonaldTrump|Mon Aug 06 14:13:10 +0000 2018|?Collusion with Russia was very real. Hillary Clinton and her team 100% colluded with the Russians, and so did Adam Schiff who is on tape trying to collude with what he thought was Russians to obtain compromising material on DJT. We also know that Hillary Clinton paid through....|25011|86683
realDonaldTrump|Sun Aug 05 20:01:17 +0000 2018|Presidential Approval numbers are very good - strong economy, military and just about everything else. Better numbers than Obama at this point, by far. We are winning on just about every front and for that reason there will not be a Blue Wave, but there might be a Red Wave!|29032|135361
realDonaldTrump|Sun Aug 05 12:49:21 +0000 2018|Too bad a large portion of the Media refuses to report the lies and corruption having to do with the Rigged Witch Hunt - but that is why we call them FAKE NEWS!|21950|92927
realDonaldTrump|Sun Aug 05 12:45:56 +0000 2018|...Why aren?t Mueller and the 17 Angry Democrats looking at the meetings concerning the Fake Dossier and all of the lying that went on in the FBI and DOJ? This is the most one sided Witch Hunt in the history of our country. Fortunately, the facts are all coming out, and fast!|26253|103865
realDonaldTrump|Sun Aug 05 12:35:43 +0000 2018|Fake News reporting, a complete fabrication, that I am concerned about the meeting my wonderful son, Donald, had in Trump Tower. This was a meeting to get information on an opponent, totally legal and done all the time in politics - and it went nowhere. I did not know about it!|20437|83065
realDonaldTrump|Sun Aug 05 12:06:25 +0000 2018|..Because of Tariffs we will be able to start paying down large amounts of the $21 Trillion in debt that has been accumulated, much by the Obama Administration, while at the same time reducing taxes for our people. At minimum, we will make much better Trade Deals for our country!|19614|81608
realDonaldTrump|Sun Aug 05 11:59:29 +0000 2018|Tariffs are working big time. Every country on earth wants to take wealth out of the U.S., always to our detriment. I say, as they come,Tax them. If they don?t want to be taxed, let them make or build the product in the U.S. In either event, it means jobs and great wealth.....|16471|75003
realDonaldTrump|Sun Aug 05 11:38:12 +0000 2018|The Fake News hates me saying that they are the Enemy of the People only because they know it?s TRUE. I am providing a great service by explaining this to the American People. They purposely cause great division &amp; distrust. They can also cause War! They are very dangerous &amp; sick!|33502|124486
realDonaldTrump|Sun Aug 05 01:43:01 +0000 2018|...Danny O?Connor is a total puppet for Nancy Pelosi and Maxine Waters ? Danny wants to raise your taxes, open your borders, and take away your 2nd Amendment. Vote for Troy on Tuesday!|15035|62994
realDonaldTrump|Sun Aug 05 01:43:00 +0000 2018|A great night in Ohio?s 12th Congressional District with Troy Balderson! Troy loves Ohio, and he loves the people of Ohio. He will be fighting for you all the way...|16347|78459
realDonaldTrump|Sun Aug 05 00:28:25 +0000 2018|Thank you Ohio. I love you! https://t.co/HYSaQOB6GW|13832|61300
realDonaldTrump|Sat Aug 04 20:53:39 +0000 2018|Iran, and it?s economy, is going very bad, and fast! I will meet, or not meet, it doesn?t matter - it is up to them!|18491|86927
realDonaldTrump|Sat Aug 04 20:28:09 +0000 2018|Heading to Ohio!|9040|64406
realDonaldTrump|Sat Aug 04 20:03:39 +0000 2018|....China, which is for the first time doing poorly against us, is spending a fortune on ads and P.R. trying to convince and scare our politicians to fight me on Tariffs- because they are really hurting their economy. Likewise other countries. We are Winning, but must be strong!|16491|69366
realDonaldTrump|Sat Aug 04 19:58:06 +0000 2018|....Tariffs will make our country much richer than it is today. Only fools would disagree. We are using them to negotiate fair trade deals and, if countries are still unwilling to negotiate, they will pay us vast sums of money in the form of Tariffs. We win either way......|17749|80745
realDonaldTrump|Sat Aug 04 19:53:22 +0000 2018|....Tariffs have had a tremendous positive impact on our Steel Industry. Plants are opening all over the U.S., Steelworkers are working again, and big dollars are flowing into our Treasury. Other countries use Tariffs against, but when we use them, foolish people scream!|13668|61057
realDonaldTrump|Sat Aug 04 19:47:40 +0000 2018|Tariffs are working far better than anyone ever anticipated. China market has dropped 27% in last 4months, and they are talking to us. Our market is stronger than ever, and will go up dramatically when these horrible Trade Deals are successfully renegotiated. America First.......|19993|86290
realDonaldTrump|Sat Aug 04 15:18:53 +0000 2018|HAPPY BIRTHDAY @USCG! https://t.co/cQo41jcoKn|12248|60518
realDonaldTrump|Sat Aug 04 13:02:36 +0000 2018|Troy Balderson, running for Congress from Ohio, is in a big Election fight with a candidate who just got caught lying about his relationship with Nancy Pelosi, who is weak on Crime, Borders &amp; your 2nd Amendment-and wants to raise your Taxes (by a lot). Vote for Troy on Tuesday!|19819|76234
realDonaldTrump|Sat Aug 04 12:49:49 +0000 2018|Will be going to Ohio tonight to campaign for Troy Balderson for the big Congressional Special Election on Tuesday. Early voting is on. Troy is strong on Crime, the Border &amp; loves our Military, Vets &amp; 2nd Amendment. His opponent is a puppet of Nancy Pelosi/high taxes.|15576|70457
realDonaldTrump|Sat Aug 04 03:37:36 +0000 2018|Lebron James was just interviewed by the dumbest man on television, Don Lemon. He made Lebron look smart, which isn?t easy to do. I like Mike!|48923|179559
realDonaldTrump|Sat Aug 04 03:28:06 +0000 2018|...Dianne is the person leading our Nation on ?Collusion? with Russia (only done by Dems). Will she now investigate herself? https://t.co/OG6l04bBwg|18639|57021
realDonaldTrump|Sat Aug 04 03:01:46 +0000 2018|Congratulations to Gregg Jarrett on his book, ?THE RUSSIA HOAX, THE ILLICIT SCHEME TO CLEAR HILLARY CLINTON AND FRAME DONALD TRUMP,? going to #1 on @nytimes and Amazon. It is indeed a HOAX and WITCH HUNT, illegally started by people who have already been disgraced. Great book!|13875|60182
realDonaldTrump|Sat Aug 04 01:06:28 +0000 2018|Great photo from Ocean City, Maryland. Thank you. MAKE AMERICA GREAT AGAIN! https://t.co/kILZz31yDJ|21766|86677
realDonaldTrump|Fri Aug 03 22:59:47 +0000 2018|Almost 500,000 Manufacturing Jobs created since I won the Election. Remember when my opponents were saying that we couldn?t create this type of job anymore. Wrong, in fact these are among our best and most important jobs!|22549|98528
realDonaldTrump|Fri Aug 03 22:55:38 +0000 2018|?The media are good news fire extinguishers!? @greggutfeld @TheFive|10281|46424
realDonaldTrump|Fri Aug 03 22:43:03 +0000 2018|NASA, which is making a BIG comeback under the Trump Administration, has just named 9 astronauts for Boeing and Spacex space flights. We have the greatest facilities in the world and we are now letting the private sector pay to use them. Exciting things happening. Space Force!|17534|81260
realDonaldTrump|Fri Aug 03 22:10:35 +0000 2018|July is just the ninth month since 1970 that unemployment has fallen below 4%. Our economy has added 3.7 million jobs since I won the Election. 4.1 GDP. More than 4 million people have received a pay raise due to tax reform. $400 Billion brought back from ?overseas.? @FoxNews|18368|77768
realDonaldTrump|Fri Aug 03 22:00:39 +0000 2018|Marsha Blackburn had a BIG win last night in the Tennessee primary for U.S. Senate. She is an outstanding person &amp; great supporter of mine. Congratulations Marsha, we need you very badly in the Senate to vote for our agenda. Your next opponent will vote against all we are doing!|15752|70217
realDonaldTrump|Fri Aug 03 20:31:52 +0000 2018|?Pastor praises Trump as 'pro-black' at prison reform event? https://t.co/xFKf1arebx|15363|59915
realDonaldTrump|Fri Aug 03 17:39:06 +0000 2018|Congratulations Marsha! https://t.co/JSMiOWfbxa|8625|41275
realDonaldTrump|Fri Aug 03 14:21:48 +0000 2018|Congratulations to Bill Lee of Tennessee on his big primary win for Governor last night.  He ran a great campaign and now will finish off the job in November. Bill has my total and enthusiastic Endorsement!|16000|77461
realDonaldTrump|Fri Aug 03 00:30:28 +0000 2018|Thank you Pennsylvania. I love you! https://t.co/qoswnBZb3f|18136|80275
realDonaldTrump|Thu Aug 02 20:24:33 +0000 2018|They asked my daughter Ivanka whether or not the media is the enemy of the people. She correctly said no. It is the FAKE NEWS, which is a large percentage of the media, that is the enemy of the people!|34212|145341
realDonaldTrump|Thu Aug 02 19:08:37 +0000 2018|Looking forward to being in the Great State of Ohio on Saturday night where I will be campaigning hard for a truly talented future Congressman, @Troy_Balderson. See you all then! Tickets: https://t.co/8UOykaI8uf https://t.co/jHdtAy5fgj|9459|40339
realDonaldTrump|Thu Aug 02 18:57:44 +0000 2018|When the House and Senate meet on the very important Farm Bill ? we love our farmers - hopefully they will be able to leave the WORK REQUIREMENTS FOR FOOD STAMPS PROVISION that the House approved. Senate should go to 51 votes!|13706|62847
realDonaldTrump|Thu Aug 02 18:55:23 +0000 2018|Pennsylvania has to love Trump because unlike all of the others before me, I am bringing STEEL BACK in a VERY BIG way. Plants opening up in Pennsylvania, and all over the Country, and Congressman Lou Barletta, who is running for the Senate in Pennsylvania, is really helping!|16989|80045
realDonaldTrump|Thu Aug 02 18:53:58 +0000 2018|Looking forward to being in the Great State of Pennsylvania where we had a tremendous victory in the Election. Will be campaigning hard for an original supporter, Lou Barletta, to replace a weak an ineffective Senator, Bob Casey. Lou is tough and smart, loves PA and our Country!|13752|64671
realDonaldTrump|Thu Aug 02 17:23:50 +0000 2018|Working hard, thank you! https://t.co/pNXbFNcf8z|21662|92140
realDonaldTrump|Thu Aug 02 11:04:04 +0000 2018|Wow, @foxandfriends is blowing away the competition in the morning ratings. Morning Joe is a dead show with very few people watching and sadly, Fake News CNN is also doing poorly. Too much hate and inaccurately reported stories - too predictable!|21731|97455
realDonaldTrump|Thu Aug 02 10:38:15 +0000 2018|Charles Koch of Koch Brothers, who claims to be giving away millions of dollars to politicians even though I know very few who have seen this (?), now makes the ridiculous statement that what President Trump is doing is unfair to ?foreign workers.? He is correct, AMERICA FIRST!|25682|102483
realDonaldTrump|Thu Aug 02 04:47:25 +0000 2018|Thank you to Chairman Kim Jong Un for keeping your word &amp; starting the process of sending home the remains of our great and beloved missing fallen! I am not at all surprised that you took this kind action. Also, thank you for your nice letter - l look forward to seeing you soon!|26159|129793
realDonaldTrump|Thu Aug 02 04:38:15 +0000 2018|Congratulations to  @GreggJarrett on The TREMENDOUS success of his just out book, ?The Russia Hoax, The Illicit Scheme To Clear Hillary Clinton &amp; Frame Donald Trump.? Already number one on Amazon. Hard work from a brilliant guy. It?s the Real Story of the Rigged Witch Hunt!|17087|70342
realDonaldTrump|Thu Aug 02 03:32:14 +0000 2018|Incredibly beautiful ceremony as U.S. Korean War remains are returned to American soil. Thank you to Honolulu and all of our great Military participants on a job well done. A special thanks to Vice President Mike Pence on delivering a truly magnificent tribute!|17300|86571
realDonaldTrump|Wed Aug 01 21:16:11 +0000 2018|?Private payrolls boom in July, increasing by 219,000 vs 185,000 estimate: ADP? https://t.co/SeU9kGpima|14419|59205
realDonaldTrump|Wed Aug 01 21:04:18 +0000 2018|Join me tomorrow night at 7pmE in Wilkes-Barre Township, Pennsylvania for a MAKE AMERICA GREAT AGAIN RALLY! Tickets: https://t.co/dR6EzS3Q8L https://t.co/c52kIxvdF7|11228|45482
realDonaldTrump|Wed Aug 01 19:22:01 +0000 2018|#PledgeToAmericasWorkers https://t.co/qIJQfQ3bos|11832|50152
realDonaldTrump|Wed Aug 01 18:55:56 +0000 2018|It was my great honor to be joined by leading pastors and faith leaders from across our Nation today at the @WhiteHouse! https://t.co/6sS1zGA1p7|15559|65787
realDonaldTrump|Wed Aug 01 15:56:31 +0000 2018|?We already have a smoking gun about a campaign getting dirt on their opponent, it was Hillary Clinton. How is it OK for Hillary Clinton to proactively seek dirt from the Russians but the Trump campaign met at the Russians request and that is bad?? Marc Thiessen, Washington Post|21476|78846
realDonaldTrump|Wed Aug 01 15:35:47 +0000 2018|Looking back on history, who was treated worse, Alfonse Capone, legendary mob boss, killer and ?Public Enemy Number One,? or Paul Manafort, political operative &amp; Reagan/Dole darling, now serving solitary confinement - although convicted of nothing? Where is the Russian Collusion?|18449|71702
realDonaldTrump|Wed Aug 01 14:01:53 +0000 2018|Russian Collusion with the Trump Campaign, one of the most successful in history, is a TOTAL HOAX. The Democrats paid for the phony and discredited Dossier which was, along with Comey, McCabe, Strzok and his lover, the lovely Lisa Page, used to begin the Witch Hunt. Disgraceful!|22085|84744
realDonaldTrump|Wed Aug 01 13:34:03 +0000 2018|Paul Manafort worked for Ronald Reagan, Bob Dole and many other highly prominent and respected political leaders. He worked for me for a very short time. Why didn?t government tell me that he was under investigation. These old charges have nothing to do with Collusion - a Hoax!|23216|88988
realDonaldTrump|Wed Aug 01 13:24:03 +0000 2018|..This is a terrible situation and Attorney General Jeff Sessions should stop this Rigged Witch Hunt right now, before it continues to stain our country any further. Bob Mueller is totally conflicted, and his 17 Angry Democrats that are doing his dirty work are a disgrace to USA!|25212|96416
realDonaldTrump|Wed Aug 01 13:15:24 +0000 2018|.....remain in the FBI while he himself was being investigated. This is a real issue. It won?t go into a Mueller Report because Mueller is going to protect these guys. Mueller has an interest in creating the illusion of objectivity around his investigation.? ALAN DERSHOWITZ....|16474|64446
realDonaldTrump|Wed Aug 01 13:03:08 +0000 2018|?FBI Agent Peter Strzok (on the Mueller team) should have recused himself on day one. He was out to STOP THE ELECTION OF DONALD TRUMP. He needed an insurance policy. Those are illegal, improper goals, trying to influence the Election. He should never, ever been allowed to........|20734|82233
realDonaldTrump|Wed Aug 01 00:24:25 +0000 2018|"Thank you Florida. I love you!
https://t.co/M5T81DZVUU"|17586|74883
realDonaldTrump|Tue Jul 31 20:49:25 +0000 2018|On my way to Tampa, Florida. Look forward to seeing everyone soon! https://t.co/BSB6IjBK7r|8401|50642
realDonaldTrump|Tue Jul 31 20:39:22 +0000 2018|?Worker pay rate hits highest level since 2008? https://t.co/pMDxHQqcg9|18829|73983
realDonaldTrump|Tue Jul 31 17:33:48 +0000 2018|...Border Security is National Security, and National Security is the long-term viability of our Country. A Government Shutdown is a very small price to pay for a safe and Prosperous America!|16934|73956
realDonaldTrump|Tue Jul 31 17:33:47 +0000 2018|I don?t care what the political ramifications are, our immigration laws and border security have been a complete and total disaster for decades, and there is no way that the Democrats will allow it to be fixed without a Government Shutdown...|26209|107696
realDonaldTrump|Tue Jul 31 17:13:32 +0000 2018|.@SenJohnBarrasso has a Primary on August 21st. He doesn?t need any help because he is absolutely outstanding in every way, but I hope the great people of Wyoming will go out and show their support anyway. John is absolutely top of the line &amp; has my Complete &amp; Total Endorsement!|11215|46620
realDonaldTrump|Tue Jul 31 17:09:50 +0000 2018|Congressman David Kustoff has been a champion for the Trump Agenda - I greatly appreciate his support. David is strong on crime and borders, loves our Military, Vets and Second Amendment. Get out and vote for David on Thursday, August 2nd. He has my Full and Total Endorsement!|13255|56421
realDonaldTrump|Tue Jul 31 13:34:47 +0000 2018|The Fake News Media is going CRAZY! They are totally unhinged and in many ways, after witnessing first hand the damage they do to so many innocent and decent people, I enjoy watching. In 7 years, when I am no longer in office, their ratings will dry up and they will be gone!|24473|101924
realDonaldTrump|Tue Jul 31 12:21:48 +0000 2018|Will be in Tampa tonight. A big year for @RepDeSantis, who will be a great governor for Florida. Strong on Crime, Borders and our 2nd Amendment. Big help on Tax &amp; Regulation Cuts. Loves our Military &amp; our Vets. Has my Full &amp; Total Endorsement!|13342|56043
realDonaldTrump|Tue Jul 31 12:03:30 +0000 2018|I am looking into 3-D Plastic Guns being sold to the public. Already spoke to NRA, doesn?t seem to make much sense!|10325|52260
realDonaldTrump|Tue Jul 31 11:58:58 +0000 2018|Collusion is not a crime, but that doesn?t matter because there was No Collusion (except by Crooked Hillary and the Democrats)!|19402|86128
realDonaldTrump|Tue Jul 31 11:00:41 +0000 2018|One of the reasons we need Great Border Security is that Mexico?s murder rate in 2017 increased by 27% to 31,174 people killed, a record! The Democrats want Open Borders. I want Maximum Border Security and respect for ICE and our great Law Enforcement Professionals! @FoxNews|24660|91777
realDonaldTrump|Tue Jul 31 10:50:28 +0000 2018|Rush Limbaugh is a great guy who truly gets it!|15266|74342
realDonaldTrump|Tue Jul 31 10:23:41 +0000 2018|....them richer. Their network is highly overrated, I have beaten them at every turn. They want to protect their companies outside the U.S. from being taxed, I?m for America First &amp; the American Worker - a puppet for no one. Two nice guys with bad ideas. Make America Great Again!|16766|74693
realDonaldTrump|Tue Jul 31 10:14:18 +0000 2018|The globalist Koch Brothers, who have become a total joke in real Republican circles, are against Strong Borders and Powerful Trade. I never sought their support because I don?t need their money or bad ideas. They love my Tax &amp; Regulation Cuts, Judicial picks &amp; more. I made.....|21965|87997
realDonaldTrump|Tue Jul 31 02:01:02 +0000 2018|MAKING AMERICA GREAT AGAIN! https://t.co/OnMGXvldVT|36484|110076
realDonaldTrump|Tue Jul 31 00:56:16 +0000 2018|A highly respected Federal judge today stated that the ?Trump Administration gets great credit? for reuniting illegal families. Thank you, and please look at the previous administrations record - not good!|21806|88467
realDonaldTrump|Mon Jul 30 22:44:12 +0000 2018|Congratulations to our new @DeptVetAffairs Secretary, Robert Wilkie! https://t.co/6erqWJzuiK|8930|42543
realDonaldTrump|Mon Jul 30 22:36:02 +0000 2018|Thank you to @RandPaul for your YES on a future great Justice of the Supreme Court, Brett Kavanaugh. Your vote means a lot to me, and to everyone who loves our Country!|16719|79615
realDonaldTrump|Mon Jul 30 22:34:22 +0000 2018|...that Open Borders, large scale Crime, and abolishing ICE is good for them, we must get smart and finally do what must be done for the Safety and Security of our Country!|13910|61869
realDonaldTrump|Mon Jul 30 22:34:21 +0000 2018|Illegal immigration is a top National Security problem. After decades of playing games, with the whole World laughing at the stupidity of our immigration laws, and with Democrats thinking...|18960|80753
realDonaldTrump|Mon Jul 30 22:31:20 +0000 2018|Congratulations to Judge Jeanine on the tremendous success of her new #1 best-selling book, ?Liars, Leakers, and Liberals ? The Case Against the Anti-Trump Conspiracy!?|18312|90578
realDonaldTrump|Mon Jul 30 22:28:21 +0000 2018|...your Social Security and Medicare! Cast your early vote, or vote on August 7th, Election Day. He has my full and total Endorsement!|5836|29390
realDonaldTrump|Mon Jul 30 22:28:20 +0000 2018|.@Troy_Balderson of Ohio is running for Congress - so important to the Republican Party. Troy is strong on crime and Borders, loves our Military, our Vets and our Second Amendment. Troy will strongly protect...|8736|38187
realDonaldTrump|Mon Jul 30 21:20:37 +0000 2018|Congratulations to General John Kelly. Today we celebrate his first full year as @WhiteHouse Chief of Staff! https://t.co/JWCaJ3GhHV|12842|67607
realDonaldTrump|Mon Jul 30 19:31:31 +0000 2018|???? https://t.co/1SSUCRtMEE|11866|53482
realDonaldTrump|Mon Jul 30 17:22:27 +0000 2018|It is my great honor to welcome Prime Minister @GiuseppeConteIT of Italy to the @WhiteHouse! Join us at 2:00pmE for our joint press conference: https://t.co/XAchZ3zUSe https://t.co/5t4QVsKKqH|10493|48984
realDonaldTrump|Mon Jul 30 11:57:34 +0000 2018|We must have Border Security, get rid of Chain, Lottery, Catch &amp; Release Sanctuary Cities - go to Merit based Immigration. Protect ICE and Law Enforcement and, of course, keep building, but much faster, THE WALL!|29330|116141
realDonaldTrump|Sun Jul 29 20:20:39 +0000 2018|....Also, why is Mueller only appointing Angry Dems, some of whom have worked for Crooked Hillary, others, including himself, have worked for Obama....And why isn?t Mueller looking at all of the criminal activity &amp; real Russian Collusion on the Democrats side-Podesta, Dossier?|25598|95946
realDonaldTrump|Sun Jul 29 20:12:15 +0000 2018|Is Robert Mueller ever going to release his conflicts of interest with respect to President Trump, including the fact that we had a very nasty &amp; contentious business relationship, I turned him down to head the FBI (one day before appointment as S.C.) &amp; Comey is his close friend..|24690|87612
realDonaldTrump|Sun Jul 29 19:35:14 +0000 2018|There is No Collusion! The Robert Mueller Rigged Witch Hunt, headed now by 17 (increased from 13, including an Obama White House lawyer) Angry Democrats, was started by a fraudulent Dossier, paid for by Crooked Hillary and the DNC. Therefore, the Witch Hunt is an illegal Scam!|30880|114877
realDonaldTrump|Sun Jul 29 19:09:19 +0000 2018|...and the Amazon Washington Post do nothing but write bad stories even on very positive achievements - and they will never change!|14506|66287
realDonaldTrump|Sun Jul 29 19:09:18 +0000 2018|...dying newspaper industry. No matter how much they try to distract and cover it up, our country is making great progress under my leadership and I will never stop fighting for the American people! As an example, the failing New York Times...|15117|68403
realDonaldTrump|Sun Jul 29 19:09:18 +0000 2018|...accurately. 90% of media coverage of my Administration is negative, despite the tremendously positive results we are achieving, it?s no surprise that confidence in the media is at an all time low! I will not allow our great country to be sold out by anti-Trump haters in the...|13246|43924
realDonaldTrump|Sun Jul 29 19:09:17 +0000 2018|When the media - driven insane by their Trump Derangement Syndrome - reveals internal deliberations of our government, it  truly puts the lives of many, not just journalists, at risk! Very unpatriotic! Freedom of the press also comes with a responsibility to report the news...|22316|91489
realDonaldTrump|Sun Jul 29 13:13:59 +0000 2018|I would be willing to ?shut down? government if the Democrats do not give us the votes for Border Security, which includes the Wall! Must get rid of Lottery, Catch &amp; Release etc. and finally go to system of Immigration based on MERIT! We need great people coming into our Country!|34615|135423
realDonaldTrump|Sun Jul 29 12:42:52 +0000 2018|The biggest and best results coming out of the good GDP report was that the quarterly Trade Deficit has been reduced by $52 Billion and, of course, the historically low unemployment numbers, especially for African Americans, Hispanics, Asians and Women.|21318|88493
realDonaldTrump|Sun Jul 29 12:30:04 +0000 2018|Had a very good and interesting meeting at the White House with A.G. Sulzberger, Publisher of the New York Times. Spent much time talking about the vast amounts of Fake News being put out by the media &amp; how that Fake News has morphed into phrase, ?Enemy of the People.? Sad!|18253|75378
realDonaldTrump|Sun Jul 29 11:58:09 +0000 2018|Please understand, there are consequences when people cross our Border illegally, whether they have children or not - and many are just using children for their own sinister purposes. Congress must act on fixing the DUMBEST &amp; WORST immigration laws anywhere in the world! Vote ?R?|32981|127048
realDonaldTrump|Sun Jul 29 11:52:49 +0000 2018|Do you think the Fake News Media will ever report on this tweet from Michael? https://t.co/kXLCKZO5Fr|14222|50392
realDonaldTrump|Sun Jul 29 11:44:00 +0000 2018|Wow, highest Poll Numbers in the history of the Republican Party. That includes Honest Abe Lincoln and Ronald Reagan. There must be something wrong, please recheck that poll!|21783|102104
realDonaldTrump|Sun Jul 29 11:31:52 +0000 2018|Tom Homan, fmr ICE Director: ?There is nobody that has done more for border security &amp; public safety than President Trump. I?ve worked for six presidents, and I respect them all, but nobody has done more than this Administration &amp; President Trump, that?s just a stone cold fact!?|22455|86905
realDonaldTrump|Sat Jul 28 16:37:29 +0000 2018|https://t.co/E3xvdUGZqa|22878|85336
realDonaldTrump|Sat Jul 28 01:53:48 +0000 2018|Join me in Tampa, Florida next Tuesday, July 31st at 7:00pmE for a #MAGA Rally! Tickets: https://t.co/Q2PMyTACl8 https://t.co/URjvN8Owoe|14965|55373
realDonaldTrump|Sat Jul 28 00:47:58 +0000 2018|The only things the Democrats do well is ?Resist,? which is their campaign slogan, and ?Obstruct.? Cryin? Chuck Schumer has almost 400 great American people that are waiting ?forever? to serve our Country! A total disgrace. Mitch M should not let them go home until all approved!|30059|117766
realDonaldTrump|Fri Jul 27 22:45:56 +0000 2018|Democrats, who want Open Borders and care little about Crime, are incompetent, but they have the Fake News Media almost totally on their side!|28616|118011
realDonaldTrump|Fri Jul 27 20:08:06 +0000 2018|Congressman David Kustoff has been a champion for the Trump Agenda - I greatly appreciate his support. David is strong on crime and borders, loves our Military, Vets and Second Amendment. Get out and vote for David on Thursday, August 2nd. He has my full and total Endorsement!|17490|72381
realDonaldTrump|Fri Jul 27 19:23:07 +0000 2018|Private business investment has surged from 1.8 percent the year BEFORE I came into office to 9.4 percent this year -- that means JOBS, JOBS, JOBS! https://t.co/evO63CpqPP|15871|59670
realDonaldTrump|Fri Jul 27 18:16:46 +0000 2018|The @USNavy?s first female Admiral, Alene Duerk once said: ?It was a nice distinction to have, and to be recognized as the first, but I wanted to make certain that I used that notoriety to do as much positive as I could.? Alene did just that, and America is forever grateful! https://t.co/tOqkzqGVG7|12470|54468
realDonaldTrump|Fri Jul 27 16:20:37 +0000 2018|We have accomplished an economic turnaround of HISTORIC proportions! https://t.co/vnmMtPv0kk|16961|67021
realDonaldTrump|Fri Jul 27 16:12:14 +0000 2018|I am thrilled to announce that in the second quarter of this year, the U.S. Economy grew at the amazing rate of 4.1%! https://t.co/xeAPwAAOXN|21938|90701
realDonaldTrump|Fri Jul 27 15:58:45 +0000 2018|.@Troy_Balderson of Ohio is running for Congress - so important to the Republican Party. Cast you early vote or vote on August 7th. Troy is strong on crime and borders, loves our Military, our Vets and our Second Amendment. He has my full and total Endorsement!|12043|47140
realDonaldTrump|Fri Jul 27 15:53:20 +0000 2018|...John is strong on crime and borders, loves our Military, our Vets and our Second Amendment. He will be a star. He has my full and total Endorsement!|12496|53785
realDonaldTrump|Fri Jul 27 15:53:20 +0000 2018|.@JohnJamesMI, who is running in the Republican Primary in the great state of Michigan, is SPECTACULAR! Vote on August 7th. Rarely have I seen a candidate with such great potential. West Point graduate, successful businessman and a African American leader...|19343|71046
realDonaldTrump|Fri Jul 27 13:17:09 +0000 2018|GREAT GDP numbers just released. Will be having a news conference soon!|14531|78645
realDonaldTrump|Fri Jul 27 11:56:15 +0000 2018|.....I did NOT know of the meeting with my son, Don jr. Sounds to me like someone is trying to make up stories in order to get himself out of an unrelated jam (Taxi cabs maybe?). He even retained Bill and Crooked Hillary?s lawyer. Gee, I wonder if they helped him make the choice!|20144|86248
realDonaldTrump|Fri Jul 27 11:38:32 +0000 2018|....,the only Collusion with Russia was with the Democrats, so now they are looking at my Tweets (along with 53 million other people) - the rigged Witch Hunt continues! How stupid and unfair to our Country....And so the Fake News doesn?t waste my time with dumb questions, NO,....|22620|97702
realDonaldTrump|Fri Jul 27 11:26:20 +0000 2018|Arrived back in Washington last night from a very emotional reopening of a major U.S. Steel plant in Granite City, Illinois, only to be greeted with the ridiculous news that the highly conflicted Robert Mueller and his gang of 13 Angry Democrats obviously cannot find Collusion...|18599|81885
realDonaldTrump|Fri Jul 27 10:56:17 +0000 2018|Way to go Jerry. This is what the league should do! https://t.co/yEP1jK57xi|12301|59161
realDonaldTrump|Fri Jul 27 03:50:54 +0000 2018|The Remains of American Servicemen will soon be leaving North Korea and heading to the United States! After so many years, this will be a great moment for so many families. Thank you to Kim Jong Un.|22507|104007
realDonaldTrump|Fri Jul 27 02:37:00 +0000 2018|America is OPEN FOR BUSINESS and U.S. Steel is back! https://t.co/lJTcr6JHBW|21711|90203
realDonaldTrump|Thu Jul 26 22:48:40 +0000 2018|...called ?The Case Against Impeaching Trump,? which I would encourage all people with Trump Derangement Syndrome to read!|14305|66553
realDonaldTrump|Thu Jul 26 22:48:38 +0000 2018|.@AlanDersh, a brilliant lawyer, who although a Liberal Democrat who probably didn?t vote for me, has discussed the Witch Hunt with great clarity and in a very positive way. He has written a new and very important book...|16420|72349
realDonaldTrump|Thu Jul 26 21:43:13 +0000 2018|PROMISES KEPT! https://t.co/vR2R5WXPVD|17594|75102
realDonaldTrump|Thu Jul 26 21:12:45 +0000 2018|Thank you @U_S_Steel and Granite City, Illinois! https://t.co/6RsUvGF6rg|10478|46977
realDonaldTrump|Thu Jul 26 15:22:39 +0000 2018|The United States will impose large sanctions on Turkey for their long time detainment of Pastor Andrew Brunson, a great Christian, family man and wonderful human being. He is suffering greatly. This innocent man of faith should be released immediately!|32540|121343
realDonaldTrump|Thu Jul 26 14:52:18 +0000 2018|This is great - on my way, see you soon @IAGovernor Kim Reynolds! https://t.co/SXfkk12Uig|8630|41150
realDonaldTrump|Thu Jul 26 14:11:30 +0000 2018|Heading to Dubuque, Iowa and then Granite City, Illinois. Looking  forward to being with many great friends!|11693|67535
realDonaldTrump|Thu Jul 26 11:46:09 +0000 2018|Twitter ?SHADOW BANNING? prominent Republicans. Not good. We will look into this discriminatory and illegal practice at once! Many complaints.|49914|159027
realDonaldTrump|Thu Jul 26 01:07:28 +0000 2018|European Union representatives told me that they would start buying soybeans from our great farmers immediately. Also, they will be buying vast amounts of LNG!|19899|90912
realDonaldTrump|Thu Jul 26 01:01:08 +0000 2018|Great to be back on track with the European Union. This was a big day for free and fair trade!|21196|104381
realDonaldTrump|Thu Jul 26 00:16:32 +0000 2018|Thank you Georgia! They say that my endorsement last week of Brian Kemp, in the Republican Primary for Governor against a very worthy opponent, lifted him from 5 points down to a 70% to 30% victory! Two very good and talented men in a great race, but congratulations to Brian!|13390|68919
realDonaldTrump|Wed Jul 25 23:49:34 +0000 2018|Obviously the European Union, as represented by @JunckerEU and the United States, as represented by yours truly, love each other! https://t.co/42ImacgCN0|11742|52187
realDonaldTrump|Wed Jul 25 23:42:24 +0000 2018|...along quickly. European Union Nations will be open to the United States and at the same time benefiting by everything we are doing for them. There was great warmth and feeling in the room - a breakthrough has been quickly made that nobody thought possible!|10635|49931
realDonaldTrump|Wed Jul 25 23:42:23 +0000 2018|Great meeting on Trade today with @JunckerEU and representatives of the European Union. We have come to a very strong understanding and are all believers in no tariffs, no barriers and no subsidies. Work on documents has already started and the process is moving...|12846|59888
realDonaldTrump|Wed Jul 25 22:59:35 +0000 2018|Thank you very much, working hard! https://t.co/cSzbFfq2NW|22772|101608
realDonaldTrump|Wed Jul 25 22:45:49 +0000 2018|Sergio Marchionne, who passed away today, was one of the most brilliant &amp; successful car executives since the days of the legendary Henry Ford. It was a great honor for me to get to know Sergio as POTUS, he loved the car industry, and fought hard for it. He will be truly missed!|11744|61844
realDonaldTrump|Wed Jul 25 22:33:01 +0000 2018|This week, my Administration is hosting the first-ever #IRFMinisterial. The U.S. will continue to promote #ReligiousFreedom around the world. Nations that support religious freedom are far more free, prosperous &amp; peaceful. Great job, @VP, @SecPompeo, @IRF_Ambassador &amp; @StateDept!|12436|52294
realDonaldTrump|Wed Jul 25 20:57:24 +0000 2018|The United States and the European Union have a $1 TRILLION bilateral trade relationship ? the largest economic relationship in the world. We want to further strengthen this trade relationship to the benefit of all American and European citizens... https://t.co/4zlmEEtCpG|18185|70956
realDonaldTrump|Wed Jul 25 12:41:14 +0000 2018|Congratulations to Brian Kemp on your very big win in Georgia last night. Wow, 69-30, those are big numbers. Now go win against the open border, crime loving opponent that the Democrats have given you. She is weak on Vets, the Military and the 2nd Amendment. Win!|18544|84157
realDonaldTrump|Wed Jul 25 12:34:58 +0000 2018|What kind of a lawyer would tape a client? So sad! Is this a first, never heard of it before? Why was the tape so abruptly terminated (cut) while I was presumably saying positive things? I hear there are other clients and many reporters that are taped - can this be so? Too bad!|23512|108449
realDonaldTrump|Wed Jul 25 11:20:28 +0000 2018|China is targeting our farmers, who they know I love &amp; respect, as a way of getting me to continue allowing them to take advantage of the U.S. They are being vicious in what will be their failed attempt. We were being nice - until now! China made $517 Billion on us last year.|20998|82346
realDonaldTrump|Wed Jul 25 11:08:39 +0000 2018|When you have people snipping at your heels during a negotiation, it will only take longer to make a deal, and the deal will never be as good as it could have been with unity. Negotiations are going really well, be cool. The end result will be worth it!|22074|101671
realDonaldTrump|Wed Jul 25 11:01:05 +0000 2018|Every time I see a weak politician asking to stop Trade talks or the use of Tariffs to counter unfair Tariffs, I wonder, what can they be thinking? Are we just going to continue and let our farmers and country get ripped off?  Lost $817 Billion on Trade last year. No weakness!|21272|88312
realDonaldTrump|Wed Jul 25 01:05:05 +0000 2018|?The Russia Hoax, The Illicit Scheme To Clear Hillary Clinton &amp; Frame Donald Trump? is a Hot Seller, already Number One! More importantly, it is a great book that everyone is talking about. It covers the Rigged Witch Hunt brilliantly. Congratulations to Gregg Jarrett!|23506|86227
realDonaldTrump|Wed Jul 25 00:39:16 +0000 2018|So sad and unfair that the FCC wouldn?t approve the Sinclair Broadcast merger with Tribune. This would have been a great and much needed Conservative voice for and of the People. Liberal Fake News NBC and Comcast gets approved, much bigger, but not Sinclair. Disgraceful!|22142|86665
realDonaldTrump|Wed Jul 25 00:08:01 +0000 2018|The European Union is coming to Washington tomorrow to negotiate a deal on Trade. I have an idea for them. Both the U.S. and the E.U. drop all Tariffs, Barriers and Subsidies! That would finally be called Free Market and Fair Trade! Hope they do it, we are ready - but they won?t!|30922|120502
realDonaldTrump|Tue Jul 24 22:33:30 +0000 2018|Today, it was my great honor to be in Kansas City, Missouri to pay tribute to the men and women who make FREEDOM possible! Thank you @VFWHQ! #VFWConvention https://t.co/E6TYsNmWO8|12022|56524
realDonaldTrump|Tue Jul 24 22:25:07 +0000 2018|On the heels of the VERY successful launch of the @WhiteHouse National Council for the American Worker, Congress should reauthorize #PerkinsCTE and ensure the American workforce remains stronger than EVER! #Jobs #Workforce|10941|51795
realDonaldTrump|Tue Jul 24 19:15:36 +0000 2018|I want to thank the @VFWHQ for your devotion to our fallen heroes, unknown soldiers, Prisoners of War, those Missing in Action, and their families. #VFWConvention https://t.co/15ygFhCudR|10937|51218
realDonaldTrump|Tue Jul 24 17:51:28 +0000 2018|#VFWConvention @VFWHQ https://t.co/dBQx526axz|8228|37718
realDonaldTrump|Tue Jul 24 15:50:37 +0000 2018|I?m very concerned that Russia will be fighting very hard to have an impact on the upcoming Election. Based on the fact that no President has been tougher on Russia than me, they will be pushing very hard for the Democrats. They definitely don?t want Trump!|24035|104055
realDonaldTrump|Tue Jul 24 13:54:19 +0000 2018|MAKE AMERICA GREAT AGAIN!|32374|133602
realDonaldTrump|Tue Jul 24 13:52:56 +0000 2018|Heading to Missouri to be with many of my great friends. VFW here we come!|10595|64642
realDonaldTrump|Tue Jul 24 13:46:22 +0000 2018|Our Country is doing GREAT. Best financial numbers on the Planet. Great to have USA WINNING AGAIN!|21011|101497
realDonaldTrump|Tue Jul 24 13:39:49 +0000 2018|Today is the day to vote for Brian Kemp. Will be great for Georgia, full Endorsement! https://t.co/yPND2bJ219|11852|49008
realDonaldTrump|Tue Jul 24 11:29:50 +0000 2018|Tariffs are the greatest! Either a country which has treated the United States unfairly on Trade negotiates a fair deal, or it gets hit with Tariffs. It?s as simple as that - and everybody?s talking! Remember, we are the ?piggy bank? that?s being robbed. All will be Great!|21255|93497
realDonaldTrump|Tue Jul 24 11:09:12 +0000 2018|"Countries that have treated us unfairly on trade for years are all coming to Washington to negotiate. This should have taken place many years ago but,
as the saying goes, better late than never!"|21079|99549
realDonaldTrump|Tue Jul 24 02:07:39 +0000 2018|#MadeInAmerica Showcase! https://t.co/rT0WIE99yP|18054|71881
realDonaldTrump|Tue Jul 24 01:44:06 +0000 2018|Lou Barletta was one of my first supporters. He is tough on Crime and Borders. Will be a great Senator from Pennsylvania. His opponent is WEAK on Crime, ICE and Borders. We need Lou! https://t.co/dcMSi4CPfb|15888|60736
realDonaldTrump|Tue Jul 24 01:35:37 +0000 2018|Robert will do a great job for our Vets. We also recently won Choice! https://t.co/hE0GDuCBET|10845|54247
realDonaldTrump|Mon Jul 23 13:35:20 +0000 2018|....In my opinion the Washington Post is nothing more than an expensive (the paper loses a fortune) lobbyist for Amazon. Is it used as protection against antitrust claims which many feel should be brought?|18201|81818
realDonaldTrump|Mon Jul 23 13:21:15 +0000 2018|The Amazon Washington Post has gone crazy against me ever since they lost the Internet Tax Case in the U.S. Supreme Court two months ago. Next up is the U.S. Post Office which they use, at a fraction of real cost, as their ?delivery boy? for a BIG percentage of their packages....|20150|84670
realDonaldTrump|Mon Jul 23 13:06:18 +0000 2018|A Rocket has not been launched by North Korea in 9 months. Likewise, no Nuclear Tests. Japan is happy, all of Asia is happy. But the Fake News is saying, without ever asking me (always anonymous sources), that I am angry because it is not going fast enough. Wrong, very happy!|29964|125589
realDonaldTrump|Mon Jul 23 12:25:02 +0000 2018|When you hear the Fake News talking negatively about my meeting with President Putin, and all that I gave up, remember, I gave up NOTHING, we merely talked about future benefits for both countries. Also, we got along very well, which is a good thing, except for the Corrupt Media!|24132|103201
realDonaldTrump|Mon Jul 23 11:09:39 +0000 2018|.....?Carter Page wasn?t a spy, wasn?t an agent of the Russians - he would have cooperated with the FBI. It was a fraud and a hoax designed to target Trump.? Tom Fitton @JudicialWatch A disgrace to America. They should drop the discredited Mueller Witch Hunt now!|19477|74875
realDonaldTrump|Mon Jul 23 11:01:15 +0000 2018|....and the DOJ, FBI and Obama Gang need to be held to account. Source #1 was the major source. Avoided talking about it being the Clinton campaign behind it. Misled the Court to provide a pretext to SPY on the Trump Team. Not about Carter Page..was all about getting Trump.....|21720|80023
realDonaldTrump|Mon Jul 23 10:52:10 +0000 2018|?It was classified to cover up misconduct by the FBI and the Justice Department in misleading the Court by using this Dossier in a dishonest way to gain a warrant to target the Trump Team. This is a Clinton Campaign document. It was a fraud and a hoax designed to target Trump....|24686|93370
realDonaldTrump|Mon Jul 23 10:30:11 +0000 2018|So we now find out that it was indeed the unverified and Fake Dirty Dossier, that was paid for by Crooked Hillary Clinton and the DNC, that was knowingly &amp; falsely submitted to FISA and which was responsible for starting the totally conflicted and discredited Mueller Witch Hunt!|28306|105495
realDonaldTrump|Mon Jul 23 10:13:52 +0000 2018|Tom Fitton on @foxandfriends at 6:15 A.M. NOW! Judicial Watch.|7313|43355
realDonaldTrump|Mon Jul 23 03:24:19 +0000 2018|To Iranian President Rouhani: NEVER, EVER THREATEN THE UNITED STATES AGAIN OR YOU WILL SUFFER CONSEQUENCES THE LIKES OF WHICH FEW THROUGHOUT HISTORY HAVE EVER SUFFERED BEFORE. WE ARE NO LONGER A COUNTRY THAT WILL STAND FOR YOUR DEMENTED WORDS OF VIOLENCE &amp; DEATH. BE CAUTIOUS!|105616|329338
realDonaldTrump|Sun Jul 22 22:23:52 +0000 2018|So President Obama knew about Russia before the Election. Why didn?t he do something about it? Why didn?t he tell our campaign? Because it is all a big hoax, that?s why, and he thought Crooked Hillary was going to win!!!|40929|154800
realDonaldTrump|Sun Jul 22 20:58:44 +0000 2018|Happy Birthday @SenatorDole! https://t.co/MiVoB7qC6A|8729|54040
realDonaldTrump|Sun Jul 22 13:15:18 +0000 2018|I had a GREAT meeting with Putin and the Fake News used every bit of their energy to try and disparage it. So bad for our country!|22069|106522
realDonaldTrump|Sun Jul 22 12:56:15 +0000 2018|.@PeteHegseth on @FoxNews  ?Source #1 was the (Fake) Dossier. Yes, the Dirty Dossier, paid for by Democrats as a hit piece against Trump, and looking for information that could discredit Candidate #1 Trump. Carter Page was just the foot to surveil the Trump campaign...? ILLEGAL!|20738|76137
realDonaldTrump|Sun Jul 22 12:22:49 +0000 2018|Andrew McCarthy - ?I said this could never happen. This is so bad that they should be looking at the judges who signed off on this stuff, not just the people who gave it. It is so bad it screams out at you.?  On the whole FISA scam which led to the rigged Mueller Witch Hunt!|34098|119242
realDonaldTrump|Sun Jul 22 10:49:25 +0000 2018|Looking more &amp; more like the Trump Campaign for President was illegally being spied upon (surveillance) for the political gain of Crooked Hillary Clinton and the DNC. Ask her how that worked out - she did better with Crazy Bernie. Republicans must get tough now. An illegal Scam!|32443|119022
realDonaldTrump|Sun Jul 22 10:28:40 +0000 2018|Congratulations to @JudicialWatch and @TomFitton on being successful in getting the Carter Page FISA documents. As usual they are ridiculously heavily redacted but confirm with little doubt that the Department of ?Justice? and FBI misled the courts. Witch Hunt Rigged, a Scam!|26428|89878
realDonaldTrump|Sat Jul 21 23:23:34 +0000 2018|Troy Balderson of Ohio is running for Congress against a Nancy Pelosi Liberal who is WEAK on Crime &amp; Borders. Troy is the total opposite, and loves our Military, Vets &amp; 2nd Amendment. EARLY VOTING just started with Election Day on August 7th. Troy has my Full &amp; Total Endorsement!|25548|96326
realDonaldTrump|Sat Jul 21 23:10:57 +0000 2018|Brian Kemp, who is running for Governor of Georgia and has my full endorsement, is campaigning tonight with VP @mike_pence. Brian is very strong on Crime and Borders, LOVES our Military, Vets and the 2nd Amendment. He will be a GREAT Governor!|16093|65960
realDonaldTrump|Sat Jul 21 22:50:38 +0000 2018|No Collusion, No Obstruction - but that doesn?t matter because the 13 Angry Democrats, who are only after Republicans and totally protecting Democrats, want this Witch Hunt to drag out to the November Election. Republicans better get smart fast and expose what they are doing!|28141|100570
realDonaldTrump|Sat Jul 21 22:40:06 +0000 2018|The Rigged Witch Hunt, headed by the 13 Angry Democrats (and now 4 more have been added, one who worked directly for Obama W.H.), seems intent on damaging the Republican Party?s chances in the November Election. This Democrat excuse for losing the ?16 Election never ends!|23041|90684
realDonaldTrump|Sat Jul 21 12:10:58 +0000 2018|Inconceivable that the government would break into a lawyer?s office (early in the morning) - almost unheard of. Even more inconceivable that a lawyer would tape a client - totally unheard of &amp; perhaps illegal. The good news is that your favorite President did nothing wrong!|40048|178060
realDonaldTrump|Fri Jul 20 22:17:21 +0000 2018|The NFL National Anthem Debate is alive and well again - can?t believe it! Isn?t it in contract that players must stand at attention, hand on heart? The $40,000,000 Commissioner must now make a stand. First time kneeling, out for game. Second time kneeling, out for season/no pay!|29769|126007
realDonaldTrump|Fri Jul 20 21:50:30 +0000 2018|I got severely criticized by the Fake News Media for being too nice to President Putin. In the Old Days they would call it Diplomacy. If I was loud &amp; vicious, I would have been criticized for being too tough. Remember when they said I was too tough with Chairman Kim? Hypocrites!|36533|151345
realDonaldTrump|Fri Jul 20 14:35:49 +0000 2018|So important. Should have been done years ago! https://t.co/TFIqsaZWBt|12703|56505
realDonaldTrump|Fri Jul 20 13:04:44 +0000 2018|Farmers have been on a downward trend for 15 years. The price of soybeans has fallen 50% since 5 years before the Election. A big reason is bad (terrible) Trade Deals with other countries. They put on massive Tariffs and Barriers. Canada charges 275% on Dairy. Farmers will WIN!|18489|75490
realDonaldTrump|Fri Jul 20 12:51:45 +0000 2018|....The United States should not be penalized because we are doing so well. Tightening now hurts all that we have done. The U.S. should be allowed to recapture what was lost due to illegal currency manipulation and BAD Trade Deals. Debt coming due &amp; we are raising rates - Really?|19812|86768
realDonaldTrump|Fri Jul 20 12:43:05 +0000 2018|China, the European Union and others have been manipulating their currencies and interest rates lower, while the U.S. is raising rates while the dollars gets stronger and stronger with each passing day - taking away our big competitive edge. As usual, not a level playing field...|16851|70059
realDonaldTrump|Fri Jul 20 12:31:18 +0000 2018|My deepest sympathies to the families and friends of those involved in the terrible boat accident which just took place in Missouri. Such a tragedy, such a great loss. May God be with you all!|16798|86179
realDonaldTrump|Thu Jul 19 18:14:25 +0000 2018|Will the Dems and Fake News ever learn? This is classic! https://t.co/kSX3ROI4QG|42212|113284
realDonaldTrump|Thu Jul 19 13:35:21 +0000 2018|?Trump recognized Russian Meddling MANY TIMES? https://t.co/T8MERS93wI|14778|53510
realDonaldTrump|Thu Jul 19 13:30:11 +0000 2018|....proliferation, cyber attacks, trade, Ukraine, Middle East peace, North Korea and more. There are many answers, some easy and some hard, to these problems...but they can ALL be solved!|16041|71476
realDonaldTrump|Thu Jul 19 13:24:58 +0000 2018|The Summit with Russia was a great success, except with the real enemy of the people, the Fake News Media. I look forward to our second meeting so that we can start implementing some of the many things discussed, including stopping terrorism, security for Israel, nuclear........|23319|100067
realDonaldTrump|Thu Jul 19 13:11:17 +0000 2018|I told you so! The European Union just slapped a Five Billion Dollar fine on one of our great companies, Google. They truly have taken advantage of the U.S., but not for long!|24270|97884
realDonaldTrump|Thu Jul 19 11:37:25 +0000 2018|Really big jobs meeting today at the White House! 3 P.M.|11113|61612
realDonaldTrump|Thu Jul 19 11:13:48 +0000 2018|?Trump recognized Russian Meddling MANY TIMES.? Thank you to @foxandfriends and @FoxNews for actually showing the clips. The Fake News wants no part of that narrative! Too bad they don?t want to focus on all of the ECONOMIC and JOBS records being set.|16851|69086
realDonaldTrump|Thu Jul 19 10:59:26 +0000 2018|The Fake News Media wants so badly to see a major confrontation with Russia, even a confrontation that could lead to war. They are pushing so recklessly hard and hate the fact that I?ll probably have a good relationship with Putin. We are doing MUCH better than any other country!|22204|90242
realDonaldTrump|Thu Jul 19 10:37:57 +0000 2018|The Fake News Media is going Crazy! They make up stories without any backup, sources or proof. Many of the stories written about me, and the good people surrounding me, are total fiction. Problem is, when you complain you just give them more publicity. But I?ll complain anyway!|25617|113293
realDonaldTrump|Thu Jul 19 10:29:15 +0000 2018|The Democrats have a death wish, in more ways than one - they actually want to abolish ICE. This should cost them heavily in the Midterms. Yesterday, the Republicans overwhelmingly passed a bill supporting ICE!|18527|78144
realDonaldTrump|Thu Jul 19 10:23:14 +0000 2018|Thank you to Novartis for not increasing your prices on prescription drugs. Likewise to Pfizer. We are making a big push to actually reduce the prices, maybe substantially, on prescription drugs.|15604|76164
realDonaldTrump|Thu Jul 19 01:35:33 +0000 2018|A total disgrace that Turkey will not release a respected U.S. Pastor, Andrew Brunson, from prison. He has been held hostage far too long. @RT_Erdogan should do something to free this wonderful Christian husband &amp; father. He has done nothing wrong, and his family needs him!|31123|111365
realDonaldTrump|Wed Jul 18 21:30:19 +0000 2018|The two biggest opponents of ICE in America today are the Democratic Party and MS-13!|28665|105178
realDonaldTrump|Wed Jul 18 21:29:06 +0000 2018|Thank you to Congressman Kevin Yoder! He secured $5 BILLION for Border Security. Now we need Congress to support. Kevin has been strong on Crime, the Border, the 2nd Amendment, and he loves our Military and Vets. @RepKevinYoder has my full and total endorsement!|16945|69823
realDonaldTrump|Wed Jul 18 19:25:30 +0000 2018|Brian Kemp is running for Governor of the great state of Georgia. The Primary is on Tuesday. Brian is tough on crime, strong on the border and illegal immigration. He loves our Military and our Vets and protects our Second Amendment. I give him my full and total endorsement.|25273|100428
realDonaldTrump|Wed Jul 18 11:33:34 +0000 2018|3.4 million jobs created since our great Election Victory - far greater than ever anticipated, and only getting better as new and greatly improved Trade Deals start coming to fruition!|22574|102304
realDonaldTrump|Wed Jul 18 11:27:59 +0000 2018|Some people HATE the fact that I got along well with President Putin of Russia. They would rather go to war than see this. It?s called Trump Derangement Syndrome!|32882|129269
realDonaldTrump|Wed Jul 18 11:03:05 +0000 2018|?A lot of Democrats wished they voted for the Tax Cuts because the economy is booming - we could have 4% growth now and the Fed said yesterday that unemployment could drop again.?  @foxandfriends  @kilmeade|15968|70658
realDonaldTrump|Wed Jul 18 10:44:18 +0000 2018|Congratulations to Martha Roby of The Great State of Alabama on her big GOP Primary win for Congress. My endorsement came appropriately late, but when it came the ?flood gates? opened and you had the kind of landslide victory that you deserve. Enjoy!|12609|64266
realDonaldTrump|Wed Jul 18 10:16:50 +0000 2018|....Russia has agreed to help with North Korea, where relationships with us are very good and the process is moving along. There is no rush, the sanctions remain! Big benefits and exciting future for North Korea at end of process!|16158|68939
realDonaldTrump|Wed Jul 18 10:08:36 +0000 2018|While the NATO meeting in Brussels was an acknowledged triumph, with billions of dollars more being put up by member countries at a faster pace, the meeting with Russia may prove to be, in the long run, an even greater success. Many positive things will come out of that meeting..|16480|74353
realDonaldTrump|Wed Jul 18 09:53:41 +0000 2018|So many people at the higher ends of intelligence loved my press conference performance in Helsinki. Putin and I discussed many important subjects at our earlier meeting. We got along well which truly bothered many haters who wanted to see a boxing match. Big results will come!|20587|90220
realDonaldTrump|Wed Jul 18 04:10:19 +0000 2018|?Prosperity is returning. Donald Trump is doing exactly what he said he would do as a candidate, now as the most effective president, the most successful president, in modern American history.? Thank you to the great Lou Dobbs!|22336|100945
realDonaldTrump|Wed Jul 18 00:27:37 +0000 2018|The Democrats want to abolish ICE, which will mean more crime in our country. I want to give ICE a big cheer! Vote Republican in November.|29998|125275
realDonaldTrump|Wed Jul 18 00:21:54 +0000 2018|The meeting between President Putin and myself was a great success, except in the Fake News Media!|22727|105756
realDonaldTrump|Tue Jul 17 14:39:08 +0000 2018|The economy of the United States is stronger than ever before!|23843|123648
realDonaldTrump|Tue Jul 17 14:33:47 +0000 2018|Thank you @RandPaul. ?The President has gone through a year and a half of totally partisan investigations - what?s he supposed to think??|20987|93934
realDonaldTrump|Tue Jul 17 14:22:28 +0000 2018|While I had a great meeting with NATO, raising vast amounts of money, I had an even better meeting with Vladimir Putin of Russia. Sadly, it is not being reported that way - the Fake News is going Crazy!|23487|97678
realDonaldTrump|Tue Jul 17 13:53:39 +0000 2018|I had a great meeting with NATO. They have paid $33 Billion more and will pay hundreds of Billions of Dollars more in the future, only because of me. NATO was weak, but now it is strong again (bad for Russia). The media only says I was rude to leaders, never mentions the money!|22261|100373
realDonaldTrump|Mon Jul 16 22:53:47 +0000 2018|Will be interviewed on @seanhannity tonight at 9pmE and @TuckerCarlson tomorrow night at 8pmE. Enjoy!|14771|72814
realDonaldTrump|Mon Jul 16 20:34:07 +0000 2018|A productive dialogue is not only good for the United States and good for Russia, but it is good for the world. #HELSINKI2018 https://t.co/Q2Y1PhM9au|21313|82105
realDonaldTrump|Mon Jul 16 20:29:54 +0000 2018|I would rather take a political risk in pursuit of peace, than to risk peace in pursuit of politics. #HELSINKI2018 https://t.co/XdlrJWLPIh|35173|124357
realDonaldTrump|Mon Jul 16 19:40:23 +0000 2018|As I said today and many times before, ?I have GREAT confidence in MY intelligence people.? However, I also recognize that in order to build a brighter future, we cannot exclusively focus on the past ? as the world?s two largest nuclear powers, we must get along! #HELSINKI2018|29807|126999
realDonaldTrump|Mon Jul 16 16:51:20 +0000 2018|Thank you Helsinki, Finland! https://t.co/rh4NUjPSwU|17060|90661
realDonaldTrump|Mon Jul 16 16:11:26 +0000 2018|Joint Press Conference from Helsinki, Finland: https://t.co/fadLMDuGiY|13202|52782
realDonaldTrump|Mon Jul 16 08:56:58 +0000 2018|It was an honor to join you this morning. Thank you! https://t.co/NOUTroe8MV|10655|58161
realDonaldTrump|Mon Jul 16 06:05:29 +0000 2018|Our relationship with Russia has NEVER been worse thanks to many years of U.S. foolishness and stupidity and now, the Rigged Witch Hunt!|23064|103690
realDonaldTrump|Mon Jul 16 05:37:05 +0000 2018|President Obama thought that Crooked Hillary was going to win the election, so when he was informed by the FBI about Russian Meddling, he said it couldn?t happen, was no big deal, &amp; did NOTHING about it. When I won it became a big deal and the Rigged Witch Hunt headed by Strzok!|34842|133335
realDonaldTrump|Mon Jul 16 05:23:50 +0000 2018|Received many calls from leaders of NATO countries thanking me for helping to bring them together and to get them focused on financial obligations, both present &amp; future. We had a truly great Summit that was inaccurately covered by much of the media. NATO is now strong &amp; rich!|21518|101699
realDonaldTrump|Sun Jul 15 17:03:03 +0000 2018|Congratulations to France, who played extraordinary soccer, on winning the 2018 World Cup. Additionally, congratulations to President Putin and Russia for putting on a truly great World Cup Tournament -- one of the best ever!|35270|152131
realDonaldTrump|Sun Jul 15 16:18:12 +0000 2018|...know how to do is resist and obstruct! This is why there is such hatred and dissension in our country ? but at some point, it will heal!|14018|74550
realDonaldTrump|Sun Jul 15 16:18:11 +0000 2018|...over the years, I would return to criticism that it wasn?t good enough ? that I should have gotten Saint Petersburg in addition! Much of our news media is indeed the enemy of the people and all the Dems...|12874|67323
realDonaldTrump|Sun Jul 15 16:18:10 +0000 2018|Heading to Helsinki, Finland ? looking forward to meeting with President Putin tomorrow. Unfortunately, no matter how well I do at the Summit, if I was given the great city of Moscow as retribution for all of the sins and evils committed by Russia...|15600|78449
realDonaldTrump|Sun Jul 15 16:11:13 +0000 2018|There hasn?t been a missile or rocket fired in 9 months in North Korea, there have been no nuclear tests and we got back our hostages. Who knows how it will all turn out in the end, but why isn?t the Fake News talking about these wonderful facts? Because it is FAKE NEWS!|30210|126517
realDonaldTrump|Sat Jul 14 18:17:37 +0000 2018|These Russian individuals did their work during the Obama years. Why didn?t Obama do something about it?  Because he thought Crooked Hillary Clinton would win, that?s why. Had nothing to do with the Trump Administration, but Fake News doesn?t want to report the truth, as usual!|40583|146831
realDonaldTrump|Sat Jul 14 12:44:05 +0000 2018|Our prayers are with those affected by the flooding in Japan. We commend the rescue efforts and offer condolences to all who were injured or lost loved ones. https://t.co/AIgJMyT7qS|17165|71284
realDonaldTrump|Sat Jul 14 11:34:32 +0000 2018|....Remember, it was Little Jeff Z and his people, who are told exactly what to say, who said I could not win the election in that ?there was no way to 270? (over &amp; over again) in the Electoral College. I got 306! They were sooooo wrong in their election coverage. Still hurting!|17666|87348
realDonaldTrump|Sat Jul 14 11:24:13 +0000 2018|So funny! I just checked out Fake News CNN, for the first time in a long time (they are dying in the ratings), to see if they covered my takedown yesterday of Jim Acosta (actually a nice guy). They didn?t! But they did say I already lost in my meeting with Putin. Fake News......|21435|95225
realDonaldTrump|Sat Jul 14 10:08:23 +0000 2018|The stories you heard about the 12 Russians yesterday took place during the Obama Administration, not the Trump Administration. Why didn?t they do something about it, especially when it was reported that President Obama was informed by the FBI in September, before the Election?|38206|127081
realDonaldTrump|Sat Jul 14 09:57:53 +0000 2018|....Where is the DNC Server, and why didn?t the FBI take possession of it? Deep State?|28484|102750
realDonaldTrump|Sat Jul 14 09:46:55 +0000 2018|The Stock Market hit 25,000 yesterday. Jobs are at an all time record - and that is before we fix some of the worst trade deals and conditions ever seen by any government. It is all happening!|23552|110724
realDonaldTrump|Sat Jul 14 09:43:04 +0000 2018|I have arrived in Scotland and will be at Trump Turnberry for two days of meetings, calls and hopefully, some golf - my primary form of exercise! The weather is beautiful, and this place is incredible! Tomorrow I go to Helsinki for a Monday meeting with Vladimir Putin.|15051|85257
realDonaldTrump|Sat Jul 14 09:18:40 +0000 2018|This is now changing - for the first time! https://t.co/bRgrMbdDPp|12282|57751
realDonaldTrump|Fri Jul 13 18:04:59 +0000 2018|???? https://t.co/CwnBfe3smd|20967|104113
realDonaldTrump|Fri Jul 13 14:07:29 +0000 2018|"Joint Press Conference with Prime Minister Theresa May...
https://t.co/XQLkayYKlM"|11022|51506
realDonaldTrump|Fri Jul 13 06:02:42 +0000 2018|Congressman Matt Gaetz of Florida is one of the finest and most talented people in Congress. Strong on Crime, the Border, Illegal Immigration, the 2nd Amendment, our great Military &amp; Vets, Matt worked tirelessly on helping to get our Massive Tax Cuts. He has my Full Endorsement!|21884|91437
realDonaldTrump|Thu Jul 12 17:52:33 +0000 2018|Great success today at NATO! Billions of additional dollars paid by members since my election. Great spirit!|20868|107643
realDonaldTrump|Thu Jul 12 16:32:21 +0000 2018|A very nice note from Chairman Kim of North Korea. Great progress being made! https://t.co/6NI6AqL0xt|25207|92729
realDonaldTrump|Thu Jul 12 15:10:51 +0000 2018|?Trump has been the most consequential president in history when it comes to minority employment. In June, for instance, the unemployment rate for Hispanics and Latinos 16 years and older fell to 4.6%, its lowest level ever, from 4.9% in May.? https://t.co/ex9jizOyAV|18257|68218
realDonaldTrump|Thu Jul 12 14:12:41 +0000 2018|Thank you #NATO2018! https://t.co/nk85QBv1u7|12692|63383
realDonaldTrump|Thu Jul 12 10:57:06 +0000 2018|"#NATOSummit2018 Press Conference in Brussels, Belgium:
https://t.co/iEOeGV6YBI"|10303|42283
realDonaldTrump|Thu Jul 12 06:12:05 +0000 2018|....On top of it all, Germany just started paying Russia, the country they want protection from, Billions of Dollars for their Energy needs coming out of a new pipeline from Russia. Not acceptable! All NATO Nations must meet their 2% commitment, and that must ultimately go to 4%!|20028|87097
realDonaldTrump|Thu Jul 12 06:03:29 +0000 2018|Presidents have been trying unsuccessfully for years to get Germany and other rich NATO Nations to pay more toward their protection from Russia. They pay only a fraction of their cost. The U.S. pays tens of Billions of Dollars too much to subsidize Europe, and loses Big on Trade!|17227|76299
realDonaldTrump|Thu Jul 12 05:55:24 +0000 2018|As I head out to a very important NATO meeting, I see that FBI Lover/Agent Lisa Page is dodging a Subpoena &amp; is refusing to show up and testify. What can she possibly say about her statements and lies. So much corruption on the other side. Where is the Attorney General? @FoxNews|18214|80707
realDonaldTrump|Wed Jul 11 23:33:33 +0000 2018|Billions of additional dollars are being spent by NATO countries since my visit last year, at my request, but it isn?t nearly enough. U.S. spends too much. Europe?s borders are BAD! Pipeline dollars to Russia are not acceptable!|18761|81459
realDonaldTrump|Wed Jul 11 22:47:16 +0000 2018|How can the Rigged Witch Hunt proceed when it was started, influenced and worked on, for an extended period of time, by former FBI Agent/Lover Peter Strzok? Read his hate filled and totally biased Emails and the answer is clear!|21200|86719
realDonaldTrump|Wed Jul 11 21:53:26 +0000 2018|Ex-FBI LAYER Lisa Page today defied a House of Representatives issued Subpoena to testify before Congress! Wow, but is anybody really surprised!  Together with her lover, FBI Agent Peter Strzok, she worked on the Rigged Witch Hunt, perhaps the most tainted and corrupt case EVER!|23566|93516
realDonaldTrump|Wed Jul 11 21:09:01 +0000 2018|If the Democrats want to win Supreme Court and other Court picks, don?t Obstruct and Resist, but rather do it the good ol? fashioned way, WIN ELECTIONS!|18162|83601
realDonaldTrump|Wed Jul 11 17:07:27 +0000 2018|What good is NATO if Germany is paying Russia billions of dollars for gas and energy? Why are there only 5 out of 29 countries that have met their commitment? The U.S. is paying for Europe?s protection, then loses billions on Trade. Must pay 2% of GDP IMMEDIATELY, not by 2025.|28899|118269
realDonaldTrump|Wed Jul 11 16:41:12 +0000 2018|Democrats in Congress must no longer Obstruct - vote to fix our terrible Immigration Laws now. I am watching what is going on from Europe - it would be soooo simple to fix. Judges run the system and illegals and traffickers know how it works. They are just using children!|21991|90411
realDonaldTrump|Wed Jul 11 12:40:32 +0000 2018|...things up, better than ever before, but it can?t go too quickly. I am fighting for a level playing field for our farmers, and will win!|13439|69969
realDonaldTrump|Wed Jul 11 12:40:31 +0000 2018|I am in Brussels, but always thinking about our farmers. Soy beans fell 50% from 2012 to my election. Farmers have done poorly for 15 years. Other countries? trade barriers and tariffs have been destroying their businesses. I will open...|17024|80294
realDonaldTrump|Wed Jul 11 08:04:45 +0000 2018|Bilateral Breakfast with NATO Secretary General in Brussels, Belgium... https://t.co/l0EP3lzhCM|18949|76322
realDonaldTrump|Tue Jul 10 22:37:28 +0000 2018|Just talked with Pfizer CEO and @SecAzar on our drug pricing blueprint. Pfizer is rolling back price hikes, so American patients don?t pay more. We applaud Pfizer for this decision and hope other companies do the same. Great news for the American people!|25147|106898
realDonaldTrump|Tue Jul 10 18:52:21 +0000 2018|The European Union makes it impossible for our farmers and workers and companies to do business in Europe (U.S. has a $151 Billion trade deficit), and then they want us to happily defend them through NATO, and nicely pay for it. Just doesn?t work!|23976|98624
realDonaldTrump|Tue Jul 10 18:42:21 +0000 2018|A recent Emerson College ePoll said that most Americans, especially Hispanics, feel that they are better off under President Trump than they were under President Obama.|21293|105285
realDonaldTrump|Tue Jul 10 17:01:30 +0000 2018|Many countries in NATO, which we are expected to defend, are not only short of their current commitment of 2% (which is low), but are also delinquent for many years in payments that have not been made. Will they reimburse the U.S.?|18113|76669
realDonaldTrump|Tue Jul 10 14:49:17 +0000 2018|Informing the Republican Senators of my nomination of Judge Brett Kavanaugh. #SCOTUS https://t.co/O5cAaVAtQt|9382|50421
realDonaldTrump|Tue Jul 10 14:40:12 +0000 2018|I am on Air Force One flying to NATO and hear reports that the FBI lovers, Peter Strzok and Lisa Page are getting cold feet on testifying about  the Rigged Witch Hunt headed by 13 Angry Democrats and people that worked for Obama for 8 years. Total disgrace!|24799|106402
realDonaldTrump|Tue Jul 10 12:39:18 +0000 2018|On behalf of the United States, congratulations to the Thai Navy SEALs and all on the successful rescue of the 12 boys and their coach from the treacherous cave in Thailand. Such a beautiful moment - all freed, great job!|39687|183864
realDonaldTrump|Tue Jul 10 10:59:30 +0000 2018|Thank you to all of my great supporters, really big progress being made. Other countries wanting to fix crazy trade deals. Economy is ROARING. Supreme Court pick getting GREAT REVIEWS. New Poll says Trump, at over 90%, is the most popular Republican in history of the Party. Wow!|25623|123758
realDonaldTrump|Tue Jul 10 10:42:43 +0000 2018|NATO countries must pay MORE, the United States must pay LESS. Very Unfair!|13693|68195
realDonaldTrump|Tue Jul 10 09:35:05 +0000 2018|Getting ready to leave for Europe. First meeting - NATO. The U.S. is spending many times more than any other country in order to protect them. Not fair to the U.S. taxpayer. On top of that we lose $151 Billion on Trade with the European Union. Charge us big Tariffs (&amp; Barriers)!|15300|70763
realDonaldTrump|Tue Jul 10 02:54:10 +0000 2018|Tonight, it was my honor and privilege to nominate Judge Brett Kavanaugh to the United States Supreme Court. #SCOTUS https://t.co/97clc9zifm|15848|80012
realDonaldTrump|Mon Jul 09 22:22:40 +0000 2018|HAPPY 100TH BIRTHDAY to our amazing current and former Army Warrant Officers. Thank you for your century of service, as the indispensable guardians of our great @USArmy?s technology! #CenturyOfService https://t.co/hD42XseaTG|13882|64898
realDonaldTrump|Mon Jul 09 17:08:29 +0000 2018|Pfizer &amp; others should be ashamed that they have raised drug prices for no reason. They are merely taking advantage of the poor &amp; others unable to defend themselves, while at the same time giving bargain basement prices to other countries in Europe &amp; elsewhere. We will respond!|28269|111446
realDonaldTrump|Mon Jul 09 17:04:04 +0000 2018|The failing NY Times Fake News story today about breast feeding must be called out. The U.S. strongly supports breast feeding but we don?t believe women should be denied access to formula. Many women need this option because of malnutrition and poverty.|22492|98584
realDonaldTrump|Mon Jul 09 14:25:06 +0000 2018|I have confidence that Kim Jong Un will honor the contract we signed &amp;, even more importantly, our handshake. We agreed to the denuclearization of North Korea. China, on the other hand, may be exerting negative pressure on a deal because of our posture on Chinese Trade-Hope Not!|19759|91847
realDonaldTrump|Mon Jul 09 12:14:43 +0000 2018|I have long heard that the most important decision a U.S. President can make is the selection of a Supreme Court Justice - Will be announced tonight at 9:00 P.M.|20987|114875
realDonaldTrump|Mon Jul 09 12:04:02 +0000 2018|...Europe far more than it does the U.S. By some accounts, the U.S. is paying for 90% of NATO, with many countries nowhere close to their 2% commitment. On top of this the European Union has a Trade Surplus of $151 Million with the U.S., with big Trade Barriers on U.S. goods. NO!|15846|70843
realDonaldTrump|Mon Jul 09 11:55:01 +0000 2018|The United States is spending far more on NATO than any other Country. This is not fair, nor is it acceptable. While these countries have been increasing their contributions since I took office, they must do much more. Germany is at 1%, the U.S. is at 4%, and NATO benefits.......|17171|72421
realDonaldTrump|Sun Jul 08 21:58:52 +0000 2018|They just didn't get it, but they do now! https://t.co/9T50NupkDy|111064|317881
realDonaldTrump|Sun Jul 08 21:27:17 +0000 2018|Looking forward to announcing my final decision on the United States Supreme Court Justice at 9:00pmE tomorrow night at the @WhiteHouse. An exceptional person will be chosen!|20471|106356
realDonaldTrump|Sun Jul 08 20:29:27 +0000 2018|"Iranian Harassment of U.S. Warships:

2015: 22
2016: 36
2017: 14
2018: 0

Source: @USNavy"|38113|155143
realDonaldTrump|Sun Jul 08 13:14:13 +0000 2018|The U.S. is working very closely with the Government of Thailand to help get all of the children out of the cave and to safety. Very brave and talented people!|35648|139967
realDonaldTrump|Sat Jul 07 22:24:02 +0000 2018|The Rigged Witch Hunt, originally headed by FBI lover boy Peter S (for one year) &amp; now, 13 Angry Democrats, should look into the missing DNC Server, Crooked Hillary?s illegally deleted Emails, the Pakistani Fraudster, Uranium One, Podesta &amp; so much more. It?s a Democrat Con Job!|35057|128878
realDonaldTrump|Sat Jul 07 20:42:48 +0000 2018|Public opinion has turned strongly against the Rigged Witch Hunt and the ?Special? Counsel because the public understands that there was no  Collusion with Russia (so ridiculous), that the two FBI lovers were a fraud against our Nation &amp; that the only Collusion was with the Dems!|27634|115177
realDonaldTrump|Sat Jul 07 13:24:41 +0000 2018|Big decision will soon be made on our next Justice of the Supreme Court!|17343|102350
realDonaldTrump|Sat Jul 07 13:21:11 +0000 2018|Twitter is getting rid of fake accounts at a record pace. Will that include the Failing New York Times and propaganda machine for Amazon, the Washington Post, who constantly quote anonymous sources that, in my opinion, don?t exist - They will both be out of business in 7 years!|29377|124712
realDonaldTrump|Fri Jul 06 16:57:34 +0000 2018|Just won lawsuit filed by the DNC and a bunch of Democrat crazies trying to claim the Trump Campaign (and others), colluded with Russia. They haven?t figured out that this was an excuse for them losing the election!|34511|149057
realDonaldTrump|Fri Jul 06 16:12:16 +0000 2018|JOBS, JOBS, JOBS! https://t.co/Tz2PQ2xetT|21441|90376
realDonaldTrump|Fri Jul 06 01:06:36 +0000 2018|Thanks to REPUBLICAN LEADERSHIP, America is WINNING AGAIN - and America is being RESPECTED again all over the world. Because we are finally putting AMERICA FIRST!|23300|118372
realDonaldTrump|Fri Jul 06 00:58:50 +0000 2018|Every day, the brave men and women of ICE are liberating communities from savage gangs like MS-13. We will NOT stand for these vile Democrat smears in law enforcement. We will always stand proudly with the BRAVE HEROES of ICE and BORDER PATROL!|25735|115934
realDonaldTrump|Fri Jul 06 00:44:17 +0000 2018|A vote for Democrats in November is a vote to let MS-13 run wild in our communities, to let drugs pour into our cities, and to take jobs and benefits away from hardworking Americans. Democrats want anarchy, amnesty and chaos - Republicans want LAW, ORDER and JUSTICE!|32982|130058
realDonaldTrump|Fri Jul 06 00:11:09 +0000 2018|It was my great honor to join proud, hardworking American Patriots in Montana tonight. I love you - thank you! #MAGA https://t.co/475ct7hW3D|13737|65294
realDonaldTrump|Thu Jul 05 19:37:58 +0000 2018|...on Monday assume duties as the acting Administrator of the EPA. I have no doubt that Andy will continue on with our great and lasting EPA agenda. We have made tremendous progress and the future of the EPA is very bright!|9412|46418
realDonaldTrump|Thu Jul 05 19:37:57 +0000 2018|I have accepted the resignation of Scott Pruitt as the Administrator of the Environmental Protection Agency. Within the Agency Scott has done an outstanding job, and I will always be thankful to him for this. The Senate confirmed Deputy at EPA, Andrew Wheeler, will...|14920|65224
realDonaldTrump|Thu Jul 05 14:17:23 +0000 2018|Congress - FIX OUR INSANE IMMIGRATION LAWS NOW!|25921|113309
realDonaldTrump|Thu Jul 05 14:16:07 +0000 2018|.....Country being forced to endure a long and costly trial. Tell the people ?OUT,? and they must leave, just as they would if they were standing on your front lawn. Hiring thousands of ?judges? does not work and is not acceptable - only Country in the World that does this!|20009|85354
realDonaldTrump|Thu Jul 05 14:08:57 +0000 2018|Congress must pass smart, fast and reasonable Immigration Laws now. Law Enforcement at the Border is doing a great job, but the laws they are forced to work with are insane. When people, with or without children, enter our Country, they must be told to leave without our........|19381|82990
realDonaldTrump|Thu Jul 05 02:47:35 +0000 2018|Happy Birthday, America! https://t.co/SIi6xXsfof|32959|183488
realDonaldTrump|Wed Jul 04 20:46:00 +0000 2018|The OPEC Monopoly must remember that gas prices are up &amp; they are doing little to help. If anything, they are driving prices higher as the United States defends many of their members for very little $?s. This must be a two way street. REDUCE PRICING NOW!|26409|113302
realDonaldTrump|Wed Jul 04 14:44:53 +0000 2018|https://t.co/ue5JEZy85v|21406|80255
realDonaldTrump|Wed Jul 04 14:42:38 +0000 2018|Happy Fourth of July....Our Country is doing GREAT!|45196|224388
realDonaldTrump|Wed Jul 04 00:36:39 +0000 2018|Tomorrow, families across our Nation will gather to celebrate the Fourth of July. As we do, we will think of the men &amp; women serving overseas at this very moment, far away from their families, protecting America - &amp; we will thank GOD for blessing us with these incredible HEROES! https://t.co/FQ1D7oEta2|20365|89594
realDonaldTrump|Tue Jul 03 23:52:08 +0000 2018|...has endured because of the sweat, blood and sacrifice of the American Armed Forces ? the greatest force for peace and justice in the history of the world!|12730|66347
realDonaldTrump|Tue Jul 03 23:52:06 +0000 2018|Tonight we gathered to celebrate the courageous men and women who make freedom possible: our brave service members, and our wonderful Veterans. For 242 years, American Independence...|18249|91149
realDonaldTrump|Tue Jul 03 23:19:35 +0000 2018|Thank you, @WVGovernor Jim Justice, for that warm introduction. Tonight, it was my great honor to attend the ?Greenbrier Classic ? Salute to Service Dinner? in West Virginia! God Bless our Veterans. God Bless America - and HAPPY INDEPENDENCE DAY TO ALL! https://t.co/V35qvCN8m6|10090|48928
realDonaldTrump|Tue Jul 03 23:13:34 +0000 2018|After having written many best selling books, and somewhat priding myself on my ability to write, it should be noted that the Fake News constantly likes to pore over my tweets looking for a mistake. I capitalize certain words only for emphasis, not b/c they should be capitalized!|15000|87110
realDonaldTrump|Tue Jul 03 21:35:11 +0000 2018|The Washington Post is constantly quoting ?anonymous sources? that do not exist. Rarely do they use the name of anyone because there is no one to give them the kind of negative quote that they are looking for. They are a disgrace to journalism but then again, so are many others!|22930|97625
realDonaldTrump|Tue Jul 03 21:26:01 +0000 2018|Heading to West Virginia to be with my friend, @WVGovernor Jim Justice, at his beautiful Greenbrier Resort. He works hard, does a great job, and raises lots of money for charities!|9122|52093
realDonaldTrump|Tue Jul 03 14:18:44 +0000 2018|Wow! The NSA has deleted 685 million phone calls and text messages. Privacy violations? They blame technical irregularities. Such a disgrace. The Witch Hunt continues!|27801|107393
realDonaldTrump|Tue Jul 03 14:00:22 +0000 2018|Now that Harley-Davidson is moving part of its operation out of the U.S., my Administration is working with other Motor Cycle companies who want to move into the U.S. Harley customers are not happy with their move - sales are down 7% in 2017. The U.S. is where the Action is!|17920|86795
realDonaldTrump|Tue Jul 03 12:03:40 +0000 2018|Just out that the Obama Administration granted citizenship, during the terrible Iran Deal negotiation, to 2,500 Iranians - including to government officials. How big (and bad) is that?|29159|93618
realDonaldTrump|Tue Jul 03 11:16:18 +0000 2018|Many good conversations with North Korea-it is going well! In the meantime, no Rocket Launches or Nuclear Testing in 8 months. All of Asia is thrilled. Only the Opposition Party, which includes the Fake News, is complaining. If not for me, we would now be at War with North Korea!|18855|82269
realDonaldTrump|Tue Jul 03 10:57:52 +0000 2018|How can the Democrats, who are weak on the Border and weak on Crime, do well in November. The people of our Country want and demand Safety and Security, while the Democrats are more interested in  ripping apart and demeaning (and not properly funding) our great Law Enforcement!|20372|87091
realDonaldTrump|Tue Jul 03 10:49:10 +0000 2018|When we have an ?infestation? of MS-13 GANGS in certain parts of our country, who do we send to get them out? ICE! They are tougher and smarter than these rough criminal elelments that bad immigration laws allow into our country. Dems do not appreciate the great job they do! Nov.|21952|95229
realDonaldTrump|Tue Jul 03 10:33:44 +0000 2018|The economy is doing perhaps better than ever before, and that?s prior to fixing some of the worst and most unfair Trade Deals ever made by any country. In any event, they are coming along very well. Most countries agree that they must be changed, but nobody ever asked!|14399|66886
realDonaldTrump|Tue Jul 03 10:25:37 +0000 2018|I interviewed 4 very impressive people yesterday. On Monday I will be announcing my decision for Justice of the United States Supreme Court!|13886|74427
realDonaldTrump|Tue Jul 03 10:16:51 +0000 2018|Crazy Maxine Waters, said by some to be one of the most corrupt people in politics, is rapidly becoming, together with Nancy Pelosi, the FACE of the Democrat Party. Her ranting and raving, even referring to herself as a wounded animal, will make people flee the Democrats!|19143|84844
realDonaldTrump|Tue Jul 03 02:43:57 +0000 2018|Many Democrats are deeply concerned about the fact that their ?leadership? wants to denounce and abandon the great men and women of ICE, thereby declaring war on Law &amp; Order. These people will be voting for Republicans in November and, in many cases, joining the Republican Party!|26087|110794
realDonaldTrump|Mon Jul 02 21:48:02 +0000 2018|Today, it was my great honor to welcome Prime Minister Mark Rutte of the Netherlands, to the @WhiteHouse! https://t.co/Zn6ZLM0tzy|12072|67598
realDonaldTrump|Mon Jul 02 03:01:30 +0000 2018|Congratulations to Andres Manuel Lopez Obrador on becoming the next President of Mexico. I look very much forward to working with him. There is much to be done that will benefit both the United States and Mexico!|66863|209365
realDonaldTrump|Sun Jul 01 19:39:28 +0000 2018|A big week, especially with our numerous victories in the Supreme Court. Heading back to the White House now. Focus will be on the selection of a new Supreme Court Justice. Exciting times for our country. Economy may be stronger than it has ever been!|25873|124150
realDonaldTrump|Sun Jul 01 12:11:05 +0000 2018|The Liberal Left, also known as the Democrats, want to get rid of ICE, who do a fantastic job, and want Open Borders. Crime would be rampant and uncontrollable! Make America Great Again|29898|131413
realDonaldTrump|Sun Jul 01 12:00:03 +0000 2018|I will be interviewed by @MariaBartiromo at 10:00 A.M. on @FoxNews|8140|50232
realDonaldTrump|Sat Jun 30 19:44:09 +0000 2018|When people come into our Country illegally, we must IMMEDIATELY escort them back out without going through years of legal maneuvering. Our laws are the dumbest anywhere in the world. Republicans want Strong Borders and no Crime. Dems want Open Borders and are weak on Crime!|38291|153151
realDonaldTrump|Sat Jun 30 19:31:42 +0000 2018|I will be interviewed by @MariaBartiromo on Sunday on @FoxNews at 10:00 A. M. Enjoy!|9673|50138
realDonaldTrump|Sat Jun 30 19:26:12 +0000 2018|Either we need to elect more Republicans in November or Republicans must end the ridiculous 60 vote, or Filibuster, rule - or better yet, do both. Cryin? Chuck would do it on day one, but we?ll never give him the chance. Some great legislation awaits - be smart!|23166|94478
realDonaldTrump|Sat Jun 30 19:17:42 +0000 2018|I never pushed the Republicans in the House to vote for the Immigration Bill, either GOODLATTE 1 or 2, because it could never have gotten enough Democrats as long as there is the 60 vote threshold. I released many prior to the vote knowing we need more Republicans to win in Nov.|15122|68114
realDonaldTrump|Sat Jun 30 19:05:48 +0000 2018|A friend of mine and a man who has truly seen politics and life as few others ever will, Sean Spicer, has written a great new book, ?The Briefing: Politics, the Press and the President.? It is a story told with both heart and knowledge. Really good, go get it!|15193|77278
realDonaldTrump|Sat Jun 30 12:33:55 +0000 2018|I will be making my choice for Justice of the United States Supreme Court on the first Monday after the July 4th Holiday, July 9th!|20890|105545
realDonaldTrump|Sat Jun 30 11:37:03 +0000 2018|Just spoke to King Salman of Saudi Arabia and explained to him that, because of the turmoil &amp; disfunction in Iran and Venezuela, I am asking that Saudi Arabia increase oil production, maybe up to 2,000,000 barrels, to make up the difference...Prices to high! He has agreed!|40708|152738
realDonaldTrump|Sat Jun 30 11:22:41 +0000 2018|To the great and brave men and women of ICE, do not worry or lose your spirit. You are doing a fantastic job of keeping us safe by eradicating the worst criminal elements. So brave! The radical left Dems want you out. Next it will be all police. Zero chance, It will never happen!|37867|148958
realDonaldTrump|Sat Jun 30 11:07:30 +0000 2018|The Democrats are making a strong push to abolish ICE, one of the smartest, toughest and most spirited law enforcement groups of men and women that I have ever seen. I have watched ICE liberate towns from the grasp of MS-13 &amp; clean out the toughest of situations. They are great!|26795|111423
realDonaldTrump|Fri Jun 29 23:30:02 +0000 2018|The new plant being built by Foxconn in Wisconsin is incredible. Congratulations to the people of Wisconsin and to Governor Scott Walker @GovWalker and his talented representatives for having pulled it off. Great job!|15396|76971
realDonaldTrump|Fri Jun 29 18:06:13 +0000 2018|"Six months after our TAX CUTS, more than 6 MILLION workers have received bonuses, pay raises, and retirement account contributions.
#TaxCutsandJobsAct https://t.co/MevjwIINGU"|19422|85752
realDonaldTrump|Fri Jun 29 17:59:22 +0000 2018|Before going any further today, I want to address the horrific shooting that took place yesterday at the Capital Gazette newsroom in Annapolis, Maryland. This attack shocked the conscience of our Nation, and filled our hearts with grief... https://t.co/LALXGhk04b|12070|59607
realDonaldTrump|Thu Jun 28 20:49:55 +0000 2018|Prior to departing Wisconsin, I was briefed on the shooting at Capital Gazette in Annapolis, Maryland. My thoughts and prayers are with the victims and their families. Thank you to all of the First Responders who are currently on the scene.|18059|98272
realDonaldTrump|Thu Jun 28 19:09:42 +0000 2018|"AMERICA IS OPEN FOR BUSINESS! 
https://t.co/fuRF2Z6CZl"|12640|56102
realDonaldTrump|Thu Jun 28 18:57:22 +0000 2018|Today, we broke ground on a plant that will provide jobs for up to 15,000 Wisconsin Workers! As Foxconn has discovered, there is no better place to build, hire and grow than right here in the United States! https://t.co/tOFFodZYvK|21860|96536
realDonaldTrump|Thu Jun 28 13:06:01 +0000 2018|I am in Milwaukee, Wisconsin, for meetings. Soon to leave for a big groundbreaking for Foxconn, which is building a great new electronics plant in Wisconsin. 15,000 Jobs, so great!|16307|89626
realDonaldTrump|Thu Jun 28 12:56:17 +0000 2018|....persecuted on old and/or totally unrelated charges (there was no collusion and there was no obstruction of the no collusion)...And what is going on in the FBI &amp; DOJ with Crooked Hillary, the DNC and all of the lies? A disgraceful situation!|17199|73896
realDonaldTrump|Thu Jun 28 12:43:25 +0000 2018|When is Bob Mueller going to list his Conflicts of Interest? Why has it taken so long? Will they be listed at the top of his $22,000,000 Report...And what about the 13 Angry Democrats, will they list their conflicts with Crooked H? How many people will be sent to jail and......|20703|80480
realDonaldTrump|Thu Jun 28 12:30:31 +0000 2018|Peter Strzok worked as the leader of the Rigged Witch Hunt for a long period of time - he got it started and was only fired because the gig was up. But remember, he took his orders from Comey and McCabe and they took their orders from you know who. Mueller/Comey best friends!|21369|81746
realDonaldTrump|Thu Jun 28 11:38:40 +0000 2018|Just watched @SharkGregNorman on @foxandfriends. Said ?President is doing a great job. All over the world, people want to come back to the U.S.? Thank you Greg, and you?re looking and doing great!|11972|62847
realDonaldTrump|Thu Jun 28 11:32:09 +0000 2018|Amy Kremer, Women for Trump, was so great on @foxandfriends. Brave and very smart, thank you Amy! @AmyKremer|9461|51393
realDonaldTrump|Thu Jun 28 11:25:15 +0000 2018|Russia continues to say they had nothing to do with Meddling in our Election! Where is the DNC Server, and why didn?t Shady James Comey and the now disgraced FBI agents take and closely examine it? Why isn?t Hillary/Russia being looked at? So many questions, so much corruption!|23109|94053
realDonaldTrump|Thu Jun 28 11:02:01 +0000 2018|Lover FBI Agent Peter Strzok was given poor marks on yesterday?s closed door testimony and, according to most reports, refused to answer many questions. There was no Collusion and the Witch Hunt, headed by 13 Angry Democrats and others who are totally conflicted, is Rigged!|18968|79104
realDonaldTrump|Thu Jun 28 03:24:54 +0000 2018|...home addresses ? putting these selfless public servants in harm?s way. These radical protesters want ANARCHY ? but the only response they will find from our government is LAW AND ORDER!|19023|81445
realDonaldTrump|Thu Jun 28 03:24:54 +0000 2018|In recent days we have heard shameless attacks on our courageous law enforcement officers. Extremist Democrat politicians have called for the complete elimination of ICE. Leftwing Activists are trying to block ICE officers from doing their jobs and publicly posting their...|21627|83593
realDonaldTrump|Thu Jun 28 03:03:04 +0000 2018|Thank you North Dakota. Together, we are MAKING AMERICA SAFE AND GREAT AGAIN! #MAGA https://t.co/6Am9n6px8I|15825|74996
realDonaldTrump|Wed Jun 27 23:14:58 +0000 2018|Just landed in North Dakota with @SenJohnHoeven and @RepKevinCramer. We will see everyone at Scheels Arena shortly! https://t.co/pakUigKB61|7858|44878
realDonaldTrump|Wed Jun 27 21:18:03 +0000 2018|Today, it was my great honor to welcome President Marcelo Rebelo de Sousa of Portugal to the @WhiteHouse!???? https://t.co/yd37K4Ei8R|10590|58943
realDonaldTrump|Wed Jun 27 20:28:58 +0000 2018|Heading to North Dakota to fully stand with and endorse Kevin Cramer for Senate. He is an extraordinary Congressman who will hopefully soon represent this great state as your Senator. He is tough on crime, strong on borders, loves our Military, and our Vets! #NDSen https://t.co/uP95m0sIRP|13195|59268
realDonaldTrump|Wed Jun 27 19:13:34 +0000 2018|Statement on Justice Anthony Kennedy. #SCOTUS https://t.co/8aWJ6fWemA|11051|47707
realDonaldTrump|Wed Jun 27 17:33:03 +0000 2018|Today, I was thrilled to join student leaders from Colleges and Universities across the country... https://t.co/OQp3NcOeE4|11334|55640
realDonaldTrump|Wed Jun 27 15:26:24 +0000 2018|Harley-Davidson should stay 100% in America, with the people that got you your success. I?ve done so much for you, and then this. Other companies are coming back where they belong! We won?t forget, and neither will your customers or your now very HAPPY competitors!|18499|84986
realDonaldTrump|Wed Jun 27 14:11:05 +0000 2018|Supreme Court rules in favor of non-union workers who are now, as an example, able to support a candidate of his or her choice without having those who control the Union deciding for them. Big loss for the coffers of the Democrats!|23763|104834
realDonaldTrump|Wed Jun 27 12:39:56 +0000 2018|HOUSE REPUBLICANS SHOULD PASS THE STRONG BUT FAIR IMMIGRATION BILL, KNOWN AS GOODLATTE II, IN THEIR AFTERNOON VOTE TODAY, EVEN THOUGH THE DEMS WON?T LET IT PASS IN THE SENATE. PASSAGE WILL SHOW THAT WE WANT STRONG BORDERS &amp; SECURITY WHILE THE DEMS WANT OPEN BORDERS = CRIME.  WIN!|22609|99956
realDonaldTrump|Wed Jun 27 11:18:02 +0000 2018|Congratulations to Maxine Waters, whose crazy rants have made her, together with Nancy Pelosi, the unhinged FACE of the Democrat Party. Together, they will Make America Weak Again! But have no fear, America is now stronger than ever before, and I?m not going anywhere!|37836|159765
realDonaldTrump|Wed Jun 27 03:52:16 +0000 2018|Big and conclusive win by Mitt Romney. Congratulations! I look forward to working together - there is so much good to do. A great and loving family will be coming to D.C.|9636|63304
realDonaldTrump|Wed Jun 27 02:59:30 +0000 2018|The legendary Gary Player at Turnberry in Scotland! https://t.co/3oGoqWhhtA|5086|33907
realDonaldTrump|Wed Jun 27 02:54:46 +0000 2018|A great First Lady! https://t.co/Pt35aluI4C|15640|90520
realDonaldTrump|Wed Jun 27 02:47:23 +0000 2018|The Democrats are in Turmoil! Open Borders and unchecked Crime a certain way to lose elections. Republicans are for Strong Borders, NO Crime! A BIG NIGHT!|18489|83192
realDonaldTrump|Wed Jun 27 02:18:31 +0000 2018|Wow! Big Trump Hater Congressman Joe Crowley, who many expected was going to take Nancy Pelosi?s place, just LOST his primary election. In other words, he?s out! That is a big one that nobody saw happening. Perhaps he should have been nicer, and more respectful, to his President!|24432|121939
realDonaldTrump|Wed Jun 27 02:05:19 +0000 2018|Tremendous win for Congressman Dan Donovan. You showed great courage in a tough race! New York, and my many friends on Staten Island, have elected someone they have always been very proud of. Congratulations!|14450|75313
realDonaldTrump|Wed Jun 27 01:52:50 +0000 2018|Congratulations to Governor Henry McMaster on your BIG election win! South Carolina loves you. We are all proud of you and Peggy! @henrymcmaster|13222|66752
realDonaldTrump|Tue Jun 26 20:12:05 +0000 2018|Today, we tell the story of an incredible HERO who defended our nation in World War Two ? First Lieutenant Garlin Murl Conner. Although he died 20 years ago, today he takes his rightful place in the Eternal Chronicle of American Valor...https://t.co/mzJ8pPPgZE|15329|72324
realDonaldTrump|Tue Jun 26 14:40:42 +0000 2018|SUPREME COURT UPHOLDS TRUMP TRAVEL BAN. Wow!|36919|170816
realDonaldTrump|Tue Jun 26 13:30:44 +0000 2018|?The most profound question of our era: Was there a conspiracy in the Obama Department of Justice and the FBI to prevent Donald Trump from becoming President of the U.S., and was Strzok at the core of the conspiracy??  Judge Andrew Napolitano|28656|107752
realDonaldTrump|Tue Jun 26 12:36:18 +0000 2018|The face of the Democrats is now Maxine Waters who, together with Nancy Pelosi, have established a fine leadership team. They should always stay together and lead the Democrats, who want Open Borders and Unlimited Crime, well into the future....and pick Crooked Hillary for Pres.|24681|98833
realDonaldTrump|Tue Jun 26 12:17:49 +0000 2018|A Harley-Davidson should never be built in another country-never! Their employees and customers are already very angry at them. If they move, watch, it will be the beginning of the end - they surrendered, they quit! The Aura will be gone and they will be taxed like never before!|19739|89396
realDonaldTrump|Tue Jun 26 11:57:00 +0000 2018|It was great being with Governor Henry McMaster last night in South Carolina. Henry is tough on Crime and Borders, loves our Military and our Vets and has created many jobs and a great economy. GO OUT AND VOTE FOR HENRY TODAY, HE WILL NEVER LET YOU DOWN!|15469|72763
realDonaldTrump|Tue Jun 26 11:49:57 +0000 2018|....We are finishing our study of Tariffs on cars from the E.U. in that they have long taken advantage of the U.S. in the form of Trade Barriers and Tariffs. In the end it will all even out - and it won?t take very long!|12401|58668
realDonaldTrump|Tue Jun 26 11:37:51 +0000 2018|....When I had Harley-Davidson officials over to the White House, I chided them about tariffs in other countries, like India, being too high. Companies are now coming back to America. Harley must know that they won?t be able to sell back into U.S. without paying a big tax!|12333|58042
realDonaldTrump|Tue Jun 26 11:25:01 +0000 2018|....We are getting other countries to reduce and eliminate tariffs and trade barriers that have been unfairly used for years against our farmers, workers and companies. We are opening up closed markets and expanding our footprint. They must play fair or they will pay tariffs!|14346|65901
realDonaldTrump|Tue Jun 26 11:16:36 +0000 2018|Early this year Harley-Davidson said they would move much of their plant operations in Kansas City to Thailand. That was long before Tariffs were announced. Hence, they were just using Tariffs/Trade War as an excuse. Shows how unbalanced &amp; unfair trade is, but we will fix it.....|14710|65777
realDonaldTrump|Tue Jun 26 01:35:03 +0000 2018|Thank you South Carolina. Now let?s get out tomorrow and VOTE for @HenryMcMaster! https://t.co/5xlz0wfMfu|13332|56579
realDonaldTrump|Mon Jun 25 23:44:36 +0000 2018|Just landed in South Carolina - will be at the McMaster rally shortly! #MAGA|7892|52849
realDonaldTrump|Mon Jun 25 23:30:34 +0000 2018|The hearing of Peter Strzok and the other hating frauds at the FBI &amp; DOJ should be shown to the public on live television, not a closed door hearing that nobody will see. We should expose these people for what they are - there should be total transparency!|38597|134049
realDonaldTrump|Mon Jun 25 23:22:12 +0000 2018|Why is Senator Mark Warner (D-VA), perhaps in a near drunken state, claiming he has information that only he and Bob Mueller, the leader of the 13 Angry Democrats on a Witch Hunt, knows? Isn?t this highly illegal. Is it being investigated?|25242|91847
realDonaldTrump|Mon Jun 25 23:06:56 +0000 2018|?Director David Lynch: Trump Could Go Down as One of the Greatest Presidents? https://t.co/AcgnIZNh6e|14859|61950
realDonaldTrump|Mon Jun 25 21:28:06 +0000 2018|Surprised that Harley-Davidson, of all companies, would be the first to wave the White Flag. I fought hard for them and ultimately they will not pay tariffs selling into the E.U., which has hurt us badly on trade, down $151 Billion. Taxes just a Harley excuse - be patient!  #MAGA|17414|75444
realDonaldTrump|Mon Jun 25 17:11:17 +0000 2018|Congresswoman Maxine Waters, an extraordinarily low IQ person, has become, together with Nancy Pelosi, the Face of the Democrat Party. She has just called for harm to supporters, of which there are many, of the Make America Great Again movement. Be careful what you wish for Max!|41373|144903
realDonaldTrump|Mon Jun 25 14:36:39 +0000 2018|Will be heading to one of my favorite places, South Carolina, to fight for one of my original ?fighters,? Governor Henry McMaster. Speaking at 7:00 P.M.|14876|72391
realDonaldTrump|Mon Jun 25 12:54:25 +0000 2018|....If this is done, illegal immigration will be stopped in it?s tracks - and at very little, by comparison, cost. This is the only real answer - and we must continue to BUILD THE WALL!|22190|95008
realDonaldTrump|Mon Jun 25 12:43:00 +0000 2018|Hiring manythousands of judges, and going through a long and complicated legal process, is not the way to go - will always be disfunctional. People must simply be stopped at the Border and told they cannot come into the U.S. illegally. Children brought back to their country......|22194|92719
realDonaldTrump|Mon Jun 25 12:36:29 +0000 2018|Such a difference in the media coverage of the same immigration policies between the Obama Administration and ours. Actually, we have done a far better job in that our facilities are cleaner and better run than were the facilities under Obama. Fake News is working overtime!|26580|105415
realDonaldTrump|Mon Jun 25 12:02:21 +0000 2018|I have tried to stay uninvolved with the Department of Justice and FBI (although I do not legally have to), because of the now totally discredited and very expensive Witch Hunt currently going on. But you do have to ask why the DOJ &amp; FBI aren?t giving over requested documents?|29994|115733
realDonaldTrump|Mon Jun 25 11:41:25 +0000 2018|The Red Hen Restaurant should focus more on cleaning its filthy canopies, doors and windows (badly needs a paint job) rather than refusing to serve a fine person like Sarah Huckabee Sanders. I always had a rule, if a restaurant is dirty on the outside, it is dirty on the inside!|35503|139237
realDonaldTrump|Mon Jun 25 11:28:48 +0000 2018|Former Attorney General Michael Mukasey said that President Trump is probably correct that there was surveillance on Trump Tower. Actually, far greater than would ever have been believed!|18480|73568
realDonaldTrump|Mon Jun 25 01:08:19 +0000 2018|.@RepClayHiggins has been a great help to me on Cutting Taxes, creating great new healthcare programs at low cost, fighting for Border Security, our Military and are Vets. He is tough on Crime and has my full Endorsement. The Great State of Louisiana, we want Clay!|14288|61943
realDonaldTrump|Mon Jun 25 00:08:51 +0000 2018|House Republicans could easily pass a Bill on Strong Border Security but remember, it still has to pass in the Senate, and for that we need 10 Democrat votes, and all they do is RESIST. They want Open Borders and don?t care about Crime! Need more Republicans to WIN in November!|29172|111516
realDonaldTrump|Mon Jun 25 00:01:05 +0000 2018|.@jimmyfallon is now whimpering to all that he did the famous ?hair show? with me (where he seriously messed up my hair), &amp; that he would have now done it differently because it is said to have ?humanized? me-he is taking heat. He called &amp; said ?monster ratings.? Be a man Jimmy!|19705|94805
realDonaldTrump|Sun Jun 24 20:12:25 +0000 2018|The United States is insisting that all countries that have placed artificial Trade Barriers and Tariffs on goods going into their country, remove those Barriers &amp; Tariffs or be met with more than Reciprocity by the U.S.A. Trade must be fair and no longer a one way street!|27611|112726
realDonaldTrump|Sun Jun 24 15:08:33 +0000 2018|....Our Immigration policy, laughed at all over the world, is very unfair to all of those people who have gone through the system legally and are waiting on line for years! Immigration must be based on merit - we need people who will help to Make America Great Again!|31132|126549
realDonaldTrump|Sun Jun 24 15:02:02 +0000 2018|We cannot allow all of these people to invade our Country. When somebody comes in, we must immediately, with no Judges or Court Cases, bring them back from where they came. Our system is a mockery to good immigration policy and Law and Order. Most children come without parents...|30845|120731
realDonaldTrump|Sun Jun 24 13:12:50 +0000 2018|Democrats, fix the laws. Don?t RESIST. We are doing a far better job than Bush and Obama, but we need strength and security at the Border! Cannot accept all of the people trying to break into our Country. Strong Borders, No Crime!|30982|127069
realDonaldTrump|Sun Jun 24 01:43:41 +0000 2018|"Major Wall Street Journal opinion piece today talking about the Russian Witch Hunt and the disgrace that it is. So many people hurt, so bad for our country - a total sham!
https://t.co/bcpSGtoX6a"|24991|84022
realDonaldTrump|Sat Jun 23 22:06:58 +0000 2018|AMERICA IS OPEN FOR BUSINESS! https://t.co/ZjdlHwJlxm|16679|75312
realDonaldTrump|Sat Jun 23 20:25:06 +0000 2018|Thank you @NVGOP! #MAGA https://t.co/OGTR2j6PGG|9455|42474
realDonaldTrump|Sat Jun 23 17:12:03 +0000 2018|Happy Birthday to Supreme Court Justice Clarence Thomas, a friend and great man! https://t.co/hlXYYkTjcv|18975|92979
realDonaldTrump|Sat Jun 23 17:05:33 +0000 2018|It?s very sad that Nancy Pelosi and her sidekick, Cryin? Chuck Schumer, want to protect illegal immigrants far more than the citizens of our country. The United States cannot stand for this. We wants safety and security at our borders!|37476|152881
realDonaldTrump|Sat Jun 23 16:57:48 +0000 2018|Heading to Nevada to talk trade and immigration with supporters. Country?s economy is stronger than ever before with numbers that are getting better by the week. Tremendous potential, and trade deals are coming along well.|15231|79442
realDonaldTrump|Sat Jun 23 14:53:30 +0000 2018|My thoughts and prayers are with Representative Katie Arrington of South Carolina, including all of those involved in last nights car accident, and their families. https://t.co/rWYt2VBjxc|13496|59304
realDonaldTrump|Sat Jun 23 14:00:19 +0000 2018|...everyone how much he likes me, but he will only vote with Nancy Pelosi. Keith is strong on borders and tough on crime ? and loves cutting taxes! #MAGA|8012|37753
realDonaldTrump|Sat Jun 23 14:00:16 +0000 2018|.@VP Pence is heading to Pittsburgh, Pennsylvania where we have both strongly endorsed one of the finest men around, Congressman Keith @RothfusForPA. He is running against #LambTheSham, who is telling...|10040|44268
realDonaldTrump|Sat Jun 23 12:52:57 +0000 2018|Drudge Report  ?OBAMA KEPT THEM IN CAGES, WRAPPED THEM IN FOIL? We do a much better job while at the same time maintaining a MUCH stronger Border! Mainstream Fake Media hates this story.|31895|113509
realDonaldTrump|Sat Jun 23 12:42:45 +0000 2018|?Disability applications plunge as economy strengthens?  Failing New York Times|13281|63276
realDonaldTrump|Sat Jun 23 12:38:05 +0000 2018|The National Association of Manufacturers just announced that 95.1% of Manufacturers ?have a positive outlook for their companies.?  This is the best number in the Association?s history!|18798|81131
realDonaldTrump|Sat Jun 23 11:36:35 +0000 2018|The Russian Witch Hunt is Rigged!|17659|85590
realDonaldTrump|Sat Jun 23 11:33:01 +0000 2018|.@FoxNews  Poll numbers plummet on the Democrat inspired and paid for Russian Witch Hunt. With all of the bias, lying and hate by the investigators, people want the investigators investigated. Much more will come out. A total scam and excuse for the Dems losing the Election!|21391|85970
realDonaldTrump|Sat Jun 23 11:15:33 +0000 2018|Steel is coming back fast! U.S. Steel is adding great capacity also. So are others. https://t.co/0Pzwjg3Vxn|11825|50945
realDonaldTrump|Sat Jun 23 00:34:33 +0000 2018|Based on the Tariffs and Trade Barriers long placed on the U.S. &amp; its great companies and workers by the European Union, if these Tariffs and Barriers are not soon broken down and removed, we will be placing a 20% Tariff on all of their cars coming into the U.S. Build them here!|19266|86087
realDonaldTrump|Fri Jun 22 20:23:33 +0000 2018|Our first duty, and our highest loyalty, is to the citizens of the United States. We will not rest until our border is secure, our citizens are safe, and we finally end the immigration crisis once and for all. https://t.co/7YfZ9kjB23|24422|93424
realDonaldTrump|Fri Jun 22 19:40:20 +0000 2018|We are gathered today to hear directly from the AMERICAN VICTIMS of ILLEGAL IMMIGRATION. These are the American Citizens permanently separated from their loved ones b/c they were killed by criminal illegal aliens. These are the families the media ignores...https://t.co/ZjXESYAcjY|29695|87671
realDonaldTrump|Fri Jun 22 14:10:07 +0000 2018|Hope OPEC will increase output substantially. Need to keep prices down!|12926|62781
realDonaldTrump|Fri Jun 22 13:43:06 +0000 2018|We must maintain a Strong Southern Border. We cannot allow our Country to be overrun by illegal immigrants as the Democrats tell their phony stories of sadness and grief, hoping it will help them in the elections. Obama and others had the same pictures, and did nothing about it!|28438|107532
realDonaldTrump|Fri Jun 22 13:30:54 +0000 2018|80% of Mexico?s Exports come to the United States. They totally rely on us, which is fine with me. They do have, though, very strong Immigration Laws. The U.S. has pathetically weak and ineffective Immigration Laws that the Democrats refuse to help us fix. Will speak to Mexico!|22316|91038
realDonaldTrump|Fri Jun 22 11:58:43 +0000 2018|Congressman Ron DeSantis, a top student at Yale and Harvard Law School, is running for Governor of the Great State of Florida. Ron is strong on Borders, tough on Crime &amp; big on Cutting Taxes - Loves our Military &amp; our Vets. He will be a Great Governor &amp; has my full Endorsement!|24957|99778
realDonaldTrump|Fri Jun 22 11:46:12 +0000 2018|Congresswoman Martha Roby of Alabama has been a consistent and reliable vote for our Make America Great Again Agenda. She is in a Republican Primary run-off against a recent Nancy Pelosi voting Democrat. I fully endorse Martha for Alabama 2nd Congressional District!|13371|54043
realDonaldTrump|Fri Jun 22 11:31:29 +0000 2018|Governor Henry McMaster is a truly fine man who loves the People of South Carolina. He was one of my very early supporters and truly helped me to a Big South Carolina Victory. I will see you all in S.C on Monday and Vice President Pence will be there for Henry on Saturday!|12794|56178
realDonaldTrump|Fri Jun 22 11:06:30 +0000 2018|Republicans should stop wasting their time on Immigration until after we elect more Senators and Congressmen/women in November. Dems are just playing games, have no intention of doing anything to solves this decades old problem. We can pass great legislation after the Red Wave!|23785|89470
realDonaldTrump|Fri Jun 22 11:00:36 +0000 2018|Elect more Republicans in  November and we will pass the finest, fairest and most comprehensive Immigration Bills anywhere in the world. Right now we have the dumbest and the worst. Dems are doing nothing but Obstructing. Remember their motto, RESIST! Ours is PRODUCE!|29755|105206
realDonaldTrump|Fri Jun 22 10:54:51 +0000 2018|Even if we get 100% Republican votes in the Senate, we need 10 Democrat votes to get a much needed Immigration Bill - &amp; the Dems are Obstructionists who won?t give votes for political reasons &amp; because they don?t care about Crime coming from Border! So we need to elect more R?s!|20057|77063
realDonaldTrump|Fri Jun 22 10:41:35 +0000 2018|Our great Judge Jeanine Pirro is out with a new book, ?Liars, Leakers and Liberals, the Case Against the Anti-Trump Conspiracy,? which is fantastic. Go get it!|19852|87748
realDonaldTrump|Thu Jun 21 23:07:53 +0000 2018|You cannot pass legislation on immigration whether it be for safety and security or any other reason including ?heart,? without getting Dem votes. Problem is, they don?t care about security and R?s do. Zero Dems voted to support the Goodlatte Bill. They won?t vote for anything!|23077|83251
realDonaldTrump|Thu Jun 21 22:40:07 +0000 2018|We have to maintain strong borders or we will no longer have a country that we can be proud of ? and if we show any weakness, millions of people will journey into our country.|32073|143089
realDonaldTrump|Thu Jun 21 21:51:07 +0000 2018|?I REALLY DON?T CARE, DO U?? written on the back of Melania?s jacket, refers to the Fake News Media. Melania has learned how dishonest they are, and she truly no longer cares!|40068|157055
realDonaldTrump|Thu Jun 21 20:46:44 +0000 2018|Big Supreme Court win on internet sales tax - about time! Big victory for fairness and for our country. Great victory for consumers and retailers.|13668|66192
realDonaldTrump|Thu Jun 21 20:46:10 +0000 2018|Farm Bill just passed in the House. So happy to see work requirements included. Big win for the farmers!|15563|75989
realDonaldTrump|Thu Jun 21 20:45:32 +0000 2018|I was thrilled to be back in Minnesota for a roundtable with hardworking American Patriots. Thank you! https://t.co/suoRN02zMq|9994|51136
realDonaldTrump|Thu Jun 21 20:25:24 +0000 2018|"\"The real big story that affects everybody in America is the success of @POTUS's TAX CUT package and what it's done for our economy...? @Varneyco https://t.co/2bUbA7zSFM"|11377|46649
realDonaldTrump|Thu Jun 21 17:02:40 +0000 2018|My Administration is acting swiftly to address the illegal immigration crisis on the Southern Border. Loopholes in our immigration laws all supported by extremist open border Democrats...and that's what they are - they're extremist open border Democrats.... https://t.co/F73I5gu0Q5|18901|70038
realDonaldTrump|Thu Jun 21 14:38:15 +0000 2018|Democrats want open Borders, where anyone can come into our Country, and stay. This is Nancy Pelosi?s dream. It won?t happen!|24706|102982
realDonaldTrump|Thu Jun 21 13:52:18 +0000 2018|Henry McMaster has done a great job as Governor of South Carolina. The state is BOOMING, with jobs and new industry setting records. He is tough on Crime and Strong on Borders, Healthcare, the Military and our great Vets. Henry has my full and complete Endrosement! #MAGA|9320|42733
realDonaldTrump|Thu Jun 21 13:08:33 +0000 2018|What is the purpose of the House doing good immigration bills when you need 9 votes by Democrats in the Senate, and the Dems are only looking to Obstruct (which they feel is good for them in the Mid-Terms). Republicans must get rid of the stupid Filibuster Rule-it is killing you!|20111|76575
realDonaldTrump|Thu Jun 21 12:50:56 +0000 2018|Last night in Minnesota was incredible. What a crowd!|12019|75007
realDonaldTrump|Thu Jun 21 12:38:16 +0000 2018|I will be going the Columbia, South Carolina, on Monday night to do a campaign speech for one of my very early supporters, a man who truly loves the people of South Carolina, Governor Henry McMaster. Henry worked so hard &amp; was so loyal to me that I look forward to reciprocating!|16731|80170
realDonaldTrump|Thu Jun 21 12:29:54 +0000 2018|The Border has been a big mess and problem for many years. At some point Schumer and Pelosi, who are weak on Crime and Border security, will be forced to do a real deal, so easy, that solves this long time problem. Schumer used to want Border security - now he?ll take Crime!|17515|71439
realDonaldTrump|Thu Jun 21 12:12:07 +0000 2018|We shouldn?t be hiring judges by the thousands, as our ridiculous immigration laws demand, we should be changing our laws, building the Wall, hire Border Agents and Ice and not let people come into our country based on the legal phrase they are told to say as their password.|27278|103897
realDonaldTrump|Thu Jun 21 03:51:37 +0000 2018|ALL-TIME RECORD OPTIMISM! https://t.co/ZTrfJY2afh|18331|74236
realDonaldTrump|Thu Jun 21 03:24:35 +0000 2018|Just returning from the Great State of Minnesota where we had an incredible rally with 9,000 people, and at least 10,000 who could not get in - I will return! Congratulations to @PeteStauber who is loved and respected in Minnesota!|16535|86397
realDonaldTrump|Thu Jun 21 01:01:15 +0000 2018|Thank you Duluth, Minnesota. Together, we are MAKING AMERICA GREAT AGAIN! https://t.co/G0hbbx6xAK|16022|71767
realDonaldTrump|Wed Jun 20 23:30:38 +0000 2018|So sorry, people wanting to get into the already packed arena - I LOVE YOU ALL! https://t.co/PFvXrsvgkA|21156|92746
realDonaldTrump|Wed Jun 20 21:54:38 +0000 2018|Just landed in Duluth, Minnesota. Two events planned - looking forward to them and being with @PeteStauber and his wonderful family!|9547|55102
realDonaldTrump|Wed Jun 20 20:39:30 +0000 2018|Don?t worry, the Republicans, and your President, will fix it! https://t.co/xsbuPzXbHj|83078|201950
realDonaldTrump|Wed Jun 20 20:34:24 +0000 2018|Look what Fake ABC News put out. I guess they had it prepared from the 13 Angry Democrats leading the Witch Hunt! #StopTheBias https://t.co/c0XOk1btEQ|14357|51091
realDonaldTrump|Wed Jun 20 20:04:45 +0000 2018|Had a great meeting with the House GOP last night at the Capitol. They applauded and laughed loudly when I mentioned my experience with Mark Sanford. I have never been a fan of his!|9794|53173
realDonaldTrump|Wed Jun 20 17:37:42 +0000 2018|https://t.co/yfwdyUHmn3|11598|43146
realDonaldTrump|Wed Jun 20 15:00:16 +0000 2018|More records! #MAGA https://t.co/2CP5eq40Fy|10529|41802
realDonaldTrump|Wed Jun 20 14:00:18 +0000 2018|?FBI texts have revealed anti-Trump Bias.? @FoxNews  Big News, but the Fake News doesn?t want to cover. Total corruption - the Witch Hunt has turned out to be a scam! At some point soon the Mainstream Media will have to cover correctly, too big a story!|21676|82263
realDonaldTrump|Wed Jun 20 13:41:25 +0000 2018|It?s the Democrats fault, they won?t give us the votes needed to pass good immigration legislation. They want open borders, which breeds horrible crime. Republicans want security. But I am working on something - it never ends!|22914|95065
realDonaldTrump|Wed Jun 20 12:25:17 +0000 2018|The Fake News is not mentioning the safety and security of our Country when talking about illegal immigration. Our immigration laws are the weakest and worst anywhere in the world, and the Dems will do anything not to change them &amp; to obstruct-want open borders which means crime!|31322|124886
realDonaldTrump|Wed Jun 20 02:36:54 +0000 2018|THANK YOU @HouseGOP! https://t.co/scvACfJwts|9289|47646
realDonaldTrump|Wed Jun 20 02:17:37 +0000 2018|Earlier today, @FLOTUS Melania and I were honored to welcome King Felipe VI and Queen Letizia of Spain to the @WhiteHouse!???? https://t.co/cCubCyiRm5|12841|69223
realDonaldTrump|Wed Jun 20 01:06:27 +0000 2018|Homeland Security @SecNielsen did a fabulous job yesterday at the press conference explaining security at the border and for our country, while at the same time recommending changes to obsolete &amp; nasty laws, which force family separation. We want ?heart? and security in America!|21996|95472
realDonaldTrump|Tue Jun 19 18:04:17 +0000 2018|I want to take a moment to address the current illegal immigration crisis on the Southern Border...it has been going on for many, many decades... https://t.co/1F7EK9Ef88|21496|81417
realDonaldTrump|Tue Jun 19 17:35:39 +0000 2018|THANK YOU @NFIB! #NFIB75 https://t.co/5ppZhQhZu0|8452|38257
realDonaldTrump|Tue Jun 19 15:22:29 +0000 2018|Join me tomorrow in Duluth, Minnesota for a #MAGA Rally! Tickets: https://t.co/mhhJB8WQlF https://t.co/gP59o1RDqW|10345|42176
realDonaldTrump|Tue Jun 19 14:11:51 +0000 2018|#CHANGETHELAWS   Now is the best opportunity ever for Congress to change the ridiculous and obsolete laws on immigration. Get it done, always keeping in mind that we must have strong border security.|19512|79405
realDonaldTrump|Tue Jun 19 14:07:02 +0000 2018|We must always arrest people coming into our Country illegally. Of the 12,000 children, 10,000 are being sent by their parents on a very dangerous trip, and only 2000 are with their parents, many of whom have tried to enter our Country illegally on numerous occasions.|32012|120606
realDonaldTrump|Tue Jun 19 13:52:24 +0000 2018|Democrats are the problem. They don?t care about crime and want illegal immigrants, no matter how bad they may be, to pour into and infest our Country, like MS-13. They can?t win on their terrible policies, so they view them as potential voters!|27500|107747
realDonaldTrump|Tue Jun 19 13:52:18 +0000 2018|If you don?t have Borders, you don?t have a Country!|41023|171212
realDonaldTrump|Tue Jun 19 13:52:07 +0000 2018|Crime in Germany is up 10% plus (officials do not want to report these crimes) since migrants were accepted. Others countries are even worse. Be smart America!|19123|79334
realDonaldTrump|Tue Jun 19 13:52:06 +0000 2018|I can?t think of something more concerning than a law enforcement officer suggesting that their going to use their powers to affect an election!? Inspector General Horowitz on what was going on with numerous people regarding my election. A Rigged Witch Hunt!p|20276|83952
realDonaldTrump|Mon Jun 18 15:27:41 +0000 2018|Comey gave Strozk his marching orders. Mueller is Comey?s best friend. Witch Hunt!|20819|87115
realDonaldTrump|Mon Jun 18 14:57:40 +0000 2018|If President Obama (who got nowhere with North Korea and would have had to go to war with many millions of people being killed) had gotten along with North Korea and made the initial steps toward a deal that I have, the Fake News would have named him a national hero!|26155|118485
realDonaldTrump|Mon Jun 18 13:53:48 +0000 2018|It is the Democrats fault for being weak and ineffective with Boarder Security and Crime. Tell them to start thinking about the people devastated by Crime coming from illegal immigration. Change the laws!|22862|98851
realDonaldTrump|Mon Jun 18 13:50:53 +0000 2018|CHANGE THE LAWS!|18411|83750
realDonaldTrump|Mon Jun 18 13:50:40 +0000 2018|Children are being used by some of the worst criminals on earth as a means to enter our country. Has anyone been looking at the Crime taking place south of the border. It is historic, with some countries the most dangerous places in the world. Not going to happen in the U.S.|29343|115292
realDonaldTrump|Mon Jun 18 13:04:28 +0000 2018|We don?t want what is happening with immigration in Europe to happen with us!|31497|125526
realDonaldTrump|Mon Jun 18 13:02:43 +0000 2018|The people of Germany are turning against their leadership as migration is rocking the already tenuous Berlin coalition. Crime in Germany is way up. Big mistake made all over Europe in allowing millions of people in who have so strongly and violently changed their culture!|33767|115470
realDonaldTrump|Mon Jun 18 12:46:07 +0000 2018|Why don?t the Democrats give us the votes to fix the world?s worst immigration laws? Where is the outcry for the killings and crime being caused by gangs and thugs, including MS-13, coming into our country illegally?|26206|107945
realDonaldTrump|Mon Jun 18 01:03:52 +0000 2018|?The highest level of bias I?ve ever witnessed in any law enforcement officer.? Trey Gowdy on the FBI?s own, Peter Strzok. Also remember that they all worked for Slippery James Comey and that Comey is best friends with Robert Mueller. A really sick deal, isn?t it?|27141|104334
realDonaldTrump|Mon Jun 18 00:49:01 +0000 2018|The Democrats should get together with their Republican counterparts and work something out on Border Security &amp; Safety. Don?t wait until after the election because you are going to lose!|19516|88278
realDonaldTrump|Mon Jun 18 00:42:04 +0000 2018|Why was the FBI?s sick loser, Peter Strzok, working on the totally discredited Mueller team of 13 Angry &amp; Conflicted Democrats, when Strzok was giving Crooked Hillary a free pass yet telling his lover, lawyer Lisa Page, that ?we?ll stop? Trump from becoming President? Witch Hunt!|20807|82941
realDonaldTrump|Mon Jun 18 00:25:53 +0000 2018|Why was the FBI giving so much information to the Fake News Media. They are not supposed to be doing that, and knowing the enemy of the people Fake News, they put their own spin on it - truth doesn?t matter to them!|23907|100061
realDonaldTrump|Sun Jun 17 14:54:53 +0000 2018|WITCH HUNT! There was no Russian Collusion. Oh, I see, there was no Russian Collusion, so now they look for obstruction on the no Russian Collusion. The phony Russian Collusion was a made up Hoax. Too bad they didn?t look at Crooked Hillary like this. Double Standard!|29760|123809
realDonaldTrump|Sun Jun 17 13:26:28 +0000 2018|Washington Post employees want to go on strike because Bezos isn?t paying them enough. I think a really long strike would be a great idea. Employees would get more money and we would get rid of Fake News for an extended period of time! Is @WaPo a registered lobbyist?|16335|70047
realDonaldTrump|Sun Jun 17 13:08:26 +0000 2018|Our economy is perhaps BETTER than it has ever been. Companies doing really well, and moving back to America, and jobs numbers are the best in 44 years.|15368|81536
realDonaldTrump|Sun Jun 17 13:01:06 +0000 2018|The denuclearization deal with North Korea is being praised and celebrated all over Asia. They are so happy! Over here, in our country, some people would rather see this historic deal fail than give Trump a win, even if it does save potentially millions &amp; millions of lives!|18232|78434
realDonaldTrump|Sun Jun 17 12:48:43 +0000 2018|Holding back the ?war games? during the negotiations was my request because they are VERY EXPENSIVE and set a bad light during a good faith negotiation. Also, quite provocative. Can start up immediately if talks break down, which I hope will not happen!|14747|74832
realDonaldTrump|Sun Jun 17 12:40:02 +0000 2018|Funny how the Fake News, in a coordinated effort with each other, likes to say I gave sooo much to North Korea because I ?met.? That?s because that?s all they have to disparage! We got so much for peace in the world, &amp; more is being added in finals. Even got our hostages/remains!|16735|77630
realDonaldTrump|Sun Jun 17 12:31:46 +0000 2018|Daniel Henninger of The Wall Street Journal: ?This IG Report makes it clear, as did Rod Rosenstein?s memo, that Trump was absolutely justified, unquestionably justified, in firing Jim Comey. So I think the Mueller Investigation is on pretty weak grounds right now.?  Witch Hunt!|16951|70144
realDonaldTrump|Sun Jun 17 11:58:01 +0000 2018|Please clear up the Fake News! https://t.co/3VbIKbmKwP|12053|51328
realDonaldTrump|Sun Jun 17 11:52:40 +0000 2018|Chuck Schumer said ?the Summit was what the Texans call all cattle and no hat.? Thank you Chuck, but are you sure you got that right? No more nuclear testing or rockets flying all over the place, blew up launch sites. Hostages already back, hero remains coming home &amp; much more!|19253|84021
realDonaldTrump|Sat Jun 16 14:01:33 +0000 2018|The IG Report totally destroys James Comey and all of his minions including the great lovers, Peter Strzok and Lisa Page, who started the disgraceful Witch Hunt against so many innocent people. It will go down as a dark and dangerous period in American History!|29409|117757
realDonaldTrump|Sat Jun 16 13:12:14 +0000 2018|My supporters are the smartest, strongest, most hard working and most loyal that we have seen in our countries history. It is a beautiful thing to watch as we win elections and gather support from all over the country. As we get stronger, so does our country. Best numbers ever!|42628|181479
realDonaldTrump|Sat Jun 16 13:03:57 +0000 2018|Democrats can fix their forced family breakup at the Border by working with Republicans on new legislation, for a change! This is why we need more Republicans elected in November. Democrats are good at only three things, High Taxes, High Crime and Obstruction. Sad!|29665|117791
realDonaldTrump|Fri Jun 15 22:32:18 +0000 2018|Great discussions with European Union Commission President Jean-Claude Juncker and EU Council President Donald Tusk at the #G7Summit in Canada last week. https://t.co/kGxXe50459|8884|47113
realDonaldTrump|Fri Jun 15 22:23:44 +0000 2018|The Fake News Media said that I did not get along with other Leaders at the #G7Summit in Canada. They are once again, WRONG! https://t.co/I6eEKEZV6z|17380|71985
realDonaldTrump|Fri Jun 15 22:03:07 +0000 2018|I have a great relationship with Angela Merkel of Germany, but the Fake News Media only shows the bad photos (implying anger) of negotiating an agreement - where I am asking for things that no other American President would ask for! https://t.co/Ib97nN5HZt|21273|80485
realDonaldTrump|Fri Jun 15 17:49:38 +0000 2018|I?ve had to beat 17 very talented people including the Bush Dynasty, then I had to beat the Clinton Dynasty, and now I have to beat a phony Witch Hunt and all of the dishonest people covered in the IG Report...and never forget the Fake News Media. It never ends!|36664|151599
realDonaldTrump|Fri Jun 15 17:41:10 +0000 2018|Wow, what a tough sentence for Paul Manafort, who has represented Ronald Reagan, Bob Dole and many other top political people and campaigns. Didn?t know Manafort was the head of the Mob. What about Comey and Crooked Hillary and all of the others? Very unfair!|24711|96286
realDonaldTrump|Fri Jun 15 17:08:14 +0000 2018|The Democrats are forcing the breakup of families at the Border with their horrible and cruel legislative agenda. Any Immigration Bill MUST HAVE full funding for the Wall, end Catch &amp; Release, Visa Lottery and Chain, and go to Merit Based Immigration. Go for it! WIN!|27895|108913
realDonaldTrump|Fri Jun 15 12:03:30 +0000 2018|?Donald Trump was 100% right to fire James Comey.? Mark Levin|15379|76369
realDonaldTrump|Fri Jun 15 11:53:57 +0000 2018|?Why in the world didn?t Barack Obama fire this guy (Comey)?? asks Mark Levin!|13309|65516
realDonaldTrump|Fri Jun 15 11:50:07 +0000 2018|Wow, the highest rated (by far) morning show, @foxandfriends, is on the Front Lawn of the White House. Maybe I?ll have to take an unannounced trip down to see them?|14462|86775
realDonaldTrump|Fri Jun 15 11:45:03 +0000 2018|U.S.A. Jobs numbers are the BEST in 44 years. If my opponent (the Democrats) had won the election, they would have raised taxes substantially and increased regulations - the economy, and jobs, would have been a disaster!|21096|97511
realDonaldTrump|Fri Jun 15 11:06:28 +0000 2018|Thank you for all of the compliments on getting the World Cup to come to the U.S.A., Mexico and Canada. I worked hard on this, along with a Great Team of talented people. We never fail, and it will be a great World Cup! A special thanks to Bob Kraft for excellent advice.|13080|70938
realDonaldTrump|Fri Jun 15 10:55:40 +0000 2018|The IG Report is a total disaster for Comey, his minions and sadly, the FBI. Comey will now officially go down as the worst leader, by far, in the history of the FBI. I did a great service to the people in firing him. Good Instincts. Christopher Wray will bring it proudly back!|19095|84618
realDonaldTrump|Fri Jun 15 10:35:14 +0000 2018|FBI Agent Peter Strzok, who headed the Clinton &amp; Russia investigations, texted to his lover Lisa Page, in the IG Report, that ?we?ll stop? candidate Trump from becoming President. Doesn?t get any lower than that!|23102|90414
realDonaldTrump|Thu Jun 14 17:34:46 +0000 2018|Happy #FlagDay?? https://t.co/KEUMfnoHIv|16689|83204
realDonaldTrump|Thu Jun 14 16:33:55 +0000 2018|Happy 243rd Birthday to the @USArmy! Thank you for your bravery, sacrifices, and dedication to the U.S.A. We love you! https://t.co/XlQYstu3Vo|15987|78056
realDonaldTrump|Thu Jun 14 15:09:21 +0000 2018|....Schneiderman, who ran the Clinton campaign in New York, never had the guts to bring this ridiculous case, which lingered in their office for almost 2 years. Now he resigned his office in disgrace, and his disciples brought it when we would not settle.|17173|74819
realDonaldTrump|Thu Jun 14 15:09:12 +0000 2018|The sleazy New York Democrats, and their now disgraced (and run out of town) A.G. Eric Schneiderman, are doing everything they can to sue me on a foundation that took in $18,800,000 and gave out to charity more money than it took in, $19,200,000. I won?t settle this case!...|26443|109803
realDonaldTrump|Thu Jun 14 15:08:51 +0000 2018|So, the Democrats make up a phony crime, Collusion with the Russians, pay a fortune to make the crime sound real, illegally leak (Comey) classified information so that a Special Councel will be appointed, and then Collude to make this pile of garbage take on life in Fake News!|30939|115326
realDonaldTrump|Thu Jun 14 15:08:44 +0000 2018|Now that I am back from Singapore, where we had a great result with respect to North Korea, the thought process must sadly go back to the Witch Hunt, always remembering that there was No Collusion and No Obstruction of the fabricated No Crime.|16122|76990
realDonaldTrump|Thu Jun 14 12:34:25 +0000 2018|The Republican Party is starting to show very big numbers. People are starting to see what is being done. Results are speaking loudly. North Korea and our greatest ever economy are leading the way!|23419|112962
realDonaldTrump|Wed Jun 13 20:50:20 +0000 2018|Congratulations to @KevinCramer on his huge win in North Dakota. We need Kevin in the Senate, and I strongly endorse him. Heidi voted NO on our Tax Cuts, and always will vote no when we need her. Kevin is strong on Crime &amp; Borders, big on Cutting Taxes!|14989|70069
realDonaldTrump|Wed Jun 13 20:17:00 +0000 2018|Congratulations to Danny Tarkanian on his big GOP primary win in Nevada. Danny worked hard an got a great result. Looking good in November!|15505|81252
realDonaldTrump|Wed Jun 13 20:11:41 +0000 2018|Senator Claire McCaskill of the GREAT State of Missouri flew around in a luxurious private jet during her RV tour of the state. RV?s are not for her. People are really upset, so phony! Josh Hawley should win big, and has my full endorsement.|24509|94306
realDonaldTrump|Wed Jun 13 13:30:49 +0000 2018|So funny to watch the Fake News, especially NBC and CNN. They are fighting hard to downplay the deal with North Korea. 500 days ago they would have ?begged? for this deal-looked like war would break out. Our Country?s biggest enemy is the Fake News so easily promulgated by fools!|41574|161659
realDonaldTrump|Wed Jun 13 11:52:50 +0000 2018|Oil prices are too high, OPEC is at it again. Not good!|23551|110562
realDonaldTrump|Wed Jun 13 11:49:16 +0000 2018|The U.S., together with Mexico and Canada, just got the World Cup. Congratulations - a great deal of hard work!|19454|101700
realDonaldTrump|Wed Jun 13 11:10:03 +0000 2018|We save a fortune by not doing war games, as long as we are negotiating in good faith - which both sides are!|18552|101003
realDonaldTrump|Wed Jun 13 10:01:40 +0000 2018|Before taking office people were assuming that we were going to War with North Korea. President Obama said that North Korea was our biggest and most dangerous problem. No longer - sleep well tonight!|31722|143371
realDonaldTrump|Wed Jun 13 09:56:57 +0000 2018|Just landed - a long trip, but everybody can now feel much safer than the day I took office. There is no longer a Nuclear Threat from North Korea. Meeting with Kim Jong Un was an interesting and very positive experience. North Korea has great potential for the future!|21245|103814
realDonaldTrump|Wed Jun 13 09:55:31 +0000 2018|Congratulations to Corey Stewart for his great victory for Senator from Virginia. Now he runs against a total stiff, Tim Kaine, who is weak on crime and borders, and wants to raise your taxes through the roof. Don?t underestimate Corey, a major chance of winning!|15902|73063
realDonaldTrump|Wed Jun 13 09:40:03 +0000 2018|...realize the economy is the best it?s ever been with employment being at an all time high, and many companies pouring back into our country. Wake up Punchy!|13277|73333
realDonaldTrump|Wed Jun 13 09:40:02 +0000 2018|Robert De Niro, a very Low IQ individual, has received too many shots to the head by real boxers in movies. I watched him last night and truly believe he may be ?punch-drunk.? I guess he doesn?t...|19527|97678
realDonaldTrump|Wed Jun 13 09:37:03 +0000 2018|My political representatives didn?t want me to get involved in the Mark Sanford primary thinking that Sanford would easily win - but with a few hours left I felt that Katie was such a good candidate, and Sanford was so bad, I had to give it a shot. Congrats to Katie Arrington!|11914|62092
realDonaldTrump|Wed Jun 13 01:14:14 +0000 2018|A year ago the pundits &amp; talking heads, people that couldn?t do the job before, were begging for conciliation and peace - ?please meet, don?t go to war.? Now that we meet and have a great relationship with Kim Jong Un, the same haters shout out, ?you shouldn?t meet, do not meet!?|30014|125072
realDonaldTrump|Wed Jun 13 00:27:36 +0000 2018|The World has taken a big step back from potential Nuclear catastrophe! No more rocket launches, nuclear testing or research! The hostages are back home with their families. Thank you to Chairman Kim, our day together was historic!|32217|150930
realDonaldTrump|Wed Jun 13 00:11:43 +0000 2018|I want to thank Chairman Kim for taking the first bold step toward a bright new future for his people. Our unprecedented meeting ? the first between an American President and a leader of North Korea ? proves that real change is possible! https://t.co/yF3iwD23YQ|23551|110047
realDonaldTrump|Wed Jun 13 00:02:14 +0000 2018|There is no limit to what NoKo can achieve when it gives up its nuclear weapons and embraces commerce &amp; engagement w/ the world. Chairman Kim has before him the opportunity to be remembered as the leader who ushered in a glorious new era of security &amp; prosperity for his citizens! https://t.co/Xbup4Zyz33|17686|82091
realDonaldTrump|Tue Jun 12 23:37:13 +0000 2018|"It's time for another #MAGA rally. Join me in Duluth, Minnesota on Wednesday, June 20th at 6:30pm!
Tickets?https://t.co/mhhJB9erdd https://t.co/T6eXenoSxT"|12814|51827
realDonaldTrump|Tue Jun 12 21:23:18 +0000 2018|"Here is the video, ?A Story of Opportunity? that I shared with Kim Jong-un at the #SingaporeSummit
??https://t.co/43oOci4jvo https://t.co/xBKFkDLtj7"|15258|56604
realDonaldTrump|Tue Jun 12 20:40:28 +0000 2018|...Got along great with Kim Jong-un who wants to see wonderful things for his country. As I said earlier today: Anyone can make war, but only the most courageous can make peace! #SingaporeSummit|17799|81839
realDonaldTrump|Tue Jun 12 20:40:26 +0000 2018|Heading back home from Singapore after a truly amazing visit. Great progress was made on the denuclearization of North Korea. Hostages are back home, will be getting the remains of our great heroes back to their families, no missiles shot, no research happening, sites closing...|18862|88343
realDonaldTrump|Tue Jun 12 20:12:43 +0000 2018|Mark Sanford has been very unhelpful to me in my campaign to MAGA. He is MIA and nothing but trouble. He is better off in Argentina. I fully endorse Katie Arrington for Congress in SC, a state I love. She is tough on crime and will continue our fight to lower taxes. VOTE Katie!|18245|77761
realDonaldTrump|Tue Jun 12 19:30:54 +0000 2018|I strongly endorse Adam Laxalt for Governor of Nevada. Adam is smart, works hard, and knows how to win. He will be a great Governor. Also, will fight hard to lower your taxes and is tough on crime!|14600|63696
realDonaldTrump|Tue Jun 12 08:02:55 +0000 2018|https://t.co/tJG3KIn2q0|48827|178798
realDonaldTrump|Tue Jun 12 00:35:49 +0000 2018|Our Great Larry Kudlow, who has been working so hard on trade and the economy, has just suffered a heart attack. He is now in Walter Reed Medical Center.|24168|98897
realDonaldTrump|Tue Jun 12 00:03:23 +0000 2018|Just won big Supreme Court decision on Voting! Great News!|22636|115335
realDonaldTrump|Mon Jun 11 22:04:01 +0000 2018|The fact that I am having a meeting is a major loss for the U.S., say the haters &amp; losers. We have our hostages, testing, research and all missle launches have stoped, and these pundits, who have called me wrong from the beginning, have nothing else they can say! We will be fine!|32895|147431
realDonaldTrump|Mon Jun 11 21:52:36 +0000 2018|Stock Market up almost 40% since the Election, with 7 Trillion Dollars of U.S. value built throughout the economy. Lowest unemployment rate in many decades, with Black &amp; Hispanic unemployment lowest in History, and Female unemployment lowest in 21 years. Highest confidence ever!|31316|136943
realDonaldTrump|Mon Jun 11 21:27:21 +0000 2018|Meetings between staffs and representatives are going well and quickly....but in the end, that doesn?t matter. We will all know soon whether or not a real deal, unlike those of the past, can happen!|20616|103143
realDonaldTrump|Mon Jun 11 07:51:06 +0000 2018|Thank you Prime Minister Lee Hsien Loong! https://t.co/8MMYGuOj8Q|18638|85787
realDonaldTrump|Mon Jun 11 02:41:02 +0000 2018|Sorry, we cannot let our friends, or enemies, take advantage of us on Trade anymore. We must put the American worker first!|32550|151324
realDonaldTrump|Mon Jun 11 01:45:11 +0000 2018|Great to be in Singapore, excitement in the air!|20692|110833
realDonaldTrump|Mon Jun 11 01:42:35 +0000 2018|....Germany pays 1% (slowly) of GDP towards NATO, while we pay 4% of a MUCH larger GDP. Does anybody believe that makes sense? We protect Europe (which is good) at great financial loss, and then get unfairly clobbered on Trade. Change is coming!|32406|136695
realDonaldTrump|Mon Jun 11 01:29:29 +0000 2018|....And add to that the fact that the U.S. pays close to the entire cost of NATO-protecting many of these same countries that rip us off on Trade (they pay only a fraction of the cost-and laugh!). The European Union had a $151 Billion Surplus-should pay much more for Military!|24581|103258
realDonaldTrump|Mon Jun 11 01:17:17 +0000 2018|Why should I, as President of the United States, allow countries to continue to make Massive Trade Surpluses, as they have for decades, while our Farmers, Workers &amp; Taxpayers have such a big and unfair price to pay? Not fair to the PEOPLE of America! $800 Billion Trade Deficit...|32747|140224
realDonaldTrump|Mon Jun 11 01:05:07 +0000 2018|Fair Trade is now to be called Fool Trade if it is not Reciprocal. According to a Canada release, they make almost 100 Billion Dollars in Trade with U.S. (guess they were bragging and got caught!). Minimum is 17B. Tax Dairy from us at 270%. Then Justin acts hurt when called out!|26092|103295
realDonaldTrump|Sat Jun 09 23:04:54 +0000 2018|PM Justin Trudeau of Canada acted so meek and mild during our @G7 meetings only to give a news conference after I left saying that, ?US Tariffs were kind of insulting? and he ?will not be pushed around.? Very dishonest &amp; weak. Our Tariffs are in response to his of 270% on dairy!|34206|123955
realDonaldTrump|Sat Jun 09 23:03:16 +0000 2018|Based on Justin?s false statements at his news conference, and the fact that Canada is charging massive Tariffs to our U.S. farmers, workers and companies, I have instructed our U.S. Reps not to endorse the Communique as we look at Tariffs on automobiles flooding the U.S. Market!|32207|129300
realDonaldTrump|Sat Jun 09 20:58:15 +0000 2018|?Create peace and great prosperity for his land. I look forward to meeting him and have a feeling that this one-time opportunity will not be wasted!|14437|69810
realDonaldTrump|Sat Jun 09 20:58:14 +0000 2018|I am on my way to Singapore where we have a chance to achieve a truly wonderful result for North Korea and the World. It will certainly be an exciting day and I know that Kim Jong-un will work very hard to do something that has rarely been done before...|22651|101691
realDonaldTrump|Sat Jun 09 20:57:12 +0000 2018|The United States will not allow other countries to impose massive Tariffs and Trade Barriers on its farmers, workers and companies. While sending their product into our country tax free. We have put up with Trade Abuse for many decades ? and that is long enough.|29245|123188
realDonaldTrump|Sat Jun 09 20:56:34 +0000 2018|...U.S.A. Trade. They fully understand where I am coming from. After many decades, fair and reciprocal Trade will happen!|11020|55558
realDonaldTrump|Sat Jun 09 20:56:33 +0000 2018|Just left the @G7 Summit in beautiful Canada. Great meetings and relationships with the six Country Leaders especially since they know I cannot allow them to apply large Tariffs and strong barriers to...|11385|59292
realDonaldTrump|Sat Jun 09 20:43:08 +0000 2018|Just met the new Prime Minister of Italy, @GiuseppeConteIT, a really great guy. He will be honored in Washington, at the @WhiteHouse, shortly. He will do a great job - the people of Italy got it right!|20330|85529
realDonaldTrump|Sat Jun 09 20:33:56 +0000 2018|Henry McMaster loves the people of South Carolina and was with me from the beginning. He is strong on Crime and Borders, great for our Military and our Vets. He is doing a fantastic job as your Governor, and has my full endorsement, a special guy. Vote on Tuesday!|16793|73430
realDonaldTrump|Sat Jun 09 16:00:25 +0000 2018|.@G7 Press Briefing in Charlevoix, Canada, prior to departing for Singapore! https://t.co/75y1SXuwuU|10969|45052
realDonaldTrump|Sat Jun 09 04:22:10 +0000 2018|My thoughts and prayers are with the families of our serviceman who was killed and his fellow servicemen who were wounded in Somalia. They are truly all HEROES.|16785|95604
realDonaldTrump|Fri Jun 08 11:22:44 +0000 2018|I am heading for Canada and the G-7 for talks that will mostly center on the long time unfair trade practiced against the United States. From there I go to Singapore and talks with North Korea on Denuclearization. Won?t be talking about the Russian Witch Hunt Hoax for a while!|17242|81552
realDonaldTrump|Fri Jun 08 11:12:57 +0000 2018|Congratulations to the Washington Capitals on their GREAT play and winning the Stanley Cup Championship. Alex Ovechkin, the team captain, was spectacular - a true Superstar! D.C. is popping, in many ways. What a time!|20139|117774
realDonaldTrump|Fri Jun 08 10:25:35 +0000 2018|Looking forward to straightening out unfair Trade Deals with the G-7 countries. If it doesn?t happen, we come out even better!|15304|76029
realDonaldTrump|Fri Jun 08 10:16:39 +0000 2018|Canada charges the U.S. a 270%  tariff on Dairy Products! They didn?t tell you that, did they? Not fair to our farmers!|25630|93237
realDonaldTrump|Fri Jun 08 10:06:20 +0000 2018|Obama, Schumer and Pelosi did NOTHING about North Korea, and now weak on Crime, High Tax Schumer is telling me what to do at the Summit the Dems could never set up. Schumer failed with North Korea and Iran, we don?t need his advice!|28866|113581
realDonaldTrump|Fri Jun 08 02:15:37 +0000 2018|Why isn?t the European Union and Canada informing the public that for years they have used massive Trade Tariffs and non-monetary Trade Barriers against the U.S. Totally unfair to our farmers, workers &amp; companies. Take down your tariffs &amp; barriers or we will more than match you!|26363|96601
realDonaldTrump|Thu Jun 07 23:44:47 +0000 2018|Prime Minister Trudeau is being so indignant, bringing up the relationship that the U.S. and Canada had over the many years and all sorts of other things...but he doesn?t bring up the fact that they charge us up to 300% on dairy ? hurting our Farmers, killing our Agriculture!|29268|107990
realDonaldTrump|Thu Jun 07 22:04:04 +0000 2018|Please tell Prime Minister Trudeau and President Macron that they are charging the U.S. massive tariffs and create non-monetary barriers. The EU trade surplus with the U.S. is $151 Billion, and Canada keeps our farmers and others out. Look forward to seeing them tomorrow.|23134|90807
realDonaldTrump|Thu Jun 07 20:02:08 +0000 2018|Great day of meetings with Prime Minister @AbeShinzo of Japan! https://t.co/uKcdA8RxoN|11362|50744
realDonaldTrump|Thu Jun 07 19:55:47 +0000 2018|PM Abe and I are also working to improve the trading relationship between the U.S. and Japan, something we have to do. The U.S. seeks a bilateral deal with Japan that is based on the principle of fairness and reciprocity. We?re working hard to reduce our trade imbalance... https://t.co/pnqEHoplk0|10035|47743
realDonaldTrump|Thu Jun 07 19:51:41 +0000 2018|Today, I am greatly honored to welcome my good friend, PM Abe of Japan to the @WhiteHouse. Over the past 16 months the Prime Minister and I have worked closely together to address common challenges, of which there are many... https://t.co/sNlmdd6fgm|9689|49104
realDonaldTrump|Thu Jun 07 17:20:41 +0000 2018|It?s my great honor to welcome Prime Minister @AbeShinzo back to the @WhiteHouse!???? https://t.co/6yCxud2jAN|9731|49645
realDonaldTrump|Thu Jun 07 15:50:50 +0000 2018|?$3 billion payoff: 101 utilities cut rates, credit GOP tax cuts? https://t.co/x1a1OJuRgd|10515|41453
realDonaldTrump|Thu Jun 07 15:49:40 +0000 2018|?Total jobless claims running at lowest level in 44 years? https://t.co/La9irHMTXM|10885|46009
realDonaldTrump|Thu Jun 07 15:42:17 +0000 2018|MAKING AMERICA GREAT AGAIN! https://t.co/KppRUU5OZ3|36086|99962
realDonaldTrump|Thu Jun 07 15:15:21 +0000 2018|The Obama Administration is now accused of trying to give Iran secret access to the financial system of the United States. This is totally illegal. Perhaps we could get the 13 Angry Democrats to divert some of their energy to this ?matter? (as Comey would call it). Investigate!|30917|100480
realDonaldTrump|Thu Jun 07 15:10:46 +0000 2018|When will people start saying, ?thank you, Mr. President, for firing James Comey??|15745|86788
realDonaldTrump|Thu Jun 07 14:07:16 +0000 2018|Our Justice Department must not let Awan &amp; Debbie Wasserman Schultz off the hook. The Democrat I.T. scandal is a key to much of the corruption we see today. They want to make a ?plea deal? to hide what is on their Server. Where is Server? Really bad!|32886|101253
realDonaldTrump|Thu Jun 07 14:01:01 +0000 2018|Looking forward to seeing my friend Prime Minister @AbeShinzo of Japan at noon. Will be discussing North Korea and Trade.|9737|49160
realDonaldTrump|Thu Jun 07 13:49:41 +0000 2018|How could Jeff Flake, who is setting record low polling numbers in Arizona and was therefore humiliatingly forced out of his own Senate seat without even a fight (and who doesn?t have a clue), think about running for office, even a lower one, again? Let?s face it, he?s a Flake!|16936|76687
realDonaldTrump|Thu Jun 07 13:07:56 +0000 2018|When and where will all of the many conflicts of interest be listed by the 13 Angry Democrats (plus) working on the Witch Hunt Hoax. There has never been a group of people on a case so biased or conflicted. It is all a Democrat Excuse for LOSING the Election. Where is the server?|17486|71367
realDonaldTrump|Thu Jun 07 13:05:24 +0000 2018|Alan Dershowitz, Harvard Law Professor: ?It all proves that we never needed a Special Counsel....All of this could have been done by the Justice Dept. Don?t need a multi-million dollar group of people with a target on someone?s back. Not the way Justice should operate.? So true!|17783|69767
realDonaldTrump|Thu Jun 07 12:07:10 +0000 2018|Good luck to Alice Johnson. Have a wonderful life!|17099|90238
realDonaldTrump|Thu Jun 07 11:57:03 +0000 2018|Isn?t it Ironic? Getting ready to go to the G-7 in Canada to fight for our country on Trade (we have the worst trade deals ever made), then off to Singapore to meet with North Korea &amp; the Nuclear Problem...But back home we still have the 13 Angry Democrats pushing the Witch Hunt!|20191|83178
realDonaldTrump|Wed Jun 06 21:41:09 +0000 2018|Thank you to everyone at @FEMA HQ for today?s briefing on preparations for the upcoming hurricane season. Disaster response and recovery is best achieved when it?s federally supported, state managed, and locally executed ? this is the successful model we will continue to build. https://t.co/xpm7IRiZwn|10862|51477
realDonaldTrump|Wed Jun 06 20:09:03 +0000 2018|We must always protect those who protect us. Today, it was my great honor to sign the #VAMissionAct and to make Veterans Choice the permanent law of the land! https://t.co/VV3GdDISbD https://t.co/4OsUDWIzwo|15324|66098
realDonaldTrump|Wed Jun 06 19:37:37 +0000 2018|Today we mark another milestone: the 74th anniversary of #DDay, the Allied invasion of Normandy. On June 6, 1944, more than 70,000 brave young Americans charged out of landing craft, jumped out of airplanes, and stormed into hell... https://t.co/zV8pqoVG9h|13994|63031
realDonaldTrump|Wed Jun 06 14:43:35 +0000 2018|Congratulations to Dana Rohrabacher on his big California win. We are proud of you Dana!|12745|70445
realDonaldTrump|Wed Jun 06 14:04:29 +0000 2018|Many more Republican voters showed up yesterday than the Fake News thought possible. The political pundits just don?t get what is going on out there - or they do get it but refuse to report the facts! Remember, Dems are High Tax, High Crime, easy to beat!|19541|79810
realDonaldTrump|Wed Jun 06 13:54:17 +0000 2018|...Four reporters spotted Melania in the White House last week walking merrily along to a meeting. They never reported the sighting because it would hurt the sick narrative that she was living in a different part of the world, was really ill, or whatever. Fake News is really bad!|21501|95254
realDonaldTrump|Wed Jun 06 13:48:20 +0000 2018|The Fake News Media has been so unfair, and vicious, to my wife and our great First Lady, Melania. During her recovery from surgery they reported everything from near death, to facelift, to left the W.H. (and me) for N.Y. or Virginia, to abuse. All Fake, she is doing really well!|25653|121866
realDonaldTrump|Wed Jun 06 13:37:22 +0000 2018|Gold Star father, Ceejay Metcalf, whose great son Michael was just honored at the White House, was fantastic this morning on @foxandfriends. He is a special man!|9258|52375
realDonaldTrump|Wed Jun 06 13:16:34 +0000 2018|Great night for Republicans! Congratulations to John Cox on a really big number in California. He can win. Even Fake News CNN said the Trump impact was really big, much bigger than they ever thought possible. So much for the big Blue Wave, it may be a big Red Wave. Working hard!|18965|84134
realDonaldTrump|Wed Jun 06 04:02:00 +0000 2018|Mitch McConnell announced he will cancel the Senate?s August Recess. Great, maybe the Democrats will finally get something done other than their acceptance of High Crime and High Taxes. We need Border Security!|19304|86665
realDonaldTrump|Wed Jun 06 01:33:37 +0000 2018|....The greatest Witch Hunt in political history!|16186|77223
realDonaldTrump|Wed Jun 06 01:27:03 +0000 2018|...This is a level of criminality beyond the pale. This is such a grave abuse of power and authority, it?s like nothing else we?ve seen in our history. This makes the Nixon Watergate burglary look like keystone cop stuff|21942|85076
realDonaldTrump|Wed Jun 06 01:23:44 +0000 2018|Chris Farrell, Judicial Watch. ?They were running an operation to undermine a candidate for President of the U.S. These are all violations of law. This is intelligence tradecraft to steer an election. There?s nothing more grave when it comes to abuse of our intelligence system...|20385|73881
realDonaldTrump|Wed Jun 06 01:02:36 +0000 2018|Great interview by @LouDobbs with Chris Farrell of Judicial Watch concerning the governments counter-intelligence operation into the Trump Campaign. SPYGATE at the highest level. Who would believe?|12766|52416
realDonaldTrump|Wed Jun 06 00:37:50 +0000 2018|Wow, Strzok-Page, the incompetent &amp; corrupt FBI lovers, have texts referring to a counter-intelligence operation into the Trump Campaign dating way back to December, 2015. SPYGATE is in full force! Is the Mainstream Media interested yet? Big stuff!|27731|86284
realDonaldTrump|Tue Jun 05 20:37:50 +0000 2018|https://t.co/4OjDqTMEIx|9960|43104
realDonaldTrump|Tue Jun 05 20:07:04 +0000 2018|Imagine how much wasteful spending we?d save if we didn?t have Chuck and Nancy standing in our way! For years, Democrats in Congress have depleted our military and busted our budgets on needless spending, and to what end? No more.|21483|88185
realDonaldTrump|Tue Jun 05 20:06:27 +0000 2018|The HISTORIC Rescissions Package we?ve proposed would cut $15,000,000,000 in Wasteful Spending! We are getting our government back on track.|18326|79653
realDonaldTrump|Tue Jun 05 13:55:59 +0000 2018|Terrific new book out by the wonderful Harris Faulkner, ?9 Rules of Engagement.? Harris shares lessons from a military family. Enjoy!|10511|51871
realDonaldTrump|Tue Jun 05 13:49:56 +0000 2018|Senator @RogerWicker of Mississippi has done everything necessary to Make America Great Again! Get out and vote for Roger, he has my total support!|9679|41517
realDonaldTrump|Tue Jun 05 13:44:18 +0000 2018|Vote for Congressman Devin Nunes, a true American Patriot the likes of which we rarely see in our modern day world....he truly loves our country and deserves everyone?s support!|20931|79080
realDonaldTrump|Tue Jun 05 13:09:59 +0000 2018|Get the vote out in California today for Rep. Kevin McCarthy and all of the great GOP candidates for Congress. Keep our country out of the hands of High Tax, High Crime Nancy Pelosi.|17812|70414
realDonaldTrump|Tue Jun 05 13:02:33 +0000 2018|In High Tax, High Crime California, be sure to get out and vote for Republican John Cox for Governor. He will make a BIG difference!|13956|58953
realDonaldTrump|Tue Jun 05 11:58:52 +0000 2018|Separating families at the Border is the fault of bad legislation passed by the Democrats. Border Security laws should be changed but the Dems can?t get their act together! Started the Wall.|18491|80966
realDonaldTrump|Tue Jun 05 11:50:55 +0000 2018|....@NASCAR and Champion @MartinTruex_Jr were recently at the White House. It was a great day for a great sport!|7448|42003
realDonaldTrump|Tue Jun 05 11:34:04 +0000 2018|Meeting in Singapore with North Korea will hopefully be the start of something big...we will soon see!|15194|77907
realDonaldTrump|Tue Jun 05 11:31:47 +0000 2018|The Russian Witch Hunt Hoax continues, all because Jeff Sessions didn?t tell me he was going to recuse himself...I would have quickly picked someone else. So much time and money wasted, so many lives ruined...and Sessions knew better than most that there was No Collusion!|16019|64581
realDonaldTrump|Tue Jun 05 11:21:58 +0000 2018|We have had many Championship teams recently at the White House including the Chicago Cubs, Houston Astros, Pittsburgh Penguins, New England Patriots, Alabama and Clemson National Champions, and many others. National Anthem &amp; more great music today at 3:00 P.M.|10776|55663
realDonaldTrump|Tue Jun 05 11:08:34 +0000 2018|We will proudly be playing the National Anthem and other wonderful music celebrating our Country today at 3 P.M., The White House, with the United States Marine Band and the United States Army Chorus. Honoring America! NFL, no escaping to Locker Rooms!|17462|79774
realDonaldTrump|Tue Jun 05 10:51:07 +0000 2018|The U.S. has an increased economic value of more than 7 Trillion Dollars since the Election. May be the best economy in the history of our country. Record Jobs numbers. Nice!|15882|72001
realDonaldTrump|Tue Jun 05 10:38:51 +0000 2018|What is taking so long with the Inspector General?s Report on Crooked Hillary and Slippery James Comey. Numerous delays. Hope Report is not being changed and made weaker! There are so many horrible things to tell, the public has the right to know. Transparency!|23347|83464
realDonaldTrump|Tue Jun 05 02:55:56 +0000 2018|The Philadelphia Eagles Football Team was invited to the White House. Unfortunately, only a small number of players decided to come, and we canceled the event. Staying in the Locker Room for the playing of our National Anthem is as disrespectful to our country as kneeling. Sorry!|25090|115962
realDonaldTrump|Tue Jun 05 01:10:39 +0000 2018|Big Supreme Court ruling for Baker just out!|11685|68082
realDonaldTrump|Mon Jun 04 20:42:19 +0000 2018|In many ways this is the greatest economy in the HISTORY of America and the best time EVER to look for a job!|17264|83604
realDonaldTrump|Mon Jun 04 20:41:55 +0000 2018|The Fake News Media is desperate to distract from the economy and record setting economic numbers and so they keep talking about the phony Russian Witch Hunt.|19732|87906
realDonaldTrump|Mon Jun 04 19:05:19 +0000 2018|#500Days of American Greatness: https://t.co/qQEEPqmaax https://t.co/1VCeoTk1cI|12947|52051
realDonaldTrump|Mon Jun 04 14:01:40 +0000 2018|The appointment of the Special Counsel is totally UNCONSTITUTIONAL! Despite that, we play the game because I, unlike the Democrats, have done nothing wrong!|18303|78237
realDonaldTrump|Mon Jun 04 13:47:43 +0000 2018|Farmers have not been doing well for 15 years. Mexico, Canada, China and others have treated them unfairly. By the time I finish trade talks, that will change. Big trade barriers against U.S. farmers, and other businesses, will finally be broken. Massive trade deficits no longer!|19223|80466
realDonaldTrump|Mon Jun 04 12:43:38 +0000 2018|The U.S. has made such bad trade deals over so many years that we can only WIN!|11944|60686
realDonaldTrump|Mon Jun 04 12:41:47 +0000 2018|China already charges a tax of 16% on soybeans. Canada has all sorts of trade barriers on our Agricultural products. Not acceptable!|14105|63800
realDonaldTrump|Mon Jun 04 12:35:25 +0000 2018|As has been stated by numerous legal scholars, I have the absolute right to PARDON myself, but why would I do that when I have done nothing wrong? In the meantime, the never ending Witch Hunt, led by 13 very Angry and Conflicted Democrats (&amp; others) continues into the mid-terms!|21043|89264
realDonaldTrump|Mon Jun 04 12:20:31 +0000 2018|?This is the best time EVER to look for a job.? James Freeman of WSJ.|11995|59640
realDonaldTrump|Mon Jun 04 12:18:07 +0000 2018|....We had Repeal &amp; Replace done (and the saving to our country of one trillion dollars) except for one person, but it is getting done anyway. Individual Mandate is gone and great, less expensive plans will be announced this month. Drug prices coming down &amp; Right to Try!|15136|67884
realDonaldTrump|Mon Jun 04 11:35:50 +0000 2018|This is my 500th. Day in Office and we have accomplished a lot - many believe more than any President in his first 500 days. Massive Tax &amp; Regulation Cuts, Military &amp; Vets, Lower Crime &amp; Illegal Immigration, Stronger Borders, Judgeships, Best Economy &amp; Jobs EVER, and much more...|27295|127632
realDonaldTrump|Sun Jun 03 17:34:02 +0000 2018|Mark Penn  ?Why are there people from the Clinton Foundation on the Mueller Staff? Why is there an Independent Counsel? To go after people and their families for unrelated offenses...Constitution was set up to prevent this...Stormtrooper tactics almost.? A disgrace!|30342|110050
realDonaldTrump|Sun Jun 03 13:34:19 +0000 2018|....Paul Manafort came into the campaign very late and was with us for a short period of time (he represented Ronald Reagan, Bob Dole &amp; many others over the years), but we should have been told that Comey and the boys were doing a number on him, and he wouldn?t have been hired!|20118|85421
realDonaldTrump|Sun Jun 03 13:25:18 +0000 2018|As only one of two people left who could become President, why wouldn?t the FBI or Department of ?Justice? have told me that they were secretly investigating Paul Manafort (on charges that were 10 years old and had been previously dropped) during my campaign? Should have told me!|22189|93813
realDonaldTrump|Sun Jun 03 12:59:42 +0000 2018|Jesse Watters ?The only thing Trump obstructed was Hillary getting to the White House.?  So true!|29432|122473
realDonaldTrump|Sat Jun 02 21:23:15 +0000 2018|When you?re almost 800 Billion Dollars a year down on Trade, you can?t lose a Trade War! The U.S. has been ripped off by other countries for years on Trade, time to get smart!|29485|127408
realDonaldTrump|Sat Jun 02 20:57:30 +0000 2018|Why is it that the Wall Street Journal, though well meaning, never mentions the unfairness of the Tariffs routinely charged against the U.S. by other countries, or the many Billions of Dollars that the Tariffs we are now charging are, and will be, pouring into U.S. coffers?|18620|78852
realDonaldTrump|Sat Jun 02 17:51:38 +0000 2018|The United States must, at long last, be treated fairly on Trade. If we charge a country ZERO to sell their goods, and they charge us 25, 50 or even 100 percent to sell ours, it is UNFAIR and can no longer be tolerated. That is not Free or Fair Trade, it is Stupid Trade!|30552|125528
realDonaldTrump|Sat Jun 02 17:43:07 +0000 2018|There was No Collusion with Russia (except by the Democrats). When will this very expensive Witch Hunt Hoax ever end? So bad for our Country. Is the Special Counsel/Justice Department leaking my lawyers letters to the Fake News Media? Should be looking at Dems corruption instead?|18387|75261
realDonaldTrump|Sat Jun 02 16:46:05 +0000 2018|Real @FoxNews is doing great, Fake News CNN is dead! https://t.co/1p37tPiB3v|16155|68872
realDonaldTrump|Sat Jun 02 16:35:14 +0000 2018|Very surprised that China would be doing this? https://t.co/D03kV07dF7|7490|32904
realDonaldTrump|Sat Jun 02 16:28:53 +0000 2018|https://t.co/8lI2lomGkh|11932|42445
realDonaldTrump|Sat Jun 02 16:13:11 +0000 2018|Now this is a record that will never be broken! https://t.co/rtpLfvsBU5|5769|34807
realDonaldTrump|Sat Jun 02 12:40:48 +0000 2018|....?$17 million spent, it?s a scam Investigation. Americans are being worked. We now know there was Russian collusion, with Russians and the Democrats. The Mueller team is stacked with anti-Trumpers, who actually represented Clinton people (&amp; gave $?s to Crooked H).? Dan Bongino|19057|73570
realDonaldTrump|Sat Jun 02 12:06:47 +0000 2018|?John Brennan, no single figure in American history has done more to discredit the intelligence community than this liar. Not only is he a liar, he?s a liar about being a liar.?  Dan Bongino on @foxandfriends|23195|85803
realDonaldTrump|Sat Jun 02 11:40:03 +0000 2018|?We ran out of words to describe how good the jobs numbers are.?  Neil Irwin of the @nytimes.|15931|73248
realDonaldTrump|Fri Jun 01 21:40:50 +0000 2018|Today, it was my great honor to be with the brave men and women of the United States Coast Guard! https://t.co/RAyPbOGXuZ|15177|82564
realDonaldTrump|Fri Jun 01 13:18:21 +0000 2018|Canada has treated our Agricultural business and Farmers very poorly for a very long period of time. Highly restrictive on Trade! They must open their markets and take down their trade barriers! They report a really high surplus on trade with us. Do Timber &amp; Lumber in U.S.?|18738|80624
realDonaldTrump|Fri Jun 01 11:21:48 +0000 2018|Looking forward to seeing the employment numbers at 8:30 this morning.|11209|75131
realDonaldTrump|Fri Jun 01 11:15:31 +0000 2018|Why aren?t they firing no talent Samantha Bee for the horrible language used on her low ratings show? A total double standard but that?s O.K., we are Winning, and will be doing so for a long time to come!|31216|138500
realDonaldTrump|Fri Jun 01 11:05:16 +0000 2018|A.P. has just reported that the Russian Hoax Investigation has now cost our government over $17 million, and going up fast. No Collusion, except by the Democrats!|25285|96084
realDonaldTrump|Thu May 31 21:19:34 +0000 2018|FAIR TRADE!|19402|96083
realDonaldTrump|Thu May 31 13:18:35 +0000 2018|Will be giving a Full Pardon to Dinesh D?Souza today. He was treated very unfairly by our government!|35833|150407
realDonaldTrump|Thu May 31 13:15:28 +0000 2018|Very good meetings with North Korea.|19717|107420
realDonaldTrump|Thu May 31 12:11:01 +0000 2018|Not that it matters but I never fired James Comey because of Russia! The Corrupt Mainstream Media loves to keep pushing that narrative, but they know it is not true!|16115|73376
realDonaldTrump|Thu May 31 12:05:20 +0000 2018|The corrupt Mainstream Media is working overtime not to mention the infiltration of people, Spies (Informants), into my campaign! Surveillance much?|19707|85485
realDonaldTrump|Thu May 31 11:53:08 +0000 2018|Iger, where is my call of apology? You and ABC have offended millions of people, and they demand a response. How is Brian Ross doing? He tanked the market with an ABC lie, yet no apology. Double Standard!|23949|97575
realDonaldTrump|Thu May 31 10:55:14 +0000 2018|RUSH LIMBAUGH  ?If the FBI was so concerned, and if they weren?t targeting Trump, they should have told Trump. If they were really concerned about the Russians infiltrating a campaign (hoax), then why not try to stop it? Why not tell Trump? Because they were pushing this scam.?|23680|88041
realDonaldTrump|Thu May 31 03:21:26 +0000 2018|?The recusal of Jeff Sessions was an unforced betrayal of the President of the United States.? JOE DIGENOVA, former U.S. Attorney.|15704|63791
realDonaldTrump|Thu May 31 03:06:28 +0000 2018|The soon to be released book, ?The Russia Hoax, The Illicit Scheme To Clear Hillary Clinton And Frame Donald Trump,? written by Gregg Jarrett, looks like a real deal big hit. The Phony Witch Hunt will be opened up for the world to see! Out in 5 weeks.|21297|81208
realDonaldTrump|Thu May 31 00:08:50 +0000 2018|Very importantly, @RepDanDonovan will win for the Republicans in November...and his opponent will not. Remember Alabama. We can?t take any chances on losing to a Nancy Pelosi controlled Democrat!|13224|55167
realDonaldTrump|Wed May 30 23:46:15 +0000 2018|There is no one better to represent the people of N.Y. and Staten Island (a place I know very well) than @RepDanDonovan, who is strong on Borders &amp; Crime, loves our Military &amp; our Vets, voted for Tax Cuts and is helping me to Make America Great Again. Dan has my full endorsement!|12303|52127
realDonaldTrump|Wed May 30 22:59:08 +0000 2018|Great meeting with @KimKardashian today, talked about prison reform and sentencing. https://t.co/uOy4UJ41JF|40600|156322
realDonaldTrump|Wed May 30 17:19:59 +0000 2018|Moments ago, it was my great honor to sign #RightToTry into law! https://t.co/mtPiHsBc1H https://t.co/hFtpyJlV4h|12531|56967
realDonaldTrump|Wed May 30 17:11:58 +0000 2018|With the #RightToTry Law I signed today, patients with life threatening illnesses will finally have access to experimental treatments that could improve or even cure their conditions. These are experimental treatments and products that have shown great promise... https://t.co/FIUwhpUpoL|18052|77056
realDonaldTrump|Wed May 30 17:09:38 +0000 2018|Today I am proud to keep another promise to the American people as I sign the #RightToTry Legislation into law. https://t.co/VD8CN5YfIo|11238|57461
realDonaldTrump|Wed May 30 15:31:01 +0000 2018|Bob Iger of ABC called Valerie Jarrett to let her know that ?ABC does not tolerate comments like those? made by Roseanne Barr. Gee, he never called President Donald J. Trump to apologize for the HORRIBLE statements made and said about me on ABC. Maybe I just didn?t get the call?|44029|160801
realDonaldTrump|Wed May 30 14:35:07 +0000 2018|The Failing and Corrupt @nytimes estimated the crowd last night at ?1000 people,? when in fact it was many times that number - and the arena was rockin?. This is the way they demean and disparage. They are very dishonest people who don?t ?get? me, and never did!|18988|81672
realDonaldTrump|Wed May 30 12:47:07 +0000 2018|....There are lots of really good lawyers in the country, he could have picked somebody else!? And I wish I did!|13690|70537
realDonaldTrump|Wed May 30 12:47:04 +0000 2018|....chief law enforcement officer, and they told me later, ?oh by the way I?m not going to be able to participate in the most important case in the office, I would be frustrated too...and that?s how I read that - Senator Sessions, why didn?t you tell me before I picked you.....|15194|66487
realDonaldTrump|Wed May 30 12:46:57 +0000 2018|Rep.Trey Gowdy, ?I don?t think so, I think what the President is doing is expressing frustration that Attorney General Sessions should have shared these reasons for recusal before he took the job, not afterward. If I were the President and I picked someone to be the country?s....|13319|57685
realDonaldTrump|Tue May 29 13:30:24 +0000 2018|The Fake Mainstream Media has, from the time I announced I was running for President, run the most highly sophisticated &amp; dishonest Disinformation Campaign in the history of politics. No matter how well WE do, they find fault. But the forgotten men &amp; women WON, I?m President!|34823|136454
realDonaldTrump|Tue May 29 11:27:07 +0000 2018|Sorry, I?ve got to start focusing my energy on North Korea Nuclear, bad Trade Deals, VA Choice, the Economy, rebuilding the Military, and so much more, and not on the Rigged Russia Witch Hunt that should be investigating Clinton/Russia/FBI/Justice/Obama/Comey/Lynch etc.|28166|119095
realDonaldTrump|Tue May 29 11:09:32 +0000 2018|Why aren?t the 13 Angry and heavily conflicted Democrats investigating the totally Crooked Campaign of totally Crooked Hillary Clinton. It?s a Rigged Witch Hunt, that?s why! Ask them if they enjoyed her after election celebration!|18158|78167
realDonaldTrump|Tue May 29 11:00:02 +0000 2018|The 13 Angry Democrats (plus people who worked 8 years for Obama) working on the rigged Russia Witch Hunt, will be MEDDLING with the mid-term elections, especially now that Republicans (stay tough!) are taking the lead in Polls. There was no Collusion, except by the Democrats!|23189|96405
realDonaldTrump|Tue May 29 10:49:23 +0000 2018|?This investigation involved far more surveillance than we ever had any idea about. It wasn?t just a wiretap against a campaign aide...it was secretly gathering information on the Trump Campaign...people call that Spying...this is unprecedented and  scandalous.? Mollie Hemingway|19711|74593
realDonaldTrump|Tue May 29 10:30:32 +0000 2018|We have put a great team together for our talks with North Korea. Meetings are currently taking place concerning Summit, and more. Kim Young Chol, the Vice Chairman of North Korea, heading now to New York. Solid response to my letter, thank you!|16474|73365
realDonaldTrump|Tue May 29 10:07:26 +0000 2018|Democrats mistakenly tweet 2014 pictures from Obama?s term showing children from the Border in steel cages. They thought it was recent pictures in order to make us look bad, but backfires. Dems must agree to Wall and new Border Protection for good of country...Bipartisan Bill!|28689|102425
realDonaldTrump|Mon May 28 21:53:56 +0000 2018|California has a rare opportunity to turn things around and solve its high crime, high tax, problems - along with so many others. On June 5th., vote for GOP Gubernatorial Candidate JOHN COX, a really good and highly competent man. He?ll Make California Great Again!|24094|98798
realDonaldTrump|Mon May 28 21:22:15 +0000 2018|A Democratic lawmaker just introduced a bill to Repeal the GOP Tax Cuts (no chance). This is too good to be true for Republicans...Remember, the Nancy Pelosi Dems are also weak on Crime, the Border and want to be gentle and kind to MS-13 gang members...not good!|26070|94066
realDonaldTrump|Mon May 28 17:19:33 +0000 2018|Our fallen heroes have not only written our history they have shaped our destiny. They saved the lives of the men and women with whom they served. They cared for their families more than anything in the world, they loved their families. They inspired their communities... https://t.co/Q9cOcQeEDc|17105|79150
realDonaldTrump|Mon May 28 17:14:45 +0000 2018|The heroes who rest in these hallowed fields, in cemeteries, battlefields, and burial grounds near and far are drawn the full tapestry of American life. They came from every generation from towering cities and wind swept prairies, from privilege and from poverty... https://t.co/aOw3QwN2SV|13546|64501
realDonaldTrump|Mon May 28 17:13:04 +0000 2018|Thank you for joining us on this solemn day of remembrance. We are gathered here on the sacred soil of @ArlingtonNatl Cemetery to honor the lives and deeds of America's greatest heroes, the men and women who laid down their lives for our freedom. #MemorialDay https://t.co/YSYAHf7bNu|10753|51743
realDonaldTrump|Mon May 28 14:32:31 +0000 2018|?We now find out that the Obama Administration put the opposing campaigns presidential candidate, or his campaign, under investigation. That raises legitimate questions. I just find this really odd...this goes to the heart of our electoral system.? Jonathan Turley on @FoxNews|21582|79237
realDonaldTrump|Mon May 28 14:08:56 +0000 2018|?Sally Yates is part of concerns people have raised about bias in the Justice Dept. I find her actions to be really quite unbelievable.? Jonathan Turley|15560|65259
realDonaldTrump|Mon May 28 13:55:59 +0000 2018|?The President deserves some answers.? @FoxNews in discussing ?SPYGATE.?|13436|61735
realDonaldTrump|Mon May 28 12:58:07 +0000 2018|Happy Memorial Day! Those who died for our great country would be very happy and proud at how well our country is doing today. Best economy in decades, lowest unemployment numbers for Blacks and Hispanics EVER (&amp; women in 18years), rebuilding our Military and so much more. Nice!|26544|128121
realDonaldTrump|Mon May 28 11:01:47 +0000 2018|#MemorialDay?? https://t.co/Iohcuhi4dQ|17685|70019
realDonaldTrump|Sun May 27 20:32:33 +0000 2018|Why didn?t President Obama do something about the so-called Russian Meddling when he was told about it by the FBI before the Election? Because he thought Crooked Hillary was going to win, and he didn?t want to upset the apple cart! He was in charge, not me, and did nothing.|33177|124397
realDonaldTrump|Sun May 27 20:09:12 +0000 2018|Our United States team has arrived in North Korea to make arrangements for the Summit between Kim Jong Un and myself. I truly believe North Korea has brilliant potential and will be a great economic and financial Nation one day. Kim Jong Un agrees with me on this. It will happen!|28475|117069
realDonaldTrump|Sun May 27 14:13:24 +0000 2018|Why didn?t the 13 Angry Democrats investigate the campaign of Crooked Hillary Clinton, many crimes, much Collusion with Russia? Why didn?t the FBI take the Server from the DNC?  Rigged Investigation!|26730|105010
realDonaldTrump|Sun May 27 13:14:04 +0000 2018|Fantastic to have 400,000 GREAT MEN &amp; WOMEN of Rolling Thunder in D.C. showing their patriotism. They love our Country, they love our Flag, they stand for our National Anthem! Thanks to Executive Director Artie Muller.|25836|117465
realDonaldTrump|Sun May 27 12:41:24 +0000 2018|Who?s going to give back the young and beautiful lives (and others) that have been devastated and destroyed by the phony Russia Collusion Witch Hunt? They journeyed down to Washington, D.C., with stars in their eyes and wanting to help our nation...They went back home in tatters!|20942|87774
realDonaldTrump|Sun May 27 01:49:54 +0000 2018|WELCOME HOME JOSH! https://t.co/2X0cKE4stx|22366|87804
realDonaldTrump|Sat May 26 19:56:52 +0000 2018|When will the 13 Angry Democrats (&amp; those who worked for President O), reveal their disqualifying Conflicts of Interest? It?s been a long time now! Will they be indelibly written into the Report along with the fact that the only Collusion is with the Dems, Justice, FBI &amp; Russia?|23326|89189
realDonaldTrump|Sat May 26 19:41:50 +0000 2018|This whole Russia Probe is Rigged. Just an excuse as to why the Dems and Crooked Hillary lost the Election and States that haven?t been lost in decades. 13 Angry Democrats, and all Dems if you include the people who worked for Obama for 8 years. #SPYGATE &amp; CONFLICTS OF INTEREST!|21041|82084
realDonaldTrump|Sat May 26 19:28:04 +0000 2018|With Spies, or ?Informants? as the Democrats like to call them because it sounds less sinister (but it?s not), all over my campaign, even from a very early date, why didn?t the crooked highest levels of the FBI or ?Justice? contact me to tell me of the  phony Russia problem?|21154|80780
realDonaldTrump|Sat May 26 15:21:10 +0000 2018|The Failing @nytimes quotes ?a senior White House official,? who doesn?t exist, as saying ?even if the meeting were reinstated, holding it on June 12 would be impossible, given the lack of time and the amount of planning needed.? WRONG AGAIN! Use real people, not phony sources.|21814|82373
realDonaldTrump|Sat May 26 15:03:33 +0000 2018|Unlike what the Failing and Corrupt New York Times would like people to believe, there is ZERO disagreement within the Trump Administration as to  how to deal with North Korea...and if there was, it wouldn?t matter. The @nytimes has called me wrong right from the beginning!|14744|61114
realDonaldTrump|Sat May 26 14:47:14 +0000 2018|Thanks to very brave Teacher &amp; Hero Jason Seaman of Noblesville, Indiana, for his heroic act in saving so many precious young lives. His quick and automatic action is being talked about all over the world!|21624|99704
realDonaldTrump|Sat May 26 14:38:54 +0000 2018|Looking forward to seeing Joshua Holt this evening in the White House. The great people of Utah are Celebrating!|11642|58851
realDonaldTrump|Sat May 26 13:59:02 +0000 2018|Put pressure on the Democrats to end the horrible law that separates children from there parents once they cross the Border into the U.S. Catch and Release, Lottery and Chain must also go with it and we MUST continue building the WALL! DEMOCRATS ARE PROTECTING MS-13 THUGS.|21861|88296
realDonaldTrump|Sat May 26 13:22:09 +0000 2018|Good news about the release of the American hostage from Venezuela. Should be landing in D.C. this evening and be in the White House, with his family, at about 7:00 P.M. The great people of Utah will be very happy!|23190|94271
realDonaldTrump|Sat May 26 00:37:35 +0000 2018|We are having very productive talks with North Korea about reinstating the Summit which, if it does happen, will likely remain in Singapore on the same date, June 12th., and, if necessary, will be extended beyond that date.|21469|88142
realDonaldTrump|Fri May 25 23:13:19 +0000 2018|...but complain and obstruct. They made only bad deals (Iran) and their so-called Trade Deals are the laughing stock of the world!|14127|64364
realDonaldTrump|Fri May 25 23:07:19 +0000 2018|Senator Schumer and Obama Administration let phone company ZTE flourish with no security checks. I closed it down then let it reopen with high level security guarantees, change of management and board, must purchase U.S. parts and pay a $1.3 Billion fine. Dems do nothing....|24049|92133
realDonaldTrump|Fri May 25 22:45:32 +0000 2018|Funny to watch the Democrats criticize Trade Deals being negotiated by me when they don?t even know what the deals are and when for 8 years the Obama Administration did NOTHING on trade except let other countries rip off the United States. Lost almost $800 Billion/year under ?O?|31206|116105
realDonaldTrump|Fri May 25 22:14:54 +0000 2018|Chicago Police have every right to legally protest against the mayor and an administration that just won?t let them do their job. The killings are at a record pace and tough police work, which Chicago will not allow, would bring things back to order fast...the killings must stop!|24935|102548
realDonaldTrump|Fri May 25 20:39:26 +0000 2018|To the @NavalAcademy Class of 2018, I say: We know you are up to the task. We know you will make us proud. We know that glory will be yours. Because you are WINNERS, you are WARRIORS, you are FIGHTERS, you are CHAMPIONS, and YOU will lead us to VICTORY! God Bless the U.S.A.! https://t.co/V9TgEo8MY4|17093|71002
realDonaldTrump|Fri May 25 17:22:37 +0000 2018|On behalf of the American People, CONGRATULATIONS! We love you! https://t.co/YRlj0vRXwk|18090|87728
realDonaldTrump|Fri May 25 17:12:13 +0000 2018|"Today, it was my great honor to deliver the 2018 Commencement Address at the United States @NavalAcademy in Annapolis, Maryland. Congratulations!

Good luck. Godspeed. And ANCHORS AWEIGH! https://t.co/aoLBK7y16a"|10700|53578
realDonaldTrump|Fri May 25 12:14:07 +0000 2018|Very good news to receive the warm and productive statement from North Korea. We will soon see where it will lead, hopefully to long and enduring prosperity and peace. Only time (and talent) will tell!|23222|99481
realDonaldTrump|Fri May 25 12:04:20 +0000 2018|Democrats are so obviously rooting against us in our negotiations with North Korea. Just like they are coming to the defense of MS 13 thugs, saying that they are individuals &amp; must be nurtured, or asking to end your big Tax Cuts &amp; raise your taxes instead. Dems have lost touch!|25987|95397
realDonaldTrump|Fri May 25 12:04:19 +0000 2018|?Everyone knows there was a Spy, and in fact the people who were involved in the Spying are admitting that there was a Spy...Widespread Spying involving multiple people.? Mollie Hemingway, The Federalist Senior Editor  But the corrupt Mainstream Media hates this monster story!|21052|77062
realDonaldTrump|Fri May 25 12:04:17 +0000 2018|Can anyone even imagine having Spies placed in a competing campaign, by the people and party in absolute power, for the sole purpose of political advantage and gain? And to think that the party in question, even with the expenditure of far more money, LOST!|22752|92624
realDonaldTrump|Fri May 25 12:04:16 +0000 2018|The Democrats are now alluding to the the concept that having an Informant placed in an opposing party?s campaign is different than having a Spy, as illegal as that may be. But what about an ?Informant? who is paid a fortune and who ?sets up? way earlier than the Russian Hoax?|17952|67338
realDonaldTrump|Thu May 24 21:18:32 +0000 2018|Today, it was my great honor to present the #MedalOfHonor to @USNavy (SEAL) Master Chief Special Warfare Operator Britt Slabinski in the East Room of the @WhiteHouse. Full ceremony: https://t.co/2UldFozRh1 https://t.co/R3ACmkWsqJ|14619|69105
realDonaldTrump|Thu May 24 17:54:36 +0000 2018|"Today, it was my honor to sign #S2155, the \"Economic Growth, Regulatory Relief, and Consumer Protection Act.? Read more: https://t.co/sYZ4PzzxxW https://t.co/gi0qGe6ukX"|8610|38757
realDonaldTrump|Thu May 24 16:57:51 +0000 2018|I have decided to terminate the planned Summit in Singapore on June 12th. While many things can happen and a great opportunity lies ahead potentially, I believe that this is a tremendous setback for North Korea and indeed a setback for the world... https://t.co/jT0GfxT0Lc|15604|61594
realDonaldTrump|Thu May 24 16:24:38 +0000 2018|It was my great honor to host a roundtable re: MS-13 yesterday in Bethpage, New York. Democrats must abandon their resistance to border security so that we can SUPPORT law enforcement and SAVE innocent lives! https://t.co/pxe9Z4efyZ|12627|56275
realDonaldTrump|Thu May 24 16:18:25 +0000 2018|Sadly, I was forced to cancel the Summit Meeting in Singapore with Kim Jong Un. https://t.co/rLwXxBxFKx|16355|61009
realDonaldTrump|Thu May 24 12:34:29 +0000 2018|Not surprisingly, the GREAT Men &amp; Women of the FBI are starting to speak out against Comey, McCabe and all of the political corruption and poor leadership found within the top ranks of the FBI. Comey was a terrible and corrupt leader who inflicted great pain on the FBI! #SPYGATE|33414|120022
realDonaldTrump|Thu May 24 12:21:08 +0000 2018|Clapper has now admitted that there was Spying in my campaign. Large dollars were paid to the Spy, far beyond normal. Starting to look like one of the biggest political scandals in U.S. history. SPYGATE - a terrible thing!|30364|107911
realDonaldTrump|Thu May 24 00:58:04 +0000 2018|Will be interviewed on @foxandfriends tomorrow morning at 6:00 A.M. Enjoy!|12119|63721
realDonaldTrump|Thu May 24 00:08:49 +0000 2018|Great to be in New York for the day. Heading back to the @WhiteHouse now, lots of work to be done! https://t.co/w3LUiQ8SWh|12825|68229
realDonaldTrump|Wed May 23 23:41:47 +0000 2018|Thank you to all of the incredible law enforcement officers and firefighters in Bethpage, New York. Keep up the great work! https://t.co/SMaZ8Hfas4|11596|57485
realDonaldTrump|Wed May 23 19:35:18 +0000 2018|Crippling loopholes in our laws have enabled MS-13 gang members and other criminals to infiltrate our communities - and Democrats in Congress REFUSE to close these loopholes, including the disgraceful practice known as Catch-and-Release. Democrats must abandon their resistance... https://t.co/VkMCIzwt8v|17010|62159
realDonaldTrump|Wed May 23 19:29:23 +0000 2018|Today on Long Island, we were all moved to be joined by families who have suffered unthinkable heartbreak at the hands of MS-13. I was truly honored to be joined again by the courageous families who were my guests at the State of the Union... https://t.co/Gs0CGJYqXU|13404|60042
realDonaldTrump|Wed May 23 16:19:04 +0000 2018|Thank you @SBAList! #SBAGala https://t.co/mPKwukX08o|7289|33804
realDonaldTrump|Wed May 23 13:34:06 +0000 2018|WITCH HUNT!|22742|92066
realDonaldTrump|Wed May 23 13:18:54 +0000 2018|There will be big news coming soon for our great American Autoworkers. After many decades of losing your jobs to other countries, you have waited long enough!|18548|86252
realDonaldTrump|Wed May 23 11:58:22 +0000 2018|Big legislation will be signed by me shortly. After many years, RIGHT TO TRY and big changes to DODD FRANK.|13539|62414
realDonaldTrump|Wed May 23 11:55:35 +0000 2018|Our Trade Deal with China is moving along nicely, but in the end we will probably have to use a different structure in that this will be too hard to get done and to verify results after completion.|11187|56645
realDonaldTrump|Wed May 23 11:33:59 +0000 2018|?Trump should be happy that the FBI was SPYING on his campaign? No, James Clapper, I am not happy. Spying on a campaign would be illegal, and a scandal to boot!|25840|92417
realDonaldTrump|Wed May 23 11:22:25 +0000 2018|Everybody is with Tomi Lahren, a truly outstanding and respected young woman! @foxandfriends|15638|86331
realDonaldTrump|Wed May 23 11:12:27 +0000 2018|SPYGATE could be one of the biggest political scandals in history!|23797|89190
realDonaldTrump|Wed May 23 11:00:45 +0000 2018|?It?s clear that they had eyes and ears all over the Trump Campaign? Judge Andrew Napolitano|14869|60941
realDonaldTrump|Wed May 23 10:54:01 +0000 2018|Look how things have turned around on the Criminal Deep State. They go after Phony Collusion with Russia, a made up Scam, and end up getting caught in a major SPY scandal the likes of which this country may never have seen before! What goes around, comes around!|33091|112803
realDonaldTrump|Wed May 23 10:45:37 +0000 2018|@foxandfriends  ?New Bombshell in the Obama Spying Scandal. Did other Agencies SPY on Trump Campaign?? Even Clapper, worlds dumbest former Intelligence Head, who has the problem of lying a lot, used the word SPY when describing the illegal activities!|4469|11104
realDonaldTrump|Wed May 23 01:13:46 +0000 2018|...Follow the money! The spy was there early in the campaign and yet never reported Collusion with Russia, because there was no Collusion. He was only there to spy for political reasons and to help Crooked Hillary win - just like they did to Bernie Sanders, who got duped!|23573|83786
realDonaldTrump|Wed May 23 01:13:46 +0000 2018|If the person placed very early into my campaign wasn?t a SPY put there by the previous Administration for political purposes, how come such a seemingly massive amount of money was paid for services rendered - many times higher than normal...|24501|91010
realDonaldTrump|Wed May 23 00:40:41 +0000 2018|For the first time since Roe v. Wade, America has a Pro-Life President, a Pro-Life Vice President, a Pro-Life House of Representatives and 25 Pro-Life Republican State Capitals! https://t.co/EfF54tmetT|20015|82509
realDonaldTrump|Tue May 22 19:35:34 +0000 2018|It was my honor to welcome @NASCAR Cup Series Champion @MartinTruex_Jr and his team to the @WhiteHouse yesterday! https://t.co/5cr2oybrnQ|10469|55659
realDonaldTrump|Tue May 22 18:21:32 +0000 2018|Today, it was my great honor to welcome President Moon Jae-in of the Republic of Korea to the @WhiteHouse!???? https://t.co/yvOxNiA1DM|13493|67003
realDonaldTrump|Mon May 21 23:18:00 +0000 2018|.@AsaHutchinson, the great Governor of Arkansas, is in a primary tomorrow. He has done an incredible job with a focus on lower taxes, border security, and crime prevention. Asa loves our military and our veterans. I fully endorse Asa for Governor!|17741|74596
realDonaldTrump|Mon May 21 13:16:31 +0000 2018|Under our potential deal with China, they will purchase from our Great American Farmers practically as much as our Farmers can produce.|19819|91447
realDonaldTrump|Mon May 21 12:51:20 +0000 2018|The Wall Street Journal asks, ?WHERE IN THE WORLD WAS BARACK OBAMA??  A very good question!|26027|111669
realDonaldTrump|Mon May 21 12:12:55 +0000 2018|...they then used to start an investigation about Trump. It is that simple. This guy is the genesis of this whole Debacle. This was a Political hit job, this was not an Intelligence Investigation. Brennan has disgraced himself, he?s worried about staying out of Jail.? Dan Bongino|22145|83373
realDonaldTrump|Mon May 21 12:01:01 +0000 2018|....top of the FBI. Brennan started this entire debacle about President Trump. We now know that Brennan had detailed knowledge of the (phony) Dossier...he knows about the Dossier, he denies knowledge of the Dossier, he briefs the Gang of 8 on the Hill about the Dossier, which....|20372|73192
realDonaldTrump|Mon May 21 11:53:07 +0000 2018|?John Brennan is panicking. He has disgraced himself, he has disgraced the Country, he has disgraced the entire Intelligence Community. He is the one man who is largely responsible for the destruction of American?s faith in the Intelligence Community and in some people at the....|32613|111357
realDonaldTrump|Mon May 21 11:40:22 +0000 2018|China must continue to be strong &amp; tight on the Border of North Korea until a deal is made. The word is that recently the Border has become much more porous and more has been filtering in. I want this to happen, and North Korea to be VERY successful, but only after signing!|13483|63304
realDonaldTrump|Mon May 21 11:31:16 +0000 2018|On China, Barriers and Tariffs to come down for first time.|11417|56538
realDonaldTrump|Mon May 21 11:27:42 +0000 2018|China has agreed to buy massive amounts of ADDITIONAL Farm/Agricultural Products - would be one of the best things to happen to our farmers in many years!|16813|78707
realDonaldTrump|Mon May 21 11:21:29 +0000 2018|I ask Senator Chuck Schumer, why didn?t President Obama &amp; the Democrats do something about Trade with China, including Theft of Intellectual Property etc.? They did NOTHING! With that being said, Chuck &amp; I have long agreed on this issue! Fair Trade, plus, with China will happen!|16929|76904
realDonaldTrump|Sun May 20 17:37:40 +0000 2018|I hereby demand, and will do so officially tomorrow, that the Department of Justice look into whether or not the FBI/DOJ infiltrated or surveilled the Trump Campaign for Political Purposes - and if any such demands or requests were made by people within the Obama Administration!|52748|179766
realDonaldTrump|Sun May 20 17:13:47 +0000 2018|The Witch Hunt finds no Collusion with Russia - so now they?re looking at the rest of the World. Oh? great!|19025|88263
realDonaldTrump|Sun May 20 14:04:24 +0000 2018|....and why hasn?t the Podesta brother been charged and arrested, like others, after being forced to close down his very large and successful firm? Is it because he is a VERY well connected Democrat working in the Swamp of Washington, D.C.?|29920|111928
realDonaldTrump|Sun May 20 13:37:34 +0000 2018|What ever happened to the Server, at the center of so much Corruption, that the Democratic National Committee REFUSED to hand over to the hard charging (except in the case of Democrats) FBI? They broke into homes &amp; offices early in the morning, but were afraid to take the Server?|31034|106785
realDonaldTrump|Sun May 20 13:29:32 +0000 2018|Now that the Witch Hunt has given up on Russia and is looking at the rest of the World, they should easily be able to take it into the Mid-Term Elections where they can put some hurt on the Republican Party. Don?t worry about Dems FISA Abuse, missing Emails or Fraudulent Dossier!|22739|89299
realDonaldTrump|Sun May 20 13:19:34 +0000 2018|...in the Hillary Clinton Campaign where she deleted 33,000 Emails, got $145,000,000 while Secretary of State, paid McCabes wife $700,000 (and got off the FBI hook along with Terry M) and so much more. Republicans and real Americans should start getting tough on this Scam.|30509|113201
realDonaldTrump|Sun May 20 13:11:05 +0000 2018|....At what point does this soon to be $20,000,000 Witch Hunt, composed of 13 Angry and Heavily Conflicted Democrats and two people who have worked for Obama for 8 years, STOP! They have found no Collussion with Russia, No Obstruction, but they aren?t looking at the corruption...|26145|98605
realDonaldTrump|Sun May 20 13:04:21 +0000 2018|Things are really getting ridiculous. The Failing and Crooked (but not as Crooked as Hillary Clinton) @nytimes has done a long &amp; boring story indicating that the World?s most expensive Witch Hunt has found nothing on Russia &amp; me so now they are looking at the rest of the World!|22073|86305
realDonaldTrump|Sat May 19 21:27:48 +0000 2018|If the FBI or DOJ was infiltrating a campaign for the benefit of another campaign, that is a really big deal. Only the release or review of documents that the House Intelligence Committee (also, Senate Judiciary) is asking for can give the conclusive answers. Drain the Swamp!|34908|124326
realDonaldTrump|Sat May 19 18:37:39 +0000 2018|Great to have our incredible First Lady back home in the White House. Melania is feeling and doing really well. Thank you for all of your prayers and best wishes!|22980|156238
realDonaldTrump|Sat May 19 18:00:43 +0000 2018|Happy #ArmedForcesDay to our GREAT military men and women for their selfless service to our Nation! https://t.co/jbJvrkV1hH|16922|74773
realDonaldTrump|Fri May 18 22:57:09 +0000 2018|America is blessed with extraordinary energy abundance, including more than 250 years worth of beautiful clean coal. We have ended the war on coal, and will continue to work to promote American energy dominance!|19536|97411
realDonaldTrump|Fri May 18 22:00:58 +0000 2018|California finally deserves a great Governor, one who understands borders, crime and lowering taxes. John Cox is the man - he?ll be the best Governor you?ve ever had. I fully endorse John Cox for Governor and look forward to working with him to Make California Great Again!|24348|100636
realDonaldTrump|Fri May 18 20:41:21 +0000 2018|Just met with UN Secretary-General Ant?nio Guterres who is working hard to ?Make the United Nations Great Again.? When the UN does more to solve conflicts around the world, it means the U.S. has less to do and we save money. @NikkiHaley is doing a fantastic job! https://t.co/pqUv6cyH2z|10650|51421
realDonaldTrump|Fri May 18 20:22:25 +0000 2018|America is a Nation that believes in the power of redemption. America is a Nation that believes in second chances - and America is a Nation that believes that the best is always yet to come! #PrisonReform https://t.co/Yk5UJUYgHN|14082|60787
realDonaldTrump|Fri May 18 16:34:24 +0000 2018|We grieve for the terrible loss of life, and send our support and love to everyone affected by this horrible attack in Texas. To the students, families, teachers and personnel at Santa Fe High School ? we are with you in this tragic hour, and we will be with you forever... https://t.co/LtJ0D29Hsv|17191|79595
realDonaldTrump|Fri May 18 15:05:35 +0000 2018|School shooting in Texas. Early reports not looking good. God bless all!|16897|92620
realDonaldTrump|Fri May 18 13:50:11 +0000 2018|Reports are there was indeed at least one FBI representative implanted, for political purposes, into my campaign for president. It took place very early on, and long before the phony Russia Hoax became a ?hot? Fake News story. If true - all time biggest political scandal!|26384|88148
realDonaldTrump|Fri May 18 13:38:11 +0000 2018|Why isn?t disgraced FBI official Andrew McCabe being investigated for the $700,000 Crooked Hillary Democrats in Virginia, led by Clinton best friend Terry M (under FBI investigation that they killed) gave to McCabe?s wife in her run for office? Then dropped case on Clinton!|23287|87077
realDonaldTrump|Fri May 18 10:51:43 +0000 2018|Fake News Media had me calling Immigrants, or Illegal Immigrants, ?Animals.? Wrong! They were begrudgingly forced to withdraw their stories. I referred to MS 13 Gang Members as ?Animals,? a big difference - and so true. Fake News got it purposely wrong, as usual!|41929|157345
realDonaldTrump|Fri May 18 10:24:53 +0000 2018|?Apparently the DOJ put a Spy in the Trump Campaign. This has never been done before and by any means necessary, they are out to frame Donald Trump for crimes he didn?t commit.?  David Asman  @LouDobbs @GreggJarrett   Really bad stuff!|20794|74156
realDonaldTrump|Thu May 17 22:17:08 +0000 2018|It was my great honor to visit with our HEROES last night at Walter Reed Medical Center. There is nobody like them! https://t.co/fG5W1SwIHK|13056|70770
realDonaldTrump|Thu May 17 22:14:23 +0000 2018|Tomorrow, the House will vote on a strong Farm Bill, which includes work requirements. We must support our Nation?s great farmers!|13936|71966
realDonaldTrump|Thu May 17 21:53:51 +0000 2018|Great talk with my friend President Mauricio Macri of Argentina this week. He is doing such a good job for Argentina. I support his vision for transforming his country?s economy and unleashing its potential!|16350|81068
realDonaldTrump|Thu May 17 21:27:52 +0000 2018|Talking trade with the Vice Premier of the People?s Republic of China, Liu He. https://t.co/9T7Iq6F3Xe|7806|42613
realDonaldTrump|Thu May 17 21:00:12 +0000 2018|Congratulations to our new CIA Director, Gina Haspel! https://t.co/n1xj9LSV9D|18229|82173
realDonaldTrump|Thu May 17 15:25:57 +0000 2018|Congrats to the House for passing the VA MISSION Act yesterday. Without this funding our veterans will be forced to stand in never ending lines in order to receive care. Putting politics over our veterans care is UNACCEPTABLE ? Senate must vote yes on this bill by Memorial Day!|18628|78930
realDonaldTrump|Thu May 17 13:52:44 +0000 2018|Despite the disgusting, illegal and unwarranted Witch Hunt, we have had the most successful first 17 month Administration in U.S. history - by far! Sorry to the Fake News Media and ?Haters,? but that?s the way it is!|31336|134254
realDonaldTrump|Thu May 17 12:45:03 +0000 2018|Wow, word seems to be coming out that the Obama FBI ?SPIED ON THE TRUMP CAMPAIGN WITH AN EMBEDDED INFORMANT.? Andrew McCarthy says, ?There?s probably no doubt that they had at least one confidential informant in the campaign.? If so, this is bigger than Watergate!|33060|112842
realDonaldTrump|Thu May 17 11:28:09 +0000 2018|Congratulations America, we are now into the second year of the greatest Witch Hunt in American History...and there is still No Collusion and No Obstruction. The only Collusion was that done by Democrats who were unable to win an Election despite the spending of far more money!|29124|122942
realDonaldTrump|Wed May 16 22:57:25 +0000 2018|Gina Haspel is one step closer to leading our brave men and women at the CIA. She is exceptionally qualified and the Senate should confirm her immediately. We need her to keep our great country safe! #ConfirmGina|16620|80612
realDonaldTrump|Wed May 16 18:40:36 +0000 2018|...and voted against the massive Tax Cut Bill. He?s also weak on borders and crime. Sadly, our great Military and Vets mean nothing to Bobby Jr. Lou Barletta will win! #MAGA|9303|43828
realDonaldTrump|Wed May 16 18:40:35 +0000 2018|Lou Barletta will be a great Senator for Pennsylvania but his opponent, Bob Casey, has been a do-nothing Senator who only shows up at election time. He votes along the Nancy Pelosi, Elizabeth Warren lines, loves sanctuary cities, bad and expensive healthcare...|13935|56845
realDonaldTrump|Wed May 16 17:50:58 +0000 2018|Today, it was my great honor to welcome President Mirziyoyev of Uzbekistan to the @WhiteHouse! https://t.co/3EkHChjnYA|8266|45312
realDonaldTrump|Wed May 16 17:21:18 +0000 2018|House votes today on Choice/MISSION Act. Who will stand with our Great Vets, caregivers, and Veterans Service Organizations? Must get Choice passed by Memorial Day!|14656|67736
realDonaldTrump|Wed May 16 13:09:20 +0000 2018|...haven?t even started yet! The U.S. has very little to give, because it has given so much over the years. China has much to give!|9284|46824
realDonaldTrump|Wed May 16 13:09:20 +0000 2018|...We have not seen China?s demands yet, which should be few in that previous U.S. Administrations have done so poorly in negotiating. China has seen our demands. There has been no folding as the media would love people to believe, the meetings...|8719|43325
realDonaldTrump|Wed May 16 13:09:19 +0000 2018|The Washington Post and CNN have typically written false stories about our trade negotiations with China. Nothing has happened with ZTE except as it pertains to the larger trade deal. Our country has been losing hundreds of billions of dollars a year with China...|13080|57747
realDonaldTrump|Wed May 16 12:25:42 +0000 2018|Congratulations to Deb Fischer. The people of Nebraska have seen what a great job she is doing - and it showed up at the ballot box! #MAGA|11898|63898
realDonaldTrump|Wed May 16 12:07:52 +0000 2018|Congratulations to Lou Barletta of Pennsylvania. He will be a great Senator and will represent his people well - like they haven?t been represented in many years. Lou is a friend of mine and a special guy, he will very much help MAKE AMERICA GREAT AGAIN!|16873|85257
realDonaldTrump|Tue May 15 20:29:39 +0000 2018|Thank you to the Washington Examiner and @CortesSteve on the great article - on WINNING! https://t.co/b5dfUABN5q|11505|47953
realDonaldTrump|Tue May 15 18:56:56 +0000 2018|#PeaceOfficersMemorialDay https://t.co/agxulpPyag|10844|48806
realDonaldTrump|Tue May 15 18:39:58 +0000 2018|Today is one of the most important and solemn occasions of the year ? the day we pay tribute to the Law Enforcement Heroes who gave their lives in the line of duty. They made the ultimate sacrifice so that we could live in safety and peace. We stand with our police (HEROES) 100%! https://t.co/XDtYRUeOk1|18175|81691
realDonaldTrump|Tue May 15 17:30:16 +0000 2018|Nebraska - make sure you get out to the polls and VOTE for Deb Fischer today! https://t.co/bDHVaGv2FS|11579|45459
realDonaldTrump|Tue May 15 14:08:21 +0000 2018|Can you believe that with all of the made up, unsourced stories I get from the Fake News Media, together with the  $10,000,000 Russian Witch Hunt (there is no Collusion), I now have my best Poll Numbers in a year. Much of the Media may be corrupt, but the People truly get it!|31019|137396
realDonaldTrump|Tue May 15 12:35:30 +0000 2018|Trade negotiations are continuing with China. They have been making hundreds of billions of dollars a year from the U.S., for many years. Stay tuned!|14434|76469
realDonaldTrump|Tue May 15 12:26:59 +0000 2018|Our great First Lady is doing really well. Will be leaving hospital in 2 or 3 days. Thank you for so much love and support!|20476|155985
realDonaldTrump|Mon May 14 21:09:16 +0000 2018|Heading over to Walter Reed Medical Center to see our great First Lady, Melania. Successful procedure, she is in good spirits. Thank you to all of the well-wishers!|21985|146046
realDonaldTrump|Mon May 14 20:46:25 +0000 2018|The so-called leaks coming out of the White House are a massive over  exaggeration put out by the Fake News Media in order to make us look as bad as possible. With that being said, leakers are traitors and cowards, and we will find out who they are!|25938|116511
realDonaldTrump|Mon May 14 20:06:53 +0000 2018|ZTE, the large Chinese phone company, buys a big percentage of individual parts from U.S. companies. This is also reflective of the larger trade deal we are negotiating with China and my personal relationship with President Xi.|12136|61766
realDonaldTrump|Mon May 14 15:16:38 +0000 2018|#USEmbassyJerusalem https://t.co/f1SFvrkcAH|15516|63131
realDonaldTrump|Mon May 14 13:36:25 +0000 2018|Big day for Israel. Congratulations!|30616|163384
realDonaldTrump|Mon May 14 10:54:15 +0000 2018|U.S. Embassy opening in Jerusalem will be covered live on @FoxNews &amp; @FoxBusiness. Lead up to 9:00 A.M. (eastern) event has already begun. A great day for Israel!|17221|83488
realDonaldTrump|Mon May 14 00:03:21 +0000 2018|So sad to see the Terror Attack in Paris. At some point countries will have to open their eyes &amp; see what is really going on. This kind of sickness &amp; hatred is not compatible with a loving, peaceful, &amp; successful country! Changes to our thought process on terror must be made.|30535|131578
realDonaldTrump|Sun May 13 20:11:33 +0000 2018|Remember how badly Iran was behaving with the Iran Deal in place. They were trying to take over the Middle East by whatever means necessary. Now, that will not happen!|26902|122053
realDonaldTrump|Sun May 13 19:22:03 +0000 2018|China and the United States are working well together on trade, but past negotiations have been so one sided in favor of China, for so many years, that it is hard for them to make a deal that benefits both countries. But be cool, it will all work out!|19306|98981
realDonaldTrump|Sun May 13 15:01:00 +0000 2018|President Xi of China, and I, are working together to give massive Chinese phone company, ZTE, a way to get back into business, fast. Too many jobs in China lost. Commerce Department has been instructed to get it done!|16860|82416
realDonaldTrump|Sun May 13 12:29:08 +0000 2018|Happy Mother?s Day!!! https://t.co/zw71dnT7TJ|28847|129034
realDonaldTrump|Sat May 12 22:20:16 +0000 2018|The Senate should get funding done before the August break, or NOT GO HOME. Wall and Border Security should be included. Also waiting for approval of almost 300 nominations, worst in history. Democrats are doing everything possible to obstruct, all they know how to do. STAY!|30722|113491
realDonaldTrump|Sat May 12 22:02:55 +0000 2018|Iran?s Military Budget is up more than 40% since the Obama negotiated Nuclear Deal was reached...just another indicator that it was all a big lie. But not anymore!|27101|109317
realDonaldTrump|Sat May 12 21:08:55 +0000 2018|North Korea has announced that they will dismantle Nuclear Test Site this month, ahead of the big Summit Meeting on June 12th. Thank you, a very smart and gracious gesture!|33247|159163
realDonaldTrump|Fri May 11 23:49:40 +0000 2018|Why doesn?t the Fake News Media state that the Trump Administration?s Anti-Trust Division has been, and is, opposed to the AT&amp;T purchase of Time Warner in a currently ongoing Trial. Such a disgrace in reporting!|22093|92243
realDonaldTrump|Fri May 11 23:39:01 +0000 2018|Big week next week when the American Embassy in Israel will be moved to Jerusalem. Congratulations to all!|30023|142339
realDonaldTrump|Fri May 11 20:56:25 +0000 2018|The American people deserve a healthcare system that takes care of them ? not one that takes advantage of them. We will work every day to ensure all Americans have access to the quality, affordable medication they need and deserve. We will not rest until the job is done! https://t.co/9BzevAniNx|19542|85439
realDonaldTrump|Fri May 11 19:30:16 +0000 2018|Today, my Administration is launching the most sweeping action in history to lower the price of prescription drugs for the American People. We will have tougher negotiation, more competition, and much lower prices at the pharmacy counter! https://t.co/xdakX43a4d|21751|90764
realDonaldTrump|Fri May 11 00:49:43 +0000 2018|"Thank you Indiana! #MAGA??
https://t.co/fCv76VyUax"|17294|81116
realDonaldTrump|Thu May 10 14:37:57 +0000 2018|The highly anticipated meeting between Kim Jong Un and myself will take place in Singapore on June 12th. We will both try to make it a very special moment for World Peace!|60611|232391
realDonaldTrump|Thu May 10 14:33:00 +0000 2018|Five Most Wanted leaders of ISIS just captured!|66324|295370
realDonaldTrump|Thu May 10 14:30:27 +0000 2018|Senator Cryin? Chuck Schumer fought hard against the Bad Iran Deal, even going at it with President Obama, &amp; then Voted AGAINST it! Now he says I should not have terminated the deal - but he doesn?t really believe that! Same with Comey. Thought he was terrible until I fired him!|25962|104439
realDonaldTrump|Thu May 10 10:01:43 +0000 2018|On behalf of the American people, WELCOME HOME! https://t.co/hISaCI95CB|48531|187760
realDonaldTrump|Thu May 10 02:19:02 +0000 2018|Gina Haspel did a spectacular job today. There is nobody even close to run the CIA!|18505|94511
realDonaldTrump|Wed May 09 22:41:03 +0000 2018|Looking forward to greeting the Hostages (no longer) at 2:00 A.M.|17718|107014
realDonaldTrump|Wed May 09 22:38:10 +0000 2018|The Failing New York Times criticized Secretary of State Pompeo for being AWOL (missing), when in fact he was flying to North Korea. Fake News, so bad!|25485|103343
realDonaldTrump|Wed May 09 12:35:51 +0000 2018|Secretary Pompeo and his ?guests? will be landing at Andrews Air Force Base at 2:00 A.M. in the morning. I will be there to greet them. Very exciting!|26687|118111
realDonaldTrump|Wed May 09 12:30:56 +0000 2018|I am pleased to inform you that Secretary of State Mike Pompeo is in the air and on his way back from North Korea with the 3 wonderful gentlemen that everyone is looking so forward to meeting. They seem to be in good health. Also, good meeting with Kim Jong Un. Date &amp; Place set.|43499|164722
realDonaldTrump|Wed May 09 12:00:30 +0000 2018|Congratulations to Mike Dewine on his big win in the Great State of Ohio. He will be a great Governor with a heavy focus on HealthCare and Jobs.  His Socialist opponent in November should not do well, a big failure in last job!|13199|65110
realDonaldTrump|Wed May 09 11:48:17 +0000 2018|Candace Owens of Turning Point USA is having a big impact on politics in our Country. She represents an ever expanding group of very smart ?thinkers,? and it is wonderful to watch and hear the dialogue going on...so good for our Country!|32419|134181
realDonaldTrump|Wed May 09 11:38:45 +0000 2018|The Fake News is working overtime. Just reported that, despite the tremendous success we are having with the economy &amp; all things else, 91% of the Network News about me is negative (Fake). Why do we work so hard in working with the media when it is corrupt? Take away credentials?|26864|117348
realDonaldTrump|Wed May 09 11:24:20 +0000 2018|The Republican Party had a great night. Tremendous voter energy and excitement, and all candidates are those who have a great chance of winning in November. The Economy is sooo strong, and with Nancy Pelosi wanting to end the big Tax Cuts and Raise Taxes, why wouldn?t we win?|18578|81338
realDonaldTrump|Tue May 08 22:11:13 +0000 2018|The Iran Deal is defective at its core. If we do nothing, we know what will happen. In just a short time, the world?s leading state sponsor of terror will be on the cusp of acquiring the world?s most dangerous weapons.... https://t.co/58qwBLzxIH|23608|93571
realDonaldTrump|Tue May 08 18:52:00 +0000 2018|Statement on the Iran Nuclear Deal: https://t.co/O3SpryCKkc|26586|88241
realDonaldTrump|Tue May 08 11:30:23 +0000 2018|John Kerry can?t get over the fact that he had his chance and blew it! Stay away from negotiations John, you are hurting your country!|32560|134491
realDonaldTrump|Tue May 08 11:22:53 +0000 2018|I will be speaking to my friend, President Xi of China, this morning at 8:30. The primary topics will be Trade, where good things will happen, and North Korea, where relationships and trust are building.|16475|84670
realDonaldTrump|Tue May 08 11:09:23 +0000 2018|Gina Haspel, my highly respected nominee to lead the CIA, is being praised for the fact that she has been, and alway will be, TOUGH ON TERROR! This is a woman who has been a leader wherever she has gone. The CIA wants her to lead them into America?s  bright and glorious future!|20024|89638
realDonaldTrump|Mon May 07 18:44:32 +0000 2018|I will be announcing my decision on the Iran Deal tomorrow from the White House at 2:00pm.|26221|108949
realDonaldTrump|Mon May 07 17:20:50 +0000 2018|National Prescription Drug #TakeBackDay numbers are in! Another record broken: nearly 1 MILLION pounds of Rx pills disposed! Let?s keep fighting this opioid epidemic, America!|13372|65642
realDonaldTrump|Mon May 07 14:08:37 +0000 2018|The United States does not need John Kerry?s possibly illegal Shadow Diplomacy on the very badly negotiated Iran Deal.  He was the one that created this MESS in the first place!|31931|115458
realDonaldTrump|Mon May 07 13:35:32 +0000 2018|Is this Phony Witch Hunt going to go on even longer so it wrongfully impacts the Mid-Term Elections, which is what the Democrats always intended? Republicans better get tough and smart before it is too late!|22646|92897
realDonaldTrump|Mon May 07 13:29:49 +0000 2018|Lisa Page, who may hold the record for the most Emails in the shortest period of time (to her Lover, Peter S), and attorney Baker, are out at the FBI as part of the Probers getting caught? Why is Peter S still there? What a total mess. Our Country has to get back to Business!|20963|85685
realDonaldTrump|Mon May 07 13:05:44 +0000 2018|Good luck to Ric Grenell, our new Ambassador to Germany. A great and talented guy, he will represent our Country well!|11481|63709
realDonaldTrump|Mon May 07 13:00:18 +0000 2018|?The Great Revolt? by Salena Zito and Brad Todd does much to tell the story of our great Election victory. The Forgotten Men &amp; Women are forgotten no longer!|11991|57442
realDonaldTrump|Mon May 07 11:39:53 +0000 2018|The 13 Angry Democrats in charge of the Russian Witch Hunt are starting to find out that there is a Court System in place that actually protects people from injustice...and just wait ?till the Courts get to see your unrevealed Conflicts of Interest!|29136|107606
realDonaldTrump|Mon May 07 11:27:34 +0000 2018|The Russia Witch Hunt is rapidly losing credibility. House Intelligence Committee found No Collusion, Coordination or anything else with Russia. So now the Probe says OK, what else is there? How about Obstruction for a made up, phony crime.There is no O, it?s called Fighting Back|20828|88277
realDonaldTrump|Mon May 07 11:04:47 +0000 2018|My highly respected nominee for CIA Director, Gina Haspel, has come under fire because she was too tough on Terrorists. Think of that, in these very dangerous times, we have the most qualified person, a woman, who Democrats want OUT because she is too tough on terror. Win Gina!|24057|90645
realDonaldTrump|Mon May 07 10:53:49 +0000 2018|To the great people of West Virginia we have, together, a really great chance to keep making a big difference. Problem is, Don Blankenship, currently running for Senate, can?t win the General Election in your State...No way! Remember Alabama. Vote Rep. Jenkins or A.G. Morrisey!|14469|58425
realDonaldTrump|Sat May 05 21:35:50 +0000 2018|Thank you Cleveland, Ohio! https://t.co/ROEFRLY7jP|15601|75684
realDonaldTrump|Sat May 05 00:31:30 +0000 2018|Our high level delegation is on the way back from China where they had long meetings with Chinese leaders and business representatives. We will be meeting tomorrow to determine the results, but it is hard for China in that they have become very spoiled with U.S. trade wins!|16955|79194
realDonaldTrump|Sat May 05 00:17:34 +0000 2018|Just returned home to the beautiful White House, from Dallas, where the Arena was packed to the rafters with the great fans and supporters of the @NRA. It was so wonderful to be there!|17707|95228
realDonaldTrump|Sat May 05 00:08:03 +0000 2018|Great book just out by very successful businessman @AndyPuzder. Always known as somebody who knows how to win, ?Capitalist Comeback? will be a big hit!|9422|49825
realDonaldTrump|Fri May 04 22:56:13 +0000 2018|I want to thank all of our friends and patriots at the @NRA. We will never fail, and we will always protect your Second Amendment! God Bless you, and God Bless America! https://t.co/3PoNPV24p4|17636|73004
realDonaldTrump|Fri May 04 21:59:28 +0000 2018|We are going to demand Congress secure the border in the upcoming CR. Illegal immigration must end!|23924|113030
realDonaldTrump|Fri May 04 21:58:44 +0000 2018|Democrats and liberals in Congress want to disarm law-abiding Americans at the same time they are releasing dangerous criminal aliens and savage gang members onto our streets. Politicians who put criminal aliens before American Citizens should be voted out of office!|35237|128252
realDonaldTrump|Fri May 04 20:37:47 +0000 2018|All of us here today are united by the same timeless values. We believe that our liberty is a gift from our creator, and that no Government can ever take it away. We believe in the rule of law - and we support the men and women of law enforcement. We have pride in our history... https://t.co/eONj1Y8oju|17840|71280
realDonaldTrump|Fri May 04 13:27:50 +0000 2018|JUST OUT: 3.9% Unemployment. 4% is Broken! In the meantime, WITCH HUNT!|29809|134425
realDonaldTrump|Fri May 04 10:57:26 +0000 2018|Going to Dallas (the GREAT State of Texas) today. Leaving soon!|12029|81708
realDonaldTrump|Fri May 04 10:45:31 +0000 2018|NBC NEWS is wrong again! They cite ?sources? which are constantly wrong. Problem is, like so many others, the sources probably don?t exist, they are fabricated, fiction! NBC, my former home with the Apprentice, is now as bad as Fake News CNN. Sad!|20225|85266
realDonaldTrump|Fri May 04 10:37:48 +0000 2018|Andy McCarthy will be on  @LouDobbs tonight. 7:00 P.M. , @FoxBusiness.|5880|32247
realDonaldTrump|Fri May 04 10:28:58 +0000 2018|Because Jobs in the U.S. are doing so well, Americans receiving unemployment aid is the lowest since 1973. Great!|21953|108613
realDonaldTrump|Fri May 04 10:22:31 +0000 2018|Our Southern Border is under siege. Congress must act now to change our weak and ineffective immigration laws. Must build a Wall. Mexico, which has a massive crime problem, is doing little to help!|18894|79255
realDonaldTrump|Thu May 03 18:20:41 +0000 2018|#NationalDayOfPrayer https://t.co/nFUc3uyQL8|15334|67592
realDonaldTrump|Thu May 03 16:49:29 +0000 2018|This spring marks 4yrs since the Phoenix VA crisis. We won't forget what happened to our GREAT VETS. Choice is vital, but the program needs work &amp; is running out of $. Congress must fix Choice Program by Memorial Day so VETS can get the care they deserve. I will sign immediately!|17091|74956
realDonaldTrump|Thu May 03 16:27:05 +0000 2018|Today, it was my great honor to celebrate the #NationalDayOfPrayer at the @WhiteHouse, in the Rose Garden! Proclamation: https://t.co/4jAxJnBJoq https://t.co/AsWTfpu290|13062|60460
realDonaldTrump|Thu May 03 11:00:14 +0000 2018|...despite already having signed a detailed letter admitting that there was no affair. Prior to its violation by Ms. Clifford and her attorney, this was a private agreement. Money from the campaign, or campaign contributions, played no roll in this transaction.|16927|82271
realDonaldTrump|Thu May 03 10:54:38 +0000 2018|...very common among celebrities and people of wealth. In this case it is in full force and effect and will be used in Arbitration for damages against Ms. Clifford (Daniels). The agreement was used to stop the false and extortionist accusations made by her about an affair,......|16102|74785
realDonaldTrump|Thu May 03 10:46:09 +0000 2018|Mr. Cohen, an attorney, received a monthly retainer, not from the campaign and having nothing to do with the campaign, from which he entered into, through reimbursement, a private contract between two parties, known as a non-disclosure agreement, or NDA. These agreements are.....|16008|72222
realDonaldTrump|Thu May 03 03:45:24 +0000 2018|Our great financial team is in China trying to negotiate a level playing field on trade! I look forward to being with President Xi in the not too distant future. We will always have a good (great) relationship!|15320|76707
realDonaldTrump|Thu May 03 03:37:02 +0000 2018|Ainsley Earnhardt, a truly great person, just wrote a wonderful book, ?The Light Within Me,? which is doing really well. She is very special and so is her new book...bring it to number one!|16430|84010
realDonaldTrump|Thu May 03 00:53:30 +0000 2018|As everybody is aware, the past Administration has long been asking for three hostages to be released from a North Korean Labor camp, but to no avail. Stay tuned!|22293|104145
realDonaldTrump|Wed May 02 22:40:23 +0000 2018|?This isn?t some game. You are screwing with the work of the president of the United States.?  John Dowd, March 2018.  With North Korea, China, the Middle East and so much more, there is not much time to be thinking about this, especially since there was no Russian ?Collusion.?|22435|89824
realDonaldTrump|Wed May 02 20:27:47 +0000 2018|I have been briefed on the U.S. C-130 ?Hercules? cargo plane from the Puerto Rico National Guard that crashed near Savannah Hilton Head International Airport. Please join me in thoughts and prayers for the victims, their families and the great men and women of the National Guard.|19243|92707
realDonaldTrump|Wed May 02 18:16:56 +0000 2018|Congratulations @SecPompeo! https://t.co/ECrMGkXMQF|13276|62136
realDonaldTrump|Wed May 02 14:45:54 +0000 2018|A Rigged System - They don?t want to turn over Documents to Congress. What are they afraid of? Why so much redacting? Why such unequal ?justice?? At some point I will have no choice but to use the powers granted to the Presidency and get involved!|30689|112867
realDonaldTrump|Wed May 02 13:33:41 +0000 2018|NEW BOOK - A MUST READ! ?The Russia Hoax - The Illicit Scheme to Clear Hillary Clinton and Frame Donald Trump? by the brilliant Fox News Legal Analyst Gregg Jarrett. A sad chapter for law enforcement. A rigged system!|24113|86885
realDonaldTrump|Wed May 02 13:23:17 +0000 2018|?The questions are an intrusion into the President?s Article 2  powers under the Constitution to fire any Executive Branch Employee...what the President was thinking is an outrageous.....as to the President?s unfettered power to fire anyone...? Joe Digenova, former US Attorney|16820|66230
realDonaldTrump|Wed May 02 11:45:08 +0000 2018|There was no Collusion (it is a Hoax) and there is no Obstruction of Justice (that is a setup &amp; trap). What there is is Negotiations going on with North Korea over Nuclear War, Negotiations going on with China over Trade Deficits, Negotiations on NAFTA, and much more. Witch Hunt!|26044|106236
realDonaldTrump|Tue May 01 19:42:58 +0000 2018|Today, it was my great honor to thank and welcome heroic crew members and passengers of Southwest Airlines Flight 1380 at the @WhiteHouse! https://t.co/fYYgWToddi|14947|83193
realDonaldTrump|Tue May 01 18:14:11 +0000 2018|Congratulations @ArmyWP_Football! https://t.co/rmaLoZMWtK|10560|54002
realDonaldTrump|Tue May 01 16:57:13 +0000 2018|Today I had the great honor of awarding the Commander-in-Chief?s Trophy, for the first time in 21 years, to the @ArmyWP_Football Black Knights at the @WhiteHouse. Congratulations!https://t.co/KRQXR3xEES|12867|62505
realDonaldTrump|Tue May 01 15:23:44 +0000 2018|Yesterday, it was my great honor to welcome President @MBuhari of the Federal Republic of Nigeria to the @WhiteHouse!???? https://t.co/ApOC3CUSjV|12461|55038
realDonaldTrump|Tue May 01 11:34:13 +0000 2018|It would seem very hard to obstruct justice for a crime that never happened! Witch Hunt!|26025|122887
realDonaldTrump|Tue May 01 11:00:00 +0000 2018|Delegation heading to China to begin talks on the Massive Trade Deficit that has been created with our Country. Very much like North Korea, this should have been fixed years ago, not now. Same with other countries and NAFTA...but it will all get done. Great Potential for USA!|17723|81567
realDonaldTrump|Tue May 01 10:47:30 +0000 2018|So disgraceful that the questions concerning the Russian Witch Hunt were ?leaked? to the media. No questions on Collusion. Oh, I see...you have a made up, phony crime, Collusion, that never existed, and an investigation begun with illegally leaked classified information. Nice!|25441|107790
realDonaldTrump|Mon Apr 30 23:02:13 +0000 2018|The White House is running very smoothly despite phony Witch Hunts etc. There is great Energy and unending Stamina, both necessary to get things done. We are accomplishing the unthinkable and setting positive records while doing so! Fake News is going ?bonkers!?|21030|93631
realDonaldTrump|Mon Apr 30 22:49:55 +0000 2018|The Fake News is going crazy making up false stories and using only unnamed sources (who don?t exist). They are totally unhinged, and the great success of this Administration is making them do and say things that even they can?t believe they are saying. Truly bad people!|25375|107654
realDonaldTrump|Mon Apr 30 22:39:34 +0000 2018|During Small Business Week, we celebrate the great, hard-working entrepreneurs across our country who have started and operate a small business!|15842|86353
realDonaldTrump|Mon Apr 30 22:38:35 +0000 2018|The migrant ?caravan? that is openly defying our border shows how weak &amp; ineffective U.S. immigration laws are. Yet Democrats like Jon Tester continue to support the open borders agenda ? Tester even voted to protect Sanctuary Cities. We need lawmakers who will put America First.|23598|95699
realDonaldTrump|Mon Apr 30 18:54:28 +0000 2018|I recently had a terrific meeting with a bipartisan group of freshman lawmakers who feel very strongly in favor of Congressional term limits. I gave them my full support and endorsement for their efforts. #DrainTheSwamp|26659|113131
realDonaldTrump|Mon Apr 30 12:19:33 +0000 2018|Numerous countries are being considered for the MEETING, but would Peace House/Freedom House, on the Border of North &amp; South Korea, be a more Representative, Important and Lasting site than a third party country? Just asking!|19531|91467
realDonaldTrump|Mon Apr 30 12:10:58 +0000 2018|The White House Correspondents? Dinner is DEAD as we know it. This was a total disaster and an embarrassment to our great Country and all that it stands for. FAKE NEWS is alive and well and beautifully represented on Saturday night!|22571|105476
realDonaldTrump|Mon Apr 30 02:59:23 +0000 2018|Headline: ?Kim Prepared to Cede Nuclear Weapons if U.S. Pledges Not to Invade? - from the Failing New York Times. Also, will shut down Nuclear Test Site in May.|19063|89881
realDonaldTrump|Mon Apr 30 02:38:00 +0000 2018|The White House Correspondents? Dinner was a failure last year, but this year was an embarrassment to everyone associated with it. The filthy ?comedian? totally bombed (couldn?t even deliver her lines-much like the Seth Meyers weak performance). Put Dinner to rest, or start over!|22003|104292
realDonaldTrump|Mon Apr 30 01:29:09 +0000 2018|?Trump?s Triumphs are driving his critics Crazy!? Thank you Steve Hilton @NextRevFNC, just want to do what is right for our wonderful U.S.A.|14477|73003
realDonaldTrump|Sun Apr 29 11:54:02 +0000 2018|Just got recent Poll - much higher than President O at same time....Well, much more has been accomplished!|25881|141929
realDonaldTrump|Sun Apr 29 11:45:40 +0000 2018|While Washington, Michigan, was a big success, Washington, D.C., just didn?t work. Everyone is talking about the fact that the White House Correspondents Dinner was a very big, boring bust...the so-called comedian really ?bombed.? @greggutfeld should host next year! @PeteHegseth|18120|83380
realDonaldTrump|Sun Apr 29 11:21:32 +0000 2018|Great evening last night in Washington, Michigan. The enthusiasm, knowledge and love in that room was unreal. To the many thousands of people who couldn?t get in, I cherish you....and will be back!|20457|106541
realDonaldTrump|Sat Apr 28 22:45:49 +0000 2018|Join me LIVE in Washington, Michigan at 7:00pmE on @FoxNews! #MAGA|8258|50885
realDonaldTrump|Sat Apr 28 19:11:51 +0000 2018|Secret Service has just informed me that Senator Jon Tester?s statements on Admiral Jackson are not true. There were no such findings. A horrible thing that we in D.C. must live with, just like phony Russian Collusion. Tester should lose race in Montana. Very dishonest and sick!|37548|132510
realDonaldTrump|Sat Apr 28 13:54:16 +0000 2018|Look forward to being in the Great State of Michigan tonight. Major business expansion and jobs pouring into your State. Auto companies expanding at record pace. Big crowd tonight, will be live on T.V.|18086|94960
realDonaldTrump|Sat Apr 28 13:45:20 +0000 2018|Just had a long and very good talk with President Moon of South Korea. Things are going very well, time and location of meeting with North Korea is being set. Also spoke to Prime Minister Abe of Japan to inform him of the ongoing negotiations.|22974|98589
realDonaldTrump|Sat Apr 28 12:58:18 +0000 2018|?Clapper lied about (fraudulent) Dossier leaks to CNN? @foxandfriends FoxNews  He is a lying machine who now works for Fake News CNN.|20365|77735
realDonaldTrump|Sat Apr 28 12:15:49 +0000 2018|....great people of Montana will not stand for this kind of slander when talking of a great human being. Admiral Jackson is the kind of man that those in Montana would most respect and admire, and now, for no reason whatsoever, his reputation has been shattered. Not fair, Tester!|21028|92039
realDonaldTrump|Sat Apr 28 12:07:16 +0000 2018|Allegations made by Senator Jon Tester against Admiral/Doctor Ron Jackson are proving false. The Secret Service is unable to confirm (in fact they deny) any of the phony Democrat charges which have absolutely devastated the wonderful Jackson family. Tester should resign. The.....|24882|91098
realDonaldTrump|Sat Apr 28 02:04:31 +0000 2018|House Intelligence Committee rules that there was NO COLLUSION between the Trump Campaign and Russia. As I have been saying all along, it is all a big Hoax by the Democrats based on payments and lies. There should never have been a Special Counsel appointed. Witch Hunt!|26489|111159
realDonaldTrump|Fri Apr 27 19:23:23 +0000 2018|I urge all Americans to participate in #takebackday tomorrow! Let?s come together and BEAT last October?s record of disposed prescription pills! Visit https://t.co/QCG7bHvvxd to learn more on how to participate Saturday and every day. https://t.co/W00YxL1RwK|11418|48644
realDonaldTrump|Fri Apr 27 14:14:58 +0000 2018|Just Out: House Intelligence Committee Report released. ?No evidence? that the Trump Campaign ?colluded, coordinated or conspired with Russia.? Clinton Campaign paid for Opposition Research obtained from Russia- Wow! A total Witch Hunt! MUST END NOW!|32316|117281
realDonaldTrump|Fri Apr 27 13:28:21 +0000 2018|Look forward to meeting with Chancellor Angela Merkel of Germany today. So much to discuss, so little time! It will be good for both of our great countries!|11116|71305
realDonaldTrump|Fri Apr 27 13:11:14 +0000 2018|Kanye West has performed a great service to the Black Community - Big things are happening and eyes are being opened for the first time in Decades - Legacy Stuff! Thank you also to Chance and Dr. Darrell Scott, they really get it (lowest Black &amp; Hispanic unemployment in history).|32785|142084
realDonaldTrump|Fri Apr 27 11:50:02 +0000 2018|Please do not forget the great help that my good friend, President Xi of China, has given to the United States, particularly at the Border of North Korea. Without him it would have been a much longer, tougher, process!|23981|109441
realDonaldTrump|Fri Apr 27 11:23:27 +0000 2018|So great to have Staff Sgt. Dan Nevins and the incredible WOUNDED WARRIORS with me in the White House yesterday. These are truly brave and special people! @foxandfriends|11555|63286
realDonaldTrump|Fri Apr 27 10:55:48 +0000 2018|KOREAN WAR TO END! The United States, and all of its GREAT people, should be very proud of what is now taking place in Korea!|37450|130787
realDonaldTrump|Fri Apr 27 10:41:23 +0000 2018|After a furious year of missile launches and Nuclear testing, a historic meeting between North and South Korea is now taking place. Good things are happening, but only time will tell!|24307|117247
realDonaldTrump|Fri Apr 27 10:26:35 +0000 2018|Is everybody believing what is going on. James Comey can?t define what a leak is. He illegally leaked CLASSIFIED INFORMATION but doesn?t understand what he did or how serious it is. He lied all over the place to cover it up. He?s either very sick or very dumb. Remember sailor!|23936|104976
realDonaldTrump|Thu Apr 26 23:39:32 +0000 2018|The U.S. has put together a STRONG bid w/ Canada &amp; Mexico for the 2026 World Cup. It would be a shame if countries that we always support were to lobby against the U.S. bid. Why should we be supporting these countries when they don?t support us (including at the United Nations)?|22072|96976
realDonaldTrump|Thu Apr 26 22:17:45 +0000 2018|Loved being on @foxandfriends this morning. Great show!|10863|80346
realDonaldTrump|Wed Apr 25 21:18:51 +0000 2018|MAGA! https://t.co/jFf5ONASlv|57348|227561
realDonaldTrump|Wed Apr 25 19:33:07 +0000 2018|Thank you Kanye, very cool! https://t.co/vRIC87M21X|105064|356103
realDonaldTrump|Wed Apr 25 14:11:57 +0000 2018|Looking forward to my meeting with Tim Cook of Apple. We will be talking about many things, including how the U.S. has been treated unfairly for many years, by many countries, on trade.|15348|84523
realDonaldTrump|Wed Apr 25 14:10:30 +0000 2018|.@FLOTUS did a spectacular job hosting the President of France @EmmanuelMacron and his wife Brigitte. Every detail was done to perfection. The State Dining Room never looked more beautiful, and Washington is abuzz over what an incredible job Melania did.|16692|88912
realDonaldTrump|Wed Apr 25 13:29:16 +0000 2018|Busy day planned.  Looking forward to watching President Macron of France address a Joint Session of Congress today. This is a great honor and seldom allowed to be done...he will be GREAT!|12411|72571
realDonaldTrump|Wed Apr 25 11:53:36 +0000 2018|Congratulations to Republican Debbie Lesko on her big win in the Special Election for Arizona House seat. Debbie will do a Great Job! Press is so silent.|22414|109721
realDonaldTrump|Tue Apr 24 20:18:39 +0000 2018|Our two great republics are linked together by the timeless bonds of history, culture, and destiny. We are people who cherish our values, protect our civilization, and recognize the image of God in every human soul. https://t.co/01c8iSGDB3|19714|92021
realDonaldTrump|Tue Apr 24 19:18:25 +0000 2018|Today, @FLOTUS Melania and I were honored to welcome French President @EmmanuelMacron and Mrs. Brigitte Macron to the @WhiteHouse. We look forward to hosting them at tonight's State Dinner, in their honor. https://t.co/wGJcWqSzyP|8953|48084
realDonaldTrump|Tue Apr 24 19:06:57 +0000 2018|.@JimRenacci has worked so hard on Tax Reductions, Illegal Immigration, the Border and Crime. I need Jim very badly to help our agenda and to keep MAKING AMERICA GREAT AGAIN! He will be a fantastic Senator for the Great State of Ohio, and has my full endorsement!|14329|58499
realDonaldTrump|Tue Apr 24 18:41:09 +0000 2018|?President Trump Calls the U.S.-France Relationship ?Unbreakable.? History Shows He?s Right.? https://t.co/L0gT4rvaJO|10356|53851
realDonaldTrump|Tue Apr 24 18:02:04 +0000 2018|Arizona, please get out today and vote @DebbieLesko for Congress in #AZ08. Strong on Border, Immigration and Crime. Great on the Military. Time is ticking down - get out and VOTE today. We need Debbie in Congress!|15979|59304
realDonaldTrump|Tue Apr 24 17:56:10 +0000 2018|Americans stand with you and all of Canada, Prime Minister @JustinTrudeau. Our thoughts and prayers are with you all. #TorontoStrong https://t.co/Xo3Cn962z8|6796|38900
realDonaldTrump|Tue Apr 24 16:43:34 +0000 2018|Having great meetings and discussions with my friend, President @EmmanuelMacron of France. We are in the midst of meetings on Iran, Syria and Trade. We will be holding a joint press conference shortly, here at the @WhiteHouse. ???? https://t.co/ju1FXhgjaD|10024|50527
realDonaldTrump|Mon Apr 23 20:08:34 +0000 2018|Here?s a great stat - since January 2017, the number of people forced to use food stamps is down 1.9 million. The American people are finally back to work!|31249|149737
realDonaldTrump|Mon Apr 23 13:51:17 +0000 2018|Mexico, whose laws on immigration are very tough, must stop people from going through Mexico and into the U.S. We may make this a condition of the new NAFTA Agreement. Our Country cannot accept what is happening! Also, we must get Wall funding fast.|24422|103380
realDonaldTrump|Mon Apr 23 13:44:46 +0000 2018|Despite the Democrat inspired laws on Sanctuary Cities and the Border being so bad and one sided, I have instructed the Secretary of Homeland Security not to let these large Caravans of people into our Country. It is a disgrace. We are the only Country in the World so naive! WALL|24825|101055
realDonaldTrump|Mon Apr 23 13:15:19 +0000 2018|Hard to believe Obstructionists May vote against Mike Pompeo for Secretary of State. The Dems will not approve hundreds of good people, including the Ambassador to Germany. They are maxing out the time on approval process for all, never happened before. Need more Republicans!|22105|87553
realDonaldTrump|Sun Apr 22 20:12:26 +0000 2018|Thank you to the incredible Law Enforcement Officers from the Palm Beach County Sheriff?s Office. They keep us safe and are very cool about it! https://t.co/NlhxpPwmzT|16827|92007
realDonaldTrump|Sun Apr 22 20:04:10 +0000 2018|Kim Strassel of the WSJ just said, after reviewing the dumb Comey Memos, ?you got to ask, what was the purpose of the Special Counsel? There?s no there there.? Dan Henninger of the WSJ said Memos would show that this would be one of the weakest obstruction cases ever brought!|23478|92586
realDonaldTrump|Sun Apr 22 18:43:38 +0000 2018|Funny how all of the Pundits that couldn?t come close to making a deal on North Korea are now all over the place telling me how to make a deal!|27312|117844
realDonaldTrump|Sun Apr 22 17:23:41 +0000 2018|A complete Witch Hunt!|19243|93513
realDonaldTrump|Sun Apr 22 14:06:06 +0000 2018|?I can die happy now with Trump Job performance,? stated Mary Matalin. ?A great overall President, stunning!? Thank you Mary.|16295|88588
realDonaldTrump|Sun Apr 22 13:02:01 +0000 2018|....We are a long way from conclusion on North Korea, maybe things will work out, and maybe they won?t - only time will tell....But the work I am doing now should have been done a long time ago!|21271|103213
realDonaldTrump|Sun Apr 22 12:50:22 +0000 2018|Sleepy Eyes Chuck Todd of Fake News NBC just stated that we have given up so much in our negotiations with North Korea, and they have given up nothing. Wow, we haven?t given up anything &amp; they have agreed to denuclearization (so great for World), site closure, &amp; no more testing!|24863|99535
realDonaldTrump|Sun Apr 22 12:22:37 +0000 2018|?GOP Lawmakers asking Sessions to Investigate Comey and Hillary Clinton.? @FoxNews   Good luck with that request!|19862|86221
realDonaldTrump|Sat Apr 21 22:30:45 +0000 2018|?At least two Memos Comey shared with a friend contained Classified Information.?  Wall Street Journal|21313|86532
realDonaldTrump|Sat Apr 21 20:13:08 +0000 2018|The Washington Post said I refer to Jeff Sessions as ?Mr. Magoo? and Rod Rosenstein as ?Mr. Peepers.? This is ?according to people with whom the president has spoken.? There are no such people and don?t know these characters...just more Fake &amp; Disgusting News to create ill will!|17059|67035
realDonaldTrump|Sat Apr 21 19:24:21 +0000 2018|James Comey?s Memos are Classified, I did not Declassify them. They belong to our Government! Therefore, he broke the law! Additionally, he totally made up many of the things he said I said, and he is already a proven liar and leaker. Where are Memos on Clinton, Lynch &amp; others?|20066|74238
realDonaldTrump|Sat Apr 21 19:02:05 +0000 2018|Sylvester Stallone called me with the story of heavyweight boxing champion Jack Johnson. His trials and tribulations were great, his life complex and controversial. Others have looked at this over the years, most thought it would be done, but yes, I am considering a Full Pardon!|20152|97102
realDonaldTrump|Sat Apr 21 18:52:28 +0000 2018|So funny, the Democrats have sued the Republicans for Winning. Now he R?s counter and force them to turn over a treasure trove of material, including Servers and Emails!|22720|93542
realDonaldTrump|Sat Apr 21 15:47:48 +0000 2018|Heading to the Southern White House to watch the Funeral Service of Barbara Bush. First Lady Melania has arrived in Houston to pay our respects. Will be a beautiful day!|11594|76606
realDonaldTrump|Sat Apr 21 15:45:24 +0000 2018|Today, my thoughts and prayers are with the entire Bush family. In memory of First Lady Barbara Bush, there is a remembrance display located at her portrait in the Center Hall of the @WhiteHouse. https://t.co/AuJ3RLZyax|12630|77433
realDonaldTrump|Sat Apr 21 15:44:55 +0000 2018|Fantastic crowd and great people yesterday in Key West, Florida. Thank you! https://t.co/HqOUFgmbQS|13706|66929
realDonaldTrump|Sat Apr 21 13:18:58 +0000 2018|Join me in Washington, Michigan on Saturday, April 28, 2018 at 7:00pm! #MAGA Tickets: https://t.co/DISosdqBuu https://t.co/gHdTgHw5FU|10460|40121
realDonaldTrump|Sat Apr 21 13:10:01 +0000 2018|....it means lying or making up stories. Sorry, I don?t see Michael doing that despite the horrible Witch Hunt and the dishonest media!|11055|52102
realDonaldTrump|Sat Apr 21 13:10:01 +0000 2018|....non-existent ?sources? and a drunk/drugged up loser who hates Michael, a fine person with a wonderful family. Michael is a businessman for his own account/lawyer who I have always liked &amp; respected. Most people will flip if the Government lets them out of trouble, even if....|10524|48392
realDonaldTrump|Sat Apr 21 13:10:00 +0000 2018|The New York Times and a third rate reporter named Maggie Haberman, known as a Crooked H flunkie who I don?t speak to and have nothing to do with, are going out of their way to destroy Michael Cohen and his relationship with me in the hope that he will ?flip.? They use....|14238|58575
realDonaldTrump|Sat Apr 21 03:22:51 +0000 2018|"A message from Kim Jong Un: ?North Korea will stop nuclear tests and launches of intercontinental ballistic missiles.?
Also will ?Shut down a nuclear test site in the country?s Northern Side to prove the vow to suspend nuclear tests.? Progress being made for all!"|30730|138838
realDonaldTrump|Sat Apr 21 03:13:07 +0000 2018|James Comey illegally leaked classified documents to the press in order to generate a Special Council? Therefore, the Special Council was established based on an illegal act? Really, does everybody know what that means?|27716|103446
realDonaldTrump|Fri Apr 20 23:19:51 +0000 2018|Just heard the Campaign was sued by the Obstructionist Democrats. This can be good news in that we will now counter for the DNC Server that they refused to give to the FBI, the Debbie Wasserman Schultz Servers and Documents held by the Pakistani mystery man and Clinton Emails.|30381|108291
realDonaldTrump|Fri Apr 20 22:50:34 +0000 2018|North Korea has agreed to suspend all Nuclear Tests and close up a major test site. This is very good news for North Korea and the World - big progress! Look forward to our Summit.|44867|181216
realDonaldTrump|Fri Apr 20 20:25:13 +0000 2018|Can you believe that despite 93% bad stories from the Fake News Media (should be getting good stories), today we had just about our highest Poll Numbers, including those on Election Day? The American public is wise to the phony an dishonest press. Make America Great Again!|30766|128143
realDonaldTrump|Fri Apr 20 10:57:12 +0000 2018|Looks like OPEC is at it again. With record amounts of Oil all over the place, including the fully loaded ships at sea, Oil prices are artificially Very High! No good and will not be accepted!|23147|96104
realDonaldTrump|Fri Apr 20 10:50:38 +0000 2018|Nancy Pelosi is going absolutely crazy about the big Tax Cuts given to the American People by the Republicans...got not one Democrat Vote! Here?s a choice. They want to end them and raise your taxes substantially. Republicans are working on making them permanent and more cuts!|27917|107499
realDonaldTrump|Fri Apr 20 10:43:17 +0000 2018|So exciting! I have agreed to be the Commencement Speaker at our GREAT Naval Academy on May 25th in Annapolis, Maryland. Looking forward to being there.|19198|113677
realDonaldTrump|Fri Apr 20 10:34:16 +0000 2018|So General Michael Flynn?s life can be totally destroyed while Shadey James Comey can Leak and Lie and make lots of money from a third rate book (that should never have been written). Is that really the way life in America is supposed to work? I don?t think so!|29478|106581
realDonaldTrump|Fri Apr 20 03:37:26 +0000 2018|James Comey Memos just out and show clearly that there was NO COLLUSION and NO OBSTRUCTION. Also, he leaked classified information. WOW! Will the Witch Hunt continue?|24487|99171
realDonaldTrump|Thu Apr 19 22:46:06 +0000 2018|James Comey just threw Andrew McCabe ?under the bus.? Inspector General?s Report on McCabe is a disaster for both of them! Getting a little (lot) of their own medicine?|20887|82792
realDonaldTrump|Thu Apr 19 22:30:36 +0000 2018|Sanctuary Cities released at least 142 Gang Members across the United States, making it easy for them to commit all forms of violent crimes where none would have existed. We are doing a great job of law enforcement, but things such as this make safety in America difficult!|19645|72321
realDonaldTrump|Thu Apr 19 22:30:25 +0000 2018|My thoughts, prayers and condolences are with the families, friends and colleagues of the two @GCSOFlorida deputies (HEROES) who lost their lives in the line of duty today.|13895|64185
realDonaldTrump|Thu Apr 19 20:31:56 +0000 2018|Mike Pompeo is outstanding. First in his class at West Point. A top student at Harvard Law School. A success at whatever he has done. We need the Senate to approve Mike ASAP. He will be a great Secretary of State!|21715|88783
realDonaldTrump|Thu Apr 19 20:27:01 +0000 2018|...Hopefully the Senate will not leave Washington until our Ambassadors, Judges and the people who make Washington work are approved. The Democrats are Obstructing the process and we need these people approved for the good of our Country!|18339|71786
realDonaldTrump|Thu Apr 19 20:21:16 +0000 2018|Democrats are obstructing good (hopefully great) people wanting to give up a big portion of their life to work for our Government, hence, the American People. They are ?slow walking? all of my nominations - hundreds of people. At this rate it would take 9 years for all approvals!|25685|94660
realDonaldTrump|Thu Apr 19 18:40:12 +0000 2018|.@MarshaBlackburn is a wonderful woman who has always been there when we have needed her. Great on the Military, Border Security and Crime. Loves and works hard for the people of Tennessee. She has my full endorsement and I will be there to campaign with her!|14551|58970
realDonaldTrump|Thu Apr 19 18:33:24 +0000 2018|THANK YOU #JIATFSouth, @Norad_Northcom, @southcomwatch and @DHSgov. Keep up the GREAT work! https://t.co/3v2uG6Jp1T|6410|30967
realDonaldTrump|Thu Apr 19 16:23:52 +0000 2018|Just arrived @NASKeyWest! Heading to a briefing with the Joint Interagency Task Force South, NORTHCOM and SOUTHCOM. https://t.co/r906IXnBcG|8826|43733
realDonaldTrump|Thu Apr 19 15:48:38 +0000 2018|Governor Jerry Brown announced he will deploy ?up to 400 National Guard Troops? to do nothing. The crime rate in California is high enough, and the Federal Government will not be paying for Governor Brown?s charade. We need border security and action, not words!|19488|82183
realDonaldTrump|Thu Apr 19 15:23:22 +0000 2018|Thank you San Diego County for defending the rule of law and supporting our lawsuit against California's illegal and unconstitutional 'Sanctuary' policies. California's dangerous policies release violent criminals back into our communities, putting all Americans at risk.|19289|84123
realDonaldTrump|Thu Apr 19 14:45:14 +0000 2018|Great meeting with Prime Minister Abe of Japan, who has just left Florida. Talked in depth about North Korea, Military and Trade. Good things will happen!|13612|69429
realDonaldTrump|Thu Apr 19 02:58:21 +0000 2018|It was my great honor to host my friend @JPN_PMO @AbeShinzo and his delegation at Mar-a-Lago for the past two days. Lots accomplished, thank you! #Success???? https://t.co/2NnItfwfBl|14125|63530
realDonaldTrump|Wed Apr 18 21:32:53 +0000 2018|Great working luncheon with U.S. and Japanese Delegations this afternoon! https://t.co/ywU2CEih8b|12171|63355
realDonaldTrump|Wed Apr 18 21:00:12 +0000 2018|Prime Minister @AbeShinzo of Japan and myself this morning building an even deeper and better relationship while playing a quick round of golf at Trump International Golf Club. https://t.co/YqU7pHiFoU|14666|73804
realDonaldTrump|Wed Apr 18 16:30:39 +0000 2018|Best wishes to Prime Minister @Netanyahu and all of the people of Israel on the 70th Anniversary of your Great Independence. We have no better friends anywhere. Looking forward to moving our Embassy to Jerusalem next month!|22966|99359
realDonaldTrump|Wed Apr 18 12:05:42 +0000 2018|Slippery James Comey, the worst FBI Director in history, was not fired because of the phony Russia investigation where, by the way, there was NO COLLUSION (except by the Dems)!|21768|93742
realDonaldTrump|Wed Apr 18 10:42:23 +0000 2018|Mike Pompeo met with Kim Jong Un in North Korea last week. Meeting went very smoothly and a good relationship was formed. Details of Summit are being worked out now. Denuclearization will be a great thing for World, but also for North Korea!|24735|98096
realDonaldTrump|Wed Apr 18 10:08:50 +0000 2018|A sketch years later about a nonexistent man. A total con job, playing the Fake News Media for Fools (but they know it)! https://t.co/9Is7mHBFda|17078|60047
realDonaldTrump|Wed Apr 18 09:59:07 +0000 2018|There is a Revolution going on in California. Soooo many Sanctuary areas want OUT of this ridiculous, crime infested &amp; breeding concept. Jerry Brown is trying to back out of the National Guard at the Border, but the people of the State are not happy. Want Security &amp; Safety NOW!|27858|112022
realDonaldTrump|Wed Apr 18 02:49:28 +0000 2018|While Japan and South Korea would like us to go back into TPP, I don?t like the deal for the United States. Too many contingencies and no way to get out if it doesn?t work. Bilateral deals are far more efficient, profitable and better for OUR workers. Look how bad WTO is to U.S.|17367|75923
realDonaldTrump|Wed Apr 18 02:32:04 +0000 2018|Pastor Andrew Brunson, a fine gentleman and Christian leader in the United States, is on trial and being persecuted in Turkey for no reason. They call him a Spy, but I am more a Spy than he is. Hopefully he will be allowed to come home to his beautiful family where he belongs!|19826|82624
realDonaldTrump|Wed Apr 18 02:26:57 +0000 2018|It is my great honor to host @JPN_PMO @AbeShinzo! https://t.co/QxMpCGRycF|9371|41323
realDonaldTrump|Wed Apr 18 02:23:58 +0000 2018|.@FLOTUS Melania and I join the Nation in celebrating the life of Barbara Bush: https://t.co/4OW72iddQx|8507|44320
realDonaldTrump|Tue Apr 17 22:59:20 +0000 2018|States and Cities throughout our Country are being cheated and treated so badly by online retailers. Very unfair to traditional tax paying stores!|13608|68066
realDonaldTrump|Tue Apr 17 21:34:23 +0000 2018|....Congress ? House and Senate must quickly pass a legislative fix to ensure violent criminal aliens can be removed from our society. Keep America Safe!|12630|54342
realDonaldTrump|Tue Apr 17 21:34:23 +0000 2018|Today?s Court decision means that Congress must close loopholes that block the removal of dangerous criminal aliens, including aggravated felons. This is a public safety crisis that can only be fixed by....|15203|65232
realDonaldTrump|Tue Apr 17 20:45:36 +0000 2018|Welcome Prime Minister Abe! https://t.co/538EYyfWDq|13974|56916
realDonaldTrump|Tue Apr 17 17:59:39 +0000 2018|Rasmussen just came out at 51% Approval despite the Fake News Media. They were one of the three most accurate on Election Day. Just about the most inaccurate were CNN and ABC News/Washington Post, and they haven?t changed (get new pollsters). Much of the media is a Scam!|17699|75858
realDonaldTrump|Tue Apr 17 17:51:52 +0000 2018|Getting ready to meet Prime Minister Abe of Japan, a truly fine gentleman!|10038|66027
realDonaldTrump|Tue Apr 17 12:24:36 +0000 2018|So many people are seeing the benefits of the Tax Cut Bill. Everyone is talking, really nice to see!|14811|83146
realDonaldTrump|Tue Apr 17 12:24:36 +0000 2018|Looks like Jerry Brown and California are not looking for safety and security along their very porous Border. He cannot come to terms for the National Guard to patrol and protect the Border. The high crime rate will only get higher. Much wanted Wall in San Diego already started!|14710|63294
realDonaldTrump|Tue Apr 17 12:24:35 +0000 2018|I am in Florida and looking forward to my meeting with Prime Minister Abe of Japan. Working on Trade and Military Security.|11354|62275
realDonaldTrump|Tue Apr 17 12:24:34 +0000 2018|Employment is up, Taxes are DOWN. Enjoy!|23882|121402
realDonaldTrump|Mon Apr 16 12:31:02 +0000 2018|Russia and China are playing the Currency Devaluation game as the U.S. keeps raising interest rates. Not acceptable!|20597|95050
realDonaldTrump|Mon Apr 16 12:25:19 +0000 2018|Comey drafted the Crooked Hillary exoneration long before he talked to her (lied in Congress to Senator G), then based his decisions on her poll numbers. Disgruntled, he, McCabe, and the others, committed many crimes!|27658|109492
realDonaldTrump|Sun Apr 15 14:44:30 +0000 2018|Just hit 50% in the Rasmussen Poll, much higher than President Obama at same point. With all of the phony stories and Fake News, it?s hard to believe! Thank you America, we are doing Great Things.|28506|137509
realDonaldTrump|Sun Apr 15 13:07:10 +0000 2018|Slippery James Comey, a man who always ends up badly and out of whack (he is not smart!), will go down as the WORST FBI Director in history, by far!|21382|96239
realDonaldTrump|Sun Apr 15 12:56:13 +0000 2018|Attorney Client privilege is now a thing of the past. I have many (too many!) lawyers and they are probably wondering when their offices, and even homes, are going to be raided with everything, including their phones and computers, taken. All lawyers are deflated and concerned!|22956|100271
realDonaldTrump|Sun Apr 15 12:32:16 +0000 2018|I never asked Comey for Personal Loyalty. I hardly even knew this guy. Just another of his many lies. His ?memos? are self serving and FAKE!|21420|99493
realDonaldTrump|Sun Apr 15 12:19:42 +0000 2018|The Syrian raid was so perfectly carried out, with such precision, that the only way the Fake News Media could demean was by my use of the term ?Mission Accomplished.? I knew they would seize on this but felt it is such a great Military term, it should be brought back. Use often!|22981|112597
realDonaldTrump|Sun Apr 15 12:08:03 +0000 2018|Comey throws AG Lynch ?under the bus!? Why can?t we all find out what happened on the tarmac in the back of the plane with Wild Bill and Lynch? Was she promised a Supreme Court seat, or AG, in order to lay off Hillary. No golf and grandkids talk (give us all a break)!|25413|99207
realDonaldTrump|Sun Apr 15 11:57:14 +0000 2018|The big questions in Comey?s badly reviewed book aren?t answered like, how come he gave up Classified Information (jail), why did he lie to Congress (jail), why did the DNC refuse to give Server to the FBI (why didn?t they TAKE it), why the phony memos, McCabe?s $700,000 &amp; more?|26485|98379
realDonaldTrump|Sun Apr 15 11:42:33 +0000 2018|Unbelievably, James Comey states that Polls, where Crooked Hillary was leading, were a factor in the handling (stupidly) of the Clinton Email probe. In other words, he was making decisions based on the fact that he thought she was going to win, and he wanted a job. Slimeball!|26364|103594
realDonaldTrump|Sat Apr 14 12:29:48 +0000 2018|So proud of our great Military which will soon be, after the spending of billions of fully approved dollars, the finest that our Country has ever had. There won?t be anything, or anyone, even close!|29136|156619
realDonaldTrump|Sat Apr 14 12:21:00 +0000 2018|A perfectly executed strike last night. Thank you to France and the United Kingdom for their wisdom and the power of their fine Military. Could not have had a better result. Mission Accomplished!|41544|194660
realDonaldTrump|Sat Apr 14 01:31:56 +0000 2018|https://t.co/6VLQYAlcto|34859|100854
realDonaldTrump|Fri Apr 13 19:36:27 +0000 2018|DOJ just issued the McCabe report - which is a total disaster. He LIED! LIED! LIED! McCabe was totally controlled by Comey - McCabe is Comey!! No collusion, all made up by this den of thieves and lowlifes!|34913|122879
realDonaldTrump|Fri Apr 13 16:21:16 +0000 2018|We are bringing back our factories, we are bringing back our jobs, and we are bringing back those four beautiful words: MADE IN THE USA! https://t.co/grABSrYUBX|24282|108254
realDonaldTrump|Fri Apr 13 12:17:37 +0000 2018|....untruthful slime ball who was, as time has proven, a terrible Director of the FBI. His handling of the Crooked Hillary Clinton case, and the events surrounding it, will go down as one of the worst ?botch jobs? of history. It was my great honor to fire James Comey!|33494|138585
realDonaldTrump|Fri Apr 13 12:01:47 +0000 2018|James Comey is a proven LEAKER &amp; LIAR. Virtually everyone in Washington thought he should be fired for the terrible job he did-until he was, in fact, fired. He leaked CLASSIFIED information, for which he should be prosecuted. He lied to Congress under OATH. He is a weak and.....|31850|123508
realDonaldTrump|Fri Apr 13 11:44:51 +0000 2018|Tremendous pressure is building, like never before, for the Border Wall and an end to crime cradling Sanctuary Cities. Started the Wall in San Diego, where the people were pushing really hard to get it. They will soon be protected!|22131|105757
realDonaldTrump|Fri Apr 13 03:15:16 +0000 2018|Would only join TPP if the deal were substantially better than the deal offered to Pres. Obama. We already have BILATERAL deals with six of the eleven nations in TPP, and are working to make a deal with the biggest of those  nations, Japan, who has hit us hard on trade for years!|16012|76584
realDonaldTrump|Thu Apr 12 19:03:57 +0000 2018|America?s greatest treasure is our people ? and my Administration HEARS YOUR VOICE and HAS YOUR BACK. We are fighting to give every American a future of dignity, purpose and pride. AMERICAN SPIRIT is back! #TaxCuts https://t.co/oSGZe0irBf|19178|79071
realDonaldTrump|Thu Apr 12 18:32:30 +0000 2018|Thank you to all of the American workers who travelled here today! This event is dedicated to YOU: the hardworking Americans who make this nation run. You love your country, you provide for your family, you have PRIDE in your work and you cherish our GREAT AMERICAN FLAG! #TaxCuts https://t.co/RwaLpCRPh5|13669|63868
realDonaldTrump|Thu Apr 12 16:46:15 +0000 2018|I have agreed with the historically cooperative, disciplined approach that we have engaged in with Robert Mueller (Unlike the Clintons!). I have full confidence in Ty Cobb, my Special Counsel, and have been fully advised throughout each phase of this process.|15986|80712
realDonaldTrump|Thu Apr 12 16:42:54 +0000 2018|On Yom HaShoah we remember the six million Jews slaughtered in the Holocaust. With each passing year, our duty to remember this atrocity increases as we pledge #NeverAgain. #HolocaustRemembranceDay https://t.co/tyga4VtjLT|16157|64214
realDonaldTrump|Thu Apr 12 10:37:16 +0000 2018|Good luck to Mike Pompeo during his Confirmation Hearing today. He will be a great Secretary of State!|11856|60782
realDonaldTrump|Thu Apr 12 10:15:25 +0000 2018|Never said when an attack on Syria would take place. Could be very soon or not so soon at all! In any event, the United States, under my Administration, has done a great job of ridding the region of ISIS. Where is our ?Thank you America??|24373|110689
realDonaldTrump|Thu Apr 12 10:08:49 +0000 2018|California Governor Jerry Brown is doing the right thing and sending the National Guard to the Border. Thank you Jerry, good move for the safety of our Country!|14138|83836
realDonaldTrump|Thu Apr 12 10:03:46 +0000 2018|If I wanted to fire Robert Mueller in December, as reported by the Failing New York Times, I would have fired him. Just more Fake News from a biased newspaper!|18341|84883
realDonaldTrump|Thu Apr 12 00:48:39 +0000 2018|Big show tonight on @seanhannity! 9:00 P.M. on @FoxNews|10592|54061
realDonaldTrump|Wed Apr 11 22:59:42 +0000 2018|Honored to have Republican Congressional Leadership join me at the @WhiteHouse this evening. Lots to discuss as we continue MAKING AMERICA GREAT AGAIN! https://t.co/b9z5Nfdkcl|10635|56502
realDonaldTrump|Wed Apr 11 19:47:07 +0000 2018|?Trump just took a giant step towards actual welfare reform? https://t.co/LQlACDDLug|15625|67491
realDonaldTrump|Wed Apr 11 15:47:46 +0000 2018|The @WhiteHouse is partnering with @Interior and @NatlParkService to bring the @NSCsafety's ?Prescribed to Death? Opioid Memorial to the Ellipse - beginning tomorrow, April 12th to April 18th. More information: https://t.co/z4FPQxt4Bl https://t.co/XvScPqvAkQ|8180|34865
realDonaldTrump|Wed Apr 11 13:50:23 +0000 2018|Speaker Paul Ryan is a truly good man, and while he will not be seeking re-election, he will leave a legacy of achievement that nobody can question. We are with you Paul!|9486|60179
realDonaldTrump|Wed Apr 11 13:00:23 +0000 2018|Much of the bad blood with Russia is caused by the Fake &amp; Corrupt Russia Investigation, headed up by the all Democrat loyalists, or people that worked for Obama. Mueller is most conflicted of all (except Rosenstein who signed FISA &amp; Comey letter). No Collusion, so they go crazy!|25640|95068
realDonaldTrump|Wed Apr 11 11:37:56 +0000 2018|Our relationship with Russia is worse now than it has ever been, and that includes the Cold War. There is no reason for this. Russia needs us to help with their economy, something that would be very easy to do, and we need all nations to work together. Stop the arms race?|30870|121977
realDonaldTrump|Wed Apr 11 10:57:30 +0000 2018|Russia vows to shoot down any and all missiles fired at Syria. Get ready Russia,  because they will be coming, nice and new and ?smart!? You shouldn?t be partners with a Gas Killing Animal who kills his people and enjoys it!|63016|167968
realDonaldTrump|Wed Apr 11 10:47:37 +0000 2018|....doing things that nobody thought possible, despite the never ending and corrupt Russia Investigation, which takes tremendous time and focus. No Collusion or Obstruction (other than I fight back), so now they do the Unthinkable, and RAID a lawyers office for information! BAD!|17078|74017
realDonaldTrump|Wed Apr 11 10:38:42 +0000 2018|So much Fake News about what is going on in the White House. Very calm and calculated with a big focus on open and fair trade with China, the coming North Korea meeting and, of course, the vicious gas attack in Syria. Feels great to have Bolton &amp; Larry K on board. I (we) are|15403|67443
realDonaldTrump|Wed Apr 11 10:30:19 +0000 2018|The Failing New York Times wrote another phony story. It was political pundit Doug Schoen, not a Ukrainian businessman, who asked me to do a short speech by phone (Skype), hosted by Doug, in Ukraine. I was very positive about Ukraine-another negative to the Fake Russia  C story!|16213|65261
realDonaldTrump|Tue Apr 10 21:49:56 +0000 2018|"Today, it was my great honor to welcome the 2017 NCAA Football National Champion, Alabama Crimson Tide - to the White House. Congratulations! #RollTide
https://t.co/hF5EZHlSVS https://t.co/JfGue4IIs1"|15954|78189
realDonaldTrump|Tue Apr 10 18:30:38 +0000 2018|Very thankful for President Xi of China?s kind words on tariffs and automobile barriers...also, his enlightenment on intellectual property and technology transfers. We will make great progress together!|21539|103443
realDonaldTrump|Tue Apr 10 13:30:35 +0000 2018|Last night, it was my great honor to host America?s senior defense and military leaders for dinner at the White House. America?s military is the GREATEST fighting force in the history of the world. They all have my pledge of unwavering commitment to our men and women in uniform! https://t.co/BjWKcMX0iL|18678|85438
realDonaldTrump|Tue Apr 10 11:08:18 +0000 2018|A TOTAL WITCH HUNT!!!|29560|119156
realDonaldTrump|Tue Apr 10 11:07:58 +0000 2018|Attorney?client privilege is dead!|25716|101821
realDonaldTrump|Mon Apr 09 19:32:27 +0000 2018|Great @Cabinet meeting at the @WhiteHouse this morning! https://t.co/kzmfovwUeb https://t.co/7AgbwbFNuw|10045|51782
realDonaldTrump|Mon Apr 09 19:17:39 +0000 2018|The Democrats are not doing what?s right for our country. I will not rest until we have secured our borders and restored the rule of law! https://t.co/zKGgPlaadS|26029|101908
realDonaldTrump|Mon Apr 09 10:03:16 +0000 2018|When a car is sent to the United States from China, there is a Tariff to be paid of 2 1/2%. When a car is sent to China from the United States, there is a Tariff to be paid of 25%. Does that sound like free or fair trade.  No, it sounds like STUPID TRADE -  going on for years!|45014|171906
realDonaldTrump|Mon Apr 09 00:43:27 +0000 2018|Congratulations to Patrick Reed on his great and courageous MASTERS win! When Patrick had his amazing win at Doral 5 years ago, people saw his great talent, and a bright future ahead. Now he is the Masters Champion!|12324|90091
realDonaldTrump|Sun Apr 08 13:12:57 +0000 2018|If President Obama had crossed his stated Red Line In The Sand, the Syrian disaster would have ended long ago! Animal Assad would have been history!|23548|88696
realDonaldTrump|Sun Apr 08 13:04:22 +0000 2018|....to pay. Open area immediately for medical help and verification. Another humanitarian disaster for no reason whatsoever. SICK!|14806|65814
realDonaldTrump|Sun Apr 08 13:00:06 +0000 2018|Many dead, including women and children, in mindless CHEMICAL attack in Syria. Area of atrocity is in lockdown and encircled by Syrian Army, making it completely inaccessible to outside world. President Putin, Russia and Iran are responsible for backing Animal Assad. Big price...|31462|98620
realDonaldTrump|Sun Apr 08 12:12:35 +0000 2018|President Xi and I will always be friends, no matter what happens with our dispute on trade. China will take down its Trade Barriers because it is the right thing to do. Taxes will become Reciprocal &amp; a deal will be made on Intellectual Property. Great future for both countries!|22933|104672
realDonaldTrump|Sun Apr 08 11:58:13 +0000 2018|The Washington Post is far more fiction than fact. Story after story is made up garbage - more like a poorly written novel than good reporting. Always quoting sources (not names), many of which don?t exist. Story on John Kelly isn?t true, just another hit job!|19479|78628
realDonaldTrump|Sun Apr 08 11:27:49 +0000 2018|?The FBI closed the case on Hillary, which was a rigged investigation. They exonerated her even before they ever interviewed her, they never even put her under oath.....? and much more. So true Jesse! @WattersWorld|20091|76237
realDonaldTrump|Sun Apr 08 00:03:23 +0000 2018|While Security spending was somewhat more than his predecessor, Scott Pruitt has received death threats because of his bold actions at EPA. Record clean Air &amp; Water while saving USA Billions of Dollars. Rent was about market rate, travel expenses OK. Scott is doing a great job!|17493|73427
realDonaldTrump|Sat Apr 07 22:42:22 +0000 2018|Fire at Trump Tower is out. Very confined (well built building). Firemen (and women) did a great job. THANK YOU!|23103|131730
realDonaldTrump|Sat Apr 07 21:00:39 +0000 2018|What does the Department of Justice and FBI have to hide? Why aren?t they giving the strongly requested documents (unredacted) to the HOUSE JUDICIARY COMMITTEE? Stalling, but for what reason? Not looking good!|25439|91371
realDonaldTrump|Sat Apr 07 20:52:58 +0000 2018|Lawmakers of the House Judiciary Committee are angrily accusing the Department of Justice of missing the Thursday Deadline for turning over UNREDACTED Documents relating to FISA abuse, FBI, Comey, Lynch, McCabe, Clinton Emails and much more. Slow walking - what is going on? BAD!|21212|76992
realDonaldTrump|Sat Apr 07 18:11:15 +0000 2018|We are sealing up our Southern Border. The people of our great country want Safety and Security. The Dems have been a disaster on this very important issue!|23616|104115
realDonaldTrump|Sat Apr 07 18:03:56 +0000 2018|The United States hasn?t had a Trade Surplus with China in 40 years. They must end unfair trade, take down barriers and charge only Reciprocal Tariffs. The U.S. is losing $500 Billion a year, and has been losing Billions of Dollars for decades. Cannot continue!|21210|87734
realDonaldTrump|Sat Apr 07 17:35:28 +0000 2018|Just spoke to @JustinTrudeau to pay my highest respect and condolences to the families of the terrible Humboldt Team tragedy. May God be with them all!|17235|90858
realDonaldTrump|Fri Apr 06 20:26:53 +0000 2018|Congratulations to @bernieandsid on their new @77wabcradio morning radio show in New York City. It was an honor to join you two ? good luck! https://t.co/sulTcRp3IC|8418|39719
realDonaldTrump|Fri Apr 06 20:23:58 +0000 2018|?BET founder: Trump's economy is bringing black workers back into the labor force? https://t.co/TtMDfi4bv0|28650|94597
realDonaldTrump|Fri Apr 06 16:24:27 +0000 2018|AMERICA IS OPEN FOR BUSINESS! https://t.co/5jxdojPZmN|15759|66832
realDonaldTrump|Fri Apr 06 14:46:10 +0000 2018|Do you believe that the Fake News Media is pushing hard on a story that I am going to replace A.G. Jeff Sessions with EPA Chief Scott Pruitt, who is doing a great job but is TOTALLY under siege? Do people really believe this stuff? So much of the media is dishonest and corrupt!|21735|88030
realDonaldTrump|Fri Apr 06 14:32:43 +0000 2018|China, which is a great economic power, is considered a Developing Nation within the World Trade Organization. They therefore get tremendous perks and advantages, especially over the U.S. Does anybody think this is fair. We were badly represented. The WTO is unfair to U.S.|23277|93431
realDonaldTrump|Fri Apr 06 11:11:51 +0000 2018|Despite the Aluminum Tariffs, Aluminum prices are DOWN 4%. People are surprised, I?m not! Lots of money coming into U.S. coffers and Jobs, Jobs, Jobs!|18148|78569
realDonaldTrump|Thu Apr 05 20:28:44 +0000 2018|Thank you @WVGovernor Jim Justice. It was my great honor to be with the amazing people of West Virginia today! #MAGA https://t.co/IwPuQNadMM|10066|48672
realDonaldTrump|Thu Apr 05 20:12:10 +0000 2018|Thanks to our historic TAX CUTS, America is open for business, and millions of American workers are seeing more take-home pay through higher wages, salaries and bonuses! https://t.co/0u3dpLJiV2|14843|68260
realDonaldTrump|Thu Apr 05 13:10:07 +0000 2018|The Fake News Washington Post, Amazon?s ?chief lobbyist,? has another (of many) phony headlines, ?Trump Defiant As China Adds Trade Penalties.? WRONG! Should read, ?Trump Defiant as U.S. Adds Trade Penalties, Will End Barriers And Massive  I.P. Theft.? Typically bad reporting!|23484|90339
realDonaldTrump|Thu Apr 05 11:40:53 +0000 2018|The Caravan is largely broken up thanks to the strong immigration laws of Mexico and their willingness to use them so as not to cause a giant scene at our Border. Because of the Trump Administrations actions, Border crossings are at a still UNACCEPTABLE 46 year low. Stop drugs!|19937|90750
realDonaldTrump|Wed Apr 04 23:08:19 +0000 2018|?Still Rising: Rasmussen Poll Shows Donald Trump Approval Ratings Now at 51 Percent? https://t.co/q80PaE0gQo|23136|97277
realDonaldTrump|Wed Apr 04 15:05:38 +0000 2018|Today we honor Dr. Martin Luther King, Jr. on the 50th anniversary of his assassination. Earlier this year I spoke about Dr. King?s legacy of justice and peace, and his impact on uniting Americans. #MLK50 Proclamation: https://t.co/XXtPO0VX5A https://t.co/SH0esMSyMT|17906|72265
realDonaldTrump|Wed Apr 04 14:50:03 +0000 2018|Our thoughts and prayers are with the four U.S. Marines from the 3rd Marine Aircraft Wing who lost their lives in yesterday?s Southern California helicopter crash. We pray for their families, and our great @USMC.|17273|84879
realDonaldTrump|Wed Apr 04 13:20:31 +0000 2018|When you?re already $500 Billion DOWN, you can?t lose!|17535|85273
realDonaldTrump|Wed Apr 04 11:22:03 +0000 2018|We are not in a trade war with China, that war was lost many years ago by the foolish, or incompetent, people who represented the U.S. Now we have a Trade Deficit of $500 Billion a year, with Intellectual Property Theft of another $300 Billion. We cannot let this continue!|35479|139562
realDonaldTrump|Wed Apr 04 11:19:28 +0000 2018|Our Border Laws are very weak while those of Mexico &amp; Canada are very strong. Congress must change these Obama era, and other, laws NOW! The Democrats stand in our way - they want people to pour into our country unchecked....CRIME! We will be taking strong action today.|23328|96489
realDonaldTrump|Tue Apr 03 21:49:14 +0000 2018|Was just briefed on the shooting at YouTube?s HQ in San Bruno, California. Our thoughts and prayers are with everybody involved. Thank you to our phenomenal Law Enforcement Officers and First Responders that are currently on the scene.|18938|106068
realDonaldTrump|Tue Apr 03 19:59:40 +0000 2018|WE WILL PROTECT OUR SOUTHERN BORDER! https://t.co/Z7fqQKcnez|20240|81949
realDonaldTrump|Tue Apr 03 19:15:42 +0000 2018|Today, it was my honor to welcome Estonia President @KerstiKaljulaid, Lithuania President @Grybauskaite_LT, and Latvia President @Vejonis to the @WhiteHouse. Congratulations on your 100th anniversaries of independence! #BalticSummit: https://t.co/XAchZ3zUSe https://t.co/RRftyTGEvb|8950|44127
realDonaldTrump|Tue Apr 03 13:55:37 +0000 2018|I am right about Amazon costing the United States Post Office massive amounts of money for being their Delivery Boy. Amazon should pay these costs (plus) and not have them bourne by the American Taxpayer. Many billions of dollars. P.O. leaders don?t have a clue (or do they?)!|19256|81510
realDonaldTrump|Tue Apr 03 11:08:51 +0000 2018|Thank you to Rasmussen for the honest polling. Just hit 50%, which is higher than Cheatin? Obama at the same time in his Administration.|21432|96479
realDonaldTrump|Tue Apr 03 10:58:30 +0000 2018|Check out the fact that you can?t get a job at ratings challenged @CNN unless you state that you are totally anti-Trump? Little Jeff Zuker, whose job is in jeopardy, is not having much fun lately. They should clean up and strengthen CNN and get back to honest reporting!|15973|68438
realDonaldTrump|Tue Apr 03 10:49:07 +0000 2018|The big Caravan of People from Honduras, now coming across Mexico and heading to our ?Weak Laws? Border, had better be stopped before it gets there. Cash cow NAFTA is in play, as is foreign aid to Honduras and the countries that allow this to happen. Congress MUST ACT NOW!|24335|96147
realDonaldTrump|Tue Apr 03 10:34:18 +0000 2018|The Fake News Networks, those that knowingly have a sick and biased AGENDA, are worried about the competition and quality of Sinclair Broadcast. The ?Fakers? at CNN, NBC, ABC &amp; CBS have done so much dishonest reporting that they should only be allowed to get awards for fiction!|20339|83972
realDonaldTrump|Tue Apr 03 02:03:18 +0000 2018|#AutismAwarenessDay #LightItUpBlue https://t.co/JAzSE6yEes|17358|88799
realDonaldTrump|Tue Apr 03 00:34:48 +0000 2018|?President Trump's approval rate among likely U.S. voters hit 50 percent on Monday, which puts him higher than former President Barack Obama's score at the same point into his first term, according to a new poll.? Via: @Anna_Giaritelli @DCExaminer https://t.co/ZzycNoDCQJ|18138|72115
realDonaldTrump|Tue Apr 03 00:24:01 +0000 2018|39% of my nominations, including Diplomats to foreign lands, have not been confirmed due to Democrat obstruction and delay. At this rate, it would take more than 7 years before I am allowed to have these great people start working. Never happened before. Disgraceful!|29331|100076
realDonaldTrump|Tue Apr 03 00:12:03 +0000 2018|Honduras, Mexico and many other countries that the U.S. is very generous to, sends many of their people to our country through our WEAK IMMIGRATION POLICIES. Caravans are heading here. Must pass tough laws and build the WALL. Democrats allow open borders, drugs and crime!|19627|77010
realDonaldTrump|Tue Apr 03 00:00:58 +0000 2018|As ridiculous as it sounds, the laws of our country do not easily allow us to send those crossing our Southern Border back where they came from. A whole big wasted procedure must take place. Mexico &amp; Canada have tough immigration laws, whereas ours are an Obama joke. ACT CONGRESS|23523|87034
realDonaldTrump|Mon Apr 02 16:38:29 +0000 2018|?President Donald J. Trump Proclaims April 2, 2018, World Autism Awareness Day? https://t.co/ECBCHfll0p|12997|54668
realDonaldTrump|Mon Apr 02 15:41:04 +0000 2018|An honor to host the Annual @WhiteHouse Easter Egg Roll! https://t.co/bOMJRK8FyK|9132|49714
realDonaldTrump|Mon Apr 02 13:58:00 +0000 2018|So sad that the Department of ?Justice? and the FBI are slow walking, or even not giving, the unredacted documents requested by Congress. An embarrassment to our country!|20204|77622
realDonaldTrump|Mon Apr 02 13:35:03 +0000 2018|Only fools, or worse, are saying that our money losing Post Office makes money with Amazon. THEY LOSE A FORTUNE, and this will be changed. Also, our fully tax paying retailers are closing stores all over the country...not a level playing field!|17512|74970
realDonaldTrump|Mon Apr 02 13:28:42 +0000 2018|So funny to watch Fake News Networks, among the most dishonest groups of people I have ever dealt with, criticize Sinclair Broadcasting for being biased. Sinclair is far superior to CNN and even more Fake NBC, which is a total joke.|18100|79464
realDonaldTrump|Mon Apr 02 13:08:47 +0000 2018|Mexico is making a fortune on NAFTA...They have very strong border laws - ours are pathetic. With all of the money they make from the U.S., hopefully they will stop people from coming through their country and into ours, at least until Congress changes our immigration laws!|18599|74826
realDonaldTrump|Mon Apr 02 11:17:19 +0000 2018|DACA is dead because the Democrats didn?t care or act, and now everyone wants to get onto the DACA bandwagon... No longer works. Must build Wall and secure our borders with proper Border legislation. Democrats want No Borders, hence drugs and crime!|21999|87881
realDonaldTrump|Mon Apr 02 11:10:19 +0000 2018|...Congress must immediately pass Border Legislation, use Nuclear Option if necessary, to stop the massive inflow of Drugs and People. Border Patrol Agents (and ICE) are GREAT, but the weak Dem laws don?t allow them to do their job. Act now Congress, our country is being stolen!|22589|87208
realDonaldTrump|Mon Apr 02 11:02:30 +0000 2018|Mexico has the absolute power not to let these large ?Caravans? of people enter their country. They must stop them at their Northern Border, which they can do because their border laws work, not allow them to pass through into our country, which has no effective border laws.....|18795|73960
realDonaldTrump|Sun Apr 01 14:28:19 +0000 2018|These big flows of people are all trying to take advantage of DACA. They want in on the act!|18782|82013
realDonaldTrump|Sun Apr 01 14:25:46 +0000 2018|Mexico is doing very little, if not NOTHING, at stopping people from flowing into Mexico through their Southern Border, and then into the U.S. They laugh at our dumb immigration laws. They must stop the big drug and people flows, or I will stop their cash cow, NAFTA. NEED WALL!|31682|122800
realDonaldTrump|Sun Apr 01 13:56:34 +0000 2018|Border Patrol Agents are not allowed to properly do their job at the Border because of ridiculous liberal (Democrat) laws like Catch &amp; Release. Getting more dangerous. ?Caravans? coming. Republicans must go to Nuclear Option to pass tough laws NOW. NO MORE DACA DEAL!|35503|128045
realDonaldTrump|Sun Apr 01 12:27:02 +0000 2018|HAPPY EASTER!|39141|202732
realDonaldTrump|Sat Mar 31 12:53:01 +0000 2018|Governor Jerry ?Moonbeam? Brown pardoned 5 criminal illegal aliens whose crimes include (1) Kidnapping and Robbery (2) Badly beating wife and threatening a crime with intent to terrorize (3) Dealing drugs. Is this really what the great people of California want? @FoxNews|31029|94902
realDonaldTrump|Sat Mar 31 12:52:59 +0000 2018|...does not include the Fake Washington Post, which is used as a ?lobbyist? and should so  REGISTER. If the P.O. ?increased its parcel rates, Amazon?s shipping costs would rise by $2.6 Billion.? This Post Office scam must stop. Amazon must pay real costs (and taxes) now!|21499|86943
realDonaldTrump|Sat Mar 31 12:45:41 +0000 2018|While we are on the subject, it is reported that the U.S. Post Office will lose $1.50 on average for each package it delivers for Amazon. That amounts to Billions of Dollars. The Failing N.Y. Times reports that ?the size of the company?s lobbying staff has ballooned,? and that...|20590|79593
realDonaldTrump|Fri Mar 30 20:24:56 +0000 2018|https://t.co/UM3YJ6lUiD|24341|85446
realDonaldTrump|Thu Mar 29 20:06:37 +0000 2018|Washington spent trillions building up foreign countries while allowing OUR OWN infrastructure to fall into a state of total disrepair. No more! It's time to REBUILD, and we will do it with American WORKERS, American GRIT, and American PRIDE! https://t.co/Q9rPZi2D2s|25776|102284
realDonaldTrump|Thu Mar 29 19:58:35 +0000 2018|JOBS, JOBS, JOBS! Unemployment claims have fallen to a 45-year low. Together, we are making the economy great again! https://t.co/pN2TE5HDQm|17538|72603
realDonaldTrump|Thu Mar 29 19:44:06 +0000 2018|We are going to REBUILD our crumbling infrastructure, and there is no better place to begin this campaign than in the Great State of Ohio. A tremendous honor to be here today at a state-of-the-art training site, where the skills of the American Worker are forged and refined! https://t.co/bU3KS62c0x|15940|72459
realDonaldTrump|Thu Mar 29 11:57:38 +0000 2018|I have stated my concerns with Amazon long before the Election. Unlike others, they pay little or no taxes to state &amp; local governments, use our Postal System as their Delivery Boy (causing tremendous loss to the U.S.), and are putting many thousands of retailers out of business!|31712|126036
realDonaldTrump|Wed Mar 28 21:31:54 +0000 2018|....In the interim, Hon. Robert Wilkie of DOD will serve as Acting Secretary. I am thankful for Dr. David Shulkin?s service to our country and to our GREAT VETERANS!|9435|47061
realDonaldTrump|Wed Mar 28 21:31:08 +0000 2018|I am pleased to announce that I intend to nominate highly respected Admiral Ronny L. Jackson, MD, as the new Secretary of Veterans Affairs....|16304|76182
realDonaldTrump|Wed Mar 28 19:47:02 +0000 2018|Great briefing this afternoon on the start of our Southern Border WALL! https://t.co/pmCNoxxlkH|30418|115359
realDonaldTrump|Wed Mar 28 16:19:02 +0000 2018|....release known dangerous criminals into communities across the State. All citizens have the right to be protected by Federal law and strong borders.|14372|65167
realDonaldTrump|Wed Mar 28 16:18:44 +0000 2018|My Administration stands in solidarity with the brave citizens in Orange County defending their rights against California's illegal and unconstitutional Sanctuary policies. California's Sanctuary laws....|25382|107671
realDonaldTrump|Wed Mar 28 16:14:34 +0000 2018|.@USTradeRep just announced an agreement in principle with South Korea on KORUS! A great deal for American and Korean workers. Let?s now focus on our important security relationship.|11668|53601
realDonaldTrump|Wed Mar 28 10:16:26 +0000 2018|Received message last night from XI JINPING of China that his meeting with KIM JONG UN went very well and that KIM looks forward to his meeting with me. In the meantime, and unfortunately, maximum sanctions and pressure must be maintained at all cost!|23093|100301
realDonaldTrump|Wed Mar 28 10:05:18 +0000 2018|For years and through many administrations, everyone said that peace and the denuclearization of the Korean Peninsula was not even a small possibility. Now there is a good chance that Kim Jong Un will do what is right for his people and for humanity. Look forward to our meeting!|25289|110338
realDonaldTrump|Wed Mar 28 09:52:36 +0000 2018|THE SECOND AMENDMENT WILL NEVER BE REPEALED! As much as Democrats would like to see this happen, and despite the words yesterday of former Supreme Court Justice Stevens, NO WAY. We need more Republicans in 2018 and must ALWAYS hold the Supreme Court!|56646|188057
realDonaldTrump|Tue Mar 27 18:35:06 +0000 2018|I am very pleased to welcome the opioid memorial to the President's Park in April. I encourage all to visit and remember those who we have lost to this deadly epidemic. We will keep fighting until we defeat the opioid crisis! https://t.co/ZM7AYJyECr|14778|66059
realDonaldTrump|Tue Mar 27 00:44:52 +0000 2018|Trade talks going on with numerous countries that, for many years, have not treated the United States fairly. In the end, all will be happy!|20057|101425
realDonaldTrump|Mon Mar 26 20:29:19 +0000 2018|Great news! #MAGA https://t.co/mRQGRJkozC|15006|67069
realDonaldTrump|Mon Mar 26 12:38:55 +0000 2018|So much Fake News. Never been more voluminous or more inaccurate. But through it all, our country is doing great!|26000|129475
realDonaldTrump|Mon Mar 26 11:05:40 +0000 2018|The economy is looking really good. It has been many years that we have seen these kind of numbers. The underlying strength of companies has perhaps never been better.|18790|95442
realDonaldTrump|Mon Mar 26 03:26:43 +0000 2018|.@HowieCarrShow just wrote a book which everyone is talking about. He was a great help. He is a veteran journalist who had a great influence in NH and beyond. He calls it the most amazing political campaign of modern times. The book is called, ?What Really Happened.? Enjoy! #MAGA https://t.co/jYhjpoJKHe|19663|72937
realDonaldTrump|Sun Mar 25 13:45:44 +0000 2018|?President Donald J. Trump Proclaims March 25, 2018, as Greek Independence Day: A National Day of Celebration of Greek and American Democracy? https://t.co/GwSJ2UK2xD https://t.co/GltMwxINA2|10825|50157
realDonaldTrump|Sun Mar 25 13:08:27 +0000 2018|Happy National #MedalOfHonorDay to our HEROES. We love you! https://t.co/6euI31R4Gz|14311|63076
realDonaldTrump|Sun Mar 25 11:49:16 +0000 2018|....lawyer or law firm will take months to get up to speed (if for no other reason than they can bill more), which is unfair to our great country - and I am very happy with my existing team. Besides, there was NO COLLUSION with Russia, except by Crooked Hillary and the Dems!|17164|79990
realDonaldTrump|Sun Mar 25 11:40:41 +0000 2018|Many lawyers and top law firms want to represent me in the Russia case...don?t believe the Fake News narrative that it is hard to find a lawyer who wants to take this on. Fame &amp; fortune will NEVER be turned down by a lawyer, though some are conflicted. Problem is that a new......|13674|64690
realDonaldTrump|Sun Mar 25 10:42:20 +0000 2018|Much can be done with the $1.6 Billion given to building and fixing the border wall. It is just a down payment. Work will start immediately. The rest of the money will come - and remember DACA, the Democrats abandoned you (but we will not)!|18766|77748
realDonaldTrump|Sun Mar 25 10:33:25 +0000 2018|Because of the $700 &amp; $716 Billion Dollars gotten to rebuild our Military, many jobs are created and our Military is again rich. Building a great Border Wall, with drugs (poison) and enemy combatants pouring into our Country, is all about National Defense. Build WALL through M!|29647|113794
realDonaldTrump|Sun Mar 25 10:10:14 +0000 2018|France honors a great hero. Officer died after bravely swapping places with hostage in ISIS related terror attack. So much bravery around the world constantly fighting radical Islamic terrorism. Even stronger measures needed, especially at borders!|18575|80304
realDonaldTrump|Sat Mar 24 16:40:11 +0000 2018|Our thoughts and prayers are with the victims of the horrible attack in France yesterday, and we grieve the nation?s loss. We also condemn the violent actions of the attacker and anyone who would provide him support. We are with you @EmmanuelMacron!|14981|80426
realDonaldTrump|Fri Mar 23 23:01:10 +0000 2018|As a matter of National Security I've signed the Omnibus Spending Bill. I say to Congress: I will NEVER sign another bill like this again. To prevent this omnibus situation from ever happening again, I'm calling on Congress to give me a line-item veto for all govt spending bills! https://t.co/kYwMk5AE5k|18444|69135
realDonaldTrump|Fri Mar 23 20:50:30 +0000 2018|Obama Administration legalized bump stocks. BAD IDEA. As I promised, today the Department of Justice will issue the rule banning BUMP STOCKS with a mandated comment period. We will BAN all devices that turn legal weapons into illegal machine guns.|16305|79535
realDonaldTrump|Fri Mar 23 16:32:58 +0000 2018|News conference at the White House concerning the Omnibus Spending Bill.  1:00 P.M.|9179|46129
realDonaldTrump|Fri Mar 23 12:55:15 +0000 2018|I am considering a VETO of the Omnibus Spending Bill based on the fact that the 800,000 plus DACA recipients have been totally abandoned by the Democrats (not even mentioned in Bill) and the BORDER WALL, which is desperately needed for our National Defense, is not fully funded.|35442|150417
realDonaldTrump|Fri Mar 23 12:26:37 +0000 2018|DACA was abandoned by the Democrats. Very unfair to them! Would have been tied to desperately needed Wall.|15649|70783
realDonaldTrump|Fri Mar 23 10:07:18 +0000 2018|House Intelligence Committee votes to release final report. FINDINGS: (1) No evidence provided of Collusion between Trump Campaign &amp; Russia. (2)  The Obama Administrations Post election response was insufficient. (3) Clapper provided inconsistent testimony on media contacts.|20026|75056
realDonaldTrump|Thu Mar 22 22:26:41 +0000 2018|I am pleased to announce that, effective 4/9/18, @AmbJohnBolton will be my new National Security Advisor. I am very thankful for the service of General H.R. McMaster who has done an outstanding job &amp; will always remain my friend. There will be an official contact handover on 4/9.|23085|93090
realDonaldTrump|Thu Mar 22 20:11:30 +0000 2018|My honor Charlie - thank you! #MAGA https://t.co/ZbXFxNVMLP|10365|48410
realDonaldTrump|Thu Mar 22 18:40:54 +0000 2018|As a candidate, I pledged that if elected I would use every lawful tool to combat unfair trade, protect American workers, and defend our national security.  Today, we took another critical step to fulfill that commitment. https://t.co/7NBI0Dibmx https://t.co/nmzqos3BUA|15022|65735
realDonaldTrump|Thu Mar 22 10:40:37 +0000 2018|Remember when they were saying, during the campaign, that Donald Trump is giving great speeches and drawing big crowds, but he is spending much less money and not using social media as well as Crooked Hillary?s large and highly sophisticated staff. Well, not saying that anymore!|19249|91588
realDonaldTrump|Thu Mar 22 10:19:57 +0000 2018|Crazy Joe Biden is trying to act like a tough guy. Actually, he is weak, both mentally and physically, and yet he threatens me, for the second time, with physical assault. He doesn?t know me, but he would go down fast and hard, crying all the way. Don?t threaten people Joe!|71316|249488
realDonaldTrump|Thu Mar 22 03:04:47 +0000 2018|Democrats refused to take care of DACA. Would have been so easy, but they just didn?t care. I had to fight for Military and start of Wall.|17454|80145
realDonaldTrump|Thu Mar 22 03:00:36 +0000 2018|Got $1.6 Billion to start Wall on Southern Border, rest will be forthcoming. Most importantly, got $700 Billion to rebuild our Military, $716 Billion next year...most ever. Had to waste money on Dem giveaways in order to take care of military pay increase and new equipment.|23592|106074
realDonaldTrump|Wed Mar 21 19:05:40 +0000 2018|.....They can help solve problems with North Korea, Syria, Ukraine, ISIS, Iran and even the coming Arms Race. Bush tried to get along, but didn?t have the ?smarts.? Obama and Clinton tried, but didn?t have the energy or chemistry (remember RESET). PEACE THROUGH STRENGTH!|19008|82536
realDonaldTrump|Wed Mar 21 18:56:14 +0000 2018|I called President Putin of Russia to congratulate him on his election victory (in past, Obama called him also). The Fake News Media is crazed because they wanted me to excoriate him. They are wrong! Getting along with Russia (and others) is a good thing, not a bad thing.......|28191|126505
realDonaldTrump|Wed Mar 21 11:29:03 +0000 2018|?Special Council is told to find crimes, whether a crime exists or not. I was opposed to the selection of Mueller to be Special Council. I am still opposed to it. I think President Trump was right when he said there never should have been a Special Council appointed because.....|17842|75967
realDonaldTrump|Wed Mar 21 11:11:17 +0000 2018|...there was no probable cause for believing that there was any crime, collusion or otherwise, or obstruction of justice!?  So stated by Harvard Law Professor Alan Dershowitz.|19020|80899
realDonaldTrump|Wed Mar 21 10:52:27 +0000 2018|Department of Justice should have urged the Supreme Court to at least hear the Drivers License case on illegal immigrants in Arizona. I agree with @LouDobbs. Should have sought review.|14177|58157
realDonaldTrump|Wed Mar 21 10:28:16 +0000 2018|AUSTIN BOMBING SUSPECT IS DEAD. Great job by law enforcement and all concerned!|25150|132417
realDonaldTrump|Tue Mar 20 15:36:23 +0000 2018|Our Nation was founded by farmers. Our independence was won by farmers. And our continent was tamed by farmers. Our farmers always lead the way -- we are PROUD of them, and we are DELIVERING for them! #NationalAgricultureDay|32540|136577
realDonaldTrump|Tue Mar 20 00:28:45 +0000 2018|The Democrats do not want to help DACA. Would be so easy to make a deal!|20942|96000
realDonaldTrump|Mon Mar 19 13:07:50 +0000 2018|A total WITCH HUNT with massive conflicts of interest!|23396|106971
realDonaldTrump|Mon Mar 19 12:16:40 +0000 2018|.@seanhannity on @foxandfriends now! Great! 8:18 A.M.|7609|48486
realDonaldTrump|Sun Mar 18 12:35:42 +0000 2018|Why does the Mueller team have 13 hardened Democrats, some big Crooked Hillary supporters, and Zero Republicans? Another Dem recently added...does anyone think this is fair? And yet, there is NO COLLUSION!|31681|121818
realDonaldTrump|Sun Mar 18 12:22:11 +0000 2018|Spent very little time with Andrew McCabe, but he never took notes when he was with me. I don?t believe he made memos except to help his own agenda, probably at a later date. Same with lying James Comey. Can we call them Fake Memos?|30018|125671
realDonaldTrump|Sun Mar 18 12:02:31 +0000 2018|Wow, watch Comey lie under oath to Senator G when asked ?have you ever been an anonymous source...or known someone else to be an anonymous source...?? He said strongly ?never, no.? He lied as shown clearly on @foxandfriends.|26207|99012
realDonaldTrump|Sun Mar 18 00:12:48 +0000 2018|The Mueller probe should never have been started in that there was no collusion and there was no crime. It was based on fraudulent activities and a Fake Dossier paid for by Crooked Hillary and the DNC, and improperly used in FISA COURT for surveillance of my campaign. WITCH HUNT!|28117|100758
realDonaldTrump|Sat Mar 17 17:34:21 +0000 2018|The Fake News is beside themselves that McCabe was caught, called out and fired. How many hundreds of thousands of dollars was given to wife?s campaign by Crooked H friend, Terry M, who was also under investigation? How many lies? How many leaks? Comey knew it all, and much more!|37343|138293
realDonaldTrump|Sat Mar 17 17:11:50 +0000 2018|As the House Intelligence Committee has concluded, there was no collusion between Russia and the Trump Campaign. As many are now finding out, however, there was tremendous leaking, lying and corruption at the highest levels of the FBI, Justice &amp; State. #DrainTheSwamp|30200|112055
realDonaldTrump|Sat Mar 17 15:00:54 +0000 2018|Happy #StPatricksDay https://t.co/4vVsW2smhB|16294|91326
realDonaldTrump|Sat Mar 17 04:08:02 +0000 2018|Andrew McCabe FIRED, a great day for the hard working men and women of the FBI - A great day for Democracy. Sanctimonious James Comey was his boss and made McCabe look like a choirboy. He knew all about the lies and corruption going on at the highest levels of the FBI!|45478|158991
realDonaldTrump|Fri Mar 16 17:42:07 +0000 2018|?U.S. Consumer Confidence Hits 14-Year High? https://t.co/tXJsSRoM64|14901|64165
realDonaldTrump|Fri Mar 16 16:27:06 +0000 2018|It would be great for the Republican Party of Nevada, and it?s unity if good guy Danny Tarkanian would run for Congress and Dean Heller, who is doing a really good job, could run for Senate unopposed!|14658|69643
realDonaldTrump|Fri Mar 16 14:40:53 +0000 2018|Our thoughts and prayers go out to the families and loved ones of the brave troops lost in the helicopter crash on the Iraq-Syria border yesterday. Their sacrifice in service to our country will never be forgotten.|20752|110714
realDonaldTrump|Fri Mar 16 01:49:47 +0000 2018|?President Donald J. Trump Delivers Remarks at the Shamrock??Bowl Presentation by Prime Minister Varadkar in the East Room of the White House? ???? https://t.co/ZbogpAE09g|11788|56961
realDonaldTrump|Thu Mar 15 23:10:56 +0000 2018|Continuing to monitor the heartbreaking bridge collapse at FIU - so tragic. Many brave First Responders rushed in to save lives. Thank you for your courage. Praying this evening for all who are affected.|18556|105215
realDonaldTrump|Thu Mar 15 17:47:50 +0000 2018|It was my honor to welcome Prime Minister Leo Varadkar of Ireland to the @WhiteHouse! https://t.co/ZT3WnIZR2L|10094|59724
realDonaldTrump|Thu Mar 15 13:29:25 +0000 2018|We do have a Trade Deficit with Canada, as we do with almost all countries (some of them massive). P.M. Justin Trudeau of Canada, a very good guy, doesn?t like saying that Canada has a Surplus vs. the U.S.(negotiating), but they do...they almost all do...and that?s how I know!|16312|76925
realDonaldTrump|Thu Mar 15 11:11:39 +0000 2018|Larry Kudlow will be my Chief Economic Advisor as Director of the National Economic Council. Our Country will have many years of Great Economic &amp; Financial Success, with low taxes, unparalleled innovation, fair trade and an ever expanding labor force leading the way! #MAGA|16772|78987
realDonaldTrump|Thu Mar 15 04:31:47 +0000 2018|Please join me with your thoughts and prayers for both aviators, their families and our incredible @USNavy. https://t.co/60bHhrp8Y1|14420|65361
realDonaldTrump|Wed Mar 14 23:49:09 +0000 2018|It was wonderful to be back in Missouri where our push for historic TAX CUTS all began. Six months ago I promised that we would cut taxes to bring Main Street roaring back - and that is exactly what is happening! https://t.co/4kPofEii3i|14010|65074
realDonaldTrump|Wed Mar 14 22:36:12 +0000 2018|Together, we are MAKING AMERICA GREAT AGAIN! https://t.co/CUutL5SZxQ|13383|66703
realDonaldTrump|Wed Mar 14 21:25:58 +0000 2018|Today the House took major steps toward securing our schools by passing the STOP School Violence Act. We must put the safety of America's children FIRST by improving training and by giving schools and law enforcement better tools. A tragedy like Parkland can't happen ever again!|19294|90761
realDonaldTrump|Wed Mar 14 21:20:42 +0000 2018|Thank you for hosting! #MAGA https://t.co/9pHH60DVlX|7052|37456
realDonaldTrump|Wed Mar 14 14:37:36 +0000 2018|We cannot keep a blind eye to the rampant unfair trade practices against our Country!|15441|81693
realDonaldTrump|Wed Mar 14 13:54:50 +0000 2018|Five of our incredible @Cabinet Secretaries are testifying on the Hill this morning on the need to rebuild our Nation?s crumbling infrastructure. We need to build FAST &amp; we need to build for our FUTURE. Thank you @SenateCommerce for hosting this hearing! #InfrastructureInAmerica|11999|54529
realDonaldTrump|Wed Mar 14 13:12:09 +0000 2018|Perhaps at no time in history have the business fundamentals of U.S. companies been better than they are today!|13124|71294
realDonaldTrump|Wed Mar 14 13:02:11 +0000 2018|Hundreds of good people, including very important Ambassadors and Judges, are being blocked and/or slow walked by the Democrats in the Senate. Many important positions in Government are unfilled because of this obstruction. Worst in U.S. history!|24983|88017
realDonaldTrump|Wed Mar 14 00:34:44 +0000 2018|All across this nation, we pray for our country and we THANK GOD for our United States Marines! Thank you. God Bless You. And God Bless America! https://t.co/vKXBd0CGH1|18628|82362
realDonaldTrump|Wed Mar 14 00:25:59 +0000 2018|It was my great honor to deliver a message at the Marine Corps Air Station Miramar to our GREAT U.S. Military, straight from the heart of the American People: We support you, we thank you, we love you - and we will always have your back! https://t.co/oCt1nH3DON|14965|70694
realDonaldTrump|Tue Mar 13 22:23:26 +0000 2018|If we don?t have a wall system, we?re not going to have a country. Congress must fund the BORDER WALL &amp; prohibit grants to sanctuary jurisdictions that threaten the security of our country &amp; the people of our country. We must enforce our laws &amp; protect our people! #BuildTheWall https://t.co/NGqNueukvj|25063|92505
realDonaldTrump|Tue Mar 13 15:27:18 +0000 2018|California?s sanctuary policies are illegal and unconstitutional and put the safety and security of our entire nation at risk. Thousands of dangerous &amp; violent criminal aliens are released as a result of sanctuary policies, set free to prey on innocent Americans. THIS MUST STOP!|31390|121890
realDonaldTrump|Tue Mar 13 15:24:23 +0000 2018|?According to the Center for Immigration Studies, the $18 billion wall will pay for itself by curbing the importation of crime, drugs and illegal immigrants who tend to go on the federal dole...? https://t.co/NdLC6jZwWE|19328|67426
realDonaldTrump|Tue Mar 13 14:37:15 +0000 2018|Heading to see the BORDER WALL prototypes in California! https://t.co/fU6Ukc271l|16004|84191
realDonaldTrump|Tue Mar 13 12:44:33 +0000 2018|Mike Pompeo, Director of the CIA, will become our new Secretary of State. He will do a fantastic job! Thank you to Rex Tillerson for his service! Gina Haspel will become the new Director of the CIA, and the first woman so chosen. Congratulations to all!|39325|119504
realDonaldTrump|Tue Mar 13 12:28:03 +0000 2018|The Economy is raging, at an all time high, and is set to get even better. Jobs and wages up. Vote for Rick Saccone and keep it going!|16287|73504
realDonaldTrump|Tue Mar 13 00:49:27 +0000 2018|THE HOUSE INTELLIGENCE COMMITTEE HAS, AFTER A 14 MONTH LONG IN-DEPTH INVESTIGATION, FOUND NO EVIDENCE OF COLLUSION OR COORDINATION BETWEEN THE TRUMP CAMPAIGN AND RUSSIA TO INFLUENCE THE 2016 PRESIDENTIAL ELECTION.|42780|156106
realDonaldTrump|Mon Mar 12 21:13:12 +0000 2018|It was my great honor to welcome the 2017 World Series Champion Houston @Astros to the @WhiteHouse! #HoustonStrong https://t.co/IO6B42jixA|14183|73812
realDonaldTrump|Mon Mar 12 14:43:36 +0000 2018|The Pittsburgh Post Gazette just endorsed Rick Saccone for Congress. He will be much better for steel and business. Very strong on experience and what our Country needs. Lamb will always vote for Pelosi and Dems....Will raise taxes, weak on Crime and Border.|12443|49440
realDonaldTrump|Mon Mar 12 14:12:11 +0000 2018|If schools are mandated to be gun free zones, violence and danger are given an open invitation to enter. Almost all school shootings are in gun free zones. Cowards will only go where there is no deterrent!|17720|76887
realDonaldTrump|Mon Mar 12 13:22:38 +0000 2018|....On 18 to 21 Age Limits, watching court cases and rulings before acting. States are making this decision. Things are moving rapidly on this, but not much political support (to put it mildly).|10552|54233
realDonaldTrump|Mon Mar 12 13:15:57 +0000 2018|Very strong improvement and strengthening of background checks will be fully backed by White House. Legislation moving forward. Bump Stocks will soon be out. Highly trained expert teachers will be allowed to conceal carry, subject to State Law. Armed guards OK, deterrent!.......|16443|79357
realDonaldTrump|Mon Mar 12 12:20:03 +0000 2018|Secretary of Commerce Wilbur Ross will be speaking with representatives of the European Union about eliminating the large Tariffs and Barriers they use against the U.S.A. Not fair to our farmers and manufacturers.|14694|65500
realDonaldTrump|Sun Mar 11 15:16:22 +0000 2018|Rasmussen and others have my approval ratings at around 50%, which is higher than Obama, and yet the political pundits love saying my approval ratings are ?somewhat low.? They know they are lying when they say it. Turn off the show - FAKE NEWS!|23635|103034
realDonaldTrump|Sun Mar 11 14:49:29 +0000 2018|The Democrats continue to Obstruct the confirmation of hundreds of good and talented people who are needed to run our government...A record in U.S. history. State Department, Ambassadors and many others are being slow walked. Senate must approve NOW!|23973|89366
realDonaldTrump|Sun Mar 11 14:02:23 +0000 2018|The Republicans are 5-0 in recent Congressional races, a point which the Fake News Media continuously fails to mention. I backed and campaigned for all of the winners. They give me credit for one. Hopefully, Rick Saccone will be another big win on Tuesday.|17512|75741
realDonaldTrump|Sun Mar 11 13:50:47 +0000 2018|...have shown conclusively that there was no Collusion with Russia..just excuse for losing. The only Collusion was that done by the DNC, the Democrats and Crooked Hillary. The writer of the story, Maggie Haberman, a Hillary flunky, knows nothing about me and is not given access.|18979|82925
realDonaldTrump|Sun Mar 11 13:41:04 +0000 2018|The Failing New York Times purposely wrote a false story stating that I am unhappy with my legal team on the Russia case and am going to add another lawyer to help out. Wrong. I am VERY happy with my lawyers, John Dowd, Ty Cobb and Jay Sekulow. They are doing a great job and.....|20270|89268
realDonaldTrump|Sun Mar 11 01:37:31 +0000 2018|Epic crowd in Moon Township, Pennsylvania tonight. Thank you! Get out on Tuesday and VOTE for Rick @Saccone4PA18. Together, we are MAKING AMERICA GREAT AGAIN! https://t.co/ckbCOsDQ2l|18178|70705
realDonaldTrump|Sat Mar 10 23:56:47 +0000 2018|"Join me LIVE in Moon Township, Pennsylvania at 7:00pmE. Great crowd for a #MAGA rally!
https://t.co/PYJNg0WGDL"|7307|41537
realDonaldTrump|Sat Mar 10 21:29:37 +0000 2018|The European Union, wonderful countries who treat the U.S. very badly on trade, are complaining about the tariffs on Steel &amp; Aluminum. If they drop their horrific barriers &amp; tariffs on U.S. products going in, we will likewise drop ours. Big Deficit. If not, we Tax Cars etc. FAIR!|22895|96551
realDonaldTrump|Sat Mar 10 20:02:02 +0000 2018|In the first hours after hearing that North Korea?s leader wanted to meet with me to talk denuclearization and that missile launches will end, the press was startled &amp; amazed.They couldn?t believe it. But by the following morning the news became FAKE.They said so what, who cares!|20512|86601
realDonaldTrump|Sat Mar 10 18:38:17 +0000 2018|North Korea has not conducted a Missile Test since November 28, 2017 and has promised not to do so through our meetings. I believe they will honor that commitment!|17120|87786
realDonaldTrump|Sat Mar 10 18:22:10 +0000 2018|Heading to Moon Township, Pennsylvania, to be with a really good person, State Representative Rick Saccone, who is running for Congress. Big &amp; happy crowd (why not, some of the best economic numbers ever). Rick will help me a lot. Also, tough on crime &amp; border. Loves 2nd A &amp; VETS|13168|61973
realDonaldTrump|Sat Mar 10 17:23:16 +0000 2018|Spoke to Prime Minister Abe of Japan, who is very enthusiastic about talks with North Korea. Also discussing opening up Japan to much better trade with the U.S. Currently have a massive $100 Billion Trade Deficit. Not fair or sustainable. It will all work out!|16083|70256
realDonaldTrump|Sat Mar 10 16:15:19 +0000 2018|Chinese President XI JINPING and I spoke at length about the meeting with KIM JONG UN of North Korea. President XI told me he appreciates that the U.S. is working to solve the problem diplomatically rather than going with the ominous alternative. China continues to be helpful!|18297|88785
realDonaldTrump|Sat Mar 10 15:52:04 +0000 2018|Congratulations to Kristian Saucier, a man who has served proudly in the Navy, on your newly found Freedom. Now you can go out and have the life you deserve!|17732|83352
realDonaldTrump|Sat Mar 10 13:38:51 +0000 2018|We are deeply saddened by the tragic situation in Yountville and mourn the loss of three incredible women who cared for our Veterans.|13383|73017
realDonaldTrump|Sat Mar 10 00:42:49 +0000 2018|The deal with North Korea is very much in the making and will be, if completed, a very good one for the World. Time and place to be determined.|25671|122030
realDonaldTrump|Fri Mar 09 22:48:52 +0000 2018|Spoke to PM @TurnbullMalcolm of Australia. He is committed to having a very fair and reciprocal military and trade relationship. Working very quickly on a security agreement so we don?t have to impose steel or aluminum tariffs on our ally, the great nation of Australia!|16522|76213
realDonaldTrump|Fri Mar 09 20:40:53 +0000 2018|That?s right @RepBost! Thank you for your support in helping put America back to work. It?s about JOBS, JOBS, JOBS for our incredible workers and putting AMERICA FIRST! https://t.co/ChUQEa6rsC|12539|53100
realDonaldTrump|Fri Mar 09 20:35:10 +0000 2018|Look forward to being in Pennsylvania tomorrow in support of Rick @Saccone4PA18. Big crowd expected in Moon Township. Vote Rick and see you there! #MAGA|11837|52495
realDonaldTrump|Fri Mar 09 16:47:37 +0000 2018|JOBS, JOBS, JOBS! #MAGA https://t.co/YAaqRcA7ZS|17419|69155
realDonaldTrump|Fri Mar 09 01:08:14 +0000 2018|Kim Jong Un talked about denuclearization with the South Korean Representatives, not just a freeze. Also, no missile testing by North Korea during this period of time. Great progress being made but sanctions will remain until an agreement is reached. Meeting being planned!|43021|168068
realDonaldTrump|Thu Mar 08 22:17:04 +0000 2018|"?Presidential Proclamation on Adjusting Imports of Aluminum into the United States? 
 
Proclamation: https://t.co/aCaMtOUAl0
Remarks: https://t.co/nypErcqFSU https://t.co/rcrkpvChkz"|11754|51262
realDonaldTrump|Thu Mar 08 22:16:36 +0000 2018|"?Presidential Proclamation on Adjusting Imports of Steel into the United States?
 
Proclamation: https://t.co/hxduwSoElz
Remarks: https://t.co/nypErcqFSU https://t.co/q92FDYZeUl"|9088|42496
realDonaldTrump|Thu Mar 08 18:58:46 +0000 2018|Great meeting with @Cabinet at the @WhiteHouse today! #MAGA https://t.co/InWj0QTosz|8846|46780
realDonaldTrump|Thu Mar 08 18:20:06 +0000 2018|"Happy #InternationalWomensDay

?First Lady Melania Trump to Present the 2018 International Women of Courage Award? https://t.co/EwYtFXGvn2"|11389|56762
realDonaldTrump|Thu Mar 08 12:38:32 +0000 2018|Looking forward to 3:30 P.M. meeting today at the White House. We have to protect &amp; build our Steel and Aluminum Industries while at the same time showing great flexibility and cooperation toward those that are real friends  and treat us fairly on both trade and the military.|18203|89925
realDonaldTrump|Wed Mar 07 15:38:49 +0000 2018|The U.S. is acting swiftly on Intellectual Property theft. We cannot allow this to happen as it has for many years!|18546|92114
realDonaldTrump|Wed Mar 07 15:10:48 +0000 2018|China has been asked to develop a plan for the year of a One Billion Dollar reduction in their massive Trade Deficit with the United States. Our relationship with China has been a very good one, and we look forward to seeing what ideas they come back with. We must act soon!|17988|83830
realDonaldTrump|Wed Mar 07 11:40:29 +0000 2018|From Bush 1 to present, our Country has lost more than 55,000 factories, 6,000,000 manufacturing jobs and accumulated Trade Deficits of more than 12 Trillion Dollars. Last year we had a Trade Deficit of almost 800 Billion Dollars. Bad Policies &amp; Leadership. Must WIN again!  #MAGA|34007|124422
realDonaldTrump|Wed Mar 07 11:24:42 +0000 2018|@MarkBurnettTV @RealRomaDowney From Bush 1 to present, our Country has lost more than 55,000 factories, 6,000,000 manufacturing jobs and accumulated Trade Deficits of more than 12 Trillion Dollars. Last year we had a Trade Deficit of almost 800 Billion Dollars. Bad policies &amp; leadership. Must win again!  #MAGA|1114|2659
realDonaldTrump|Wed Mar 07 10:44:26 +0000 2018|Great couple, great book! https://t.co/cLDI79rin8|7149|37037
realDonaldTrump|Wed Mar 07 00:49:30 +0000 2018|Will be making a decision soon on the appointment of new Chief Economic Advisor. Many people wanting the job - will choose wisely!|15671|84420
realDonaldTrump|Tue Mar 06 14:11:54 +0000 2018|Possible progress being made in talks with North Korea. For the first time in many years, a serious effort is being made by all parties concerned. The World is watching and waiting! May be false hope, but the U.S. is ready to go hard in either direction!|26331|118254
realDonaldTrump|Tue Mar 06 13:46:57 +0000 2018|Federal Judge in Maryland has just ruled that ?President Trump has the right to end DACA.? President Obama had 8 years to fix this problem, and didn?t. I am waiting for the Dems, they are running for the hills!|21340|82460
realDonaldTrump|Tue Mar 06 13:25:15 +0000 2018|Lowest rated Oscars in HISTORY. Problem is, we don?t have Stars anymore - except your President (just kidding, of course)!|55662|205499
realDonaldTrump|Tue Mar 06 13:05:34 +0000 2018|We will see what happens! https://t.co/Y1qxoAUfd9|9306|37845
realDonaldTrump|Tue Mar 06 13:02:59 +0000 2018|We are getting it done - jobs and security! https://t.co/Ui8bubj7Yr|12310|51087
realDonaldTrump|Tue Mar 06 13:00:58 +0000 2018|Total inaction on DACA by Dems. Where are you? A deal can be made!|14565|69998
realDonaldTrump|Tue Mar 06 12:55:35 +0000 2018|The new Fake News narrative is that there is CHAOS in the White House. Wrong! People will always come &amp; go, and I want strong dialogue before making a final decision. I still have some people that I want to change (always seeking perfection). There is no Chaos, only great Energy!|21556|94656
realDonaldTrump|Mon Mar 05 20:37:51 +0000 2018|It?s March 5th and the Democrats are nowhere to be found on DACA. Gave them 6 months, they just don?t care. Where are they? We are ready to make a deal!|28263|109918
realDonaldTrump|Mon Mar 05 13:22:29 +0000 2018|Why did the Obama Administration start an investigation into the Trump Campaign (with zero proof of wrongdoing) long before the Election in November? Wanted to discredit so Crooked H would win. Unprecedented. Bigger than Watergate! Plus, Obama did NOTHING about Russian meddling.|37005|126455
realDonaldTrump|Mon Mar 05 12:57:12 +0000 2018|To protect our Country we must protect American Steel! #AMERICA FIRST|16399|80910
realDonaldTrump|Mon Mar 05 11:53:48 +0000 2018|...treat our farmers much better. Highly restrictive. Mexico must do much more on stopping drugs from pouring into the U.S. They have not done what needs to be done. Millions of people addicted and dying.|17164|83074
realDonaldTrump|Mon Mar 05 11:47:56 +0000 2018|We have large trade deficits with Mexico and Canada. NAFTA, which is under renegotiation right now, has been a bad deal for U.S.A. Massive relocation of companies &amp; jobs. Tariffs on Steel and Aluminum will only come off if new &amp; fair NAFTA agreement is signed. Also, Canada must..|18252|79332
realDonaldTrump|Mon Mar 05 00:10:12 +0000 2018|We are on the losing side of almost all trade deals. Our friends and enemies have taken advantage of the U.S. for many years. Our Steel and Aluminum industries are dead. Sorry, it?s time for a change! MAKE AMERICA GREAT AGAIN!|25123|113433
realDonaldTrump|Sun Mar 04 17:42:03 +0000 2018|The Gridiron Dinner last night was great fun. I am accomplishing a lot in Washington and have never had a better time doing something, and especially since this is for the American People!|18891|98729
realDonaldTrump|Sat Mar 03 17:53:50 +0000 2018|If the E.U. wants to further increase their already massive tariffs and barriers on U.S. companies doing business there, we will simply apply a Tax on their Cars which freely pour into the U.S. They make it impossible for our cars (and more) to sell there. Big trade imbalance!|29127|120249
realDonaldTrump|Sat Mar 03 17:43:26 +0000 2018|The United States has an $800 Billion Dollar Yearly Trade Deficit because of our ?very stupid? trade deals and policies. Our jobs and wealth are being given to other countries that have taken advantage of us for years. They laugh at what fools our leaders have been. No more!|29419|125787
realDonaldTrump|Sat Mar 03 17:33:53 +0000 2018|Mainstream Media in U.S. is being mocked all over the world. They?ve gone CRAZY! https://t.co/4UGYuJpUA7|19394|71799
realDonaldTrump|Sat Mar 03 14:15:00 +0000 2018|Happy National Anthem Day! https://t.co/cf1eugMbKU|20755|91365
realDonaldTrump|Fri Mar 02 19:48:19 +0000 2018|REST IN PEACE BILLY GRAHAM! https://t.co/2qMoUccVC2|21304|108779
realDonaldTrump|Fri Mar 02 13:57:22 +0000 2018|When a country Taxes our products coming in at, say, 50%, and we Tax the same product coming into our country at ZERO, not fair or smart. We will soon be starting RECIPROCAL TAXES so that we will charge the same thing as they charge us. $800 Billion Trade Deficit-have no choice!|29442|119781
realDonaldTrump|Fri Mar 02 13:01:58 +0000 2018|We must protect our country and our workers. Our steel industry is in bad shape. IF YOU DON?T HAVE STEEL, YOU DON?T HAVE A COUNTRY!|20786|100402
realDonaldTrump|Fri Mar 02 11:18:28 +0000 2018|Eric, we are all with you and your family! Look forward to seeing you back on T.V. https://t.co/d6y3Q00BSy|11805|53432
realDonaldTrump|Fri Mar 02 11:07:40 +0000 2018|Alec Baldwin, whose dying mediocre career was saved by his terrible impersonation of me on SNL, now says playing me was agony. Alec, it was agony for those who were forced to watch. Bring back Darrell Hammond, funnier and a far greater talent!|26967|135916
realDonaldTrump|Fri Mar 02 10:50:34 +0000 2018|When a country (USA) is losing many billions of dollars on trade with virtually every country it does business with, trade wars are good, and easy to win. Example, when we are down $100 billion with a certain country and they get cute, don?t trade anymore-we win big. It?s easy!|21714|97729
realDonaldTrump|Fri Mar 02 03:04:51 +0000 2018|Good (Great) meeting in the Oval Office tonight with the NRA!|16531|90713
realDonaldTrump|Fri Mar 02 00:52:43 +0000 2018|Manufacturing growing at the fastest pace in almost two decades!|14001|73318
realDonaldTrump|Fri Mar 02 00:51:28 +0000 2018|Jobless claims at a 49 year low!|14429|73514
realDonaldTrump|Thu Mar 01 21:31:32 +0000 2018|"Together, we will face this challenge as a national family with conviction, with unity, and with a commitment to love and support our neighbors in times of dire need. Working together, we will defeat this #OpioidEpidemic.
Full Opioid Summit: https://t.co/qqfeVr4BBf https://t.co/oFvr0DJMEf"|11230|50343
realDonaldTrump|Thu Mar 01 20:40:52 +0000 2018|?Consumer Confidence in February Highest Since November 2000? https://t.co/UgAJRawExx|10110|45663
realDonaldTrump|Thu Mar 01 18:26:55 +0000 2018|?Manufacturing in U.S. Expands at Fastest Pace Since May 2004? https://t.co/XZkwS8tTml|10885|47388
realDonaldTrump|Thu Mar 01 18:06:30 +0000 2018|Unemployment filings are at their lowest level in over 48 years. Great news for workers and JOBS, JOBS, JOBS! #MAGA https://t.co/SzHTarzfrW|14345|57478
realDonaldTrump|Thu Mar 01 12:12:42 +0000 2018|Our Steel and Aluminum industries (and many others) have been decimated by decades of unfair trade and bad policy with countries from around the world. We must not let our country, companies and workers be taken advantage of any longer. We want free, fair and SMART TRADE!|21653|100473
realDonaldTrump|Thu Mar 01 11:53:58 +0000 2018|Many ideas, some good &amp; some not so good, emerged from our bipartisan meeting on school safety yesterday at the White House. Background Checks a big part of conversation. Gun free zones are proven targets of killers. After many years, a Bill should emerge. Respect 2nd Amendment!|16533|77094
realDonaldTrump|Wed Feb 28 21:34:16 +0000 2018|It was an honor to welcome bipartisan members of Congress for a discussion on SAFE schools and SAFE communities. As we continue to mourn the loss of so many precious young lives in Parkland, we are determined to turn our grief into action. Full meeting: https://t.co/tbl94sCM01 https://t.co/TmUMusoR9x|11187|52034
realDonaldTrump|Wed Feb 28 19:01:34 +0000 2018|"Today we honor Billy Graham as only three private citizens before him have been honored. 

We say a prayer for our country: that all across this land, the Lord will raise up men and women like Billy Graham to spread a message of love and hope to every precious child of God. https://t.co/EM4lZUZpX9"|16530|70955
realDonaldTrump|Wed Feb 28 18:36:53 +0000 2018|Starting at a small Bible School in Florida, Billy Graham soon led a nationwide revival. From a large tent in Los Angeles, to one hundred thousand people in a single day at Yankee Stadium, to more than two million people at Madison Square Garden over sixteen weeks in 1957... https://t.co/z1vvAemlBP|13753|64730
realDonaldTrump|Wed Feb 28 17:10:22 +0000 2018|Today, in the center of this great Chamber lies Billy Graham ? an Ambassador for Christ who reminded the world of the power of prayer and the gift of God?s grace. https://t.co/5aMh8nFPJW|16880|73003
realDonaldTrump|Wed Feb 28 14:34:37 +0000 2018|Why is A.G. Jeff Sessions asking the Inspector General to investigate potentially massive FISA abuse. Will take forever, has no prosecutorial power and already late with reports on Comey etc. Isn?t the I.G. an Obama guy? Why not use Justice Department lawyers? DISGRACEFUL!|24487|87604
realDonaldTrump|Wed Feb 28 14:08:21 +0000 2018|45 year low on illegal border crossings this year. Ice and Border Patrol Agents are doing a great job for our Country. MS-13 thugs being hit hard.|19928|108667
realDonaldTrump|Wed Feb 28 12:29:56 +0000 2018|I have decided that sections of the Wall that California wants built NOW will not be built until the whole Wall is approved. Big victory yesterday with ruling from the courts that allows us to proceed. OUR COUNTRY MUST HAVE BORDER SECURITY!|21236|97975
realDonaldTrump|Wed Feb 28 12:02:58 +0000 2018|The Heritage Foundation has just stated that 64% of the Trump Agenda is already done, faster than even Ronald Reagan. ?We?re blown away,? said Thomas Binion of Heritage, President Trump ?is very active, very conservative and very effective. Huge volume &amp; spectrum of issues.?|22490|91652
realDonaldTrump|Wed Feb 28 04:28:31 +0000 2018|Big legal win today. U.S. judge sided with the Trump Administration and rejected the attempt to stop the government from building a great Border Wall on the Southern Border. Now this important project can go forward!|22372|97052
realDonaldTrump|Wed Feb 28 04:20:43 +0000 2018|Such a beautiful map, thank you! https://t.co/FyQdgKvsRO|16064|68520
realDonaldTrump|Tue Feb 27 22:58:19 +0000 2018|.@SenatorWicker of Mississippi has been a great supporter and incredible help in getting our massive Tax Cut Bill done and approved. Also big help on cutting regs. I am with him in his re-election all the way!|11631|48919
realDonaldTrump|Tue Feb 27 22:55:36 +0000 2018|Texas LC George P. Bush backed me when it wasn?t the politically correct thing to do, and I back him now. Also, AC Sid Miller has been with me from the beginning, he is ?Trump?s Man in Texas.? Also support Comptroller Glenn Hegar, and Railroad Commissioner Christi Craddick.|14766|63113
realDonaldTrump|Tue Feb 27 18:18:22 +0000 2018|?American consumers are the most confident they've been since 2000....A strong job market is boosting confidence. The unemployment rate has stayed at a 17-year low.? https://t.co/aL7aVoR7XC|12859|56052
realDonaldTrump|Tue Feb 27 18:11:19 +0000 2018|I want to encourage all of my many Texas friends to vote in the primary for Governor Greg Abbott, Senator Ted Cruz, Lt. Gov. Dan Patrick, and Attorney General Ken Paxton. They are helping me to Make America Great Again! Vote early or on March 6th.|27970|102788
realDonaldTrump|Tue Feb 27 12:49:41 +0000 2018|WITCH HUNT!|22627|90582
realDonaldTrump|Tue Feb 27 12:45:58 +0000 2018|?We?ve seen NO EVIDENCE OF COLLUSION....I have seen nothing, the firing of James Comey and all of the aftermath, that suggests that the President has obstructed justice because he?s exercising his power as the President of the U.S. I just don?t see it.?  Judge Ken Starr|22376|89507
realDonaldTrump|Tue Feb 27 12:28:59 +0000 2018|?I?ve been skeptical about the collusion and obstruction claims for the last year. I just don?t see the evidence....in terms of the collusion, it?s all a bit implausible based on the evidence we have.?  Jonathan Turley on @FoxNews|14074|63305
realDonaldTrump|Tue Feb 27 11:59:30 +0000 2018|?He?s got a very good point. Somebody in the Justice Department has a treasure trove of evidence of Mrs. Clinton?s criminality at her own hands, or through others, that ought to be investigated. I fully agree with the President on that.? @judgenapolitano on @marthamaccallum Show|18640|66903
realDonaldTrump|Sun Feb 25 01:00:46 +0000 2018|I will be interviewed by @JudgeJeanine on @FoxNews at 9:00 P.M. Enjoy!|8173|48392
realDonaldTrump|Sun Feb 25 00:56:35 +0000 2018|?Congressman Schiff omitted and distorted key facts? @FoxNews  So, what else is new. He is a total phony!|18527|74126
realDonaldTrump|Sat Feb 24 23:44:11 +0000 2018|?Russians had no compromising information on Donald Trump? @FoxNews  Of course not, because there is none, and never was. This whole Witch Hunt is an illegal disgrace...and Obama did nothing about Russia!|18326|71423
realDonaldTrump|Sat Feb 24 23:20:06 +0000 2018|Dem Memo: FBI did not disclose who the clients were - the Clinton Campaign and the DNC. Wow!|20634|77423
realDonaldTrump|Sat Feb 24 23:16:13 +0000 2018|The Democrat memo response on government surveillance abuses is a total political and legal BUST. Just confirms all of the terrible things that were done. SO ILLEGAL!|19671|80090
realDonaldTrump|Sat Feb 24 22:26:15 +0000 2018|BIG CPAC STRAW POLL RESULTS: 93% APPROVE OF THE JOB PRESIDENT TRUMP IS DOING (Thank you!). 50% say President Trump should Tweet MORE or SAME (funny!). 79% say Republicans in Congress should do a better job of working with President Trump (starting to happen).|24220|96446
realDonaldTrump|Sat Feb 24 21:18:01 +0000 2018|Dems are no longer talking DACA! ?Out of sight, out of mind,? they say. DACA beneficiaries should not be happy. Nancy Pelosi truly doesn?t care about them. Republicans stand ready to make a deal!|21439|91170
realDonaldTrump|Sat Feb 24 21:07:43 +0000 2018|Unemployment claims are at the lowest level since 1973. Much of this has to do with the massive cutting of unnecessary and job killing Regulations!|15267|72275
realDonaldTrump|Sat Feb 24 20:16:32 +0000 2018|Democrat judges have totally redrawn election lines in the great State of Pennsylvania. @FoxNews. This is very unfair to Republicans and to our country as a whole. Must be appealed to the United States Supreme Court ASAP!|21525|77626
realDonaldTrump|Sat Feb 24 18:54:14 +0000 2018|Armed Educators (and trusted people who work within a school) love our students and will protect them. Very smart people. Must be firearms adept &amp; have annual training. Should get yearly bonus. Shootings will not happen again - a big &amp; very inexpensive deterrent. Up to States.|19785|83467
realDonaldTrump|Sat Feb 24 13:21:02 +0000 2018|So true Wayne, and Lowest black unemployment in history! https://t.co/gDxxJdZQUm|19425|78403
realDonaldTrump|Fri Feb 23 22:46:47 +0000 2018|Thank you to the great men and women of the United States @SecretService for a job well done!|14793|84000
realDonaldTrump|Fri Feb 23 21:19:37 +0000 2018|"Today, @FLOTUS Melania and I were honored to welcome Prime Minister @TurnbullMalcolm and Mrs. Turnbull of Australia to the @WhiteHouse!

????Press Conference: https://t.co/rKokJGRsgu https://t.co/PkJUw8x9jb"|8539|46163
realDonaldTrump|Fri Feb 23 17:12:40 +0000 2018|Our nation?s motto is IN GOD WE TRUST. This week, our nation lost an incredible leader who devoted his life to helping us understand what those words really mean. We will never forget the historic crowds, the voice, the energy, and the profound faith of Billy Graham! #CPAC2018 https://t.co/5GDh7Jonkv|19884|83262
realDonaldTrump|Fri Feb 23 17:08:42 +0000 2018|We salute our great American flag, we put our hands on our hearts for the pledge of Allegiance, and we all PROUDLY STAND for the National Anthem. #CPAC2018 https://t.co/qGKW2xGjP0|17362|74582
realDonaldTrump|Fri Feb 23 17:06:36 +0000 2018|After years of rebuilding OTHER nations, we are finally rebuilding OUR nation - and we are restoring our confidence and our pride! #CPAC2018 https://t.co/rD9oTU8iex|15191|67320
realDonaldTrump|Fri Feb 23 13:09:54 +0000 2018|For those of you who are still interested, the Democrats have totally forgotten about DACA. Not a lot of interest on this subject from them!|23507|94272
realDonaldTrump|Fri Feb 23 13:07:07 +0000 2018|My daughter, Ivanka, just arrived in South Korea. We cannot have a better, or smarter, person representing our country.|13746|95425
realDonaldTrump|Fri Feb 23 13:01:09 +0000 2018|CPAC Today!|7387|45228
realDonaldTrump|Fri Feb 23 11:28:35 +0000 2018|MS-13 gang members are being removed by our Great ICE and Border Patrol Agents by the thousands, but these killers come back in from El Salvador, and through Mexico, like water. El Salvador just takes our money, and Mexico must help MORE with this problem. We need The Wall!|26862|121241
realDonaldTrump|Fri Feb 23 01:26:26 +0000 2018|?School shooting survivor says he quit @CNN Town Hall after refusing scripted question.? @TuckerCarlson. Just like so much of CNN, Fake News. That?s why their ratings are so bad! MSNBC may be worse.|29840|108244
realDonaldTrump|Thu Feb 22 20:07:20 +0000 2018|"Today, it was my great honor to host a School Safety Roundtable at the @WhiteHouse with State and local leaders, law enforcement officers, and education officials.

There is nothing more important than protecting our children. They deserve to be safe, and we will deliver! https://t.co/WhC2AxgWXO"|17710|80530
realDonaldTrump|Thu Feb 22 16:29:50 +0000 2018|On behalf of an entire Nation, CONGRATULATIONS to the U.S. Women's Hockey Team on winning the GOLD! #GoTeamUSA #Olympics https://t.co/3cUZwLVGua|17352|100201
realDonaldTrump|Thu Feb 22 14:53:52 +0000 2018|Will be meeting with Lawmakers today at 11:30 A.M. to discuss School Safety.  Next week it will be with our Nation?s Governors. It?s been many years of all talk, no action. We?ll get it done!|18741|102672
realDonaldTrump|Thu Feb 22 14:31:35 +0000 2018|What many people don?t understand, or don?t want to understand, is that Wayne, Chris and the folks who work so hard at the @NRA are Great People and Great American Patriots. They love our Country and will do the right thing.                  MAKE AMERICA GREAT AGAIN!|21484|89260
realDonaldTrump|Thu Feb 22 13:13:32 +0000 2018|I will be strongly pushing Comprehensive Background Checks with an emphasis on Mental Health. Raise age to 21 and end sale of Bump Stocks! Congress is in a mood to finally do something on this issue - I hope!|35729|182654
realDonaldTrump|Thu Feb 22 13:05:18 +0000 2018|....If a potential ?sicko shooter? knows that a school has a large number of very weapons talented teachers (and others) who will be instantly shooting, the sicko will NEVER attack that school. Cowards won?t go there...problem solved. Must be offensive, defense alone won?t work!|24474|103446
realDonaldTrump|Thu Feb 22 12:54:09 +0000 2018|....History shows that a school shooting lasts, on average, 3 minutes. It takes police &amp; first responders approximately 5 to 8 minutes to get to site of crime. Highly trained, gun adept, teachers/coaches would solve the problem instantly, before police arrive. GREAT DETERRENT!|28355|121973
realDonaldTrump|Thu Feb 22 12:40:08 +0000 2018|....immediately fire back if a savage sicko came to a school with bad intentions. Highly trained teachers would also serve as a deterrent to the cowards that do this. Far more assets at much less cost than guards. A ?gun free? school is a magnet for bad people. ATTACKS WOULD END!|21297|98939
realDonaldTrump|Thu Feb 22 12:26:28 +0000 2018|I never said ?give teachers guns? like was stated on Fake News @CNN &amp; @NBC. What I said was to look at the possibility of giving ?concealed guns to gun adept teachers with military or special training experience - only the best. 20% of teachers, a lot, would now be able to|21322|85692
realDonaldTrump|Thu Feb 22 01:40:33 +0000 2018|"I will always remember the time I spent today with courageous students, teachers and families. So much love in the midst of so much pain. We must not let them down. We must keep our children safe!!

Full Listening Session: https://t.co/x5VenyQX5p https://t.co/CAPfX5odIp"|22667|102478
realDonaldTrump|Wed Feb 21 21:12:45 +0000 2018|.@FLOTUS Melania and I join millions of people around the world in mourning the passing of Billy Graham. Our prayers are with his children, grandchildren, great-grandchildren and all who worked closely with Reverend Graham in his lifelong ministry. https://t.co/e1697tcyaI|17465|81387
realDonaldTrump|Wed Feb 21 18:20:25 +0000 2018|Yesterday, it was my great honor to recognize extraordinary Law Enforcement Officers and First Responders, and to award them the the highest possible decoration for bravery by public safety officers, the Medal of Valor. #AmericanHeroes https://t.co/em0wBbvy5P|14433|72195
realDonaldTrump|Wed Feb 21 14:40:21 +0000 2018|Question: If all of the Russian meddling took place during the Obama Administration, right up to January 20th, why aren?t they the subject of the investigation? Why didn?t Obama do something about the meddling? Why aren?t Dem crimes under investigation? Ask Jeff Sessions!|30967|112531
realDonaldTrump|Wed Feb 21 14:22:07 +0000 2018|The GREAT Billy Graham is dead. There was nobody like him! He will be missed by Christians and all religions. A very special man.|28509|146242
realDonaldTrump|Wed Feb 21 01:18:36 +0000 2018|@CNN @MSNBC Whether we are Republican or Democrat, we must now focus on strengthening Background Checks!|15372|79014
realDonaldTrump|Wed Feb 21 01:14:19 +0000 2018|So true, thank you! https://t.co/9TTXlfokYz|20739|94728
realDonaldTrump|Wed Feb 21 01:08:00 +0000 2018|Bad ratings @CNN &amp; @MSNBC got scammed when they covered the anti-Trump Russia rally wall-to-wall. They probably knew it was Fake News but, because it was a rally against me, they pushed it hard anyway. Two really dishonest newscasters, but the public is wise!|21224|91849
realDonaldTrump|Tue Feb 20 17:49:07 +0000 2018|"Main Street is BOOMING thanks to our incredible TAX CUT and Reform law. \"This shows small-business owners are more than just optimistic, they are ready to grow their businesses.\" https://t.co/w9aw68UwOj"|16721|72404
realDonaldTrump|Tue Feb 20 15:29:07 +0000 2018|....cameras running. Another False Accusation. Why doesn?t @washingtonpost report the story of the women taking money to make up stories about me? One had her home mortgage paid off. Only @FoxNews so reported...doesn?t fit the Mainstream Media narrative.|18718|76520
realDonaldTrump|Tue Feb 20 15:16:06 +0000 2018|A woman I don?t know and, to the best of my knowledge, never met, is on the FRONT PAGE of the Fake News Washington Post saying I kissed her (for two minutes yet) in the lobby of Trump Tower 12 years ago. Never happened! Who would do this in a public space with live security......|20652|93221
realDonaldTrump|Tue Feb 20 13:38:49 +0000 2018|I have been much tougher on Russia than Obama, just look at the facts. Total Fake News!|15388|75381
realDonaldTrump|Tue Feb 20 13:11:58 +0000 2018|Hope Republicans in the Great State of Pennsylvania challenge the new ?pushed? Congressional Map, all the way to the Supreme Court, if necessary. Your Original was correct! Don?t let the Dems take elections away from you so that they can raise taxes &amp; waste money!|19309|76744
realDonaldTrump|Tue Feb 20 13:03:53 +0000 2018|Matt Schlapp and CPAC are getting ready for another exciting event. Big difference from those days when President Obama held the White House. You?ve come a long way Matt!|9685|50085
realDonaldTrump|Tue Feb 20 12:54:39 +0000 2018|Republicans are now leading the Generic Poll, perhaps because of the popular Tax Cuts which the Dems want to take away. Actually, they want to raise you taxes, substantially. Also, they want to do nothing on DACA, R?s want to fix!|16386|79589
realDonaldTrump|Tue Feb 20 12:46:18 +0000 2018|....The President Obama quote just before election. That?s because he thought Crooked Hillary was going to win and he didn?t want to ?rock the boat.? When I easily won the Electoral College, the whole game changed and the Russian excuse became the narrative of the Dems.|19696|82575
realDonaldTrump|Tue Feb 20 12:37:20 +0000 2018|?There is no serious person out there who would suggest somehow that you could even rig America?s elections, there?s no evidence that that has happened in the past or that it will happen this time, and so I?d invite Mr. Trump to stop whining and make his case to get votes.? .....|16565|65631
realDonaldTrump|Tue Feb 20 12:24:54 +0000 2018|Thank you to @foxandfriends for the great timeline on all of the failures the Obama Administration had against Russia, including Crimea, Syria and so much more. We are now starting to win again!|13978|64336
realDonaldTrump|Tue Feb 20 02:48:02 +0000 2018|?The Faith of Donald Trump,? a book just out by David Brody and Scott Lamb, is a very interesting read. Enjoy!|12621|66048
realDonaldTrump|Tue Feb 20 02:29:29 +0000 2018|The U.S. economy is looking very good, in my opinion, even better than anticipated. Companies are pouring back into our country, reversing the long term trend of leaving. The unemployment numbers are looking great, and Regulations &amp; Taxes have been massively Cut! JOBS, JOBS, JOBS|24178|117107
realDonaldTrump|Tue Feb 20 02:21:08 +0000 2018|.@MittRomney has announced he is running for the Senate from the wonderful State of Utah. He will make a great Senator and worthy successor to @OrrinHatch, and has my full support and endorsement!|8980|53508
realDonaldTrump|Mon Feb 19 19:55:49 +0000 2018|Obama was President up to, and beyond, the 2016 Election. So why didn?t he do something about Russian meddling?|21253|88423
realDonaldTrump|Mon Feb 19 13:42:10 +0000 2018|Have a great, but very reflective, President?s Day!|22633|139699
realDonaldTrump|Mon Feb 19 04:28:40 +0000 2018|Just watched a very insecure Oprah Winfrey, who at one point I knew very well, interview a panel of people on 60 Minutes. The questions were biased and slanted, the facts incorrect. Hope Oprah runs so she can be exposed and defeated just like all of the others!|32570|148275
realDonaldTrump|Sun Feb 18 19:13:02 +0000 2018|My great friends from NASCAR are having their big race today, The Daytona 500. Brian France and the France family are special people. Enjoy the race!|14791|99014
realDonaldTrump|Sun Feb 18 17:10:32 +0000 2018|Thank you to KenStarr, former Independent Counsel, Whitewater, for your insight and powerful words on FISA abuse, Russian meddling etc. Really great interview with @MariaBartiromo|17102|75012
realDonaldTrump|Sun Feb 18 13:55:55 +0000 2018|Great Pollster John McLaughlin now has the GOP up in the Generic Congressional Ballot. Big gain over last 4 weeks. I guess people are loving the big Tax Cuts given them by the Republicans, the Cuts the Dems want to take away. We need more Republicans!|20882|94218
realDonaldTrump|Sun Feb 18 13:46:39 +0000 2018|The Fake News of big ratings loser CNN. https://t.co/rYsv90cnvs|18550|74067
realDonaldTrump|Sun Feb 18 13:11:28 +0000 2018|If it was the GOAL of Russia to create discord, disruption and chaos within the U.S. then, with all of the Committee Hearings, Investigations and Party hatred, they have succeeded beyond their wildest dreams. They are laughing their asses off in Moscow. Get smart America!|31411|114509
realDonaldTrump|Sun Feb 18 12:43:48 +0000 2018|Now that Adam Schiff is starting to blame President Obama for Russian meddling in the election, he is probably doing so as yet another excuse that the Democrats, lead by their fearless leader, Crooked Hillary Clinton, lost the 2016 election. But wasn?t I a great candidate?|18728|87207
realDonaldTrump|Sun Feb 18 12:33:16 +0000 2018|I never said Russia did not meddle in the election, I said ?it may be Russia, or China or another country or group, or it may be a 400 pound genius sitting in bed and playing with his computer.? The Russian ?hoax? was that the Trump campaign colluded with Russia - it never did!|30558|123425
realDonaldTrump|Sun Feb 18 12:22:29 +0000 2018|Finally, Liddle? Adam Schiff, the leakin? monster of no control, is now blaming the Obama Administration for Russian meddling in the 2016 Election. He is finally right about something. Obama was President, knew of the threat, and did nothing. Thank you Adam!|27018|105202
realDonaldTrump|Sun Feb 18 12:02:52 +0000 2018|Never gotten over the fact that Obama was able to send $1.7 Billion Dollars in CASH to Iran and nobody in Congress, the FBI or Justice called for an investigation!|37907|122125
realDonaldTrump|Sun Feb 18 04:22:48 +0000 2018|General McMaster forgot to say that the results of the 2016 election were not impacted or changed by the Russians and that the only Collusion was between Russia and Crooked H, the DNC and the Dems. Remember the Dirty Dossier, Uranium, Speeches, Emails and the Podesta Company!|25814|93592
realDonaldTrump|Sun Feb 18 04:08:45 +0000 2018|Very sad that the FBI missed all of the many signals sent out by the Florida school shooter. This is not acceptable. They are spending too much time trying to prove Russian collusion with the Trump campaign - there is no collusion. Get back to the basics and make us all proud!|35137|144393
realDonaldTrump|Sat Feb 17 23:45:28 +0000 2018|Just like they don?t want to solve the DACA problem, why didn?t the Democrats pass gun control legislation when they had both the House &amp; Senate during the Obama Administration. Because they didn?t want to, and now they just talk!|30652|119109
realDonaldTrump|Sat Feb 17 20:16:39 +0000 2018|"?I have seen all of the Russian ads and I can say very definitively that swaying the election was *NOT* the main goal.?
Rob Goldman
Vice President of Facebook Ads https://t.co/A5ft7cGJkE"|16285|56358
realDonaldTrump|Sat Feb 17 20:11:32 +0000 2018|The Fake News Media never fails. Hard to ignore this fact from the Vice President of Facebook Ads, Rob Goldman! https://t.co/XGC7ynZwYJ|17834|58726
realDonaldTrump|Sat Feb 17 19:46:48 +0000 2018|Funny how the Fake News Media doesn?t want to say that the Russian group was formed in 2014, long before my run for President. Maybe they knew I was going to run even though I didn?t know!|24302|102516
realDonaldTrump|Sat Feb 17 19:36:14 +0000 2018|Deputy A.G. Rod Rosenstein stated at the News Conference: ?There is no allegation in the indictment that any American was a knowing participant in this illegal activity. There is no allegation in the indictment that the charged conduct altered the outcome of the 2016 election.|20884|87641
realDonaldTrump|Sat Feb 17 19:26:13 +0000 2018|?Charges Deal Don A Big Win,? written by Michael Goodwin of the @nypost, succinctly states that ?the Russians had no impact on the election results.? There was no Collusion with the Trump Campaign. ?She lost the old-fashioned way, by being a terrible candidate. Case closed.?|17976|69017
realDonaldTrump|Sat Feb 17 19:04:43 +0000 2018|Melania and I met such incredible people last night in Broward County, Florida. Will never forget them, or the evening!|14032|94263
realDonaldTrump|Sat Feb 17 04:53:13 +0000 2018|Our entire Nation, w/one heavy heart, continues to pray for the victims &amp; their families in Parkland, FL. To teachers, law enforcement, first responders &amp; medical professionals who responded so bravely in the face of danger: We THANK YOU for your courage! https://t.co/3yJsrebZMG https://t.co/ti791dENTy|23606|114672
realDonaldTrump|Fri Feb 16 20:18:11 +0000 2018|Russia started their anti-US campaign in 2014, long before I announced that I would run for President. The results of the election were not impacted. The Trump campaign did nothing wrong - no collusion!|35261|136754
realDonaldTrump|Fri Feb 16 14:49:54 +0000 2018|Cannot believe how BADLY DACA recipients have been treated by the Democrats...totally abandoned! Republicans are still working hard.|20873|94179
realDonaldTrump|Fri Feb 16 14:37:56 +0000 2018|I will be leaving for Florida today to meet with some of the bravest people on earth - but people whose lives have been totally shattered. Am also working with Congress on many fronts.|18987|116733
realDonaldTrump|Thu Feb 15 20:19:11 +0000 2018|Presidential Proclamation Honoring the Victims of the Tragedy in Parkland, Florida: https://t.co/RTQWAKiSnR https://t.co/Nhs32bm5zB|12952|60146
realDonaldTrump|Thu Feb 15 19:26:09 +0000 2018|...lottery, continues deadly catch-and-release, and bars enforcement even for FUTURE illegal immigrants. Voting for this amendment would be a vote AGAINST law enforcement, and a vote FOR open borders. If Dems are actually serious about DACA, they should support the Grassley bill!|14546|58320
realDonaldTrump|Thu Feb 15 19:25:23 +0000 2018|The Schumer-Rounds-Collins immigration bill would be a total catastrophe. @DHSgov says it would be ?the end of immigration enforcement in America.? It creates a giant amnesty (including for dangerous criminals), doesn?t build the wall, expands chain migration, keeps the visa...|19098|70040
realDonaldTrump|Thu Feb 15 17:33:41 +0000 2018|In times of tragedy, the bonds that sustain us are those of family, faith, community, and country. These bonds are stronger than the forces of hatred and evil - and these bonds grow even stronger in the hours of our greatest need. https://t.co/bu140nscez https://t.co/OoTXMCSexB|18894|80300
realDonaldTrump|Thu Feb 15 14:57:21 +0000 2018|While the Republicans and Democrats in Congress are working hard to come up with a solution to DACA, they should be strongly considering a system of Merit Based Immigration so that we will have the people ready, willing and able to help all of those companies moving into the USA!|19764|98110
realDonaldTrump|Thu Feb 15 12:12:41 +0000 2018|So many signs that the Florida shooter was mentally disturbed, even expelled from school for bad and erratic behavior. Neighbors and classmates knew he was a big problem. Must always report such instances to authorities, again and again!|19807|86461
realDonaldTrump|Wed Feb 14 20:55:01 +0000 2018|Just spoke to Governor Rick Scott. We are working closely with law enforcement on the terrible Florida school shooting.|18445|107807
realDonaldTrump|Wed Feb 14 20:50:11 +0000 2018|My prayers and condolences to the families of the victims of the terrible Florida shooting. No child, teacher or anyone else should ever feel unsafe in an American school.|37551|168475
realDonaldTrump|Wed Feb 14 19:11:32 +0000 2018|Today, I was honored to be joined by Republicans and Democrats from both the House and Senate, as well as members of my Cabinet - to discuss the urgent need to rebuild and restore America?s depleted infrastructure. https://t.co/8ByoQJsjTT https://t.co/BVBRDvHfcC|10799|54493
realDonaldTrump|Wed Feb 14 18:15:12 +0000 2018|As we come together to celebrate the extraordinary contributions of African-Americans to our nation, our thoughts turn to the heroes of the civil rights movement whose courage and sacrifice have inspired us all. Proclamation: https://t.co/Sw1iGIJgWV https://t.co/Nx0AEKZy5p|14260|63352
realDonaldTrump|Tue Feb 13 10:52:47 +0000 2018|Negotiations on DACA have begun. Republicans want to make a deal and Democrats say they want to make a deal. Wouldn?t it be great if we could finally, after so many years, solve the DACA puzzle. This will be our last chance, there will never be another opportunity! March 5th.|21450|103420
realDonaldTrump|Tue Feb 13 10:43:22 +0000 2018|Our infrastructure plan has been put forward and has received great reviews by everyone except, of course, the Democrats. After many years we have taken care of our Military, now we have to fix our roads, bridges, tunnels, airports and more. Bipartisan, make deal Dems?|21731|102275
realDonaldTrump|Mon Feb 12 20:48:16 +0000 2018|The journey to #MAGA began @CPAC 2011 and the opportunity to reconnect with friends and supporters is something I look forward to every year. See you at #CPAC2018!|13537|65158
realDonaldTrump|Mon Feb 12 12:54:32 +0000 2018|Thank you to Sue Kruczek, who lost her wonderful and talented son Nick to the Opioid scourge, for your kind words while on @foxandfriends. We are fighting this terrible epidemic hard - Nick will not have died in vain!|15908|83860
realDonaldTrump|Mon Feb 12 12:46:56 +0000 2018|This will be a big week for Infrastructure. After so stupidly spending $7 trillion in the Middle East, it is now time to start investing in OUR Country!|28593|133910
realDonaldTrump|Sun Feb 11 20:36:08 +0000 2018|Just spoke to @JohnKasich to express condolences and prayers to all for the horrible shooting of two great police officers from @WestervillePD. This is a true tragedy!|14118|74914
realDonaldTrump|Sun Feb 11 20:26:03 +0000 2018|Rep. Lou Barletta, a Great Republican from Pennsylvania who was one of my very earliest supporters, will make a FANTASTIC Senator. He is strong &amp; smart, loves Pennsylvania &amp; loves our Country! Voted for Tax Cuts, unlike Bob Casey, who listened to Tax Hikers Pelosi and Schumer!|22907|93986
realDonaldTrump|Sun Feb 11 19:15:32 +0000 2018|4.2 million hard working Americans have already received a large Bonus and/or Pay Increase because of our recently Passed Tax Cut &amp; Jobs Bill....and it will only get better! We are far ahead of schedule.|23707|120649
realDonaldTrump|Sun Feb 11 18:21:48 +0000 2018|So many positive things going on for the U.S.A. and the Fake News Media just doesn?t want to go there. Same negative stories over and over again! No wonder the People no longer trust the media, whose approval ratings are correctly at their lowest levels in history!    #MAGA|29245|118960
realDonaldTrump|Sat Feb 10 23:34:08 +0000 2018|My Administration has identified three major priorities for creating a safe, modern and lawful immigration system: fully securing the border, ending chain migration, and canceling the visa lottery. Congress must secure the immigration system and protect Americans. https://t.co/xV1lgfhjBU|30193|114535
realDonaldTrump|Sat Feb 10 21:18:23 +0000 2018|My thoughts and prayers are with the two police officers, their families, and everybody at the @WestervillePD. https://t.co/AoingY77Ky|19380|81828
realDonaldTrump|Sat Feb 10 18:50:02 +0000 2018|Republicans want to fix DACA far more than the Democrats do. The Dems had all three branches of government back in 2008-2011, and they decided not to do anything about DACA. They only want to use it as a campaign issue. Vote Republican!|28868|113805
realDonaldTrump|Sat Feb 10 18:34:49 +0000 2018|....agencies, not just the FBI &amp; DOJ, now the State Department to dig up dirt on him in the days leading up to the Election. Comey had conversations with Donald Trump, which I don?t believe were accurate...he leaked information (corrupt).? Tom Fitton of Judicial Watch on @FoxNews|18981|73150
realDonaldTrump|Sat Feb 10 18:16:20 +0000 2018|?My view is that not only has Trump been vindicated in the last several weeks about the mishandling of the Dossier and the lies about the Clinton/DNC Dossier, it shows that he?s been victimized. He?s been victimized by the Obama Administration who were using all sorts of.......|24570|97878
realDonaldTrump|Sat Feb 10 15:33:35 +0000 2018|Peoples lives are being shattered and destroyed by a mere allegation. Some are true and some are false. Some are old and some are new. There is no recovery for someone falsely accused - life and career are gone. Is there no such thing any longer as Due Process?|35011|131120
realDonaldTrump|Sat Feb 10 15:20:05 +0000 2018|According to the @nytimes, a Russian sold phony secrets on ?Trump? to the U.S. Asking price was $10 million, brought down to $1 million to be paid over time. I hope people are now seeing &amp; understanding what is going on here. It is all now starting to come out - DRAIN THE SWAMP!|30862|101303
realDonaldTrump|Sat Feb 10 14:20:35 +0000 2018|The Democrats sent a very political and long response memo which they knew, because of sources and methods (and more), would have to be heavily redacted, whereupon they would blame the White House for lack of transparency. Told them to re-do and send back in proper form!|30464|112915
realDonaldTrump|Sat Feb 10 14:02:54 +0000 2018|Jobless claims have dropped to a 45 year low!|13029|62432
realDonaldTrump|Fri Feb 09 13:59:13 +0000 2018|Costs on non-military lines will never come down if we do not elect more Republicans in the 2018 Election, and beyond. This Bill is a BIG VICTORY for our Military, but much waste in order to get Dem votes. Fortunately, DACA not included in this Bill, negotiations to start now!|20351|86214
realDonaldTrump|Fri Feb 09 13:47:28 +0000 2018|Without more Republicans in Congress, we were forced to increase spending on things we do not like or want in order to finally, after many years of depletion, take care of our Military. Sadly, we needed some Dem votes for passage. Must elect more Republicans in 2018 Election!|26847|106623
realDonaldTrump|Fri Feb 09 13:39:15 +0000 2018|Just signed Bill. Our Military will now be stronger than ever before. We love and need our Military and gave them everything ? and more. First time this has happened in a long time. Also means JOBS, JOBS, JOBS!|25839|126115
realDonaldTrump|Fri Feb 09 03:22:53 +0000 2018|Wow! -Senator Mark Warner got caught having extensive contact with a lobbyist for a Russian oligarch. Warner did not want a ?paper trail? on a ?private? meeting (in London) he requested with Steele of fraudulent Dossier fame. All tied into Crooked Hillary.|38093|122706
realDonaldTrump|Thu Feb 08 23:26:22 +0000 2018|Time to end the visa lottery. Congress must secure the immigration system and protect Americans. https://t.co/yukxm48x9X|22660|93701
realDonaldTrump|Thu Feb 08 20:10:58 +0000 2018|As long as we open our eyes to God?s grace - and open our hearts to God?s love - then America will forever be the land of the free, the home of the brave, and a light unto all nations. #NationalPrayerBreakfast https://t.co/1cwxs3l0uK|29637|106941
realDonaldTrump|Thu Feb 08 18:44:00 +0000 2018|I will be meeting with Henry Kissinger at 1:45pm. Will be discussing North Korea, China and the Middle East.|12896|77231
realDonaldTrump|Thu Feb 08 17:13:13 +0000 2018|Our founders invoked our Creator four times in the Declaration of Independence. Our currency declares ?IN GOD WE TRUST.? And we place our hands on our hearts as we recite the Pledge of Allegiance and proclaim that we are ?One Nation Under God.? #NationalPrayerBreakfast https://t.co/zukP40Ezpo|28135|103610
realDonaldTrump|Thu Feb 08 11:08:39 +0000 2018|Will be heading over shortly to make remarks at The National Prayer Breakfast in Washington. Great religious and political leaders, and many friends, including T.V. producer Mark Burnett of our wonderful 14 season Apprentice triumph, will be there. Looking forward to seeing all!|16884|102427
realDonaldTrump|Wed Feb 07 22:36:15 +0000 2018|The Budget Agreement today is so important for our great Military. It ends the dangerous sequester and gives Secretary Mattis what he needs to keep America Great. Republicans and Democrats must support our troops and support this Bill!|21953|105492
realDonaldTrump|Wed Feb 07 22:13:16 +0000 2018|Congratulations to the Republic of Korea on what will be a MAGNIFICENT Winter Olympics! What the South Korean people have built is truly an inspiration! https://t.co/giN2B1h6Ph|12607|68178
realDonaldTrump|Wed Feb 07 18:01:05 +0000 2018|Best wishes to the Republic of Korea on hosting the @Olympics! What a wonderful opportunity to show everyone that you are a truly GREAT NATION! https://t.co/aboM2Up48y|12138|63258
realDonaldTrump|Wed Feb 07 16:10:00 +0000 2018|NEW FBI TEXTS ARE BOMBSHELLS!|36931|131521
realDonaldTrump|Wed Feb 07 14:59:49 +0000 2018|In the ?old days,? when good news was reported, the Stock Market would go up. Today, when good news is reported, the Stock Market goes down. Big mistake, and we have so much good (great) news about the economy!|20800|108488
realDonaldTrump|Wed Feb 07 03:05:45 +0000 2018|Congratulations @ElonMusk and @SpaceX on the successful #FalconHeavy launch. This achievement, along with @NASA?s commercial and international partners, continues to show American ingenuity at its best! https://t.co/eZfLSpyJPK|29934|161927
realDonaldTrump|Wed Feb 07 00:48:01 +0000 2018|HAPPY BIRTHDAY to our 40th President of the United States of America, Ronald Reagan! https://t.co/JtEglBhm4c|31140|175428
realDonaldTrump|Tue Feb 06 22:45:50 +0000 2018|Today, we heard the experiences of law enforcement professionals and community leaders working to combat the threat of MS-13, and the reforms we need from Congress to defeat it. Watch here: https://t.co/VPMTnko7Ik https://t.co/4OaXXuj9Va|17361|73282
realDonaldTrump|Tue Feb 06 16:05:42 +0000 2018|We need a 21st century MERIT-BASED immigration system.  Chain migration and the visa lottery are outdated programs that hurt our economic and national security. https://t.co/rP9Gtr2E5N|24107|88811
realDonaldTrump|Tue Feb 06 16:00:43 +0000 2018|Polling shows nearly 7 in 10 Americans support an immigration reform package that includes DACA, fully secures the border, ends chain migration &amp; cancels the visa lottery. If D?s oppose this deal, they aren?t serious about DACA-they just want open borders. https://t.co/XDMcDOr9vM|22323|86203
realDonaldTrump|Tue Feb 06 13:37:00 +0000 2018|My prayers and best wishes are with the family of Edwin Jackson, a wonderful young man whose life was so senselessly taken. @Colts|19717|100690
realDonaldTrump|Tue Feb 06 13:32:57 +0000 2018|So disgraceful that a person illegally in our country killed @Colts linebacker Edwin Jackson. This is just one of many such preventable tragedies. We must get the Dems to get tough on the Border, and with illegal immigration, FAST!|33988|137419
realDonaldTrump|Mon Feb 05 20:42:01 +0000 2018|Thanks to the historic TAX CUTS that I signed into law, your paychecks are going way UP, your taxes are going way DOWN, and America is once again OPEN FOR BUSINESS! https://t.co/GISFbDDGXX|21636|102064
realDonaldTrump|Mon Feb 05 15:08:51 +0000 2018|Representative Devin Nunes, a man of tremendous courage and grit, may someday be recognized as a Great American Hero for what he has exposed and what he has had to endure!|33705|128032
realDonaldTrump|Mon Feb 05 14:36:40 +0000 2018|Any deal on DACA that does not include STRONG border security and the desperately needed WALL is a total waste of time. March 5th is rapidly approaching and the Dems seem not to care about DACA. Make a deal!|28261|118337
realDonaldTrump|Mon Feb 05 12:39:10 +0000 2018|Little Adam Schiff, who is desperate to run for higher office, is one of the biggest liars and leakers in Washington, right up there with Comey, Warner, Brennan and Clapper! Adam leaves closed committee hearings to illegally leak confidential information. Must be stopped!|40519|136003
realDonaldTrump|Mon Feb 05 12:17:57 +0000 2018|Thank you to @foxandfriends for exposing the truth. Perhaps that?s why your ratings are soooo much better than your untruthful competition!|21509|103362
realDonaldTrump|Mon Feb 05 12:11:56 +0000 2018|The Democrats are pushing for Universal HealthCare while thousands of people are marching in the UK because their U system is going broke and not working. Dems want to greatly raise taxes for really bad and non-personal medical care. No thanks!|28983|116218
realDonaldTrump|Mon Feb 05 03:54:42 +0000 2018|Congratulations to the Philadelphia Eagles on a great Super Bowl victory!|34531|205699
realDonaldTrump|Sun Feb 04 16:58:14 +0000 2018|My thoughts and prayers are with all of the victims involved in this mornings train collision in South Carolina. Thank you to our incredible First Responders for the work they?ve done!|21859|136725
realDonaldTrump|Sun Feb 04 00:53:18 +0000 2018|...a tool of anti-Trump political actors. This is unacceptable in a democracy and ought to alarm anyone who wants the FBI to be a nonpartisan enforcer of the law....The FBI wasn?t straight with Congress, as it hid most of these facts from investigators.? Wall Street Journal|33642|125274
realDonaldTrump|Sun Feb 04 00:40:24 +0000 2018|?The four page memo released Friday reports the disturbing fact about how the FBI and FISA appear to have been used to influence the 2016 election and its aftermath....The FBI failed to inform the FISA court that the Clinton campaign had funded the dossier....the FBI became....|34671|125175
realDonaldTrump|Sun Feb 04 00:26:23 +0000 2018|Great jobs numbers and finally, after many years, rising wages- and nobody even talks about them. Only Russia, Russia, Russia, despite the fact that, after a year of looking, there is No Collusion!|28365|130581
realDonaldTrump|Sat Feb 03 14:40:27 +0000 2018|This memo totally vindicates ?Trump? in probe. But the Russian Witch Hunt goes on and on. Their was no Collusion and there was no Obstruction (the word now used because, after one year of looking endlessly and finding NOTHING, collusion is dead). This is an American disgrace!|36632|135457
realDonaldTrump|Sat Feb 03 14:40:23 +0000 2018|Rasmussen just announced that my approval rating jumped to 49%, a far better number than I had in winning the Election, and higher than certain ?sacred cows.? Other Trump polls are way up also. So why does the media refuse to write this? Oh well, someday!|32818|150246
realDonaldTrump|Fri Feb 02 22:26:22 +0000 2018|Today, it was my honor to join the great men and women of @DHSgov, @CustomsBorder, @ICEgov and @USCIS at the U.S. Customs and Border Protection National Targeting Center in Sterling, Virginia. Fact sheet: https://t.co/Q027Wgdzdo https://t.co/NecuA0y1Sk|13789|68261
realDonaldTrump|Fri Feb 02 18:07:08 +0000 2018|?Trump the orator outlines the greatness of America to Democrats? disgust? https://t.co/XpirrtTY6V|16566|74506
realDonaldTrump|Fri Feb 02 18:05:49 +0000 2018|"With 3.5 million Americans receiving bonuses or other benefits from their employers as a result of TAX CUTS, 2018 is off to great start!
?Unemployment rate at 4.1%.
?Average earnings up 2.9% in the last year.
?200,000 new American jobs.
?#MAGA?? https://t.co/upqSvBhRqJ"|25988|103974
realDonaldTrump|Fri Feb 02 11:49:14 +0000 2018|?You had Hillary Clinton and the Democratic Party try to hide the fact that they gave money to GPS Fusion to create a Dossier which was used by their allies in the Obama Administration to convince a Court misleadingly, by all accounts, to spy on the Trump Team.? Tom Fitton, JW|49169|155120
realDonaldTrump|Fri Feb 02 11:33:58 +0000 2018|The top Leadership and Investigators of the FBI and the Justice Department have politicized the sacred investigative process in favor of Democrats and against Republicans - something which would have been unthinkable just a short time ago. Rank &amp; File are great people!|37808|133312
realDonaldTrump|Fri Feb 02 03:32:48 +0000 2018|The Democrats just aren?t calling about DACA. Nancy Pelosi and Chuck Schumer have to get moving fast, or they?ll disappoint you again. We have a great chance to make a deal or, blame the Dems! March 5th is coming up fast.|27186|119273
realDonaldTrump|Thu Feb 01 12:02:49 +0000 2018|Thank you for all of the nice compliments and reviews on the State of the Union speech. 45.6 million people watched, the highest number in history. @FoxNews beat every other Network, for the first time ever, with 11.7 million people tuning in. Delivered from the heart!|35111|177668
realDonaldTrump|Thu Feb 01 11:51:43 +0000 2018|March 5th is rapidly approaching and the Democrats are doing nothing about DACA. They Resist, Blame, Complain and Obstruct - and do nothing. Start pushing Nancy Pelosi and the Dems to work out a DACA fix, NOW!|28173|118651
realDonaldTrump|Thu Feb 01 11:43:17 +0000 2018|Heading to beautiful West Virginia to be with great members of the Republican Party. Will be planning Infrastructure and discussing Immigration and DACA, not easy when we have no support from the Democrats. NOT ONE DEM VOTED FOR OUR TAX CUT BILL! Need more Republicans in ?18.|26911|132931
realDonaldTrump|Wed Jan 31 02:00:02 +0000 2018|"Join me live for the #SOTU
https://t.co/0SLktWxfHi"|20352|104948
realDonaldTrump|Mon Jan 29 20:12:39 +0000 2018|Congratulations to America?s new Secretary of @HHSGov, Alex Azar! https://t.co/Y9inQaCt7o|15019|81003
realDonaldTrump|Sun Jan 28 13:18:33 +0000 2018|Our economy is better than it has been in many decades. Businesses are coming back to America like never before. Chrysler, as an example, is leaving Mexico and coming back to the USA. Unemployment is nearing record lows. We are on the right track!|39827|192244
realDonaldTrump|Sun Jan 28 13:18:32 +0000 2018|Somebody please inform Jay-Z that because of my policies, Black Unemployment has just been reported to be at the LOWEST RATE EVER RECORDED!|59971|230785
realDonaldTrump|Sun Jan 28 04:08:02 +0000 2018|Democrats are not interested in Border Safety &amp; Security or in the funding and rebuilding of our Military. They are only interested in Obstruction!|33752|151072
realDonaldTrump|Sun Jan 28 03:58:02 +0000 2018|I have offered DACA a wonderful deal, including a doubling in the number of recipients &amp; a twelve year pathway to citizenship, for two reasons: (1) Because the Republicans want to fix a long time terrible problem. (2) To show that Democrats do not want to solve DACA, only use it!|44214|169005
realDonaldTrump|Sat Jan 27 22:59:52 +0000 2018|Taliban targeted innocent Afghans, brave police in Kabul today. Our thoughts and prayers go to the victims, and first responders. We will not allow the Taliban to win!|20757|109851
realDonaldTrump|Sat Jan 27 19:30:24 +0000 2018|On Holocaust Remembrance Day we mourn and grieve the murder of 6 million innocent Jewish men, women and children, and the millions of others who perished in the evil Nazi Genocide. We pledge with all of our might and resolve: Never Again! https://t.co/PfHM7UiZ0C https://t.co/25W0SZHTOu|24385|103876
realDonaldTrump|Sat Jan 27 11:55:58 +0000 2018|Thank you to Brandon Judd of the National Border Patrol Council for his strong statement on @foxandfriends that we very badly NEED THE WALL. Must also end loophole of ?catch &amp; release? and clean up the legal and other procedures at the border NOW for Safety &amp; Security reasons.|27614|119624
realDonaldTrump|Fri Jan 26 23:27:23 +0000 2018|Thank you for the wonderful welcome @WEF! #Davos2018 https://t.co/IQkoQJxR5B|15392|69467
realDonaldTrump|Fri Jan 26 17:16:44 +0000 2018|DACA has been made increasingly difficult by the fact that Cryin? Chuck Schumer took such a beating over the shutdown that he is unable to act on immigration!|24622|114390
realDonaldTrump|Fri Jan 26 17:12:32 +0000 2018|Heading back from a very exciting two days in Davos, Switzerland. Speech on America?s economic revival was well received. Many of the people I met will be investing in the U.S.A.! #MAGA|21322|107936
realDonaldTrump|Fri Jan 26 12:54:36 +0000 2018|Join me live at the 2018 World Economic Forum in Davos, Switzerland! #WEF18 https://t.co/fdHejCmv73 https://t.co/DuKJlVTWB8|9532|50464
realDonaldTrump|Fri Jan 26 11:23:07 +0000 2018|Great bilateral meeting with President @Alain_Berset of the Swiss Confederation - as we continue to strengthen our great friendship. Such an honor to be in Switzerland! #WEF18 https://t.co/87pLrCpQkZ|10211|53888
realDonaldTrump|Fri Jan 26 10:46:48 +0000 2018|It was an honor to meet with Republic of Rwanda President Paul Kagame this morning in Davos, Switzerland. Many great discussions! #WEF18 https://t.co/SaPzwVhDiB|11875|61491
realDonaldTrump|Fri Jan 26 10:11:26 +0000 2018|Will be interviewed on  @SquawkCNBC by @JoeSquawk coming up at 6:00amE from Davos, Switzerland. Enjoy! #WEF18 https://t.co/7egYlxnFBd|6211|35438
realDonaldTrump|Thu Jan 25 22:38:21 +0000 2018|Today, Americans everywhere remember the brave men and women of @NASA who lost their lives in our Nation?s eternal quest to expand the boundaries of human potential. https://t.co/clBsJTGz8B https://t.co/jTJkusdBQA|16815|81001
realDonaldTrump|Thu Jan 25 18:03:29 +0000 2018|Very productive bilateral meeting with Prime Minister Benjamin @Netanyahu of Israel - in Davos, Switzerland! #WEF18 https://t.co/2sZM9YI7tJ|14381|70403
realDonaldTrump|Thu Jan 25 17:25:53 +0000 2018|Great bilateral meeting with Prime Minister Theresa May of the United Kingdom, affirming the special relationship and our commitment to work together on key national security challenges and economic opportunities. #WEF18 https://t.co/FPP8aRDAyt|15117|73587
realDonaldTrump|Thu Jan 25 00:27:00 +0000 2018|Will soon be heading to Davos, Switzerland, to tell the world how great America is and is doing. Our economy is now booming and with all I am doing, will only get better...Our country is finally WINNING again!|26678|146994
realDonaldTrump|Wed Jan 24 22:51:20 +0000 2018|It was my great honor to welcome Mayor?s from across America to the WH. My Administration will always support local government - and listen to the leaders who know their communities best. Together, we will usher in a bold new era of Peace and Prosperity! https://t.co/dmYECTnk0a https://t.co/RSv7V7r0DT|15931|76404
realDonaldTrump|Wed Jan 24 20:26:16 +0000 2018|Earlier today, I spoke with @GovMattBevin of Kentucky regarding yesterday?s shooting at Marshall County High School. My thoughts and prayers are with Bailey Holt, Preston Cope, their families, and all of the wounded victims who are in recovery. We are with you!|18267|95288
realDonaldTrump|Wed Jan 24 11:58:58 +0000 2018|Tremendous investment by companies from all over the world being made in America. There has never been anything like it. Now Disney, J.P. Morgan Chase and many others. Massive Regulation Reduction and Tax Cuts are making us a powerhouse again. Long way to go! Jobs, Jobs, Jobs!|31376|141861
realDonaldTrump|Wed Jan 24 04:07:27 +0000 2018|Cryin? Chuck Schumer fully understands, especially after his humiliating defeat, that if there is no Wall, there is no DACA. We must have safety and security, together with a strong Military, for our great people!|34533|148708
realDonaldTrump|Wed Jan 24 03:54:22 +0000 2018|Where are the 50,000 important text messages between FBI lovers Lisa Page and Peter Strzok?  Blaming Samsung!|30008|122369
realDonaldTrump|Tue Jan 23 14:16:02 +0000 2018|Thank you to General John Kelly, who is doing a fantastic job, and all of the Staff and others in the White House, for a job well done. Long hours and Fake reporting makes your job more difficult, but it is always great to WIN, and few have won more than us!|20361|93921
realDonaldTrump|Tue Jan 23 13:34:37 +0000 2018|Nobody knows for sure that the Republicans &amp; Democrats will be able to reach a deal on DACA by February 8, but everyone will be trying....with a big additional focus put on Military Strength and Border Security. The Dems have just learned that a Shutdown is not the answer!|22724|108340
realDonaldTrump|Tue Jan 23 11:55:42 +0000 2018|In one of the biggest stories in a long time, the FBI now says it is missing five months worth of lovers Strzok-Page texts, perhaps 50,000, and all in prime time. Wow!|34531|128919
realDonaldTrump|Tue Jan 23 11:31:40 +0000 2018|Even Crazy Jim Acosta of Fake News CNN agrees: ?Trump World and WH sources dancing in end zone: Trump wins again...Schumer and Dems caved...gambled and lost.? Thank you for your honesty Jim!|25587|123991
realDonaldTrump|Tue Jan 23 04:30:33 +0000 2018|Big win for Republicans as Democrats cave on Shutdown. Now I want a big win for everyone, including Republicans, Democrats and DACA, but especially for our Great Military and Border Security. Should be able to get there. See you at the negotiating table!|26431|128394
realDonaldTrump|Mon Jan 22 15:13:18 +0000 2018|End the Democrats Obstruction! https://t.co/tzBXilvW1b|20416|89279
realDonaldTrump|Mon Jan 22 13:15:55 +0000 2018|Democrats have shut down our government in the interests of their far left base. They don?t want to do it but are powerless!|20780|105124
realDonaldTrump|Mon Jan 22 13:07:09 +0000 2018|The Democrats are turning down services and security for citizens in favor of services and security for non-citizens. Not good!|31335|126826
realDonaldTrump|Mon Jan 22 01:21:42 +0000 2018|Thank you to Brad Blakeman on @FoxNews for grading year one of my presidency with an ?A?-and likewise to Doug Schoen for the very good grade and statements. Working hard!|22378|122160
realDonaldTrump|Sun Jan 21 12:35:28 +0000 2018|Great to see how hard Republicans are fighting for our Military and Safety at the Border. The Dems just want illegal immigrants to pour into our nation unchecked. If stalemate continues, Republicans should go to 51% (Nuclear Option) and vote on real, long term budget, no C.R.?s!|44788|171234
realDonaldTrump|Sun Jan 21 02:18:51 +0000 2018|Eric Trump on @JudgeJeanine on @FoxNews now!|6015|44789
realDonaldTrump|Sun Jan 21 00:47:40 +0000 2018|The Trump Administration has terminated more UNNECESSARY Regulation, in just twelve months, than any other Administration has terminated during their full term in office, no matter what the length. The good news is, THERE IS MUCH MORE TO COME!|29989|148749
realDonaldTrump|Sat Jan 20 22:31:27 +0000 2018|Unprecedented success for our Country, in so many ways, since the Election. Record Stock Market, Strong on Military, Crime, Borders, &amp; ISIS, Judicial Strength &amp; Numbers, Lowest Unemployment for Women &amp; ALL, Massive Tax Cuts, end of Individual Mandate - and so much more. Big 2018!|27186|125745
realDonaldTrump|Sat Jan 20 18:51:24 +0000 2018|Beautiful weather all over our great country, a perfect day for all Women to March. Get out there now to celebrate the historic milestones and unprecedented economic success and wealth creation that has taken place over the last 12 months. Lowest female unemployment in 18 years!|49766|200481
realDonaldTrump|Sat Jan 20 14:27:54 +0000 2018|Democrats are holding our Military hostage over their desire to have unchecked illegal immigration. Can?t let that happen!|41978|161614
realDonaldTrump|Sat Jan 20 11:47:42 +0000 2018|#AMERICA FIRST!|29662|118125
realDonaldTrump|Sat Jan 20 11:44:01 +0000 2018|For those asking, the Republicans only have 51 votes in the Senate, and they need 60. That is why we need to win more Republicans in 2018 Election! We can then be even tougher on  Crime (and Border), and even better to our Military &amp; Veterans!|37849|148911
realDonaldTrump|Sat Jan 20 11:33:35 +0000 2018|This is the One Year Anniversary of my Presidency and the Democrats wanted to give me a nice present. #DemocratShutdown|28485|118469
realDonaldTrump|Sat Jan 20 11:17:10 +0000 2018|Democrats are far more concerned with Illegal Immigrants than they are with our great Military or Safety at our dangerous Southern Border. They could have easily made a deal but decided to play Shutdown politics instead. #WeNeedMoreRepublicansIn18 in order to power through mess!|39952|138973
realDonaldTrump|Sat Jan 20 02:28:56 +0000 2018|Not looking good for our great Military or Safety &amp; Security on the very dangerous Southern Border. Dems want a Shutdown in order to help diminish the great success of the Tax Cuts, and what they are doing for our booming economy.|29395|112642
realDonaldTrump|Fri Jan 19 22:17:53 +0000 2018|Excellent preliminary meeting in Oval with @SenSchumer - working on solutions for Security and our great Military together with @SenateMajLdr McConnell and @SpeakerRyan. Making progress - four week extension would be best!|12316|62477
realDonaldTrump|Fri Jan 19 20:53:17 +0000 2018|Just signed 702 Bill to reauthorize foreign intelligence collection. This is NOT the same FISA law that was so wrongly abused during the election. I will always do the right thing for our country and put the safety of the American people first!|26239|123938
realDonaldTrump|Fri Jan 19 18:39:50 +0000 2018|Today, I was honored and proud to address the 45th Annual @March_for_Life! You are living witnesses of this year?s March for Life theme: #LoveSavesLives. https://t.co/DMST4qhDmp|23589|93073
realDonaldTrump|Fri Jan 19 16:28:29 +0000 2018|"?Shutting down the government is a very serious thing. People die, accidents happen. I don?t know how I would vote right now on a CR, OK??
Sen. Dianne Feinstein (D-Calif)
https://t.co/7xP3CBnv5j"|14601|47456
realDonaldTrump|Fri Jan 19 16:14:05 +0000 2018|".@WhiteHouse Briefing with Director Marc Short and Director Mick Mulvaney...
https://t.co/0O0VsYXmHB"|8037|42329
realDonaldTrump|Fri Jan 19 12:04:47 +0000 2018|Government Funding Bill past last night in the House of Representatives. Now Democrats are needed if it is to pass in the Senate - but they want illegal immigration and weak borders. Shutdown coming? We need more Republican victories in 2018!|24477|106403
realDonaldTrump|Thu Jan 18 23:39:53 +0000 2018|House of Representatives needs to pass Government Funding Bill tonight. So important for our country - our Military needs it!|19146|97813
realDonaldTrump|Thu Jan 18 21:04:36 +0000 2018|AMERICA will once again be a NATION that thinks big, dreams bigger, and always reaches for the stars. YOU are the ones who will shape America?s destiny. YOU are the ones who will restore our prosperity. And YOU are the ones who are MAKING AMERICA GREAT AGAIN! #MAGA https://t.co/f2abNK47II|24780|99480
realDonaldTrump|Thu Jan 18 20:45:33 +0000 2018|Departing Pittsburgh now, where it was my great honor to stand with our incredible workers, and to show the world that AMERICA is back - and we are coming back bigger and better and stronger than ever before! https://t.co/kWPgylqFzj|14416|73040
realDonaldTrump|Thu Jan 18 13:49:11 +0000 2018|A government shutdown will be devastating to our military...something the Dems care very little about!|20556|87040
realDonaldTrump|Thu Jan 18 13:37:24 +0000 2018|CHIP should be part of a long term solution, not a 30 Day, or short term, extension!|11365|60159
realDonaldTrump|Thu Jan 18 13:16:26 +0000 2018|We need the Wall for the safety and security of our country. We need the Wall to help stop the massive inflow of drugs from Mexico, now rated the number one most dangerous country in the world. If there is no Wall, there is no Deal!|27425|118863
realDonaldTrump|Thu Jan 18 12:53:17 +0000 2018|Will be going to Pennsylvania today in order to give my total support to RICK SACCONE, running for Congress in a Special Election (March 13). Rick is a great guy. We need more Republicans to continue our already successful agenda!|16220|82111
realDonaldTrump|Thu Jan 18 11:25:03 +0000 2018|....The Wall will be paid for, directly or indirectly, or through longer term reimbursement, by Mexico, which has a ridiculous $71 billion dollar trade surplus with the U.S. The $20 billion dollar Wall is ?peanuts? compared to what Mexico makes from the U.S. NAFTA is a bad joke!|26493|107594
realDonaldTrump|Thu Jan 18 11:15:25 +0000 2018|The Wall is the Wall, it has never changed or evolved from the first day I conceived of it. Parts will be, of necessity, see through and it was never intended to be built in areas where there is natural protection such as mountains, wastelands or tough rivers or water.....|20285|90670
realDonaldTrump|Thu Jan 18 01:11:26 +0000 2018|ISIS is in retreat, our economy is booming, investments and jobs are pouring back into the country, and so much more! Together there is nothing we can?t overcome--even a very biased media. We ARE Making America Great Again!|37653|172223
realDonaldTrump|Thu Jan 18 01:05:46 +0000 2018|Despite some very corrupt and dishonest media coverage, there are many great reporters I respect and lots of GOOD NEWS for the American people to be proud of!|21104|107626
realDonaldTrump|Thu Jan 18 01:00:05 +0000 2018|"And the FAKE NEWS winners are...
https://t.co/59G6x2f7fD"|38471|106924
realDonaldTrump|Wed Jan 17 23:36:44 +0000 2018|Main Street is BACK! Strongest Holiday Sales bump since the Great Recession -- beating forecasts by BILLIONS OF DOLLARS. https://t.co/kDcGbMieSt|14708|65461
realDonaldTrump|Wed Jan 17 23:32:58 +0000 2018|During the campaign, I promised to MAKE AMERICA GREAT AGAIN by bringing businesses and jobs back to our country. I am very proud to see companies like Chrysler moving operations from Mexico to Michigan where there are so many great American workers! https://t.co/hz2q9UTfnF|23332|95305
realDonaldTrump|Wed Jan 17 23:28:30 +0000 2018|I promised that my policies would allow companies like Apple to bring massive amounts of money back to the United States. Great to see Apple follow through as a result of TAX CUTS. Huge win for American workers and the USA! https://t.co/OwXVUyLOb1|22946|88704
realDonaldTrump|Wed Jan 17 23:19:02 +0000 2018|Today, we witnessed an incredible moment in history ? the presentation of Congress? highest civilian honor to our friend, and true AMERICAN HERO, Bob Dole. #CongressionalGoldMedal https://t.co/qNQqDLRmCk|14726|72387
realDonaldTrump|Wed Jan 17 13:04:46 +0000 2018|Eric Trump on @foxandfriends  now!|6351|52184
realDonaldTrump|Tue Jan 16 23:20:10 +0000 2018|....we need to keep America safe, including moving away from a random chain migration and lottery system, to one that is merit-based. https://t.co/7PtoSFK1n2|17902|78351
realDonaldTrump|Tue Jan 16 23:19:39 +0000 2018|New report from DOJ &amp; DHS shows that nearly 3 in 4 individuals convicted of terrorism-related charges are foreign-born. We have submitted to Congress a list of resources and reforms....|24295|95805
realDonaldTrump|Tue Jan 16 20:17:39 +0000 2018|Today, it was my honor to welcome President Nursultan Nazarbayev of Kazakhstan to the @WhiteHouse! https://t.co/TerYFZViax|9400|53860
realDonaldTrump|Tue Jan 16 19:43:32 +0000 2018|?President Donald J. Trump Proclaims January 16, 2018, as Religious Freedom Day? https://t.co/bD3R2dJfyp|18499|71012
realDonaldTrump|Tue Jan 16 14:30:00 +0000 2018|Unemployment for Black Americans is the lowest ever recorded. Trump approval ratings with Black Americans has doubled. Thank you, and it will get even (much) better! @FoxNews|26453|108748
realDonaldTrump|Tue Jan 16 14:24:40 +0000 2018|?90% of Trump 2017 news coverage was negative? -and much of it contrived!@foxandfriends|15264|70098
realDonaldTrump|Tue Jan 16 14:19:46 +0000 2018|Do you notice the Fake News Mainstream Media never likes covering the great and record setting economic news, but rather talks about anything negative or that can be turned into the negative. The Russian Collusion Hoax is dead, except as it pertains to the Dems. Public gets it!|24741|106900
realDonaldTrump|Tue Jan 16 14:07:38 +0000 2018|The Democrats want to shut down the Government over Amnesty for all and Border Security. The biggest loser will be our rapidly rebuilding Military, at a time we need it more than ever. We need a merit based system of immigration, and we need it now! No more dangerous Lottery.|22423|96277
realDonaldTrump|Tue Jan 16 13:54:02 +0000 2018|We must have Security at our VERY DANGEROUS SOUTHERN BORDER, and we must have a great WALL to help protect us, and to help stop the massive inflow of drugs pouring into our country!|23492|112888
realDonaldTrump|Mon Jan 15 20:28:15 +0000 2018|Senator Dicky Durbin totally misrepresented what was said at the DACA meeting. Deals can?t get made when there is no trust! Durbin blew DACA and is hurting our Military.|28309|112582
realDonaldTrump|Mon Jan 15 13:02:22 +0000 2018|...to stop drugs, they want to take money away from our military which we cannot do.? My standard is very simple, AMERICA FIRST &amp; MAKE AMERICA GREAT AGAIN!|22240|108797
realDonaldTrump|Mon Jan 15 12:57:43 +0000 2018|Statement by me last night in Florida: ?Honestly, I don?t think the Democrats want to make a deal. They talk about DACA, but they don?t want to help..We are ready, willing and able to make a deal but they don?t want to. They don?t want security at the border, they don?t want.....|20897|90753
realDonaldTrump|Sun Jan 14 13:59:35 +0000 2018|...big unnecessary regulation cuts made it all possible? (among many other things). ?President Trump reversed the policies of President Obama, and reversed our economic decline.? Thank you Stuart Varney.  @foxandfriends|17966|84945
realDonaldTrump|Sun Jan 14 13:50:14 +0000 2018|?President Trump is not getting the credit he deserves for the economy. Tax Cut bonuses to more than 2,000,000 workers. Most explosive Stock Market rally that we?ve seen in modern times. 18,000 to 26,000 from Election, and grounded in profitability and growth. All Trump, not 0...|23671|107633
realDonaldTrump|Sun Jan 14 13:19:06 +0000 2018|I, as President, want people coming into our Country who are going to help us become strong and great again, people coming in through a system based on MERIT. No more Lotteries! #AMERICA FIRST|37035|154523
realDonaldTrump|Sun Jan 14 13:09:09 +0000 2018|DACA is probably dead because the Democrats don?t really want it, they just want to talk and take desperately needed money away from our Military.|25872|116724
realDonaldTrump|Sun Jan 14 13:01:44 +0000 2018|...and they knew exactly what I said and meant. They just wanted a story. FAKE NEWS!|15500|79898
realDonaldTrump|Sun Jan 14 12:58:43 +0000 2018|The Wall Street Journal stated falsely that I said to them ?I have a good relationship with Kim Jong Un? (of N. Korea). Obviously I didn?t say that. I said ?I?d have a good relationship with Kim Jong Un,? a big difference. Fortunately we now record conversations with reporters...|21087|92066
realDonaldTrump|Sat Jan 13 22:08:34 +0000 2018|So much Fake News is being reported. They don?t even try to get it right, or correct it when they are wrong. They promote the Fake Book of a mentally deranged author, who knowingly writes false information. The Mainstream Media is crazed that WE won the election!|32094|140928
realDonaldTrump|Sat Jan 13 14:20:01 +0000 2018|I don?t believe the Democrats really want to see a deal on DACA. They are all talk and no action. This is the time but, day by day, they are blowing the one great opportunity they have. Too bad!|25399|118966
realDonaldTrump|Sat Jan 13 13:14:20 +0000 2018|AMERICA FIRST!|34752|145630
realDonaldTrump|Sat Jan 13 13:14:03 +0000 2018|The Democrats are all talk and no action. They are doing nothing to fix DACA. Great opportunity missed. Too bad!|20320|99570
realDonaldTrump|Sat Jan 13 13:13:12 +0000 2018|Yesterday was a big day for the stock market. Jobs are coming back to America. Chrysler is coming back to the USA, from Mexico and many others will follow. Tax cut money to employees is pouring into our economy with many more companies announcing. American business is hot again!|23026|112922
realDonaldTrump|Fri Jan 12 17:56:18 +0000 2018|Today, it was my great honor to proclaim January 15, 2018, as Martin Luther King Jr., Federal Holiday. I encourage all Americans to observe this day with appropriate civic, community, and service activities in honor of Dr. King's life and legacy. https://t.co/samlJsz1Nt|24806|104561
realDonaldTrump|Fri Jan 12 13:48:49 +0000 2018|Never said anything derogatory about Haitians other than Haiti is, obviously, a very poor and troubled country. Never said ?take them out.? Made up by Dems. I have a wonderful relationship with Haitians. Probably should record future meetings - unfortunately, no trust!|33851|131871
realDonaldTrump|Fri Jan 12 12:50:00 +0000 2018|Sadly, Democrats want to stop paying our troops and government workers in order to give a sweetheart deal, not a fair deal, for DACA. Take care of our Military, and our Country, FIRST!|29764|119032
realDonaldTrump|Fri Jan 12 12:28:58 +0000 2018|The language used by me at the DACA meeting was tough, but this was not the language used. What was really tough was the outlandish proposal made - a big setback for DACA!|22934|98633
realDonaldTrump|Fri Jan 12 12:20:32 +0000 2018|....Because of the Democrats not being interested in life and safety, DACA has now taken a big step backwards. The Dems will threaten ?shutdown,? but what they are really doing is shutting down our military, at a time we need it most. Get smart, MAKE AMERICA GREAT AGAIN!|21397|87896
realDonaldTrump|Fri Jan 12 12:09:58 +0000 2018|....countries which are doing badly. I want a merit based system of immigration and people who will help take our country to the next level. I want safety and security for our people. I want to stop the massive inflow of drugs. I want to fund our military, not do a Dem defund....|22734|105215
realDonaldTrump|Fri Jan 12 11:59:02 +0000 2018|The so-called bipartisan DACA deal presented yesterday to myself and a group of Republican Senators and Congressmen was a big step backwards. Wall was not properly funded, Chain &amp; Lottery were made worse and USA would be forced to take large numbers of people from high crime.....|20079|79860
realDonaldTrump|Fri Jan 12 04:57:57 +0000 2018|Reason I canceled my trip to London is that I am not a big fan of the Obama Administration having sold perhaps the best located and finest embassy in London for ?peanuts,? only to build a new one in an off location for 1.2 billion dollars. Bad deal. Wanted me to cut ribbon-NO!|27663|118791
realDonaldTrump|Fri Jan 12 04:42:25 +0000 2018|The Democrats seem intent on having people and drugs pour into our country from the Southern Border, risking thousands of lives in the process. It is my duty to protect the lives and safety of all Americans. We must build a Great Wall, think Merit and end Lottery &amp; Chain. USA!|27365|116813
realDonaldTrump|Fri Jan 12 03:01:20 +0000 2018|Democrat Dianne Feinstein should never have released secret committee testimony to the public without authorization. Very disrespectful to committee members and possibly illegal. She blamed her poor decision on the fact she had a cold - a first!|21432|94641
realDonaldTrump|Fri Jan 12 02:53:05 +0000 2018|Chrysler is moving a massive plant from Mexico to Michigan, reversing a years long opposite trend. Thank you Chrysler, a very wise decision. The voters in Michigan are very happy they voted for Trump/Pence. Plenty of more to follow!|24313|110503
realDonaldTrump|Fri Jan 12 02:49:56 +0000 2018|More great news as a result of historical Tax Cuts and Reform: Fiat Chrysler announces plan to invest more than $1 BILLION in Michigan plant, relocating their heavy-truck production from Mexico to Michigan, adding 2,500 new jobs and paying $2,000 bonus to U.S. employees! https://t.co/47azKD0l9B|18053|70433
realDonaldTrump|Fri Jan 12 02:47:17 +0000 2018|Small Business Poll has highest approval numbers in the polls history. All business is just at the beginning of something really special!|12410|65382
realDonaldTrump|Fri Jan 12 02:43:56 +0000 2018|Thank you Adam Levine, The Federalist, in interview on @foxandfriends  ?Donald Trump is the greatest President our Country has ever seen.?|14553|72943
realDonaldTrump|Thu Jan 11 23:27:03 +0000 2018|Yesterday, I signed the #INTERDICTAct (H.R. 2142) with bipartisan members of Congress to help end the flow of drugs into our country. Together, we are committed to doing everything we can to combat the deadly scourge of drug addiction and overdose in the United States! https://t.co/ELZvFol5Lo|12909|56935
realDonaldTrump|Thu Jan 11 15:37:54 +0000 2018|Great news, as a result of our TAX CUTS &amp; JOBS ACT! https://t.co/SLvhLxP3Jl|14168|59968
realDonaldTrump|Thu Jan 11 14:14:51 +0000 2018|With that being said, I have personally directed the fix to the unmasking process since taking office and today?s vote is about foreign surveillance of foreign bad guys on foreign land. We need it! Get smart!|11576|58096
realDonaldTrump|Thu Jan 11 13:11:46 +0000 2018|?45 year low in illegal immigration this year.? @foxandfriends|15010|80716
realDonaldTrump|Thu Jan 11 12:33:21 +0000 2018|?House votes on controversial FISA ACT today.? This is the act that may have been used, with the help of the discredited and phony Dossier, to so badly surveil and abuse the Trump Campaign by the previous administration and others?|16022|69221
realDonaldTrump|Thu Jan 11 11:43:59 +0000 2018|In new Quinnipiac Poll, 66% of people feel the economy is ?Excellent or Good.? That is the highest number ever recorded by this poll.|19916|92799
realDonaldTrump|Thu Jan 11 11:33:06 +0000 2018|Disproven and paid for by Democrats ?Dossier used to spy on Trump Campaign. Did FBI use Intel tool to influence the Election?? @foxandfriends  Did Dems or Clinton also pay Russians? Where are hidden and smashed DNC servers? Where are Crooked Hillary Emails?  What a mess!|21725|78986
realDonaldTrump|Thu Jan 11 04:29:02 +0000 2018|Good news: Toyota and Mazda announce giant new Huntsville, Alabama, plant which will produce over 300,000 cars and SUV?s a year and employ 4000 people. Companies are coming back to the U.S. in a very big way. Congratulations Alabama!|34412|169859
realDonaldTrump|Wed Jan 10 23:37:41 +0000 2018|Cutting taxes and simplifying regulations makes America the place to invest! Great news as Toyota and Mazda announce they are bringing 4,000 JOBS and investing $1.6 BILLION in Alabama, helping to further grow our economy! https://t.co/Kcg8IVH6iA|21540|86171
realDonaldTrump|Wed Jan 10 23:07:48 +0000 2018|The United States needs the security of the Wall on the Southern Border, which must be part of any DACA approval. The safety and security of our country is #1! https://t.co/4CFzQXb5aS|14684|66227
realDonaldTrump|Wed Jan 10 21:31:30 +0000 2018|Today, it was my great honor to welcome Prime Minister Erna Solberg of Norway to the @WhiteHouse - a great friend and ally of the United States! Joint press conference: https://t.co/qWR1BhfQZI https://t.co/PJvwznjRCO|8943|48625
realDonaldTrump|Wed Jan 10 20:08:37 +0000 2018|I want to thank my @Cabinet for working tirelessly on behalf of our country. 2017 was a year of monumental achievement and we look forward to the year ahead. Together, we are delivering results and MAKING AMERICA GREAT AGAIN! https://t.co/ptXa1hAPwW https://t.co/yv6RALkQf3|11194|53963
realDonaldTrump|Wed Jan 10 15:14:15 +0000 2018|The single greatest Witch Hunt in American history continues. There was no collusion, everybody including the Dems knows there was no collusion, &amp; yet on and on it goes. Russia &amp; the world is laughing at the stupidity they are witnessing. Republicans should finally take control!|26774|113969
realDonaldTrump|Wed Jan 10 15:00:29 +0000 2018|The fact that Sneaky Dianne Feinstein, who has on numerous occasions stated that collusion between Trump/Russia has not been found, would release testimony in such an underhanded and possibly illegal way, totally without authorization, is a disgrace. Must have tough Primary!|21345|88367
realDonaldTrump|Wed Jan 10 14:11:13 +0000 2018|It just shows everyone how broken and unfair our Court System is when the opposing side in a case (such as DACA) always runs to the 9th Circuit and almost always wins before being reversed by higher courts.|24745|103290
realDonaldTrump|Wed Jan 10 04:23:58 +0000 2018|".@ICEgov HSI agents and ERO officers, on behalf of an entire Nation, THANK YOU for what you are doing 24/7/365 to keep fellow American?s SAFE. Everyone is so grateful!
#LawEnforcementAppreciationDay
President @realDonaldTrump https://t.co/HXCpTlruVo"|12909|57718
realDonaldTrump|Wed Jan 10 03:48:26 +0000 2018|Thank you @GOPLeader Kevin McCarthy! Couldn?t agree w/you more. TOGETHER, we are #MAGA?? https://t.co/QaxtqpyXTR|11171|50326
realDonaldTrump|Wed Jan 10 00:16:57 +0000 2018|As I made very clear today, our country needs the security of the Wall on the Southern Border, which must be part of any DACA approval.|22850|118113
realDonaldTrump|Tue Jan 09 23:07:09 +0000 2018|Today, it was my great honor to sign a new Executive Order to ensure Veterans have the resources they need as they transition back to civilian life. We must ensure that our HEROES are given the care and support they so richly deserve! https://t.co/0MdP9DDIAS https://t.co/LP2a8KCBAp|18196|78792
realDonaldTrump|Tue Jan 09 22:51:50 +0000 2018|Thanks to all of the Republican and Democratic lawmakers for today?s very productive meeting on immigration reform. There was strong agreement to negotiate a bill that deals with border security, chain migration, lottery and DACA. https://t.co/SdqAQ3aL3z https://t.co/8DYHZHspAy|11043|55858
realDonaldTrump|Tue Jan 09 20:17:17 +0000 2018|It was my great honor to sign H.R. 267, the ?Martin Luther King, Jr. National Historical Park Act,? which redesignates the Martin Luther King, Junior, National Historic Site in the State of Georgia as the Martin Luther King, Jr. National Historical Park. https://t.co/Qe0b6HBFTY https://t.co/QTgaqTawPT|16227|70586
realDonaldTrump|Tue Jan 09 17:11:23 +0000 2018|On behalf of the American people, THANK YOU to our incredible law enforcement officers. As President of the United States - I will fight for you, and I will never, ever let you down. Now, more than ever, we must support the men and women in blue! #LawEnforcementAppreciationDay https://t.co/Qb4uxB4JRm|25406|108578
realDonaldTrump|Mon Jan 08 23:19:47 +0000 2018|We are fighting for our farmers, for our country, and for our GREAT AMERICAN FLAG. We want our flag respected - and we want our NATIONAL ANTHEM respected also! https://t.co/16eOLXg6Fi|20803|101051
realDonaldTrump|Mon Jan 08 22:59:37 +0000 2018|In every decision we make, we are honoring America?s PROUD FARMING LEGACY. Years of crushing taxes, crippling regs, &amp; corrupt politics left our communities hurting, our economy stagnant, &amp; millions of hardworking Americans COMPLETELY FORGOTTEN. But they are not forgotten ANYMORE! https://t.co/MdYS7xnukQ|16792|77980
realDonaldTrump|Mon Jan 08 22:58:13 +0000 2018|We have been working every day to DELIVER for America?s Farmers just as they work every day to deliver FOR US. #AFBF18 https://t.co/QDH7fvFkZ7|10907|55640
realDonaldTrump|Mon Jan 08 19:06:40 +0000 2018|"Can?t wait to be back in the amazing state of Tennessee to address the 99th American @FarmBureau Federation?s Annual Convention in Nashville! #AFBF18

On my way now - join me LIVE at 4:00pmE: https://t.co/QaljAqekdD. https://t.co/Wm7Io0hYT8"|9615|52201
realDonaldTrump|Mon Jan 08 14:20:25 +0000 2018|African American unemployment is the lowest ever recorded in our country. The Hispanic unemployment rate dropped a full point in the last year and is close to the lowest in recorded history. Dems did nothing for you but get your vote!  #NeverForget  @foxandfriends|32577|126715
realDonaldTrump|Mon Jan 08 03:24:23 +0000 2018|...Clinton in the WH, doubling down on Barack Obama?s failed policies, washes away any doubts that America made the right choice. This was truly a change election ? and the changes Trump is bringing are far-reaching &amp; necessary.? Thank you Michael Goodwin! https://t.co/4fHNcx2Ydg|17718|79850
realDonaldTrump|Mon Jan 08 03:23:39 +0000 2018|?His is turning out to be an enormously consequential presidency. So much so that, despite my own frustration over his missteps, there has never been a day when I wished Hillary Clinton were president. Not one. Indeed, as Trump?s accomplishments accumulate, the mere thought of...|15882|79427
realDonaldTrump|Sun Jan 07 20:42:13 +0000 2018|The Stock Market has been creating tremendous benefits for our country in the form of not only Record Setting Stock Prices, but present and future Jobs, Jobs, Jobs. Seven TRILLION dollars of value created since our big election win!|19060|96303
realDonaldTrump|Sun Jan 07 20:35:39 +0000 2018|The Fake News Awards, those going to the most corrupt &amp; biased of the Mainstream Media, will be presented to the losers on Wednesday, January 17th, rather than this coming Monday. The interest in, and importance of, these awards is far greater than anyone could have anticipated!|35056|144405
realDonaldTrump|Sun Jan 07 15:15:50 +0000 2018|Jake Tapper of Fake News CNN just got destroyed in his interview with Stephen Miller of the Trump Administration. Watch the hatred and unfairness of this CNN flunky!|27452|117529
realDonaldTrump|Sun Jan 07 14:40:06 +0000 2018|I?ve had to put up with the Fake News from the first day I announced that I would be running for President. Now I have to put up with a Fake Book, written by a totally discredited author. Ronald Reagan had the same problem and handled it well. So will I!|29526|147291
realDonaldTrump|Sun Jan 07 14:33:10 +0000 2018|Leaving Camp David for the White House. Great meetings with the Cabinet and Military on many very important subjects including Border Security &amp; the desperately needed Wall, the ever increasing Drug and Opioid Problem, Infrastructure, Military, Budget, Trade and DACA.|14669|78269
realDonaldTrump|Sat Jan 06 12:30:51 +0000 2018|....to President of the United States (on my first try). I think that would qualify as not smart, but genius....and a very stable genius at that!|32000|136355
realDonaldTrump|Sat Jan 06 12:27:42 +0000 2018|....Actually, throughout my life, my two greatest assets have been mental stability and being, like, really smart. Crooked Hillary Clinton also played these cards very hard and, as everyone knows, went down in flames. I went from VERY successful businessman, to top T.V. Star.....|34034|129283
realDonaldTrump|Sat Jan 06 12:19:10 +0000 2018|Now that Russian collusion, after one year of intense study, has proven to be a total hoax on the American public, the Democrats and their lapdogs, the Fake News Mainstream Media, are taking out the old Ronald Reagan playbook and screaming mental stability and intelligence.....|32850|142328
realDonaldTrump|Sat Jan 06 11:57:35 +0000 2018|Brian Ross, the reporter who made a fraudulent live newscast about me that drove the Stock Market down 350 points (billions of dollars), was suspended for a month but is now back at ABC NEWS in a lower capacity. He is no longer allowed to report on Trump. Should have been fired!|21929|114435
realDonaldTrump|Sat Jan 06 11:49:02 +0000 2018|The African American unemployment rate fell to 6.8%, the lowest rate in 45 years. I am so happy about this News! And, in the Washington Post (of all places), headline states, ?Trumps first year jobs numbers were very, very good.?|30715|139122
realDonaldTrump|Sat Jan 06 04:32:08 +0000 2018|Michael Wolff is a total loser who made up stories in order to sell this really boring and untruthful book. He used Sloppy Steve Bannon, who cried when he got fired and begged for his job. Now Sloppy Steve has been dumped like a dog by almost everyone. Too bad! https://t.co/mEeUhk5ZV9|22248|84637
realDonaldTrump|Sat Jan 06 04:19:10 +0000 2018|Good idea Rand! https://t.co/55sqUDiC0s|28320|115878
realDonaldTrump|Fri Jan 05 15:34:28 +0000 2018|The Mercer Family recently dumped the leaker known as Sloppy Steve Bannon. Smart!|14786|76100
realDonaldTrump|Fri Jan 05 14:32:44 +0000 2018|Well, now that collusion with Russia is proving to be a total hoax and the only collusion is with Hillary Clinton and the FBI/Russia, the Fake News Media (Mainstream) and this phony new book are hitting out at every new front imaginable. They should try winning an election. Sad!|30761|140577
realDonaldTrump|Fri Jan 05 11:35:30 +0000 2018|Dow goes from 18,589 on November 9, 2016, to 25,075 today, for a new all-time Record. Jumped 1000 points in last 5 weeks, Record fastest 1000 point move in history. This is all about the Make America Great Again agenda! Jobs, Jobs, Jobs. Six trillion dollars in value created!|25595|118580
realDonaldTrump|Fri Jan 05 04:04:20 +0000 2018|The Fake News Media barely mentions the fact that the Stock Market just hit another New Record and that business in the U.S. is booming...but the people know! Can you imagine if ?O? was president and had these numbers - would be biggest story on earth! Dow now over 25,000.|26377|124076
realDonaldTrump|Fri Jan 05 03:52:53 +0000 2018|I authorized Zero access to White House (actually turned him down many times) for author of phony book! I never spoke to him for book. Full of lies, misrepresentations and sources that don?t exist. Look at this guy?s past and watch what happens to him and Sloppy Steve!|22224|96639
realDonaldTrump|Fri Jan 05 00:11:26 +0000 2018|MAKING AMERICA GREAT AGAIN! https://t.co/iONbr1DkVk|20964|89777
realDonaldTrump|Thu Jan 04 23:53:05 +0000 2018|Thank you to the great Republican Senators who showed up to our mtg on immigration reform. We must BUILD THE WALL, stop illegal immigration, end chain migration &amp; cancel the visa lottery. The current system is unsafe &amp; unfair to the great people of our country - time for change!|28366|131971
realDonaldTrump|Thu Jan 04 15:48:04 +0000 2018|Dow just crashes through 25,000. Congrats! Big cuts in unnecessary regulations continuing.|21932|113404
realDonaldTrump|Thu Jan 04 11:37:46 +0000 2018|So beautiful....Show this picture to the NFL players who still kneel! https://t.co/tJLM1tvbvb|31203|113504
realDonaldTrump|Thu Jan 04 11:32:22 +0000 2018|With all of the failed ?experts? weighing in, does anybody really believe that talks and dialogue would be going on between North and South Korea right now if I wasn?t firm, strong and willing to commit our total ?might? against the North. Fools, but talks are a good thing!|18582|90450
realDonaldTrump|Thu Jan 04 11:11:45 +0000 2018|As Americans, you need identification, sometimes in a very strong and accurate form, for almost everything you do.....except when it comes to the most important thing, VOTING for the people that run your country. Push hard for Voter Identification!|38020|149081
realDonaldTrump|Thu Jan 04 11:02:14 +0000 2018|Many mostly Democrat States refused to hand over data from the 2016 Election to the Commission On Voter Fraud. They fought hard that the Commission not see their records or methods because they know that many people are voting illegally. System is rigged, must go to Voter I.D.|29317|106767
realDonaldTrump|Thu Jan 04 02:13:16 +0000 2018|MAKE AMERICA GREAT AGAIN!|35646|154370
realDonaldTrump|Thu Jan 04 02:11:31 +0000 2018|Stock Market had another good day but, now that the Tax Cut Bill has passed, we have tremendous upward potential. Dow just short of 25,000, a number that few thought would be possible this soon into my administration. Also, unemployment went down to 4.1%. Only getting better!|18729|102434
realDonaldTrump|Thu Jan 04 02:07:37 +0000 2018|?Some 40 U.S. companies have responded to President Trump?s tax cut and reform victory in Congress last year by handing out bonuses up to $2,000, increases in 401k matches and spending on charity, a much higher number than previously known.? https://t.co/bmWrwWzxMR|15806|65666
realDonaldTrump|Thu Jan 04 01:06:06 +0000 2018|"Melania and I are deeply saddened by the death of Thomas S. Monson, a beloved President of the Church of Jesus Christ of Latter-day Saints...
https://t.co/ETD3fWtfU3"|11940|57553
realDonaldTrump|Wed Jan 03 13:37:13 +0000 2018|Such respect for the people of Iran as they try to take back their corrupt government. You will see great support from the United States at the appropriate time!|28415|142002
realDonaldTrump|Wed Jan 03 04:03:01 +0000 2018|?President Trump has something now he didn?t have a year ago, that is a set of accomplishments that nobody can deny. The accomplishments are there, look at his record, he has had a very significant first year.? @LouDobbs Show,David Asman &amp; Ed Rollins|19813|94170
realDonaldTrump|Wed Jan 03 01:05:10 +0000 2018|I will be announcing THE MOST DISHONEST &amp; CORRUPT MEDIA AWARDS OF THE YEAR on Monday at 5:00 o?clock. Subjects will cover Dishonesty &amp; Bad Reporting in various categories from the Fake News Media. Stay tuned!|47532|188132
realDonaldTrump|Wed Jan 03 00:49:19 +0000 2018|North Korean Leader Kim Jong Un just stated that the ?Nuclear Button is on his desk at all times.? Will someone from his depleted and food starved regime please inform him that I too have a Nuclear Button, but it is a much bigger &amp; more powerful one than his, and my Button works!|181373|483163
realDonaldTrump|Tue Jan 02 22:37:57 +0000 2018|...peace treaty with Israel. We have taken Jerusalem, the toughest part of the negotiation, off the table, but Israel, for that, would have had to pay more. But with the Palestinians no longer willing to talk peace, why should we make any of these massive future payments to them?|18727|90197
realDonaldTrump|Tue Jan 02 22:37:56 +0000 2018|It's not only Pakistan that we pay billions of dollars to for nothing, but also many other countries, and others. As an example, we pay the Palestinians HUNDRED OF MILLIONS OF DOLLARS a year and get no appreciation or respect. They don?t even want to negotiate a long overdue...|27446|113643
realDonaldTrump|Tue Jan 02 22:23:41 +0000 2018|Congratulations to Senator Orrin Hatch on an absolutely incredible career. He has been a tremendous supporter, and I will never forget the (beyond kind) statements he has made about me as President. He is my friend and he will be greatly missed in the U.S. Senate! https://t.co/0VjzLEeHTl|11642|60888
realDonaldTrump|Tue Jan 02 18:11:11 +0000 2018|We will not rest until all of America?s GREAT VETERANS can receive the care they so richly deserve. Tremendous progress has been made in a short period of time. Keep up the great work @SecShulkin @DeptVetAffairs! https://t.co/ir25vW15hx https://t.co/OtuzIgxMn6|15340|67706
realDonaldTrump|Tue Jan 02 15:16:38 +0000 2018|Democrats are doing nothing for DACA - just interested in politics.  DACA activists and Hispanics will go hard against Dems, will start ?falling in love? with Republicans and their President! We are about RESULTS.|17405|84049
realDonaldTrump|Tue Jan 02 14:53:47 +0000 2018|....impartial journalists of a much higher standard, lose all of your phony and non-existent ?sources,? and treat the President of the United States FAIRLY, so that the next time I (and the people) win, you won?t have to write an apology to your readers for a job poorly done! GL|15489|74309
realDonaldTrump|Tue Jan 02 14:39:49 +0000 2018|The Failing New York Times has a new publisher, A.G. Sulzberger. Congratulations! Here is a last chance for the Times to fulfill the vision of its Founder, Adolph Ochs, ?to give the news impartially, without fear or FAVOR, regardless of party, sect, or interests involved.? Get...|16852|76030
realDonaldTrump|Tue Jan 02 14:13:13 +0000 2018|Since taking office I have been very strict on Commercial Aviation. Good news - it was just reported that there were Zero deaths in 2017, the best and safest year on record!|15370|85357
realDonaldTrump|Tue Jan 02 14:08:56 +0000 2018|Sanctions and ?other? pressures are beginning to have a big impact on North Korea. Soldiers are dangerously fleeing to South Korea. Rocket man now wants to talk to South Korea for first time. Perhaps that is good news, perhaps not - we will see!|16302|74720
realDonaldTrump|Tue Jan 02 13:49:23 +0000 2018|Companies are giving big bonuses to their workers because of the Tax Cut Bill. Really great!|14661|83492
realDonaldTrump|Tue Jan 02 13:44:33 +0000 2018|Thank you to Brandon Judd of the National Border Patrol Council for your kind words on how well we are doing at the Border. We will be bringing in more &amp; more of your great folks and will build the desperately needed WALL! @foxandfriends|13590|66851
realDonaldTrump|Tue Jan 02 12:48:00 +0000 2018|Crooked Hillary Clinton?s top aid, Huma Abedin, has been accused of disregarding basic security protocols. She put Classified Passwords into the hands of foreign agents. Remember sailors pictures on submarine? Jail! Deep State Justice Dept must finally act? Also on Comey &amp; others|35525|126006
realDonaldTrump|Tue Jan 02 12:09:17 +0000 2018|The people of Iran are finally acting against the brutal and corrupt Iranian regime. All of the money that President Obama so foolishly gave them went into terrorism and into their ?pockets.? The people have little food, big inflation and no human rights. The U.S. is watching!|26538|101711
realDonaldTrump|Mon Jan 01 13:37:52 +0000 2018|Will be leaving Florida for Washington (D.C.) today at 4:00 P.M. Much work to be done, but it will be a great New Year!|15869|110353
realDonaldTrump|Mon Jan 01 12:44:40 +0000 2018|Iran is failing at every level despite the terrible deal made with them by the Obama Administration. The great Iranian people have been repressed for many years. They are hungry for food &amp; for freedom. Along with human rights, the wealth of Iran is being looted. TIME FOR CHANGE!|27263|107001
realDonaldTrump|Mon Jan 01 12:12:00 +0000 2018|The United States has foolishly given Pakistan more than 33 billion dollars in aid over the last 15 years, and they have given us nothing but lies &amp; deceit, thinking of our leaders as fools. They give safe haven to the terrorists we hunt in Afghanistan, with little help. No more!|96547|294359
realDonaldTrump|Sun Dec 31 23:43:04 +0000 2017|HAPPY NEW YEAR! We are MAKING AMERICA GREAT AGAIN, and much faster than anyone thought possible!|39108|188515
realDonaldTrump|Sun Dec 31 22:18:20 +0000 2017|As our Country rapidly grows stronger and smarter, I want to wish all of my friends, supporters, enemies, haters, and even the very dishonest Fake News Media, a Happy and Healthy New Year. 2018 will be a great year for America!|43062|192155
realDonaldTrump|Sun Dec 31 22:00:21 +0000 2017|Iran, the Number One State of Sponsored Terror with numerous violations of Human Rights occurring on an hourly basis, has now closed down the Internet so that peaceful demonstrators cannot communicate. Not good!|30978|106614
realDonaldTrump|Sun Dec 31 19:06:52 +0000 2017|What a year it?s been, and we're just getting started. Together, we are MAKING AMERICA GREAT AGAIN! Happy New Year!! https://t.co/qsMNyN1UJG|31192|131955
realDonaldTrump|Sun Dec 31 18:36:28 +0000 2017|My deepest condolences to the victims of the terrible shooting in Douglas County @DCSheriff, and their families. We love our police and law enforcement - God Bless them all! #LESM|17624|85495
realDonaldTrump|Sun Dec 31 13:36:32 +0000 2017|Why would smart voters want to put Democrats in Congress in 2018 Election when their policies will totally kill the great wealth created during the months since the Election. People are much better off now not to mention ISIS, VA, Judges, Strong Border, 2nd A, Tax Cuts &amp; more?|27189|116053
realDonaldTrump|Sun Dec 31 13:26:29 +0000 2017|If the Dems (Crooked Hillary) got elected, your stocks would be down 50% from values on Election Day. Now they have a great future - and just beginning! https://t.co/9TzSC8F8vY|14734|69004
realDonaldTrump|Sun Dec 31 13:03:29 +0000 2017|Big protests in Iran. The people are finally getting wise as to how their money and wealth is being stolen and squandered on terrorism. Looks like they will not take it any longer. The USA is watching very closely for human rights violations!|30212|115067
realDonaldTrump|Sun Dec 31 04:46:21 +0000 2017|?Trump Rally: Stocks put 2017 in the record books? https://t.co/0foQGaFjMh|13101|62879
realDonaldTrump|Sat Dec 30 22:42:09 +0000 2017|Jobs are kicking in and companies are coming back to the U.S. Unnecessary regulations and high taxes are being dramatically Cut, and it will only get better. MUCH MORE TO COME!|24053|121156
realDonaldTrump|Sat Dec 30 22:36:41 +0000 2017|I use Social Media not because I like to, but because it is the only way to fight a VERY dishonest and unfair ?press,? now often referred to as Fake News Media. Phony and non-existent ?sources? are being used more often than ever. Many stories &amp; reports a pure fiction!|51015|203989
realDonaldTrump|Sat Dec 30 21:12:45 +0000 2017|On Taxes: ?This is the biggest corporate rate cut ever, going back to the corporate income tax rate of roughly 80 years ago.This is a huge pro-growth stimulus for the economy. Every year the Obama WH overstated how the economy would grow. Now real economics and jobs.? @WSJ Report|16287|75875
realDonaldTrump|Sat Dec 30 19:02:53 +0000 2017|Oppressive regimes cannot endure forever, and the day will come when the Iranian people will face a choice. The world is watching! https://t.co/kvv1uAqcZ9|23049|82444
realDonaldTrump|Sat Dec 30 19:00:54 +0000 2017|The entire world understands that the good people of Iran want change, and, other than the vast military power of the United States, that Iran?s people are what their leaders fear the most.... https://t.co/W8rKN9B6RT|22697|80457
realDonaldTrump|Sat Dec 30 03:42:58 +0000 2017|Many reports of peaceful protests by Iranian citizens fed up with regime?s corruption &amp; its squandering of the nation?s wealth to fund terrorism abroad. Iranian govt should respect their people?s rights, including right to express themselves. The world is watching! #IranProtests|49524|136841
realDonaldTrump|Fri Dec 29 13:16:11 +0000 2017|The Democrats have been told, and fully understand, that there can be no DACA without the desperately needed WALL at the Southern Border and an END to the horrible Chain Migration &amp; ridiculous Lottery System of Immigration etc. We must protect our Country at all cost!|33559|140612
realDonaldTrump|Fri Dec 29 13:04:09 +0000 2017|Why is the United States Post Office, which is losing many billions of dollars a year, while charging Amazon and others so little to deliver their packages, making Amazon richer and the Post Office dumber and poorer? Should be charging MUCH MORE!|26303|117210
realDonaldTrump|Fri Dec 29 12:46:23 +0000 2017|While the Fake News loves to talk about my so-called low approval rating, @foxandfriends just showed that my rating on Dec. 28, 2017, was approximately the same as President Obama on Dec. 28, 2009, which was 47%...and this despite massive negative Trump coverage &amp; Russia hoax!|22009|96918
realDonaldTrump|Fri Dec 29 00:01:47 +0000 2017|In the East, it could be the COLDEST New Year?s Eve on record. Perhaps we could use a little bit of that good old Global Warming that our Country, but not other countries, was going to pay TRILLIONS OF DOLLARS to protect against. Bundle up!|61228|198423
realDonaldTrump|Thu Dec 28 23:14:21 +0000 2017|Together, we are MAKING AMERICA GREAT AGAIN! https://t.co/OeyTdFyl1Q https://t.co/wdLQkfdy4m|14762|66495
realDonaldTrump|Thu Dec 28 19:20:47 +0000 2017|I've been saying it for a long, long time. #NoKo https://t.co/LQl7tGhMdO|25453|72563
realDonaldTrump|Thu Dec 28 16:24:08 +0000 2017|Caught RED HANDED - very disappointed that China is allowing oil to go into North Korea. There will never be a friendly solution to the North Korea problem if this continues to happen!|29943|121706
realDonaldTrump|Thu Dec 28 16:18:20 +0000 2017|Retail sales are at record numbers. We?ve got the economy going better than anyone ever dreamt - and you haven?t seen anything yet!|20286|106015
realDonaldTrump|Thu Dec 28 15:24:53 +0000 2017|Vanity Fair, which looks like it is on its last legs, is bending over backwards in apologizing for the minor hit they took at Crooked H. Anna Wintour, who was all set to be Amb to Court of St James?s &amp; a big fundraiser for CH, is beside herself in grief &amp; begging for forgiveness!|13492|63895
realDonaldTrump|Thu Dec 28 02:46:30 +0000 2017|"?Arrests of MS-13 Members, Associates Up 83% Under Trump? 
https://t.co/70iPHy2Yqn"|19862|82551
realDonaldTrump|Thu Dec 28 02:09:22 +0000 2017|?On 1/20 - the day Trump was inaugurated - an estimated 35,000 ISIS fighters held approx 17,500 square miles of territory in both Iraq and Syria. As of 12/21, the U.S. military est the remaining 1,000 or so fighters occupy roughly 1,900 square miles..? @jamiejmcintyre @dcexaminer https://t.co/OgYEuDgzD2|18558|66926
realDonaldTrump|Wed Dec 27 23:11:13 +0000 2017|Just left West Palm Beach Fire &amp; Rescue #2. Met with great men and women as representatives of those who do so much for all of us. Firefighters, paramedics, first responders - what amazing people they are!|17357|105521
realDonaldTrump|Tue Dec 26 22:17:14 +0000 2017|All signs are that business is looking really good for next year, only to be helped further by our Tax Cut Bill. Will be a great year for Companies and JOBS! Stock Market is poised for another year of SUCCESS!|23799|126559
realDonaldTrump|Tue Dec 26 13:24:27 +0000 2017|WOW, @foxandfrlends  ?Dossier is bogus. Clinton Campaign, DNC funded Dossier. FBI CANNOT (after all of this time) VERIFY CLAIMS IN DOSSIER OF RUSSIA/TRUMP COLLUSION. FBI TAINTED.? And they used this Crooked Hillary pile of garbage as the basis for going after the Trump Campaign!|32982|114313
realDonaldTrump|Tue Dec 26 11:58:42 +0000 2017|Based on the fact that the very unfair and unpopular Individual Mandate has been terminated as part of our Tax Cut Bill, which essentially Repeals (over time) ObamaCare, the Democrats &amp; Republicans will eventually come together and develop a great new HealthCare plan!|19246|106282
realDonaldTrump|Mon Dec 25 23:33:55 +0000 2017|I hope everyone is having a great Christmas, then tomorrow it?s back to work in order to Make America Great Again (which is happening faster than anyone anticipated)!|32187|191918
realDonaldTrump|Mon Dec 25 13:36:51 +0000 2017|MERRY CHRISTMAS!!! https://t.co/mYtV5GNdLl|46991|200458
realDonaldTrump|Mon Dec 25 03:51:52 +0000 2017|MERRY CHRISTMAS!! https://t.co/xa2qxcisVV|31389|145094
realDonaldTrump|Mon Dec 25 02:56:19 +0000 2017|People are proud to be saying Merry Christmas again. I am proud to have led the charge against the assault of our cherished and beautiful phrase. MERRY CHRISTMAS!!!!!|50382|221914
realDonaldTrump|Sun Dec 24 20:35:26 +0000 2017|The Tax Cut/Reform Bill, including Massive Alaska Drilling and the Repeal of the highly unpopular Individual Mandate, brought it all together as to what an incredible year we had. Don?t let the Fake News convince you otherwise...and our insider Polls are strong!|21624|107136
realDonaldTrump|Sun Dec 24 13:48:11 +0000 2017|The Fake News refuses to talk about how Big and how Strong our BASE is. They show Fake Polls just like they report Fake News. Despite only negative reporting, we are doing well - nobody is going to beat us. MAKE AMERICA GREAT AGAIN!|30809|134098
realDonaldTrump|Sun Dec 24 12:25:22 +0000 2017|.@FoxNews-FBI?s Andrew McCabe, ?in addition to his wife getting all of this money from M (Clinton Puppet), he was using, allegedly, his FBI Official Email Account to promote her campaign. You obviously cannot do this. These were the people who were investigating Hillary Clinton.?|28080|95722
realDonaldTrump|Sat Dec 23 22:57:50 +0000 2017|Remember, the Republicans are 5-0 in Congressional races this year. In Senate, I said Roy M would lose in Alabama and supported Big Luther Strange - and Roy lost. Virginia candidate was not a ?Trumper,? and he lost.  Good Republican candidates will win BIG!|15661|81913
realDonaldTrump|Sat Dec 23 22:44:45 +0000 2017|The Stock Market is setting record after record and unemployment is at a 17 year low. So many things accomplished by the Trump Administration, perhaps more than any other President in first year. Sadly, will never be reported correctly by the Fake News Media!|21205|97359
realDonaldTrump|Sat Dec 23 20:32:42 +0000 2017|Wow, ?FBI lawyer James Baker reassigned,? according to @FoxNews.|16175|66910
realDonaldTrump|Sat Dec 23 20:30:06 +0000 2017|FBI Deputy Director Andrew McCabe is racing the clock to retire with full benefits. 90 days to go?!!!|21101|71485
realDonaldTrump|Sat Dec 23 20:27:05 +0000 2017|How can FBI Deputy Director Andrew McCabe, the man in charge, along with leakin? James Comey, of the Phony Hillary Clinton investigation (including her 33,000 illegally deleted emails) be given $700,000 for wife?s campaign by Clinton Puppets during investigation?|34454|117244
realDonaldTrump|Fri Dec 22 22:11:56 +0000 2017|Remember, the most hated part of ObamaCare is the Individual Mandate, which is being terminated under our just signed Tax Cut Bill.|23851|116140
realDonaldTrump|Fri Dec 22 20:47:43 +0000 2017|Today, it was my great honor to sign the largest TAX CUTS and reform in the history of our country. Full remarks: https://t.co/kMxoxEB68G https://t.co/OeAoA0sLfx|14937|66342
realDonaldTrump|Fri Dec 22 20:47:15 +0000 2017|The United Nations Security Council just voted 15-0 in favor of additional Sanctions on North Korea. The World wants Peace, not Death!|17885|87329
realDonaldTrump|Fri Dec 22 18:40:29 +0000 2017|Congressman Ron DeSantis is a brilliant young leader, Yale and then Harvard Law, who would make a GREAT Governor of Florida. He loves our Country and is a true FIGHTER!|15535|70533
realDonaldTrump|Fri Dec 22 16:46:49 +0000 2017|95% of Americans will pay less or, at worst, the same amount of taxes (mostly far less). The Dems only want to raise your taxes!|20108|99785
realDonaldTrump|Fri Dec 22 15:07:55 +0000 2017|Will be signing the biggest ever Tax Cut and Reform Bill in 30 minutes in Oval Office. Will also be signing a much needed 4 billion dollar missile defense bill.|18017|99053
realDonaldTrump|Fri Dec 22 15:04:39 +0000 2017|With all my Administration has done on Legislative Approvals (broke Harry Truman?s Record), Regulation Cutting, Judicial Appointments, Building Military, VA, TAX CUTS &amp; REFORM, Record Economy/Stock Market and so much more, I am sure great credit will be given by mainstream news?|18674|88366
realDonaldTrump|Fri Dec 22 14:17:04 +0000 2017|?The President has accomplished some absolutely historic things during this past year.? Thank you Charlie Kirk of Turning Points USA. Sadly, the Fake Mainstream Media will NEVER talk about our accomplishments in their end of year reviews. We are compiling a long &amp; beautiful list.|17624|82626
realDonaldTrump|Fri Dec 22 13:05:06 +0000 2017|At some point, and for the good of the country, I predict we will start working with the Democrats in a Bipartisan fashion. Infrastructure would be a perfect place to start. After having foolishly spent $7 trillion in the Middle East, it is time to start rebuilding our country!|26011|117292
realDonaldTrump|Fri Dec 22 12:50:42 +0000 2017|So true! https://t.co/1c8hu6O5t9|9631|45966
realDonaldTrump|Fri Dec 22 12:47:51 +0000 2017|Our big and very popular Tax Cut and Reform Bill has taken on an unexpected new source of ?love? - that is big companies and corporations showering their workers with bonuses. This is a phenomenon that nobody even thought of, and now it is the rage. Merry Christmas!|20813|91447
realDonaldTrump|Thu Dec 21 18:16:28 +0000 2017|THANK YOU to everyone who joined me at the @WhiteHouse yesterday. Together, we are MAKING AMERICA GREAT AGAIN! https://t.co/9HgcBKDSxo https://t.co/dTMU8OwmWB|13246|66012
realDonaldTrump|Thu Dec 21 14:52:22 +0000 2017|House Democrats want a SHUTDOWN for the holidays in order to distract from the very popular, just passed, Tax Cuts. House Republicans, don?t let this happen. Pass the C.R. TODAY and keep our Government OPEN!|19443|85231
realDonaldTrump|Thu Dec 21 13:56:28 +0000 2017|Home Sales hit BEST numbers in 10 years! MAKE AMERICA GREAT AGAIN|17063|82583
realDonaldTrump|Thu Dec 21 12:45:17 +0000 2017|Was @foxandfriends just named the most influential show in news? You deserve it - three great people! The many Fake News Hate Shows should study your formula for success!|17993|88525
realDonaldTrump|Thu Dec 21 12:24:22 +0000 2017|The Massive Tax Cuts, which the Fake News Media is desperate to write badly about so as to please their Democrat bosses, will soon be kicking in and will speak for themselves. Companies are already making big payments to workers. Dems want to raise taxes, hate these big Cuts!|23927|107093
realDonaldTrump|Wed Dec 20 21:44:50 +0000 2017|WE ARE MAKING AMERICA GREAT AGAIN! https://t.co/HY353gXV0R|22632|97186
realDonaldTrump|Wed Dec 20 18:09:44 +0000 2017|"We are delivering HISTORIC TAX RELIEF for the American people!
#TaxCutsandJobsAct https://t.co/lLgATrCh5o"|19416|79767
realDonaldTrump|Wed Dec 20 17:30:26 +0000 2017|Together, we are MAKING AMERICA GREAT AGAIN! https://t.co/47k9i4p3J2|14497|65788
realDonaldTrump|Wed Dec 20 16:39:04 +0000 2017|I would like to congratulate @SenateMajLdr on having done a fantastic job both strategically &amp; politically on the passing in the Senate of the MASSIVE TAX CUT &amp; Reform Bill. I could have not asked for a better or more talented partner. Our team will go onto many more VICTORIES!|16836|85010
realDonaldTrump|Wed Dec 20 14:32:51 +0000 2017|The Tax Cuts are so large and so meaningful, and yet the Fake News is working overtime to follow the lead of their friends, the defeated Dems, and only demean. This is truly a case where the results will speak for themselves, starting very soon. Jobs, Jobs, Jobs!|16927|75994
realDonaldTrump|Wed Dec 20 06:09:06 +0000 2017|The United States Senate just passed the biggest in history Tax Cut and Reform Bill. Terrible Individual Mandate (ObamaCare)Repealed. Goes to the House tomorrow morning for final vote. If approved, there will be a News Conference at The White House at approximately 1:00 P.M.|29622|134655
realDonaldTrump|Tue Dec 19 20:18:12 +0000 2017|Congratulations to Paul Ryan, Kevin McCarthy, Kevin Brady, Steve Scalise, Cathy McMorris Rodgers and all great House Republicans who voted in favor of cutting your taxes!|23178|122861
realDonaldTrump|Tue Dec 19 15:07:01 +0000 2017|A  story in the @washingtonpost that I was close to ?rescinding? the nomination of Justice Gorsuch prior to confirmation is FAKE NEWS. I never even wavered and am very proud of him and the job he is doing as a Justice of the U.S. Supreme Court. The unnamed sources don?t exist!|23519|92846
realDonaldTrump|Tue Dec 19 11:23:40 +0000 2017|Stocks and the economy have a long way to go after the Tax Cut Bill is totally understood and appreciated in scope and size. Immediate expensing will have a big impact. Biggest Tax Cuts and Reform EVER passed. Enjoy, and create many beautiful JOBS!|13480|67033
realDonaldTrump|Tue Dec 19 11:04:11 +0000 2017|DOW RISES 5000 POINTS ON THE YEAR FOR THE FIRST TIME EVER - MAKE AMERICA GREAT AGAIN!|22796|109243
realDonaldTrump|Tue Dec 19 00:54:32 +0000 2017|Together, our task is to strengthen our families, to build up our communities, to serve our citizens, and to celebrate AMERICAN GREATNESS as a shining example to the world.... https://t.co/ds6tZlgJpA|15684|64112
realDonaldTrump|Mon Dec 18 23:49:30 +0000 2017|"With the strategy that I announced today, we are declaring that AMERICA is in the game and AMERICA is DETERMINED to WIN!

OUR FOUR PILLARS OF NATIONAL SECURITY STRATEGY: https://t.co/B3POaMVID8"|14788|58711
realDonaldTrump|Mon Dec 18 22:25:20 +0000 2017|70 Record Closes for the Dow so far this year! We have NEVER had 70 Dow Records in a one year period. Wow!|20321|94006
realDonaldTrump|Mon Dec 18 22:20:20 +0000 2017|Thank you Maria B! https://t.co/v1UR63CqLK|8178|38530
realDonaldTrump|Mon Dec 18 22:18:13 +0000 2017|So true Ivanka! https://t.co/BNGUJG69Ki|8225|42126
realDonaldTrump|Mon Dec 18 20:40:08 +0000 2017|As the world watches, we are days away from passing HISTORIC TAX CUTS for American families and businesses. It will be the BIGGEST TAX CUT and TAX REFORM in the HISTORY of our country! https://t.co/EvcAkjuf8w|9444|46665
realDonaldTrump|Mon Dec 18 20:28:19 +0000 2017|When the American People speak, ALL OF US should listen. Just over one year ago, you spoke loud and clear. On November 8, 2016, you voted to MAKE AMERICA GREAT AGAIN! https://t.co/3AOv53S0PU|9688|46714
realDonaldTrump|Mon Dec 18 20:19:18 +0000 2017|Over the past 11 months, I have travelled tens of thousands of miles, to visit 13 countries. I have met with more than 100 world leaders and everywhere I traveled, it was my highest privilege and greatest honor to represent the AMERICAN PEOPLE! https://t.co/7SDsEeIhJH|12293|61781
realDonaldTrump|Mon Dec 18 19:35:38 +0000 2017|Our deepest sympathies and most heartfelt prayers are with the victims of the train derailment in Washington State. We are closely monitoring the situation and coordinating with local authorities... https://t.co/Gyf5BdVm4G|8266|41222
realDonaldTrump|Mon Dec 18 18:51:26 +0000 2017|My thoughts and prayers are with everyone involved in the train accident in DuPont, Washington. Thank you to all of our wonderful First Responders who are on the scene. We are currently monitoring here at the White House.|14455|81404
realDonaldTrump|Mon Dec 18 18:41:05 +0000 2017|The train accident that just occurred in DuPont, WA shows more than ever why our soon to be submitted infrastructure plan must be approved quickly. Seven trillion dollars spent in the Middle East while our roads, bridges, tunnels, railways (and more) crumble! Not for long!|21651|102072
realDonaldTrump|Mon Dec 18 11:42:18 +0000 2017|Ivanka Trump will be interviewed on @foxandfriends.|5899|42389
realDonaldTrump|Mon Dec 18 11:23:49 +0000 2017|Remember, Republicans are 5-0 in Congressional Races this year. The media refuses to mention this. I said Gillespie and Moore would lose (for very different reasons), and they did. I also predicted  ?I? would win. Republicans will do well in 2018, very well! @foxandfriends|17818|84194
realDonaldTrump|Mon Dec 18 00:26:07 +0000 2017|More than a century after conquering flight, the #WrightBrothers continue to motivate &amp; inspire Americans, who never tire of exploration &amp; innovation. This GREAT AMERICAN SPIRIT can be found in the design of every new supersonic jet and next generation: https://t.co/NeKPMgkdg8 https://t.co/pODjl00lAy|12343|58267
realDonaldTrump|Sun Dec 17 21:13:34 +0000 2017|Wonderful weekend at Camp David. A very special place. A lot of very important work done. Heading back to the @WhiteHouse now. https://t.co/cKxlsdr1ut|10317|61176
realDonaldTrump|Sun Dec 17 17:01:58 +0000 2017|As a candidate, I promised we would pass a massive TAX CUT for the everyday working American families who are the backbone and the heartbeat of our country. Now, we are just days away... https://t.co/MADTGUMktX|17249|81988
realDonaldTrump|Sat Dec 16 20:31:43 +0000 2017|WEEKLY ADDRESS?? https://t.co/1sH20Hb33x|12215|50156
realDonaldTrump|Sat Dec 16 20:05:05 +0000 2017|TAX CUTS will increase investment in the American economy and in U.S. workers, leading to higher growth, higher wages, and more JOBS! https://t.co/4GxM8psMU1|14365|67268
realDonaldTrump|Sat Dec 16 14:52:03 +0000 2017|Congratulations to two great and hardworking guys, Corey Lewandowski and David Bossie, on the success of their just out book, ?Let Trump Be Trump.? Finally people with real knowledge are writing about our wonderful and exciting campaign!|20963|105549
realDonaldTrump|Sat Dec 16 03:12:37 +0000 2017|Great job Kevin, we are all proud of you! https://t.co/K6hEEaOxKt|13048|62523
realDonaldTrump|Sat Dec 16 00:00:11 +0000 2017|DOW, S&amp;P 500 and NASDAQ close at record highs! #MAGA https://t.co/hvqwnqSGuG|12134|55084
realDonaldTrump|Fri Dec 15 21:58:12 +0000 2017|"Today, it was my tremendous honor to visit Marine Helicopter Squadron One (HMX-1) at the Marine Corps Air Facility in Quantico, Virginia. 

I am honored to serve as your Commander-in-Chief. On behalf of an entire Nation, THANK YOU for your sacrifice and service. We love you! https://t.co/eLOTc7do52"|17195|74794
realDonaldTrump|Fri Dec 15 19:48:58 +0000 2017|"You are always there for us ? THE MEN AND WOMEN IN BLUE.

Thank you to our police, thank you to our sheriffs, and thank you to our law enforcement families. God Bless you all, and GOD BLESS AMERICA! #LESM https://t.co/9ejiddVL9h"|15967|69632
realDonaldTrump|Fri Dec 15 17:35:59 +0000 2017|To each member of the graduating class from the National Academy at Quantico, CONGRATULATIONS! https://t.co/bGT8S33ZLU|9326|50684
realDonaldTrump|Fri Dec 15 13:55:01 +0000 2017|It was my honor. THANK YOU! https://t.co/1LvqbRQ1bi|13138|66227
realDonaldTrump|Thu Dec 14 21:20:51 +0000 2017|?Manufacturing Optimism Rose to Another All-Time High in the Latest @ShopFloorNAM Outlook Survey? https://t.co/LuV4BMp0Xc|8396|37080
realDonaldTrump|Thu Dec 14 20:35:13 +0000 2017|"In 1960, there were approximately 20,000 pages in the Code of Federal Regulations. Today there are over 185,000 pages, as seen in the Roosevelt Room.

Today, we CUT THE RED TAPE! It is time to SET FREE OUR DREAMS and MAKE AMERICA GREAT AGAIN! https://t.co/teAVNzjvcx"|24181|84612
realDonaldTrump|Thu Dec 14 20:27:00 +0000 2017|"When Americans are free to thrive, innovate, &amp; prosper, there is no challenge too great, no task too large, &amp; no goal beyond our reach. 

We are a nation of explorers, pioneers, innovators &amp; inventors. We are nation of people who work hard, dream big, &amp; who never, ever give up... https://t.co/9LVdp6zOgZ"|15778|66730
realDonaldTrump|Thu Dec 14 20:13:04 +0000 2017|Today, we gathered in the Roosevelt Room for one single reason: to CUT THE RED TAPE! For many decades, an ever-growing maze of regs, rules, and restrictions has cost our country trillions of dollars, millions of jobs, countless American factories, &amp; devastated entire industries. https://t.co/ostXOVnckf|11963|54998
realDonaldTrump|Thu Dec 14 17:05:13 +0000 2017|As a candidate, I promised we would pass a massive tax cut for the everyday, working Americans. If you make your voices heard, this moment will be forever remembered as a great new beginning ? the dawn of a brilliant American future shining with PATRIOTISM, PROSPERITY AND PRIDE! https://t.co/exsBzrlCdw|17179|73751
realDonaldTrump|Thu Dec 14 12:59:56 +0000 2017|Republican Tax Cuts are looking very good. All are working hard. In the meantime, the Stock Market hit another record high!|16081|88777
realDonaldTrump|Wed Dec 13 23:58:18 +0000 2017|Thank you Omarosa for your service! I wish you continued success.|13088|82620
realDonaldTrump|Wed Dec 13 14:45:48 +0000 2017|If last night?s election proved anything, it proved that we need to put up GREAT Republican candidates to increase the razor thin margins in both the House and Senate.|18588|97227
realDonaldTrump|Wed Dec 13 13:02:52 +0000 2017|Wow, more than 90% of Fake News Media coverage of me is negative, with numerous forced retractions of untrue stories. Hence my use of Social Media, the only way to get the truth out. Much of Mainstream Meadia has become a joke! @foxandfriends|27158|114172
realDonaldTrump|Wed Dec 13 11:22:04 +0000 2017|The reason I originally endorsed Luther Strange (and his numbers went up mightily), is that I said Roy Moore will not be able to win the General Election.  I was right! Roy worked hard but the deck was stacked against him!|14057|71951
realDonaldTrump|Wed Dec 13 04:08:41 +0000 2017|Congratulations to Doug Jones on a hard fought victory. The write-in votes played a very big factor, but a win is a win. The people of Alabama are great, and the Republicans will have another shot at this seat in a very short period of time. It never ends!|22957|117260
realDonaldTrump|Tue Dec 12 22:13:12 +0000 2017|Wishing all of those celebrating #Hanukkah around the world a happy and healthy eight nights in the company of those they love. https://t.co/A5W0PDWBxp https://t.co/D9MVVPq39x|16237|74045
realDonaldTrump|Tue Dec 12 14:23:55 +0000 2017|Consumer Confidence is at an All-Time High, along with a Record High Stock Market. Unemployment is at a 17 year low. MAKE AMERICA GREAT AGAIN! Working to pass MASSIVE TAX CUTS (looking good).|18705|87915
realDonaldTrump|Tue Dec 12 14:09:26 +0000 2017|The people of Alabama will do the right thing. Doug Jones is Pro-Abortion, weak on Crime, Military and Illegal Immigration, Bad for Gun Owners and Veterans and against the WALL. Jones is a Pelosi/Schumer Puppet. Roy Moore will always vote with us. VOTE ROY MOORE!|19749|76954
realDonaldTrump|Tue Dec 12 13:03:35 +0000 2017|Lightweight Senator Kirsten Gillibrand, a total flunky for Chuck Schumer and someone who would come to my office ?begging? for campaign contributions not so long ago (and would do anything for them), is now in the ring fighting against Trump. Very disloyal to Bill &amp; Crooked-USED!|21380|83795
realDonaldTrump|Tue Dec 12 12:10:58 +0000 2017|Despite thousands of hours wasted and many millions of dollars spent, the Democrats have been unable to show any collusion with Russia - so now they are moving on to the false accusations and fabricated stories of women who I don?t know and/or have never met. FAKE NEWS!|35224|140443
realDonaldTrump|Mon Dec 11 14:17:18 +0000 2017|Another false story, this time in the Failing @nytimes, that I watch 4-8 hours of television a day - Wrong!  Also, I seldom, if ever, watch CNN or MSNBC, both of which I consider Fake News. I never watch Don Lemon, who I once called the ?dumbest man on television!? Bad Reporting.|31053|131110
realDonaldTrump|Sun Dec 10 21:18:40 +0000 2017|Very little discussion of all the purposely false and defamatory stories put out this week by the Fake News Media. They are out of control - correct reporting means nothing to them. Major lies written, then forced to be withdrawn after they are exposed...a stain on America!|28294|113751
realDonaldTrump|Sun Dec 10 13:35:28 +0000 2017|Getting closer and closer on the Tax Cut Bill. Shaping up even better than projected. House and Senate working very hard and smart. End result will be not only important, but SPECIAL!|16978|91443
realDonaldTrump|Sun Dec 10 13:30:44 +0000 2017|Things are going really well for our economy, a subject the Fake News spends as little time as possible discussing! Stock Market hit another RECORD HIGH, unemployment is now at a 17 year low and companies are coming back into the USA. Really good news, and much more to come!|26792|121565
realDonaldTrump|Sun Dec 10 02:17:25 +0000 2017|No American should be separated from their loved ones because of preventable crime committed by those illegally in our country. Our cities should be Sanctuaries for Americans ? not for criminal aliens! https://t.co/CvtkCG1pln|32900|119278
realDonaldTrump|Sat Dec 09 23:47:55 +0000 2017|Great Army - Navy Game. Army wins 14 to 13 and brings home the COMMANDER-IN-CHIEF?S TROPHY! Congratulations!|14250|89625
realDonaldTrump|Sat Dec 09 23:14:34 +0000 2017|.@daveweigel of the Washington Post just admitted that his picture was a FAKE (fraud?) showing an almost empty arena last night for my speech in Pensacola when, in fact, he knew the arena was packed (as shown also on T.V.). FAKE NEWS, he should be fired.|22214|85057
realDonaldTrump|Sat Dec 09 22:01:44 +0000 2017|.@DaveWeigel @WashingtonPost put out a phony photo of an empty arena hours before I arrived @ the venue, w/ thousands of people outside, on their way in. Real photos now shown as I spoke. Packed house, many people unable to get in. Demand apology &amp; retraction from FAKE NEWS WaPo! https://t.co/XAblFGh1ob|22587|73591
realDonaldTrump|Sat Dec 09 18:37:31 +0000 2017|"Have a great game today, @USArmy and @USNavy - I will be watching. 

We love our U.S. Military. On behalf of an entire Nation, THANK YOU for your sacrifice and service! 
#ArmyNavyGame #USA?? https://t.co/8m1W9rFwIh"|10156|51221
realDonaldTrump|Sat Dec 09 18:19:31 +0000 2017|It was my great honor to celebrate the opening of two extraordinary museums-the Mississippi State History Museum &amp; the Mississippi Civil Rights Museum. We pay solemn tribute to our heroes of the past &amp; dedicate ourselves to building a future of freedom, equality, justice &amp; peace. https://t.co/5AkgVpV8aa|13780|63047
realDonaldTrump|Sat Dec 09 15:45:47 +0000 2017|Heading to the great state of Mississippi at the invitation of their popular and respected Governor, @PhilBryantMS. Look forward to seeing the new Civil Rights Museum!|9896|57015
realDonaldTrump|Sat Dec 09 13:21:24 +0000 2017|CNN?S slogan is CNN, THE MOST TRUSTED NAME IN NEWS. Everyone knows this is not true, that this could, in fact, be a fraud on the American Public. There are many outlets that are far more trusted than Fake News CNN. Their slogan should be CNN, THE LEAST TRUSTED NAME IN NEWS!|34606|140676
realDonaldTrump|Sat Dec 09 13:02:23 +0000 2017|Fake News CNN made a vicious and purposeful mistake yesterday. They were caught red handed, just like lonely Brian Ross at ABC News (who should be immediately fired for his ?mistake?). Watch to see if @CNN fires those responsible, or was it just gross incompetence?|21933|87976
realDonaldTrump|Sat Dec 09 12:52:18 +0000 2017|A big contingent of very enthusiastic Roy Moore fans at the rally last night. We can?t have a Pelosi/Schumer Liberal Democrat, Jones, in that important Alabama Senate seat. Need your vote to Make America Great Again! Jones will always vote against what we must do for our Country.|12812|57360
realDonaldTrump|Sat Dec 09 12:41:39 +0000 2017|GREAT EVENING last night in Pensacola, Florida. Arena was packed to the rafters, the crowd was loud, loving and really smart. They definitely get what?s going on. Thank you Pensacola!|13042|71319
realDonaldTrump|Sat Dec 09 06:06:03 +0000 2017|We believe that every American should stand for the National Anthem, and we proudly pledge allegiance to one NATION UNDER GOD! https://t.co/r2ITtWwfVs|15810|66935
realDonaldTrump|Sat Dec 09 04:46:05 +0000 2017|"This is your land, this is your home, and it's your voice that matters the most. So speak up, be heard, and fight, fight, fight for the change you've been waiting for your entire life!

MERRY CHRISTMAS and THANK YOU Pensacola, Florida! https://t.co/geWGzpzRp6"|19823|74723
realDonaldTrump|Sat Dec 09 01:04:16 +0000 2017|Just arrived at the Pensacola Bay Center. Join me LIVE on @FoxNews in 10 minutes! #MAGA https://t.co/RQFqOkcpNV|6575|39105
realDonaldTrump|Fri Dec 08 23:25:06 +0000 2017|On my way to Pensacola, Florida. See everyone soon! #MAGA https://t.co/ijwxVSYQ52|7493|47609
realDonaldTrump|Fri Dec 08 19:02:27 +0000 2017|"?The unemployment rate remains at a 17-year low of 4.1%. The unemployment rate in manufacturing dropped to 2.6%, the lowest ever recorded. The unemployment rate among Hispanics dropped to 4.7%, the lowest ever recorded...?
@SecretaryAcosta @USDOL https://t.co/vou28s0yHN"|16766|62564
realDonaldTrump|Fri Dec 08 17:46:21 +0000 2017|MAKE AMERICA GREAT AGAIN! https://t.co/64a93S07s7|13828|64486
realDonaldTrump|Fri Dec 08 15:18:27 +0000 2017|Fines and penalties against Wells Fargo Bank for their bad acts against their customers and others will not be dropped, as has incorrectly been reported, but will be pursued and, if anything, substantially increased. I will cut Regs but make penalties severe when caught cheating!|21242|94107
realDonaldTrump|Fri Dec 08 15:06:55 +0000 2017|LAST thing the Make America Great Again Agenda needs is a Liberal Democrat in Senate where we have so little margin for victory already. The Pelosi/Schumer Puppet Jones would vote against us 100% of the time. He?s bad on Crime, Life, Border, Vets, Guns &amp; Military. VOTE ROY MOORE!|18100|71647
realDonaldTrump|Fri Dec 08 13:11:43 +0000 2017|Big crowd expected today in Pensacola, Florida, for a Make America Great Again speech. We have done so much in so short a period of time...and yet are planning to do so much more! See you there!|14538|76336
realDonaldTrump|Fri Dec 08 05:41:08 +0000 2017|I fulfilled my campaign promise - others didn?t! https://t.co/bYdaOHmPVJ|52812|147403
realDonaldTrump|Fri Dec 08 05:36:09 +0000 2017|"Tonight, @FLOTUS Melania and I were thrilled to welcome so many wonderful friends to the @WhiteHouse ? and wish them all a very #HappyHanukkah
https://t.co/wyPkpTsP1i https://t.co/XhNXZSBEC8"|9633|47364
realDonaldTrump|Thu Dec 07 21:10:28 +0000 2017|"Across the battlefields, oceans, and harrowing skies of Europe and the Pacific throughout the war, one great battle cry could be heard by America?s friends and foes alike:
?REMEMBER PEARL HARBOR.? https://t.co/dfev02TwIr"|12850|60948
realDonaldTrump|Thu Dec 07 20:52:49 +0000 2017|Today, as we Remember Pearl Harbor, it was an incredible honor to be joined with surviving Veterans of the attack on 12/7/1941. They are HEROES, and they are living witnesses to American History. All American hearts are filled with gratitude for their service and their sacrifice. https://t.co/x5LDl25o30|12093|59636
realDonaldTrump|Thu Dec 07 20:04:20 +0000 2017|Today, the U.S. flag flies at half-staff at the @WhiteHouse, in honor of National Pearl Harbor Remembrance Day. https://t.co/LkXsBx2JF8 https://t.co/ogmpydr5LK|10011|53166
realDonaldTrump|Thu Dec 07 16:16:19 +0000 2017|"Today, our entire nation pauses to REMEMBER PEARL HARBOR?and the brave warriors who on that day stood tall and fought for America. 

God Bless our HEROES who wear the uniform, and God Bless the United States of America. #PearlHarborRemembranceDay?? https://t.co/qGhlsPlxtH"|20612|77975
realDonaldTrump|Thu Dec 07 15:04:54 +0000 2017|National Pearl Harbor Remembrance Day - ?A day that will live in infamy!? December 7, 1941|21491|102327
realDonaldTrump|Thu Dec 07 13:08:02 +0000 2017|Go get the new book on Andrew Jackson by Brian Kilmeade...Really good. @foxandfriends|9630|53366
realDonaldTrump|Wed Dec 06 21:14:41 +0000 2017|I have determined that it is time to officially recognize Jerusalem as the capital of Israel. I am also directing the State Department to begin preparation to move the American Embassy from Tel Aviv to Jerusalem... https://t.co/YwgWmT0O8m|36841|129089
realDonaldTrump|Wed Dec 06 18:05:04 +0000 2017|"Join me live from the @WhiteHouse via #Periscope
https://t.co/wLXKoISSTG"|12236|45233
realDonaldTrump|Wed Dec 06 16:11:55 +0000 2017|Our thoughts and prayers are with everyone in the path of California?s wildfires. I encourage everyone to heed the advice and orders of local and state officials. THANK YOU to all First Responders for your incredible work! https://t.co/g9y9PkB352|13058|63968
realDonaldTrump|Wed Dec 06 15:00:03 +0000 2017|MAKE AMERICA GREAT AGAIN!|45084|179762
realDonaldTrump|Tue Dec 05 23:13:28 +0000 2017|Join me this Friday in Pensacola, Florida at the Pensacola Bay Center! Tickets: https://t.co/zA7SGgWqBE https://t.co/QzFdxQdgAL|11761|48867
realDonaldTrump|Tue Dec 05 17:46:45 +0000 2017|"Yesterday, I was thrilled to be with so many WONDERFUL friends, in Utah?s MAGNIFICENT Capitol.

It was my honor to sign two Presidential Proclamations that will modify the national monuments designations of both Bears Ears and Grand Staircase Escalante...
https://t.co/jiTHcPovCi https://t.co/dIpdAUVoRB"|13655|64448
realDonaldTrump|Mon Dec 04 12:35:39 +0000 2017|A must watch: Legal Scholar Alan Dershowitz was just on @foxandfriends talking of what is going on with respect to the greatest Witch Hunt in U.S. political history. Enjoy!|17317|71743
realDonaldTrump|Mon Dec 04 12:03:18 +0000 2017|With the great vote on Cutting Taxes, this could be a big day for the Stock Market - and YOU!|15526|86732
realDonaldTrump|Mon Dec 04 12:00:08 +0000 2017|Putting Pelosi/Schumer Liberal Puppet Jones into office in Alabama would hurt our great Republican Agenda of low on taxes, tough on crime, strong on military and borders...&amp; so much more. Look at your 401-k?s since Election. Highest Stock Market EVER! Jobs are roaring back!|20583|91334
realDonaldTrump|Mon Dec 04 11:17:05 +0000 2017|Democrats refusal to give even one vote for massive Tax Cuts is why we need Republican Roy Moore to win in Alabama. We need his vote on stopping crime, illegal immigration, Border Wall, Military, Pro Life, V.A., Judges 2nd Amendment and more. No to Jones, a Pelosi/Schumer Puppet!|24326|92200
realDonaldTrump|Sun Dec 03 13:36:45 +0000 2017|Report: ?ANTI-TRUMP FBI AGENT LED CLINTON EMAIL PROBE?  Now it all starts to make sense!|35546|120305
realDonaldTrump|Sun Dec 03 13:15:21 +0000 2017|People who lost money when the Stock Market went down 350 points based on the False and Dishonest reporting of Brian Ross of @ABC News (he has been suspended), should consider hiring a lawyer and suing ABC for the damages this bad reporting has caused - many millions of dollars!|34392|117594
realDonaldTrump|Sun Dec 03 13:00:47 +0000 2017|After years of Comey, with the phony and dishonest Clinton investigation (and more), running the FBI, its reputation is in Tatters - worst in History! But fear not, we will bring it back to greatness.|27735|116601
realDonaldTrump|Sun Dec 03 12:42:47 +0000 2017|Tainted (no, very dishonest?) FBI ?agent?s role in Clinton probe under review.? Led Clinton Email probe. @foxandfriends  Clinton money going to wife of another FBI agent in charge.|24286|83262
realDonaldTrump|Sun Dec 03 12:27:54 +0000 2017|Such a total miscarriage of Justice in San Francisco! https://t.co/MSIkBCKF3t|17923|67018
realDonaldTrump|Sun Dec 03 11:15:02 +0000 2017|I never asked Comey to stop investigating Flynn. Just more Fake News covering another Comey lie!|21034|88927
realDonaldTrump|Sun Dec 03 02:22:40 +0000 2017|Congratulations to @ABC News for suspending Brian Ross for his horrendously inaccurate and dishonest report on the Russia, Russia, Russia Witch Hunt. More Networks and ?papers? should do the same with their Fake News!|25392|101568
realDonaldTrump|Sun Dec 03 02:13:28 +0000 2017|Many people in our Country are asking what the ?Justice? Department is going to do about the fact that totally Crooked Hillary, AFTER receiving a subpoena from the United States Congress, deleted and ?acid washed? 33,000 Emails? No justice!|30879|108960
realDonaldTrump|Sun Dec 03 02:06:54 +0000 2017|So General Flynn lies to the FBI and his life is destroyed, while Crooked Hillary Clinton, on that now famous FBI holiday ?interrogation? with no swearing in and no recording, lies many times...and nothing happens to her? Rigged system, or just a double standard?|40643|137215
realDonaldTrump|Sun Dec 03 01:50:15 +0000 2017|Great job First Lady Melania! https://t.co/TRuvaftPcD|13619|76703
realDonaldTrump|Sat Dec 02 21:07:59 +0000 2017|62 years ago this week, a brave seamstress in Montgomery, Alabama uttered one word that changed history... https://t.co/eOvCBcMIKX|25286|93957
realDonaldTrump|Sat Dec 02 17:14:13 +0000 2017|I had to fire General Flynn because he lied to the Vice President and the FBI. He has pled guilty to those lies. It is a shame because his actions during the transition were lawful. There was nothing to hide!|29062|110267
realDonaldTrump|Sat Dec 02 12:54:37 +0000 2017|Biggest Tax Bill and Tax Cuts in history just passed in the Senate. Now these great Republicans will be going for final passage. Thank you to House and Senate Republicans for your hard work and commitment!|26352|122091
realDonaldTrump|Sat Dec 02 07:49:18 +0000 2017|We are one step closer to delivering MASSIVE tax cuts for working families across America. Special thanks to @SenateMajLdr Mitch McConnell and Chairman @SenOrrinHatch for shepherding our bill through the Senate. Look forward to signing a final bill before Christmas! https://t.co/gmWTny3SfS|16060|67953
realDonaldTrump|Fri Dec 01 21:49:27 +0000 2017|"Economists on the TAX CUTS and JOBS ACT:

?The enactment of a comprehensive overhaul - complete with a lower corporate tax rate - will IGNITE our ECONOMY with levels of GROWTH not SEEN IN GENERATIONS...? https://t.co/2vCBDtLh3C"|14621|57443
realDonaldTrump|Fri Dec 01 20:08:22 +0000 2017|"The media has been speculating that I fired Rex Tillerson or that he would be leaving soon - FAKE NEWS! He?s not leaving and while we disagree on certain subjects, (I call the final shots) we work well together and America is highly respected again!
https://t.co/FrqiPLFJ1E"|24142|85715
realDonaldTrump|Fri Dec 01 11:21:06 +0000 2017|Republicans Senators are working hard to pass the biggest Tax Cuts in the history of our Country. The Bill is getting better and better. This is a once in a generation chance. Obstructionist Dems trying to block because they think it is too good and will not be given the credit!|16538|78067
realDonaldTrump|Fri Dec 01 11:13:35 +0000 2017|The jury was not told the killer of Kate was a 7 time felon. The Schumer/Pelosi Democrats are so weak on Crime that they will pay a big price in the 2018 and 2020 Elections.|28512|113890
realDonaldTrump|Fri Dec 01 11:03:35 +0000 2017|The Kate Steinle killer came back and back over the weakly protected Obama border, always committing crimes and being violent, and yet this info was not used in court. His exoneration is a complete travesty of justice. BUILD THE WALL!|32804|123059
realDonaldTrump|Fri Dec 01 03:30:42 +0000 2017|A disgraceful verdict in the Kate Steinle case! No wonder the people of our Country are so angry with Illegal Immigration.|41458|149598
realDonaldTrump|Fri Dec 01 00:42:21 +0000 2017|"The Christmas Story begins 2,000 years ago with a mother, a father, their baby son and the most extraordinary gift of all?the gift of God?s love for all of humanity.

Whatever our beliefs, we know that the birth of Jesus Christ and the story of his life... https://t.co/P94C3LjWlx"|45696|147969
realDonaldTrump|Fri Dec 01 00:36:40 +0000 2017|"Today is a day that I?ve been looking very much forward to ALL YEAR LONG. It is one that you have heard me speak about many times before. 

Now, as President of the United States, it is my tremendous honor to finally wish America and the world, a very MERRY CHRISTMAS! https://t.co/cTvdlUkfHV"|27057|108853
realDonaldTrump|Thu Nov 30 21:50:33 +0000 2017|"Our FIFTH 1K milestone of 2017!
#DOW24K #MAGA https://t.co/NoVt1uFp0y"|12130|51886
realDonaldTrump|Thu Nov 30 21:00:50 +0000 2017|"Today, it was my great honor to meet with the Crown Prince of Bahrain at the @WhiteHouse. Bahrain and the United States are important partners.

During the Crown Prince?s visit, he is advancing $9 BILLION in commercial deals, including finalizing the purchase of F-16?s... https://t.co/vYuw7UGYmN"|9744|45216
realDonaldTrump|Thu Nov 30 19:26:42 +0000 2017|Thank you @SenOrrinHatch. Let?s continue MAKING AMERICA GREAT AGAIN! https://t.co/PIv9OAVZcf https://t.co/6egRvuwj1l|13460|50289
realDonaldTrump|Thu Nov 30 15:46:39 +0000 2017|The Dow just broke 24,000 for the first time (another all-time Record). If the Dems had won the Presidential Election, the Market would be down 50% from these levels and Consumer Confidence, which is also at an all-time high, would be ?low and glum!?|20465|95123
realDonaldTrump|Thu Nov 30 13:05:21 +0000 2017|Stock Market hits new Record High. Confidence and enthusiasm abound. More great numbers coming out!|14847|84364
realDonaldTrump|Thu Nov 30 12:25:00 +0000 2017|The Chinese Envoy, who just returned from North Korea, seems to have had no impact on Little Rocket Man. Hard to believe his people, and the military, put up with living in such horrible conditions. Russia and China condemned the launch.|15594|72545
realDonaldTrump|Thu Nov 30 12:15:08 +0000 2017|The Failing @nytimes has totally gone against the Social Media Guidelines that they installed to preserve some credibility after many of their biased reporters went Rogue!  @foxandfriends|11378|51536
realDonaldTrump|Thu Nov 30 12:01:25 +0000 2017|The Failing @nytimes, the pipe organ for the Democrat Party, has become a virtual lobbyist for them with regard to our massive Tax Cut Bill. They are wrong so often that now I know we have a winner!|13660|59805
realDonaldTrump|Thu Nov 30 02:23:14 +0000 2017|Funny to hear the Democrats talking about the National Debt when President Obama doubled it in only 8 years!|34307|124948
realDonaldTrump|Thu Nov 30 02:00:23 +0000 2017|"?Had the information (Crooked Hillary?s emails) been released there would have been harm to National Security....\"
Charles McCullough
Fmr Intel Comm Inspector General https://t.co/b0tLW5TVhX"|19672|56273
realDonaldTrump|Thu Nov 30 01:09:42 +0000 2017|The only people who don?t like the Tax Cut Bill are the people that don?t understand it or the Obstructionist Democrats that know how really good it is and do not want the credit and success to go to the Republicans!|17210|76542
realDonaldTrump|Thu Nov 30 01:03:30 +0000 2017|The House of Representatives seeks contempt citations(?) against the JusticeDepartment and the FBI for withholding key documents and an FBI witness which could shed light on surveillance of associates of Donald Trump. Big stuff. Deep State. Give this information NOW! @FoxNews|22393|70070
realDonaldTrump|Thu Nov 30 01:02:06 +0000 2017|.@Theresa_May, don?t focus on me, focus on the destructive Radical Islamic Terrorism that is taking place within the United Kingdom. We are doing just fine!|36428|110762
realDonaldTrump|Thu Nov 30 00:40:59 +0000 2017|"Now, we have a once in a lifetime opportunity to RESTORE AMERICAN PROSPERITY ? and RECLAIM AMERICA?S DESTINY.

But in order to achieve this bright and glowing future, the SENATE MUST PASS TAX CUTS ? and bring Main Street roaring back to life!
https://t.co/jMNwEMrbbr https://t.co/3Niu0thp1D"|11941|50016
realDonaldTrump|Wed Nov 29 23:29:27 +0000 2017|A vote to CUT TAXES is a vote to PUT AMERICA FIRST. It is time to take care of OUR WORKERS, to protect OUR COMMUNITIES, and to REBUILD OUR GREAT COUNTRY! https://t.co/wW3QNxcCHf https://t.co/sRL2yRK6k2|10709|46517
realDonaldTrump|Wed Nov 29 22:54:56 +0000 2017|This week, the Senate can join the House &amp; take a strong stand for the Middle Class families who are the backbone of America. Together, we will give the American people a big, beautiful Christmas present-a massive tax cut that lets Americans keep more of their HARD-EARNED MONEY! https://t.co/9jddEW2Oo5|11650|52287
realDonaldTrump|Wed Nov 29 18:34:50 +0000 2017|"Departing @JBA_NAFW for St. Charles, Missouri to help push our plan for HISTORIC TAX CUTS across the finish line.

A successful vote in the Senate this week will bring us one giant step closer to delivering an incredible victory for the American people!
https://t.co/jR1DEUnm2h https://t.co/XF9sRwdV8u"|7774|38877
realDonaldTrump|Wed Nov 29 14:49:14 +0000 2017|"Economy growing! Excluding hurricane effects, CEA estimates that real GDP growth would have been 3.9% in Q3.

Stock market at a new high, unemployment at a low. We are winning and TAX CUTS will shift our economy into high gear! https://t.co/HrKIF72VqE"|10921|47083
realDonaldTrump|Wed Nov 29 14:40:01 +0000 2017|Just spoke to President XI JINPING of China concerning the provocative actions of North Korea. Additional major sanctions will be imposed on North Korea today. This situation will be handled!|19292|96666
realDonaldTrump|Wed Nov 29 14:14:19 +0000 2017|So now that Matt Lauer is gone when will the Fake News practitioners at NBC be terminating the contract of Phil Griffin? And will they terminate low ratings Joe Scarborough based on the ?unsolved mystery? that took place in Florida years ago? Investigate!|21721|82355
realDonaldTrump|Wed Nov 29 12:16:21 +0000 2017|Wow, Matt Lauer was just fired from NBC for ?inappropriate sexual behavior in the workplace.? But when will the top executives at NBC &amp; Comcast be fired for putting out so much Fake News. Check out Andy Lack?s past!|23835|95722
realDonaldTrump|Wed Nov 29 12:03:38 +0000 2017|Looks like another great day for the Stock Market. Consumer Confidence is at Record High. I guess somebody likes me (my policies)!|14107|81621
realDonaldTrump|Wed Nov 29 11:49:18 +0000 2017|Great, and we should boycott Fake News CNN. Dealing with them is a total waste of time! https://t.co/8zJ3j7g5el|15432|64532
realDonaldTrump|Wed Nov 29 11:32:46 +0000 2017|.@foxandfriends, we are in record territory in all things having to do with our economy! https://t.co/VB0Ao3s18d|7592|35935
realDonaldTrump|Wed Nov 29 03:35:27 +0000 2017|Great day for Tax Cuts and the Republican Party. But the biggest Winner will be our great Country!|12353|69282
realDonaldTrump|Wed Nov 29 03:30:50 +0000 2017|Great work Ivanka! https://t.co/AQL4JLvnDh|7157|42509
realDonaldTrump|Wed Nov 29 03:28:33 +0000 2017|Just won the lawsuit on leadership of Consumer Financial Protection Bureau, CFPB. A big win for the Consumer!|15246|77958
realDonaldTrump|Wed Nov 29 02:45:10 +0000 2017|Charles McCullough, the respected fmr Intel Comm Inspector General, said public was misled on Crooked Hillary Emails. ?Emails endangered National Security.? Why aren?t our deep State authorities looking at this? Rigged &amp; corrupt? @TuckerCarlson @seanhannity|19341|61621
realDonaldTrump|Wed Nov 29 01:45:50 +0000 2017|After North Korea missile launch, it's more important than ever to fund our gov't &amp; military! Dems shouldn't hold troop funding hostage for amnesty &amp; illegal immigration. I ran on stopping illegal immigration and won big. They can't now threaten a shutdown to get their demands.|22072|91284
realDonaldTrump|Tue Nov 28 22:44:31 +0000 2017|?The Conference Board said that consumer sentiment was at its highest level in nearly 17 years in November. The Consumer Confidence Index rose from 126.2 in October to 129.5, notching its best reading since December 2000...? https://t.co/iNOtT3K8Vn|8924|39153
realDonaldTrump|Tue Nov 28 22:30:12 +0000 2017|Dow, S&amp;P 500 and Nasdaq all finished the day at new RECORD HIGHS! https://t.co/wJyB9d00hh|9799|45640
realDonaldTrump|Tue Nov 28 22:12:01 +0000 2017|Remarks from the Roosevelt Room with @SenateMajLdr Mitch McConnell, @SpeakerRyan and Secretary of Defense, General James Mattis. https://t.co/lZMqK5jBvh|7819|33042
realDonaldTrump|Tue Nov 28 16:27:30 +0000 2017|?Statement from President Donald J. Trump on #GivingTuesday? https://t.co/NrfnmixAwR|6765|29168
realDonaldTrump|Tue Nov 28 14:17:46 +0000 2017|Meeting with ?Chuck and Nancy? today about keeping government open and working. Problem is they want illegal immigrants flooding into our Country unchecked, are weak on Crime and want to substantially RAISE Taxes. I don?t see a deal!|19215|81648
realDonaldTrump|Tue Nov 28 13:00:34 +0000 2017|Melania, our great and very hard working First Lady, who truly loves what she is doing, always thought that ?if you run, you will win.? She would tell everyone that, ?no doubt, he will win.? I also felt I would win (or I would not have run) - and Country is doing great!|17269|108040
realDonaldTrump|Tue Nov 28 12:45:30 +0000 2017|At least 24 players kneeling this weekend at NFL stadiums that are now having a very hard time filling up. The American public is fed up with the disrespect the NFL is paying to our Country, our Flag and our National Anthem. Weak and out of control!|19036|96357
realDonaldTrump|Tue Nov 28 02:50:30 +0000 2017|Thank you Rand! https://t.co/NvPeleVmub|11060|48921
realDonaldTrump|Tue Nov 28 02:48:53 +0000 2017|New home sales reach a 10 year high. Stock Market has more record gains. Hopefully Republican Senators will give us the much needed Tax Cuts to keep it all going! Democrats want big Tax Increases.|15226|74179
realDonaldTrump|Mon Nov 27 14:24:36 +0000 2017|The Tax Cut Bill is coming along very well, great support. With just a few changes, some mathematical, the middle class and job producers can get even more in actual dollars and savings and the pass through provision becomes simpler and really works well!|14988|80197
realDonaldTrump|Mon Nov 27 14:16:36 +0000 2017|The good news is that their ratings are terrible, nobody cares! https://t.co/I7h4Ryin3h|12233|56321
realDonaldTrump|Mon Nov 27 14:04:51 +0000 2017|We should have a contest as to which of the Networks, plus CNN and not including Fox, is the most dishonest, corrupt and/or distorted in its political coverage of your favorite President (me). They are all bad. Winner to receive the FAKE NEWS TROPHY!|38613|146743
realDonaldTrump|Mon Nov 27 01:47:32 +0000 2017|Back in D.C., big week for Tax Cuts and many other things of great importance to our Country.  Senate Republicans will hopefully come through for all of us. The Tax Cut Bill is getting better and better. The end result will be great for ALL!|15828|83129
realDonaldTrump|Sun Nov 26 21:29:46 +0000 2017|Since the first day I took office, all you hear is the phony Democrat excuse for losing the election, Russia, Russia,Russia.  Despite this I have the economy booming and have possibly done more than any 10 month President. MAKE AMERICA GREAT AGAIN!|32041|147366
realDonaldTrump|Sun Nov 26 14:33:47 +0000 2017|I endorsed Luther Strange in the Alabama Primary. He shot way up in the polls but it wasn?t enough. Can?t let Schumer/Pelosi win this race. Liberal Jones would be BAD!|17459|74253
realDonaldTrump|Sun Nov 26 13:52:36 +0000 2017|The last thing we need in Alabama and the U.S. Senate is a Schumer/Pelosi puppet who is WEAK on Crime, WEAK on the Border, Bad for our Military and our great Vets, Bad for our 2nd Amendment, AND WANTS TO RAISES TAXES TO THE SKY. Jones would be a disaster!|24538|97498
realDonaldTrump|Sat Nov 25 23:25:54 +0000 2017|Wow, even I didn?t realize we did so much. Wish the Fake News would report! Thank you. https://t.co/ApVbu2b0Jd|18615|65050
realDonaldTrump|Sat Nov 25 22:37:21 +0000 2017|.@FoxNews is MUCH more important in the United States than CNN, but outside of the U.S., CNN International is still a major source of (Fake) news, and they represent our Nation to the WORLD very poorly. The outside world does not see the truth from them!|31319|108406
realDonaldTrump|Sat Nov 25 22:00:11 +0000 2017|Check out the recent Editorial in the Wall Street Journal @WSJ about what a complete disaster the @CFPB has been under its leader from previous Administration, who just quit!|9509|42877
realDonaldTrump|Sat Nov 25 21:48:16 +0000 2017|The Consumer Financial Protection Bureau, or CFPB, has been a total disaster as run by the previous Administrations pick. Financial Institutions have been devastated and unable to properly serve the public. We will bring it back to life!|14085|68452
realDonaldTrump|Sat Nov 25 19:40:55 +0000 2017|"Happy #SmallBusinessSaturday!

A great day to support your community and America?s JOB creators by shopping locally at a #SmallBiz. #ShopSmall https://t.co/pBQaBHvl7k"|10526|49419
realDonaldTrump|Fri Nov 24 22:40:26 +0000 2017|Time Magazine called to say that I was PROBABLY going to be named ?Man (Person) of the Year,? like last year, but I would have to agree to an interview and a major photo shoot. I said probably is no good and took a pass. Thanks anyway!|40190|157670
realDonaldTrump|Fri Nov 24 18:49:12 +0000 2017|Will be calling the President of Egypt in a short while to discuss the tragic terrorist attack, with so much loss of life. We have to get TOUGHER AND SMARTER than ever before, and we will. Need the WALL, need the BAN! God bless the people of Egypt.|19352|97450
realDonaldTrump|Fri Nov 24 15:27:13 +0000 2017|Horrible and cowardly terrorist attack on innocent and defenseless worshipers in Egypt. The world cannot tolerate terrorism, we must defeat them militarily and discredit the extremist ideology that forms the basis of their existence!|31296|138368
realDonaldTrump|Fri Nov 24 12:10:46 +0000 2017|After Turkey call I will be heading over to Trump National Golf Club, Jupiter, to play golf (quickly) with Tiger Woods and Dustin Johnson. Then back to Mar-a-Lago for talks on bringing even more jobs and companies back to the USA!|14327|88209
realDonaldTrump|Fri Nov 24 12:04:13 +0000 2017|Will be speaking to President Recep Tayyip Erdogan of Turkey this morning about bringing peace to the mess that I inherited in the Middle East. I will get it all done, but what a mistake, in lives and dollars (6 trillion), to be there in the first place!|14651|65773
realDonaldTrump|Fri Nov 24 11:48:58 +0000 2017|Can you believe that the disrespect for our Country, our Flag, our Anthem continues without penalty to the players. The Commissioner has lost control of the hemorrhaging league. Players are the boss! https://t.co/udXP5MR8BC|14092|57685
realDonaldTrump|Fri Nov 24 04:54:37 +0000 2017|Two great people! https://t.co/5cVnMhnmuH|14076|65568
realDonaldTrump|Fri Nov 24 04:42:17 +0000 2017|A great guy (with great ratings)! https://t.co/S0S6xqrjSC|11257|62583
realDonaldTrump|Thu Nov 23 23:18:00 +0000 2017|ObamaCare premiums are going up, up, up, just as I have been predicting for two years. ObamaCare is OWNED by the Democrats, and it is a disaster. But do not worry. Even though the Dems want to Obstruct, we will Repeal &amp; Replace right after Tax Cuts!|17420|85860
realDonaldTrump|Thu Nov 23 22:54:41 +0000 2017|"My great honor to join our incredible men and women of the @USCG, at the Lake Worth Inlet Station, in Riviera Beach, Florida today!
#HappyThanksgiving https://t.co/C35HR9opbP"|10453|55445
realDonaldTrump|Thu Nov 23 15:35:13 +0000 2017|HAPPY THANKSGIVING! https://t.co/nQhi7XopMW|22643|96282
realDonaldTrump|Thu Nov 23 13:43:24 +0000 2017|Will be doing a live Thanksgiving Video Teleconference with Members of the Military at 9:00 A.M.  Afghanistan, Iraq, USS Monterey, Turkey &amp; Bahrain. Then going to Coast Guard Quarters, Florida.|7969|50147
realDonaldTrump|Thu Nov 23 11:44:36 +0000 2017|MAKE AMERICA GREAT AGAIN!|34366|140857
realDonaldTrump|Thu Nov 23 11:31:09 +0000 2017|@ThePlumLineGS MAKE AMERICA GREAT AGAIN!|3648|8972
realDonaldTrump|Thu Nov 23 11:28:32 +0000 2017|HAPPY THANKSGIVING, your Country is starting to do really well. Jobs coming back, highest Stock Market EVER, Military getting really strong, we will build the WALL, V.A. taking care of our Vets, great Supreme Court Justice, RECORD CUT IN REGS, lowest unemployment in 17 years....!|41007|198149
realDonaldTrump|Thu Nov 23 02:06:57 +0000 2017|....And it will get even better with Tax Cuts! https://t.co/75wozGJQoP|9571|49061
realDonaldTrump|Wed Nov 22 21:32:18 +0000 2017|I have long given the order to help Argentina with the Search and Rescue mission of their missing submarine. 45 people aboard and not much time left. May God be with them and the people of Argentina!|24038|119714
realDonaldTrump|Wed Nov 22 21:25:11 +0000 2017|51 Million American to travel this weekend - highest number in twelve years (AAA). Traffic and airports are running very smoothly!  @FoxNews|10288|60982
realDonaldTrump|Wed Nov 22 13:00:38 +0000 2017|The @USNavy is conducting search and rescue following aircraft crash. We are monitoring the situation. Prayers for all involved. https://t.co/1AxmegKqvu|10438|49328
realDonaldTrump|Wed Nov 22 11:51:22 +0000 2017|Will be having meetings and working the phones from the Winter White House in Florida (Mar-a-Lago). Stock Market hit new Record High yesterday - $5.5 trillion gain since E. Many companies coming back to the U.S. Military building up and getting very strong.|14598|74522
realDonaldTrump|Wed Nov 22 10:48:10 +0000 2017|The NFL is now thinking about a new idea - keeping teams in the Locker Room during the National Anthem next season. That?s almost as bad as kneeling! When will the highly paid Commissioner finally get tough and smart? This issue is killing your league!.....|23501|115196
realDonaldTrump|Wed Nov 22 10:33:28 +0000 2017|...LaVar, you could have spent the next 5 to 10 years during Thanksgiving with your son in China, but no NBA contract to support you. But remember LaVar, shoplifting is NOT a little thing. It?s a really big deal, especially in China. Ungrateful fool!|35869|153127
realDonaldTrump|Wed Nov 22 10:25:22 +0000 2017|It wasn?t the White House, it wasn?t the State Department, it wasn?t father LaVar?s so-called people on the ground in China that got his son out of a long term prison sentence - IT WAS ME. Too bad! LaVar is just a poor man?s version of Don King, but without the hair. Just think..|30210|119476
realDonaldTrump|Tue Nov 21 22:49:40 +0000 2017|Today, we continued a wonderful American Tradition at the White House. Drumstick and Wishbone will live out their days in the beautiful Blue Ridge Mountains at Gobbler?s Rest... https://t.co/fsS8B8f5UR|13679|71763
realDonaldTrump|Tue Nov 21 18:25:24 +0000 2017|President Donald J. Trump and @FLOTUS Melania Participate in the Pardoning of the National Thanksgiving Turkey at the White House. https://t.co/Zauqz4jfWv|13628|61372
realDonaldTrump|Mon Nov 20 11:55:57 +0000 2017|Under President Trump unemployment rate will drop below 4%.  Analysts predict economic boom for 2018!  @foxandfriends and @Varneyco|16673|75470
realDonaldTrump|Mon Nov 20 11:25:38 +0000 2017|Marshawn Lynch of the NFL?s Oakland Raiders stands for the Mexican Anthem and sits down to boos for our National Anthem. Great disrespect! Next time NFL should suspend him for remainder of season. Attendance and ratings way down.|34562|149248
realDonaldTrump|Mon Nov 20 02:21:24 +0000 2017|Republican Senators are working very hard to get Tax Cuts and Tax Reform approved. Hopefully it will not be long and they do not want to disappoint the American public!|13750|70844
realDonaldTrump|Mon Nov 20 01:29:02 +0000 2017|Border Patrol Officer killed at Southern Border, another badly hurt. We will seek out and bring to justice those responsible. We will, and must, build the Wall!|33756|143466
realDonaldTrump|Sun Nov 19 23:57:10 +0000 2017|Big-game trophy decision will be announced next week but will be very hard pressed to change my mind that this horror show in any way helps conservation of Elephants or any other animal.|12394|62791
realDonaldTrump|Sun Nov 19 23:36:40 +0000 2017|Shoplifting is a very big deal in China, as it should be (5-10 years in jail), but not to father LaVar. Should have gotten his son out during my next trip to China instead. China told them why they were released. Very ungrateful!|27765|128776
realDonaldTrump|Sun Nov 19 23:22:17 +0000 2017|Sen. Jeff Flake(y), who is unelectable in the Great State of Arizona (quit race, anemic polls) was caught (purposely) on ?mike? saying bad things about your favorite President. He?ll be a NO on tax cuts because his political career anyway is ?toast.?|15002|66675
realDonaldTrump|Sun Nov 19 17:42:36 +0000 2017|Now that the three basketball players are out of China and saved from years in jail, LaVar Ball, the father of LiAngelo, is unaccepting of what I did for his son and that shoplifting is no big deal. I should have left them in jail!|70759|262295
realDonaldTrump|Sat Nov 18 13:31:47 +0000 2017|Crooked Hillary Clinton is the worst (and biggest) loser of all time. She just can?t stop, which is so good for the Republican Party. Hillary, get on with your life and give it another try in three years!|47602|182640
realDonaldTrump|Sat Nov 18 00:47:03 +0000 2017|Put big game trophy decision on hold until such time as I review all conservation facts. Under study for years. Will update soon with Secretary Zinke. Thank you!|21616|122196
realDonaldTrump|Fri Nov 17 23:13:27 +0000 2017|"Today, it was an honor to celebrate the Collegiate National Champions of 2016/2017 at the @WhiteHouse! 
#NCAAChampions?Photos: https://t.co/Ecl2phhzyl https://t.co/w8jE24pLwa"|10172|52569
realDonaldTrump|Fri Nov 17 15:03:16 +0000 2017|"Together, we're going to restore safety to our streets and peace to our communities, and we're going to destroy the vile criminal cartel, #MS13, and many other gangs...

'Hundreds arrested in MS-13 crackdown'
https://t.co/Mp268d8RaU https://t.co/mrynwnTuoO"|18365|72087
realDonaldTrump|Fri Nov 17 11:00:43 +0000 2017|If Democrats were not such obstructionists and understood the power of lower taxes, we would be able to get many of their ideas into Bill!|19986|94951
realDonaldTrump|Fri Nov 17 10:29:37 +0000 2017|Great numbers on Stocks and the Economy. If we get Tax Cuts and Reform, we'll really see some great results!|13557|71390
realDonaldTrump|Fri Nov 17 03:15:49 +0000 2017|.And to think that just last week he was lecturing anyone who would listen about sexual harassment and respect for women. Lesley Stahl tape?|18460|80516
realDonaldTrump|Fri Nov 17 03:06:34 +0000 2017|The Al Frankenstien picture is really bad, speaks a thousand words. Where do his hands go in pictures 2, 3, 4, 5 &amp; 6 while she sleeps? .....|21533|81473
realDonaldTrump|Fri Nov 17 02:57:19 +0000 2017|Big win today in the House for GOP Tax Cuts and Reform, 227-205. Zero Dems, they want to raise taxes much higher, but not for our military!|11898|60739
realDonaldTrump|Thu Nov 16 20:16:15 +0000 2017|Congratulations to the House of Representatives for passing the #TaxCutsandJobsAct ? a big step toward fulfilling our promise to deliver historic TAX CUTS for the American people by the end of the year! https://t.co/8FjefMj6hh|15031|64713
realDonaldTrump|Thu Nov 16 18:13:51 +0000 2017|Need all on the UN Security Council to vote to renew the Joint Investigative Mechanism for Syria to ensure that Assad Regime does not commit mass murder with chemical weapons ever again.|12820|62672
realDonaldTrump|Thu Nov 16 12:43:05 +0000 2017|China is sending an Envoy and Delegation to North Korea - A big move, we'll see what happens!|18180|86690
realDonaldTrump|Thu Nov 16 11:34:52 +0000 2017|....your release possible and, HAVE A GREAT LIFE! Be careful, there are many pitfalls on the long and winding road of life!|15863|88822
realDonaldTrump|Thu Nov 16 11:30:14 +0000 2017|To the three UCLA basketball players I say:  You're welcome, go out and give a big Thank You to President Xi Jinping of China who made.....|16764|84643
realDonaldTrump|Thu Nov 16 02:14:35 +0000 2017|Big vote tomorrow in the House. Tax cuts are getting close!|11166|67264
realDonaldTrump|Thu Nov 16 02:11:45 +0000 2017|Why are Democrats fighting massive tax cuts for the middle class and business (jobs)? The reason: Obstruction and Delay!|22053|96325
realDonaldTrump|Wed Nov 15 16:52:33 +0000 2017|It is actually hard to believe how naive (or dumb) the Failing @nytimes is when it comes to foreign policy...weak and ineffective!|14179|69271
realDonaldTrump|Wed Nov 15 16:39:16 +0000 2017|...They should realize that these relationships are a good thing, not a bad thing. The U.S. is being respected again. Watch Trade!|14416|80666
realDonaldTrump|Wed Nov 15 16:35:39 +0000 2017|The failing @nytimes hates the fact that I have developed a great relationship with World leaders like Xi Jinping, President of China.....|13116|63484
realDonaldTrump|Wed Nov 15 15:11:53 +0000 2017|Do you think the three UCLA Basketball Players will say thank you President Trump? They were headed for 10 years in jail!|40224|157172
realDonaldTrump|Wed Nov 15 10:58:18 +0000 2017|Thank you! https://t.co/EQMwv1XbiM|9950|45931
realDonaldTrump|Wed Nov 15 10:53:42 +0000 2017|Thank you, working hard! https://t.co/TmNdNPBJ3m|4754|30491
realDonaldTrump|Wed Nov 15 10:45:39 +0000 2017|While in the Philippines I was forced to watch @CNN, which I have not done in months, and again realized how bad, and FAKE, it is. Loser!|29821|127829
realDonaldTrump|Wed Nov 15 10:40:02 +0000 2017|.@foxandfriends will be showing much of our successful trip to Asia, and the friendships &amp; benefits that will endure for years to come!|8822|49730
realDonaldTrump|Wed Nov 15 10:30:58 +0000 2017|Our great country is respected again in Asia. You will see the fruits of our long but successful trip for many years to come!|15628|87683
realDonaldTrump|Wed Nov 15 04:42:16 +0000 2017|Just returned from Asia after 12 very successful days. Great to be home!|10934|80969
realDonaldTrump|Tue Nov 14 17:39:54 +0000 2017|THANK YOU ASIA! #USA?? https://t.co/FziKSbrzcu|18772|82441
realDonaldTrump|Tue Nov 14 09:11:51 +0000 2017|THANK YOU to the amazing staff and their families of the United States Embassy in the Philippines. Keep up the GREAT WORK! https://t.co/3ABVXTsJM0|9810|53150
realDonaldTrump|Tue Nov 14 08:07:29 +0000 2017|One of the most accurate polls last time around. But #FakeNews likes to say we?re in the 30?s. They are wrong. Some people think numbers could be in the 50's. Together, WE will MAKE AMERICA GREAT AGAIN! https://t.co/YhrwkdObhP|14520|61964
realDonaldTrump|Tue Nov 14 06:23:12 +0000 2017|I will be making a major statement from the @WhiteHouse upon my return to D.C. Time and date to be set.|18308|81475
realDonaldTrump|Tue Nov 14 05:26:45 +0000 2017|Just arrived at #ASEAN50 in the Philippines for my final stop with World Leaders. Will lead to FAIR TRADE DEALS, unlike the horror shows from past Administrations. Will then be leaving for D.C. Made many good friends!|7907|45851
realDonaldTrump|Tue Nov 14 05:20:31 +0000 2017|After my tour of Asia, all Countries dealing with us on TRADE know that the rules have changed. The United States has to be treated fairly and in a reciprocal fashion. The massive TRADE deficits must go down quickly!|15746|79999
realDonaldTrump|Tue Nov 14 05:08:19 +0000 2017|Great to see @RandPaul looking well and back on the Senate floor. He will help us with TAX CUTS and REFORM!|10250|55052
realDonaldTrump|Tue Nov 14 02:21:14 +0000 2017|"Excited to be heading home to see the House pass a GREAT Tax Bill with the middle class getting big TAX CUTS!

#MakeAmericaGreatAgain??"|13504|73858
realDonaldTrump|Mon Nov 13 15:06:01 +0000 2017|I am proud of the Rep. House &amp; Senate for working so hard on cutting taxes {&amp; reform.} We?re getting close! Now, how about ending the unfair &amp; highly unpopular Indiv Mandate in OCare &amp; reducing taxes even further? Cut top rate to 35% w/all of the rest going to middle income cuts?|15372|74100
realDonaldTrump|Mon Nov 13 14:57:02 +0000 2017|Happy to announce, I am nominating Alex Azar to be the next HHS Secretary. He will be a star for better healthcare and lower drug prices!|11872|67027
realDonaldTrump|Mon Nov 13 12:33:24 +0000 2017|Will be leaving the Philippines tomorrow after many days of constant mtgs &amp; work in order to #MAGA! My promises are rapidly being fulfilled.|12870|69262
realDonaldTrump|Mon Nov 13 12:29:06 +0000 2017|Great day of bilateral meetings at #ASEANSummit on trade, which we are turning around to be great deals for our country! https://t.co/2ahAvm4n9s|8046|41872
realDonaldTrump|Sun Nov 12 14:29:22 +0000 2017|Thank you! https://t.co/TD0rYcWN8C|10014|58859
realDonaldTrump|Sun Nov 12 11:20:20 +0000 2017|We had a wonderful visit to Vietnam, thank you President Tran Dai Quang! Heading to the #ASEANSummit 50th Anniv Gala in the Philippines now. https://t.co/WfSd8EE3Nm|10121|55869
realDonaldTrump|Sun Nov 12 10:21:06 +0000 2017|Just landed in the Philippines after a great day of meetings and events in Hanoi, Vietnam! https://t.co/YxHRNhhPWo|10092|68845
realDonaldTrump|Sun Nov 12 00:48:01 +0000 2017|"Why would Kim Jong-un insult me by calling me \"old,\" when I would NEVER call him \"short and fat?\" Oh well, I try so hard to be his friend - and maybe someday that will happen!"|255843|597274
realDonaldTrump|Sun Nov 12 00:43:36 +0000 2017|Does the Fake News Media remember when Crooked Hillary Clinton, as Secretary of State, was begging Russia to be our friend with the misspelled reset button? Obama tried also, but he had zero chemistry with Putin.|26423|113023
realDonaldTrump|Sun Nov 12 00:18:32 +0000 2017|When will all the haters and fools out there realize that having a good relationship with Russia is a good thing, not a bad thing. There always playing politics - bad for our country. I want to solve North Korea, Syria, Ukraine, terrorism, and Russia can greatly help!|36643|149991
realDonaldTrump|Sun Nov 12 00:16:05 +0000 2017|Met with President Putin of Russia who was at #APEC meetings. Good discussions on Syria. Hope for his help to solve, along with China the dangerous North Korea crisis. Progress being made.|14199|71102
realDonaldTrump|Sat Nov 11 23:35:39 +0000 2017|Will be doing a joint press conference in Hanoi, Vietnam then heading for final destination of trip, the Phillipines.|8824|55670
realDonaldTrump|Sat Nov 11 23:32:25 +0000 2017|President Xi of China has stated that he is upping the sanctions against #NoKo. Said he wants them to denuclearize. Progress is being made.|14992|74017
realDonaldTrump|Sat Nov 11 12:35:46 +0000 2017|"?Presidential Proclamation Commemorating the 50th Anniversary of the Vietnam War? 
??https://t.co/hgUQP9leqK 
??https://t.co/9C0yyIv9Ws https://t.co/f9snmRUA4a"|11651|54920
realDonaldTrump|Sat Nov 11 12:11:53 +0000 2017|On this wonderful Veterans Day, I want to express the incredible gratitude of the entire American Nation to our GREAT VETERANS. Thank you! https://t.co/GhQbCA7yII|28941|113491
realDonaldTrump|Fri Nov 10 12:57:23 +0000 2017|"On behalf of an entire nation, Happy 242nd Birthday to the men and women of the United States Marines!
#USMC242 #SemperFi https://t.co/ecgoSJP5Uc"|23306|97656
realDonaldTrump|Fri Nov 10 10:43:48 +0000 2017|The United States has been reminded time and again in recent years that economic security is not merely RELATED to national security - economic security IS national security. It is vital to our national strength. #APEC2017 https://t.co/8gKQUhit2X|12893|55558
realDonaldTrump|Fri Nov 10 10:26:22 +0000 2017|The United States is prepared to work with each of the leaders in this room today to achieve mutually beneficial commerce that is in the interests of both your countries and mine. That is the message I am here to deliver today. #APEC2017 https://t.co/CM3Hqt16A8|10413|47174
realDonaldTrump|Fri Nov 10 10:06:37 +0000 2017|Today I am here to offer a renewed partnership with America -- to work together to strengthen the bonds of friendship and commerce between all of the nations of the Indo-Pacific, and together, to promote our prosperity and security. #APEC2017 https://t.co/gN2YbS9CYB|8781|41701
realDonaldTrump|Fri Nov 10 09:50:25 +0000 2017|In more and more places throughout this region, citizens of SOVEREIGN and INDEPENDENT nations have taken greater control of their destinies, and unlocked the potential of their people. #APEC2017 https://t.co/a570IIGe0I|8068|38216
realDonaldTrump|Fri Nov 10 09:32:07 +0000 2017|Throughout my travels, I've had the pleasure of sharing the good news from America. I've had the honor of sharing our vision for a free &amp; open Indo-Pacific -- a place where sovereign &amp; independent nations, w/diverse cultures &amp; many different dreams, can all prosper side-by-side. https://t.co/qBOCY3u7YV|10616|50035
realDonaldTrump|Fri Nov 10 05:45:36 +0000 2017|Just landed in Da Nang, Vietnam to deliver a speech at #APEC2017|7180|49268
realDonaldTrump|Fri Nov 10 01:17:15 +0000 2017|I am leaving China for #APEC2017 in Vietnam. @FLOTUS Melania is staying behind to see the zoo, and of course, the Great WALL of China before going to Alaska to greet our AMAZING troops.|12535|68886
realDonaldTrump|Thu Nov 09 23:44:17 +0000 2017|My meetings with President Xi Jinping were very productive on both trade and the subject of North Korea. He is a highly respected and powerful representative of his people. It was great being with him and Madame Peng Liyuan!|13872|79137
realDonaldTrump|Thu Nov 09 23:39:56 +0000 2017|I don?t blame China, I blame the incompetence of past Admins for allowing China to take advantage of the U.S. on trade leading up to a point where the U.S. is losing $100's of billions. How can you blame China for taking advantage of people that had no clue? I would've done same!|27057|129088
realDonaldTrump|Thu Nov 09 13:58:32 +0000 2017|In the coming months and years ahead I look forward to building an even STRONGER relationship between the United States and China. ???? https://t.co/mK3SB7t3EV|19065|90484
realDonaldTrump|Thu Nov 09 07:08:33 +0000 2017|President Xi, thank you for such an incredible welcome ceremony. It was a truly memorable and impressive display! ?https://t.co/J9x51h1LBe https://t.co/g4Z7mO5cV9|18058|88518
realDonaldTrump|Wed Nov 08 18:17:41 +0000 2017|Congratulations to all of the ?DEPLORABLES? and the millions of people who gave us a MASSIVE (304-227) Electoral College landslide victory! https://t.co/7ifv5gT7Ur|34186|129719
realDonaldTrump|Wed Nov 08 15:40:40 +0000 2017|Looking forward to a full day of meetings with President Xi and our delegations tomorrow. THANK YOU for the beautiful welcome China! @FLOTUS Melania and I will never forget it! https://t.co/sQoUWIGAiQ|12592|61553
realDonaldTrump|Wed Nov 08 15:15:08 +0000 2017|NoKo has interpreted America's past restraint as weakness. This would be a fatal miscalculation. Do not underestimate us. AND DO NOT TRY US. https://t.co/4llqLrNpK3|21903|84424
realDonaldTrump|Wed Nov 08 14:27:18 +0000 2017|On behalf of @FLOTUS Melania and I, THANK YOU for an unforgettable?afternoon and evening?at the?Forbidden City in Beijing, President Xi and Madame Peng Liyuan. We are looking forward to rejoining you tomorrow morning! https://t.co/ma0F7SHbVU|12103|58257
realDonaldTrump|Wed Nov 08 04:57:40 +0000 2017|Leaving South Korea now heading to China. Looking very much forward to meeting and being with President Xi!|10555|69217
realDonaldTrump|Wed Nov 08 03:43:59 +0000 2017|Together, we dream of a Korea that is free, a peninsula that is safe, and families that are reunited once again! https://t.co/9tsZRCC83j|11948|51168
realDonaldTrump|Wed Nov 08 03:14:34 +0000 2017|Anyone who doubts the strength or determination of the U.S. should look to our past....and you will doubt it no longer. https://t.co/zyuYc0fIH6|11535|50174
realDonaldTrump|Wed Nov 08 03:12:17 +0000 2017|The North Korean regime has pursued its nuclear &amp; ballistic missile programs in defiance of every assurance, agreement, &amp; commmitment it has made to the U.S. and its allies. It's broken all of those commitments... https://t.co/xJ4jUpA8d8|9649|41206
realDonaldTrump|Wed Nov 08 03:09:37 +0000 2017|The U.S., under my administration, is completely rebuilding its military, and they're spending hundreds of billions of dollars to the newest and finest military equipment anywhere in the world, being built right now. I want peace through strength! https://t.co/2YXkIvRIFi|13460|57400
realDonaldTrump|Wed Nov 08 02:14:20 +0000 2017|"Join me LIVE in South Korea????
#NationalAssembly #POTUSinAsia 
??https://t.co/M3iEhPdkas https://t.co/hSxdtd2UnY"|5487|28613
realDonaldTrump|Wed Nov 08 01:40:37 +0000 2017|Ed Gillespie worked hard but did not embrace me or what I stand for. Don?t forget, Republicans won 4 out of 4 House seats, and with the economy doing record numbers, we will continue to win, even bigger than before!|17620|77611
realDonaldTrump|Wed Nov 08 01:00:15 +0000 2017|Getting ready to make a major speech to the National Assembly here in South Korea, then will be headed to China where I very much look forward to meeting with President Xi who is just off his great political victory.|10128|59609
realDonaldTrump|Tue Nov 07 21:50:07 +0000 2017|Thank you to all Americans who participated in Nat'l Rx Drug Take Back Day. A record amount of drugs collected &amp; disposed. We can do this!|10189|60764
realDonaldTrump|Tue Nov 07 14:30:54 +0000 2017|"Franklin, such a great photo. 

HAPPY 99th BIRTHDAY to your father, @BillyGraham! https://t.co/l0c7RvvOa1"|11819|57763
realDonaldTrump|Tue Nov 07 10:56:55 +0000 2017|.@EdWGillespie will totally turn around the high crime and poor economic performance of VA. MS-13 and crime will be gone. Vote today, ASAP!|11949|50012
realDonaldTrump|Tue Nov 07 10:53:19 +0000 2017|....and has been horrible on Virginia economy. Vote @EdWGillespie today!|6626|33168
realDonaldTrump|Tue Nov 07 10:53:04 +0000 2017|Ralph Northam will allow crime to be rampant in Virginia. He?s weak on crime, weak on our GREAT VETS, Anti-Second Amendment....|12112|48878
realDonaldTrump|Tue Nov 07 10:37:30 +0000 2017|....is making. Working very hard on TAX CUTS for the middle class, companies and jobs!|6582|40996
realDonaldTrump|Tue Nov 07 10:37:01 +0000 2017|Stock market hit yet another all-time record high yesterday. There is great confidence in the moves that my Administration....|10899|59940
realDonaldTrump|Tue Nov 07 10:25:31 +0000 2017|Thank you to President Moon of South Korea for the beautiful welcoming ceremony. It will always be remembered. https://t.co/bMvJz1iV2a|20668|68037
realDonaldTrump|Tue Nov 07 07:39:54 +0000 2017|It was my great honor to have lunch with our INCREDIBLE U.S. and ROK troops at Camp Humphreys, in South Korea. ???? https://t.co/5NJirz4iNM https://t.co/kNLyONhBCC|13718|53185
realDonaldTrump|Mon Nov 06 23:05:14 +0000 2017|....Some of those they are harshly treating have been ?milking? their country for years!|81455|43396
realDonaldTrump|Mon Nov 06 23:03:35 +0000 2017|I have great confidence in King Salman and the Crown Prince of Saudi Arabia, they know exactly what they are doing....|81077|82218
realDonaldTrump|Mon Nov 06 21:28:20 +0000 2017|Getting ready to leave for South Korea and meetings with President Moon, a fine gentleman. We will figure it all out!|12393|72634
realDonaldTrump|Mon Nov 06 21:15:32 +0000 2017|My visit to Japan and friendship with PM Abe will yield many benefits, for our great Country. Massive military &amp; energy orders happening+++!|14822|65234
realDonaldTrump|Mon Nov 06 21:12:15 +0000 2017|The state of Virginia economy, under Democrat rule, has been terrible. If you vote Ed Gillespie tomorrow, it will come roaring back!|18816|74916
realDonaldTrump|Mon Nov 06 13:09:30 +0000 2017|#USA?? #Japan?? https://t.co/EvxFqAVnFS|16881|68971
realDonaldTrump|Mon Nov 06 04:48:25 +0000 2017|...Americans do what we do best: we pull together. We join hands. We lock arms and through the tears and the sadness, we stand strong... https://t.co/qkCPgtKGkA|16878|81687
realDonaldTrump|Sun Nov 05 20:06:34 +0000 2017|May God be w/ the people of Sutherland Springs, Texas. The FBI &amp; law enforcement are on the scene. I am monitoring the situation from Japan.|37554|179243
realDonaldTrump|Sun Nov 05 07:37:08 +0000 2017|Heading into the 12 days with great negotiating strength because of our tremendous economy. https://t.co/4HnXkR3EhW|11408|55557
realDonaldTrump|Sun Nov 05 07:28:31 +0000 2017|It was a true honor to be at Yokota Air Base with our GREAT @USForcesJapan! https://t.co/KEXnIkkQks|11114|53395
realDonaldTrump|Sun Nov 05 06:25:16 +0000 2017|Playing golf with Prime Minister Abe and Hideki Matsuyama, two wonderful people! https://t.co/vYLULe0o2K|21814|102821
realDonaldTrump|Sun Nov 05 02:59:05 +0000 2017|Just gave a speech to the great men and women at Yokota Air Base in Tokyo, Japan. Leaving to see Prime Minister Abe. https://t.co/6LRAgojvDB|15820|82356
realDonaldTrump|Sun Nov 05 00:43:08 +0000 2017|I am landing shortly. Can?t wait to be with our GREAT MILITARY. See you soon! https://t.co/AVLrrOxmm4|13735|72273
realDonaldTrump|Sat Nov 04 12:49:26 +0000 2017|Would very much appreciate Saudi Arabia doing their IPO of Aramco with the New York Stock Exchange. Important to the United States!|17318|67495
realDonaldTrump|Sat Nov 04 12:35:00 +0000 2017|Unemployment is down to 4.1%, lowest in 17 years. 1.5 million new jobs created since I took office. Highest stock Market ever, up $5.4 trill|36124|153252
realDonaldTrump|Sat Nov 04 07:08:25 +0000 2017|"Thank you to our GREAT Military/Veterans and @PacificCommand.

Remember #PearlHarbor. Remember the @USSArizona!

A day I?ll never forget. https://t.co/CMkB0kTkSc"|18494|75089
realDonaldTrump|Sat Nov 04 03:07:20 +0000 2017|Thank you for such a beautiful welcome Hawaii. My great honor to visit @PacificCommand upon arrival. Heading to Pearl Harbor w/ @FLOTUS now. https://t.co/6gDME9cmnS|12184|65177
realDonaldTrump|Fri Nov 03 22:44:39 +0000 2017|Getting ready to land in Hawaii. Looking so much forward to meeting with our great Military/Veterans at Pearl Harbor!|12127|85094
realDonaldTrump|Fri Nov 03 16:54:59 +0000 2017|The decision on Sergeant Bergdahl is a complete and total disgrace to our Country and to our Military.|34536|131008
realDonaldTrump|Fri Nov 03 16:22:11 +0000 2017|JOBS, JOBS, JOBS! https://t.co/twUNktGbnb|15007|64332
realDonaldTrump|Fri Nov 03 16:09:52 +0000 2017|The rigged Dem Primary, one of the biggest political stories in years, got ZERO coverage on Fake News Network TV last night. Disgraceful!|24122|89688
realDonaldTrump|Fri Nov 03 14:45:56 +0000 2017|Just took off for ceremony @ Pearl Harbor. Will then be heading to Japan, SKorea, China, Vietnam &amp; the Philippines. Will never let you down!|12955|70966
realDonaldTrump|Fri Nov 03 14:29:55 +0000 2017|I always felt I would be running and winning against Bernie Sanders, not Crooked H, without cheating, I was right.|15572|78192
realDonaldTrump|Fri Nov 03 14:28:34 +0000 2017|Bernie Sanders supporters have every right to be apoplectic of the complete theft of the Dem primary by Crooked Hillary!|15128|73725
realDonaldTrump|Fri Nov 03 12:11:33 +0000 2017|"...Based on that, the Military has hit ISIS \"much harder\" over the last two days. They will pay a big price for every attack on us!"|14118|67198
realDonaldTrump|Fri Nov 03 12:03:50 +0000 2017|"ISIS just claimed the Degenerate Animal who killed, and so badly wounded, the wonderful people on the West Side, was \"their soldier.\" ....."|13481|54728
realDonaldTrump|Fri Nov 03 11:55:29 +0000 2017|Pocahontas just stated that the Democrats, lead by the legendary Crooked Hillary Clinton, rigged the Primaries! Lets go FBI &amp; Justice Dept.|26897|97967
realDonaldTrump|Fri Nov 03 11:48:10 +0000 2017|The real story on Collusion is in Donna B's new book. Crooked Hillary bought the DNC &amp; then stole the Democratic Primary from Crazy Bernie!|17565|72584
realDonaldTrump|Fri Nov 03 11:11:33 +0000 2017|....People are angry.  At some point the Justice Department, and the FBI, must do what is right and proper. The American public deserves it!|28777|125643
realDonaldTrump|Fri Nov 03 11:03:59 +0000 2017|...New Donna B book says she paid for and stole the Dem Primary. What about the deleted E-mails, Uranium, Podesta, the Server, plus, plus...|16939|68811
realDonaldTrump|Fri Nov 03 10:57:47 +0000 2017|Everybody is asking why the Justice Department (and FBI) isn't looking into all of the dishonesty going on with Crooked Hillary &amp; the Dems..|22721|85002
realDonaldTrump|Fri Nov 03 10:51:51 +0000 2017|My Twitter account was taken down for 11 minutes by a rogue employee. I guess the word must finally be getting out-and having an impact.|25513|102972
realDonaldTrump|Fri Nov 03 01:29:54 +0000 2017|I will be interviewed by @IngrahamAngle on @FoxNews at 10:00. Enjoy!|7433|43650
realDonaldTrump|Fri Nov 03 01:26:48 +0000 2017|The @TuckerCarlson opening statement about our once cherished and great FBI was so sad to watch. James Comey's leadership was a disaster!|15803|60790
realDonaldTrump|Fri Nov 03 00:48:09 +0000 2017|....This is real collusion and dishonesty. Major violation of Campaign Finance Laws and Money Laundering - where is our Justice Department?|23518|86593
realDonaldTrump|Fri Nov 03 00:39:57 +0000 2017|Donna Brazile just stated the DNC RIGGED the system to illegally steal the Primary from Bernie Sanders. Bought and paid for by Crooked H....|22472|78459
realDonaldTrump|Fri Nov 03 00:05:07 +0000 2017|Great Tax Cut rollout today. The lobbyists are storming Capital Hill, but the Republicans will hold strong and do what is right for America!|12329|61288
realDonaldTrump|Thu Nov 02 22:35:43 +0000 2017|Today, it was my pleasure and great honor to announce my nomination of Jerome Powell to be the next Chairman of the @FederalReserve. https://t.co/6aDuRy3zws|8743|41199
realDonaldTrump|Thu Nov 02 20:33:18 +0000 2017|Broadcom's move to America=$20 BILLION of annual rev into U.S.A., $3+ BILLION/yr. in research/engineering &amp; $6 BILLION/yr. in manufacturing. https://t.co/NsJ4PtVTtl|13050|53041
realDonaldTrump|Thu Nov 02 19:58:56 +0000 2017|Today, we are thrilled to welcome @Broadcom CEO Hock Tan to the WH to announce he is moving their HQ?s from Singapore back to the U.S.A..... https://t.co/WrqUXBndyZ|9894|44422
realDonaldTrump|Thu Nov 02 18:43:47 +0000 2017|Congress must end chain migration so that we can have a system that is SECURITY BASED! We need to make AMERICA SAFE! #USA?? https://t.co/d7L1YW5iVY|12704|52207
realDonaldTrump|Thu Nov 02 18:33:47 +0000 2017|I am calling on Congress to TERMINATE the diversity visa lottery program that presents significant vulnerabilities to our national security. https://t.co/tW4wOlI4vu|16746|70555
realDonaldTrump|Thu Nov 02 17:31:32 +0000 2017|Congratulations to the Houston @Astros, 2017 #WorldSeries Champions??#HoustonStrong #EarnHistory https://t.co/BP7OEzdhFi|10779|53457
realDonaldTrump|Thu Nov 02 11:54:36 +0000 2017|...There is also something appropriate about keeping him in the home of the horrible crime he committed. Should move fast. DEATH PENALTY!|15893|80426
realDonaldTrump|Thu Nov 02 11:50:46 +0000 2017|Would love to send the NYC terrorist to Guantanamo but statistically that process takes much longer than going through the Federal system...|12906|66776
realDonaldTrump|Thu Nov 02 03:43:18 +0000 2017|NYC terrorist was happy as he asked to hang ISIS flag in his hospital room. He killed 8 people, badly injured 12. SHOULD GET DEATH PENALTY!|39832|164725
realDonaldTrump|Thu Nov 02 03:21:56 +0000 2017|Great mtg w/ @Cabinet today. Tomorrow, I will be announcing the new head of the Fed. I think you will be extremely impressed by this person! https://t.co/5ASJVLGAiG|7612|38346
realDonaldTrump|Thu Nov 02 02:45:57 +0000 2017|Happy birthday to @garyplayer, a truly great Champion and Person!|4753|33000
realDonaldTrump|Thu Nov 02 02:30:43 +0000 2017|It is finally happening for our great clean coal miners! https://t.co/suAnjs6Ccz|9593|43739
realDonaldTrump|Thu Nov 02 02:19:44 +0000 2017|The United States will be immediately implementing much tougher Extreme Vetting Procedures. The safety of our citizens comes first!|21291|101998
realDonaldTrump|Thu Nov 02 02:09:21 +0000 2017|Just spoke to President Macri of Argentina about the five proud and wonderful men killed in the West Side terror attack. God be with them!|12816|67861
realDonaldTrump|Wed Nov 01 23:03:26 +0000 2017|CHAIN MIGRATION must end now! Some people come in, and they bring their whole family with them, who can be truly evil. NOT ACCEPTABLE! https://t.co/PQGeTTdRtX|21594|72960
realDonaldTrump|Wed Nov 01 22:03:27 +0000 2017|@SenateMajLdr @SenateGOP ...and Appeals Court Judges at a record clip! Our courts are rapidly changing for the better!|6635|33200
realDonaldTrump|Wed Nov 01 22:03:19 +0000 2017|Thanks to @SenateMajLdr McConnell and the @SenateGOP we are appointing high-quality Federal District...|7858|40459
realDonaldTrump|Wed Nov 01 21:14:33 +0000 2017|Thank you to the GREAT NYPD, First Responders and all govt officials for having handled the terrible West Side attack so professionally! https://t.co/imPIdOzjAn|11461|54740
realDonaldTrump|Wed Nov 01 20:14:27 +0000 2017|@NYGovCuomo @NYCMayor ...fully supports any and all of their efforts with respect to the West Side attack. #NYCStrong|5000|28005
realDonaldTrump|Wed Nov 01 20:14:17 +0000 2017|Just spoke with @NYGovCuomo and @NYCMayor de Blasio to let them know that the federal government...|6052|33359
realDonaldTrump|Wed Nov 01 19:26:47 +0000 2017|We mourn the horrifying terrorist attack in NYC. All of America is praying and grieving for the families who lost their precious loved ones. https://t.co/WZFHXoJE3K|11705|53527
realDonaldTrump|Wed Nov 01 15:03:29 +0000 2017|....for the Middle Class. The House and Senate should consider ASAP as the process of final approval moves along. Push Biggest Tax Cuts EVER|10904|53394
realDonaldTrump|Wed Nov 01 14:59:43 +0000 2017|Wouldn't it be great to Repeal the very unfair and unpopular Individual Mandate in ObamaCare and use those savings for further Tax Cuts.....|16359|78771
realDonaldTrump|Wed Nov 01 13:30:32 +0000 2017|#NYCStrong #USA?? https://t.co/6K3Xw5P87d|8206|38119
realDonaldTrump|Wed Nov 01 11:40:14 +0000 2017|"\"Senator Chuck Schumer helping to import Europes problems\" said Col.Tony Shaffer. We will stop this craziness!  @foxandfriends"|19653|73063
realDonaldTrump|Wed Nov 01 11:30:48 +0000 2017|We are fighting hard for Merit Based immigration, no more Democrat Lottery Systems. We must get MUCH tougher (and smarter).  @foxandfriends|24314|97120
realDonaldTrump|Wed Nov 01 11:24:32 +0000 2017|"The terrorist came into our country through what is called the \"Diversity Visa Lottery Program,\" a Chuck Schumer beauty. I want merit based."|34400|124369
realDonaldTrump|Wed Nov 01 01:26:22 +0000 2017|I have just ordered Homeland Security to step up our already Extreme Vetting Program. Being politically correct is fine, but not for this!|34507|141188
realDonaldTrump|Wed Nov 01 01:22:20 +0000 2017|The Republican House members are working hard (and late) toward the Massive Tax Cuts that they know you deserve. These will be biggest ever!|12734|66477
realDonaldTrump|Tue Oct 31 22:57:40 +0000 2017|My thoughts, condolences and prayers to the victims and families of the New York City terrorist attack. God and your country are with you!|24289|108641
realDonaldTrump|Tue Oct 31 22:31:45 +0000 2017|We must not allow ISIS to return, or enter, our country after defeating them in the Middle East and elsewhere. Enough!|33407|135705
realDonaldTrump|Tue Oct 31 21:30:04 +0000 2017|In NYC, looks like another attack by a very sick and deranged person. Law enforcement is following this closely. NOT IN THE U.S.A.!|23610|104988
realDonaldTrump|Tue Oct 31 19:41:25 +0000 2017|"U.S. COAL PRODUCTION
Up?7.8% past year. 
Down?31.5% last 10 years. 
#EndingWarOnCoal https://t.co/xr20OBb2DV"|10217|42169
realDonaldTrump|Tue Oct 31 19:14:31 +0000 2017|?Home Prices Reach New All-Time Highs in August? Read more: https://t.co/XzJiZgGQ8R https://t.co/STBtR6mO2j|6050|28073
realDonaldTrump|Tue Oct 31 18:11:11 +0000 2017|"\"Consumer Confidence Hits Highest Level Since December 2000\" Read more: https://t.co/w7WkcobFun https://t.co/nLo5XCnuIx"|9715|39212
realDonaldTrump|Tue Oct 31 16:08:36 +0000 2017|"Wishing everyone a safe and Happy Halloween!
#Halloween2017 https://t.co/BRpgXVRI8Y"|12945|59685
realDonaldTrump|Tue Oct 31 15:48:22 +0000 2017|Thank you @LuisRiveraMarin! https://t.co/BK7sDv9phU|5530|26910
realDonaldTrump|Tue Oct 31 14:46:24 +0000 2017|?Statement by President Trump on the Apprehension of Mustafa al-Imam for His Alleged Role in Benghazi Attacks? https://t.co/2U7WJmfGlM|9254|35406
realDonaldTrump|Tue Oct 31 14:10:42 +0000 2017|....earth shattering. He and his brother could Drain The Swamp, which would be yet another campaign promise fulfilled. Fake News weak!|11688|50953
realDonaldTrump|Tue Oct 31 14:06:27 +0000 2017|The biggest story yesterday, the one that has the Dems in a dither, is Podesta running from his firm. What he know about Crooked Dems is....|16187|64578
realDonaldTrump|Tue Oct 31 12:21:06 +0000 2017|I hope people will start to focus on our Massive Tax Cuts for Business (jobs) and the Middle Class (in addition to Democrat corruption)!|16070|72952
realDonaldTrump|Tue Oct 31 12:16:08 +0000 2017|....came to the campaign. Few people knew the young, low level volunteer named George, who has already proven to be a liar. Check the DEMS!|12068|54144
realDonaldTrump|Tue Oct 31 12:09:41 +0000 2017|"The Fake News is working overtime. As Paul Manaforts lawyer said, there was \"no collusion\" and events mentioned took place long before he..."|13459|56778
realDonaldTrump|Mon Oct 30 14:28:10 +0000 2017|....Also, there is NO COLLUSION!|21332|88311
realDonaldTrump|Mon Oct 30 14:25:09 +0000 2017|Sorry, but this is years ago, before Paul Manafort was part of the Trump campaign. But why aren't Crooked Hillary &amp; the Dems the focus?????|32931|116323
realDonaldTrump|Mon Oct 30 11:50:26 +0000 2017|Great job by MichaelCaputo on @foxandfriends.|7173|41866
realDonaldTrump|Mon Oct 30 11:37:36 +0000 2017|Report out that Obama Campaign paid $972,000 to Fusion GPS. The firm also got $12,400,000 (really?) from DNC. Nobody knows who OK'd!|35250|106831
realDonaldTrump|Sun Oct 29 14:48:09 +0000 2017|"All of this \"Russia\" talk right when the Republicans are making their big push for historic Tax Cuts &amp; Reform. Is this coincidental? NOT!"|22358|89354
realDonaldTrump|Sun Oct 29 14:17:14 +0000 2017|...are now fighting back like never before. There is so much GUILT by Democrats/Clinton, and now the facts are pouring out. DO SOMETHING!|23827|97433
realDonaldTrump|Sun Oct 29 14:09:51 +0000 2017|"...\"collusion,\" which doesn't exist. The Dems are using this terrible (and bad for our country) Witch Hunt for evil politics, but the R's..."|16939|71869
realDonaldTrump|Sun Oct 29 14:02:37 +0000 2017|...the Uranium to Russia deal, the  33,000 plus deleted Emails, the Comey fix and so much more. Instead they look at phony Trump/Russia,....|22538|85057
realDonaldTrump|Sun Oct 29 13:53:43 +0000 2017|Never seen such Republican ANGER &amp; UNITY as I have concerning the lack of investigation on Clinton made Fake Dossier (now $12,000,000?),....|28648|108722
realDonaldTrump|Sun Oct 29 13:12:47 +0000 2017|As usual, the ObamaCare premiums will be up (the Dems own it), but we will Repeal &amp; Replace and have great Healthcare soon after Tax Cuts!|13513|65487
realDonaldTrump|Sat Oct 28 23:15:39 +0000 2017|JFK Files are released, long ahead of schedule!|18393|89653
realDonaldTrump|Sat Oct 28 22:19:42 +0000 2017|While not at all presidential I must point out that the Sloppy Michael Moore Show on Broadway was a TOTAL BOMB and was forced to close. Sad!|23594|110178
realDonaldTrump|Sat Oct 28 22:08:30 +0000 2017|Happy #FirstRespondersDay to all of our HEROES out there. We are forever grateful to you for your service, sacrifice and courage 24/7/365! https://t.co/vOcTlyOeyw|14073|61374
realDonaldTrump|Sat Oct 28 21:10:36 +0000 2017|...in order to put any and all conspiracy theories to rest.|10000|52166
realDonaldTrump|Sat Oct 28 21:09:57 +0000 2017|...addresses of any mentioned person who is still living. I am doing this for reasons of full disclosure, transparency and...|9823|49376
realDonaldTrump|Sat Oct 28 21:09:00 +0000 2017|After strict consultation with General Kelly, the CIA and other Agencies, I will be releasing ALL #JFKFiles other than the names and...|15989|69304
realDonaldTrump|Sat Oct 28 14:37:38 +0000 2017|Today is National Prescription Drug Take Back Day. Everyone can help fight the #OpioidEpidemic by participating! https://t.co/ONObTWOaOn https://t.co/CYG11DnxH7|8530|40063
realDonaldTrump|Sat Oct 28 12:28:28 +0000 2017|Just read the nice remarks by President Jimmy Carter about me and how badly I am treated by the press (Fake News). Thank you Mr. President!|22597|127576
realDonaldTrump|Sat Oct 28 12:22:12 +0000 2017|Very little reporting about the GREAT GDP numbers announced yesterday (3.0 despite the big hurricane hits). Best consecutive Q's in years!|20081|86670
realDonaldTrump|Sat Oct 28 02:13:28 +0000 2017|"?WHAT HAPPENED?

?How Team Hillary played the press for fools on Russia?
??https://t.co/GqpIidk017

NOW WE KNOW! https://t.co/SgWL1HZmkI"|24226|66292
realDonaldTrump|Sat Oct 28 00:05:45 +0000 2017|#JFKFiles https://t.co/AnPBSJFh3J|16575|63567
realDonaldTrump|Fri Oct 27 23:33:14 +0000 2017|"Happy Birthday @TheLeeGreenwood!
#FlashbackFriday https://t.co/MCrMK6Eurm"|9578|40727
realDonaldTrump|Fri Oct 27 21:17:31 +0000 2017|"People are anxiously awaiting my decision as to who the next head of the Fed will be....
?https://t.co/PEj1KNYcAO"|8322|43328
realDonaldTrump|Fri Oct 27 20:33:50 +0000 2017|.@FoxNews Chris Wallace: ?More evidence of Dem collusion with Russia than GOP? https://t.co/nACQerJSiu|12573|43821
realDonaldTrump|Fri Oct 27 18:16:35 +0000 2017|We are inspired by the stories of everyday heroes who pull their communities from the depths of despair through leadership and love. https://t.co/DL3oan4Fm7|9573|46611
realDonaldTrump|Fri Oct 27 14:52:42 +0000 2017|Diane Black of Tennessee, the highly respected House Budget Committee Chairwoman, did a GREAT job in passing Budget, setting up big Tax Cuts|11284|59590
realDonaldTrump|Fri Oct 27 14:33:15 +0000 2017|Thank you @FLGovScott. https://t.co/rgdU9plvFK|7658|38122
realDonaldTrump|Fri Oct 27 13:33:40 +0000 2017|It is now commonly agreed, after many months of COSTLY looking, that there was NO collusion between Russia and Trump. Was collusion with HC!|26077|97420
realDonaldTrump|Fri Oct 27 12:50:47 +0000 2017|Happy birthday to the great @TheLeeGreenwood. You and your beautiful song have made such a difference. MAKE AMERICA GREAT AGAIN!|9404|47972
realDonaldTrump|Fri Oct 27 11:38:43 +0000 2017|JFK Files are being carefully released. In the end there will be great transparency. It is my hope to get just about everything to public!|18554|92400
realDonaldTrump|Fri Oct 27 11:16:40 +0000 2017|Good luck to @Joy_Villa on her decision to enter the wonderful world of politics. She has many fans!|9742|48913
realDonaldTrump|Fri Oct 27 11:09:03 +0000 2017|Congratulations to @SpeakerRyan, @GOPLeader, @SteveScalise and to the Republican Party on Budget passage yesterday. Now for biggest Tax Cuts|8366|44578
realDonaldTrump|Fri Oct 27 10:59:56 +0000 2017|Thank you @foxandfriends. Really great job and show!|6654|42980
realDonaldTrump|Fri Oct 27 10:58:36 +0000 2017|Wacky &amp; totally unhinged Tom Steyer, who has been fighting me and my Make America Great Again agenda from beginning, never wins elections!|10917|52635
realDonaldTrump|Fri Oct 27 01:18:55 +0000 2017|WORKING TOGETHER, we will defeat this #OpioidEpidemic &amp; free our nation from the terrible affliction of drug abuse. https://t.co/iAZjqGMwav https://t.co/mZI5uQN4oZ|9481|44319
realDonaldTrump|Thu Oct 26 21:29:52 +0000 2017|Effective today, my administration officially declared the #OpioidCrisis a NATIONAL PUBLIC HEALTH EMERGENCY under federal law. https://t.co/YosOBurdCw|12418|54571
realDonaldTrump|Thu Oct 26 15:05:36 +0000 2017|Big news - Budget just passed!|23741|130211
realDonaldTrump|Thu Oct 26 14:30:45 +0000 2017|Do not underestimate the UNITY within the Republican Party!|12492|66543
realDonaldTrump|Thu Oct 26 14:11:21 +0000 2017|Ed Gillespie will be a great Governor of Virginia. His opponent doesn't even show up to meetings/work, and will be VERY weak on crime!|11245|51500
realDonaldTrump|Thu Oct 26 14:07:08 +0000 2017|Ed Gillespie will turn the really bad Virginia economy #'s around, and fast. Strong on crime, he might even save our great statues/heritage!|12603|59433
realDonaldTrump|Thu Oct 26 13:45:45 +0000 2017|Will be another Sean success! https://t.co/SlNTENvJLA|8722|38699
realDonaldTrump|Thu Oct 26 03:33:41 +0000 2017|"Together, we will Make America Great Again!
#AmericaFirst?? https://t.co/ajiC3flNkI"|12273|51102
realDonaldTrump|Thu Oct 26 01:47:50 +0000 2017|"This will be the biggest TAX CUT in the history of our country - and we need it! #TaxReform 
Read more: https://t.co/o3W9bJkz5k https://t.co/JYckXWEmLu"|11229|49322
realDonaldTrump|Wed Oct 25 22:46:57 +0000 2017|Interview with @LouDobbs coming up at 7pmE on @FoxBusiness. Enjoy! https://t.co/9V9z015kVl|5546|30417
realDonaldTrump|Wed Oct 25 22:17:36 +0000 2017|"Texas @GovAbbott &amp; Lt. Gov. @DanPatrick,

Thank you for todays briefing on hurricane recovery efforts here in TX. Keep up the great work! https://t.co/rBel6IWrJl"|6751|33757
realDonaldTrump|Wed Oct 25 19:56:39 +0000 2017|The long anticipated release of the #JFKFiles will take place tomorrow. So interesting!|31693|118696
realDonaldTrump|Wed Oct 25 19:39:22 +0000 2017|Melania and I look forward to being with President Xi &amp; Madame Peng Liyuan in China in two weeks for what will hopefully be a historic trip! https://t.co/uFMonzza7N|8456|44506
realDonaldTrump|Wed Oct 25 19:24:10 +0000 2017|Spoke to President Xi of China to congratulate him on his extraordinary elevation. Also discussed NoKo &amp; trade, two very important subjects!|9258|53422
realDonaldTrump|Wed Oct 25 17:46:10 +0000 2017|Just interviewed by @LouDobbs. Will be aired tonight at 7pmE on @FoxBusiness. #Dobbs|7277|35649
realDonaldTrump|Wed Oct 25 17:19:31 +0000 2017|Congrats to @Reince Priebus, a really good and talented man. We?re proud of you Reince! https://t.co/7AsjAMrSnV|5663|31814
realDonaldTrump|Wed Oct 25 15:40:03 +0000 2017|MAKE AMERICA GREAT AGAIN! https://t.co/CbEwJSQ1A3|12927|48785
realDonaldTrump|Wed Oct 25 12:33:30 +0000 2017|"Jeff Flake, with an 18% approval rating in Arizona, said \"a lot of my colleagues have spoken out.\" Really, they just gave me a standing O!"|14419|70028
realDonaldTrump|Wed Oct 25 11:35:16 +0000 2017|Working hard on the biggest tax cut in U.S. history. Great support from so many sides. Big winners will be the middle class, business &amp; JOBS|17691|91343
realDonaldTrump|Wed Oct 25 11:30:36 +0000 2017|The meeting with Republican Senators yesterday, outside of Flake and Corker, was a love fest with standing ovations and great ideas for USA!|11342|57679
realDonaldTrump|Wed Oct 25 11:27:36 +0000 2017|The reason Flake and Corker dropped out of the Senate race is very simple, they had zero chance of being elected. Now act so hurt &amp; wounded!|14385|64920
realDonaldTrump|Wed Oct 25 11:21:30 +0000 2017|"\"Clinton campaign &amp; DNC paid for research that led to the anti-Trump Fake News Dossier. The victim here is the President.\" @FoxNews"|21433|75823
realDonaldTrump|Tue Oct 24 22:20:42 +0000 2017|So nice being with Republican Senators today. Multiple standing ovations! Most are great people who want big Tax Cuts and success for U.S.|15926|85121
realDonaldTrump|Tue Oct 24 19:11:38 +0000 2017|?President Donald J. Trump Proclaims October 24, 2017, as United Nations Day? Read more: https://t.co/cyRAQAKhy2 https://t.co/HVD0kLYlBk|6263|30457
realDonaldTrump|Tue Oct 24 14:35:32 +0000 2017|Stock Market just hit another record high! Jobs looking very good.|17973|95079
realDonaldTrump|Tue Oct 24 14:20:46 +0000 2017|...the entire World WAS laughing and taking advantage of us. People like liddle' Bob Corker have set the U.S. way back. Now we move forward!|14228|64755
realDonaldTrump|Tue Oct 24 14:13:48 +0000 2017|Sen. Corker is the incompetent head of the Foreign Relations Committee, &amp; look how poorly the U.S. has done. He doesn't have a clue as.....|13262|60816
realDonaldTrump|Tue Oct 24 13:30:21 +0000 2017|Isn't it sad that lightweight Senator Bob Corker, who couldn't get re-elected in the Great State of Tennessee, will now fight Tax Cuts plus!|13152|56694
realDonaldTrump|Tue Oct 24 12:20:35 +0000 2017|...Corker dropped out of the race in Tennesse when I refused to endorse him, and now is only negative on anything Trump. Look at his record!|12638|57848
realDonaldTrump|Tue Oct 24 12:13:59 +0000 2017|Bob Corker, who helped President O give us the bad Iran Deal &amp; couldn't get elected dog catcher in Tennessee, is now fighting Tax Cuts....|19270|79197
realDonaldTrump|Mon Oct 23 23:18:01 +0000 2017|We will never forget the 241 American service members killed by Hizballah in Beirut. They died in service to our nation. https://t.co/BaQZDA3s2e|16305|69504
realDonaldTrump|Mon Oct 23 12:30:10 +0000 2017|I had a very respectful conversation with the widow of Sgt. La David Johnson, and spoke his name from beginning, without hesitation!|15948|85432
realDonaldTrump|Mon Oct 23 11:53:08 +0000 2017|Two dozen NFL players continue to kneel during the National Anthem, showing total disrespect to our Flag &amp; Country.  No leadership in NFL!|23369|112628
realDonaldTrump|Mon Oct 23 11:42:56 +0000 2017|There will be NO change to your 401(k). This has always been a great and popular middle class tax break that works, and it stays!|23337|112212
realDonaldTrump|Sun Oct 22 12:08:47 +0000 2017|It is finally sinking through. 46% OF PEOPLE BELIEVE MAJOR NATIONAL NEWS ORGS FABRICATE STORIES ABOUT ME. FAKE NEWS, even worse! Lost cred.|25825|119222
realDonaldTrump|Sun Oct 22 12:02:31 +0000 2017|Wacky Congresswoman Wilson is the gift that keeps on giving for the Republican Party, a disaster for Dems. You watch her in action &amp; vote R!|22133|104460
realDonaldTrump|Sun Oct 22 11:50:39 +0000 2017|Doing interview today with Maria Bartiromo at 10:00 A.M. on @FoxNews - ENJOY!|7354|45821
realDonaldTrump|Sun Oct 22 00:09:21 +0000 2017|...2nd Amendment, Strong Military, ISIS, historic VA improvement, Supreme Court Justice, Record Stock Market, lowest unemployment in 17 yrs!|16138|75122
realDonaldTrump|Sun Oct 22 00:02:45 +0000 2017|...9 months than this Administration. Over 50 Legislation approvals, massive regulation cuts, energy freedom, pipelines, border security....|15036|74574
realDonaldTrump|Sat Oct 21 23:57:41 +0000 2017|I agree getting Tax Cuts approved  is important (we will also get HealthCare), but perhaps no Administration has done more in its first.....|13008|69987
realDonaldTrump|Sat Oct 21 22:51:57 +0000 2017|"Just out, but lightly reported: \"Fewest jobless claims since 1973 show firm U.S. Job Market\" Lowest since March 1973. @bpolitics"|16065|64066
realDonaldTrump|Sat Oct 21 21:21:08 +0000 2017|Crooked Hillary Clinton spent hundreds of millions of dollars more on Presidential Election than I did. Facebook was on her side, not mine!|21318|96648
realDonaldTrump|Sat Oct 21 20:06:00 +0000 2017|"Keep hearing about \"tiny\" amount of money spent on Facebook ads. What about the billions of dollars of Fake News on CNN, ABC, NBC &amp; CBS?"|22385|95248
realDonaldTrump|Sat Oct 21 19:59:23 +0000 2017|"Officials behind the now discredited \"Dossier\" plead the Fifth. Justice Department and/or FBI should immediately release who paid for it."|23492|79924
realDonaldTrump|Sat Oct 21 16:50:33 +0000 2017|?Trump hails liberation of Raqqa as critical breakthrough in anti-ISIS campaign? https://t.co/2eoYXJB7h0|10352|45811
realDonaldTrump|Sat Oct 21 13:14:33 +0000 2017|Stock Market hits another all time high on Friday. 5.3 trillion dollars up since Election. Fake News doesn't spent much time on this!|19772|91118
realDonaldTrump|Sat Oct 21 13:08:17 +0000 2017|People get what is going on! https://t.co/Pdg7VqQv6M|14673|51869
realDonaldTrump|Sat Oct 21 12:35:05 +0000 2017|Subject to the receipt of further information, I will be allowing, as President, the long blocked and classified JFK FILES to be opened.|64450|200886
realDonaldTrump|Sat Oct 21 12:07:16 +0000 2017|I hope the Fake News Media keeps talking about Wacky Congresswoman Wilson in that she, as a representative, is killing the Democrat Party!|18657|87609
realDonaldTrump|Sat Oct 21 11:52:56 +0000 2017|Budget that just passed is a really big deal, especially in terms of what will be the biggest tax cut in U.S. history - MSM barely covered!|14503|67405
realDonaldTrump|Fri Oct 20 23:52:17 +0000 2017|"Great book just out, \"A Place Called Heaven,\" by Dr. Robert Jeffress - A wonderful man!"|13574|71673
realDonaldTrump|Fri Oct 20 21:10:37 +0000 2017|This is a once-in-a-generation opportunity to offer historic tax relief to the American people! Join me today: https://t.co/9czcJDbmVW https://t.co/s3kXpvbYih|14943|61530
realDonaldTrump|Fri Oct 20 18:50:21 +0000 2017|"Today, it was an honor to have @UN
Secretary-General @AntonioGuterres at the @WhiteHouse. Speaking for the U.S.A., we appreciate all you do! https://t.co/Sk0Jcazzxw"|6705|35199
realDonaldTrump|Fri Oct 20 18:31:19 +0000 2017|Thank you @GeraldoRivera @FoxandFriends. Agree! https://t.co/8cZLdAbgzw|12288|46975
realDonaldTrump|Fri Oct 20 10:31:50 +0000 2017|"Just out report: \"United Kingdom crime rises 13% annually amid spread of Radical Islamic terror.\" Not good, we must keep America safe!"|27416|102549
realDonaldTrump|Fri Oct 20 10:15:45 +0000 2017|....This now allows for the passage of large scale Tax Cuts (and Reform), which will be the biggest in the history of our country!|14216|71812
realDonaldTrump|Fri Oct 20 10:11:15 +0000 2017|The Budget passed late last night, 51 to 49. We got ZERO Democrat votes with only Rand Paul (he will vote for Tax Cuts) voting against.....|14861|68464
realDonaldTrump|Fri Oct 20 05:12:44 +0000 2017|Great news on the 2018 budget @SenateMajLdr McConnell - first step toward delivering MASSIVE tax cuts for the American people! #TaxReform https://t.co/aBzQR7KR0c|12076|52235
realDonaldTrump|Fri Oct 20 03:00:42 +0000 2017|Big ratings getter @seanhannity and Apprentice Champion John Rich are right now going on stage in Las Vegas for #VegasStrong. Great Show!|9177|49539
realDonaldTrump|Fri Oct 20 02:53:42 +0000 2017|The Fake News is going crazy with wacky Congresswoman Wilson(D), who was SECRETLY on a very personal call, and gave a total lie on content!|19455|86413
realDonaldTrump|Fri Oct 20 01:43:00 +0000 2017|"Keep up the GREAT work. I am with you 100%!

\"ISIS is losing its grip...\"
Army Colonel Ryan Dillon
CJTF?OIR
https://t.co/jVGuvv5mzm https://t.co/PSCXg38CtS"|11996|52504
realDonaldTrump|Thu Oct 19 20:40:21 +0000 2017|It was great to have Governor @RicardoRossello of #PuertoRico??with us at the @WhiteHouse today. We are with you! #PRStrong https://t.co/Op2xDZxvNc|10252|47758
realDonaldTrump|Thu Oct 19 12:21:18 +0000 2017|".@foxandfriends \"Russia sent millions to Clinton Foundation\""|23438|70300
realDonaldTrump|Thu Oct 19 11:56:15 +0000 2017|Workers of firm involved with the discredited and Fake Dossier take the 5th. Who paid for it, Russia, the FBI or the Dems (or all)?|25014|83911
realDonaldTrump|Thu Oct 19 11:17:52 +0000 2017|Uranium deal to Russia, with Clinton help and Obama Administration knowledge, is the biggest story that Fake Media doesn't want to follow!|38445|113986
realDonaldTrump|Thu Oct 19 10:54:09 +0000 2017|Republicans are going for the big Budget approval today, first step toward massive tax cuts. I think we have the votes, but who knows?|12550|68817
realDonaldTrump|Thu Oct 19 03:03:29 +0000 2017|"\"46% of Americans think the Media is inventing stories about Trump &amp; his Administration.\" @FoxNews   It is actually much worse than this!"|17851|79348
realDonaldTrump|Wed Oct 18 23:31:54 +0000 2017|".@DanaPerino &amp; @BradThor,
Thank you so much for the wonderful compliment. Working hard! #MAGA https://t.co/AKWlsMsCVH"|9830|42297
realDonaldTrump|Wed Oct 18 22:49:42 +0000 2017|"\"20,000?21,000?22,000? 23,000?this year...FOUR one thousand milestones this year...\" 
#Dow23K #MAGA https://t.co/GQ5f2eVvEI"|13392|54993
realDonaldTrump|Wed Oct 18 22:19:12 +0000 2017|This is what REAL PRIDE in our COUNTRY is all about! #USA?? https://t.co/kyv866prdE|17066|67022
realDonaldTrump|Wed Oct 18 20:42:05 +0000 2017|.@NFL: Too much talk, not enough action. Stand for the National Anthem.|21316|93576
realDonaldTrump|Wed Oct 18 19:27:26 +0000 2017|"\"Iran hides behind its assertion of technical compliance w/the nuclear deal, while it brazenly violates the other limits..\"
Amb. @NikkiHaley https://t.co/xvHgx7d1cT"|11051|40153
realDonaldTrump|Wed Oct 18 18:20:39 +0000 2017|It was an honor to welcome Republican and Democratic members of the Senate Finance Committee to the @WhiteHouse today. #TaxReform https://t.co/ge4Xic9fId|6979|35018
realDonaldTrump|Wed Oct 18 16:58:23 +0000 2017|Our hearts are with all affected by the wildfires in California. God bless our brave First Responders and @FEMA team. We support you! https://t.co/YaoPbaVI5L|8377|42032
realDonaldTrump|Wed Oct 18 15:07:07 +0000 2017|The current tax code is a burden on American taxpayers &amp; harmful to job-creators. Americans need #TaxReform! More: https://t.co/qXyiYiFWCO https://t.co/NGIjJOc3TP|9841|41564
realDonaldTrump|Wed Oct 18 13:41:10 +0000 2017|I am supportive of Lamar as a person &amp; also of the process, but I can never support bailing out ins co's who have made a fortune w/ O'Care.|12086|57761
realDonaldTrump|Wed Oct 18 11:25:24 +0000 2017|Democrat Congresswoman totally fabricated what I said to the wife of a soldier who died in action (and I have proof). Sad!|23377|93910
realDonaldTrump|Wed Oct 18 11:06:06 +0000 2017|The NFL has decided that it will not force players to stand for the playing of our National Anthem. Total disrespect for our great country!|22649|96349
realDonaldTrump|Wed Oct 18 10:56:36 +0000 2017|As it has turned out, James Comey lied and leaked and totally protected Hillary Clinton. He was the best thing that ever happened to her!|23471|89457
realDonaldTrump|Wed Oct 18 10:38:18 +0000 2017|The Democrats will only vote for Tax Increases. Hopefully, all Senate Republicans will vote for the largest Tax Cuts in U.S. history.|13092|57541
realDonaldTrump|Wed Oct 18 10:27:29 +0000 2017|...people not interviewed, including Clinton herself. Comey stated under oath that he didn't do this-obviously a fix? Where is Justice Dept?|18314|69717
realDonaldTrump|Wed Oct 18 10:21:00 +0000 2017|Wow, FBI confirms report that James Comey drafted letter exonerating  Crooked Hillary Clinton long before investigation was complete. Many..|22586|81649
realDonaldTrump|Wed Oct 18 02:21:16 +0000 2017|The most important truth our FOUNDERS understood was: FREEDOM is NOT a gift from Govt. FREEDOM is a GIFT from GOD. ?https://t.co/rmAzGt8SuG https://t.co/SrPavwrt2R|16867|60915
realDonaldTrump|Wed Oct 18 00:44:43 +0000 2017|Thank you @Heritage! This is our once-in-a-generation opportunity to revitalize our economy, revive our industry &amp; renew the AMERICAN DREAM! https://t.co/HI30nojsGo|9097|40621
realDonaldTrump|Tue Oct 17 23:06:01 +0000 2017|WOW! https://t.co/eKfRktNVuy|15855|60468
realDonaldTrump|Tue Oct 17 23:03:32 +0000 2017|BORDER WALL prototypes underway! https://t.co/arFNO80zmO|28335|98475
realDonaldTrump|Tue Oct 17 21:56:08 +0000 2017|"Any increase in ObamaCare premiums is the fault of the Democrats for giving us a \"product\" that never had a chance of working."|15581|69126
realDonaldTrump|Tue Oct 17 21:51:34 +0000 2017|So much Fake News being put in dying magazines and newspapers. Only place worse may be @NBCNews, @CBSNews, @ABC and @CNN. Fiction writers!|14930|60480
realDonaldTrump|Tue Oct 17 18:59:43 +0000 2017|It was my great honor to welcome Prime Minister Alexis Tsipras of Greece to the WH today! ?https://t.co/Bn1vM6fYW9 ?https://t.co/j0roMFT3YL https://t.co/MPe5HWFcZ1|6266|35868
realDonaldTrump|Tue Oct 17 17:25:44 +0000 2017|Join me LIVE from the Rose Garden at 1:30pmE with Prime Minister Alexis Tsipras of Greece. ??https://t.co/Bn1vM6fYW9 https://t.co/dZB4mDBKpi|4066|24082
realDonaldTrump|Tue Oct 17 16:16:28 +0000 2017|"\"Dow Passes 23,000 for the First Time, Fueled by Strong Earnings\"
#Dow23K?https://t.co/wnkrddYlb9 https://t.co/wlP0NCNcou"|10678|43770
realDonaldTrump|Tue Oct 17 12:39:45 +0000 2017|Rep.Tom Marino has informed me that he is withdrawing his name from consideration as drug czar. Tom is a fine man and a great Congressman!|8063|47679
realDonaldTrump|Mon Oct 16 23:32:05 +0000 2017|Always great to see the wonderful people of South Carolina. Thank you for the beautiful welcome at Greenville-Spartanburg Int'l Airport! https://t.co/maO9Nc0sTe|11435|62596
realDonaldTrump|Mon Oct 16 13:12:43 +0000 2017|"I was recently asked if Crooked Hillary Clinton is going to run in 2020? My answer was, \"I hope so!\""|31894|143032
realDonaldTrump|Mon Oct 16 12:57:50 +0000 2017|The U.S. has gained more than 5.2 trillion dollars in Stock Market Value since Election Day! Also, record business enthusiasm.|18223|92071
realDonaldTrump|Mon Oct 16 12:54:49 +0000 2017|Since Election Day on November 8, the Stock Market is up more than 25%, unemployment is at a 17 year low &amp; companies are coming back to U.S.|18813|88404
realDonaldTrump|Mon Oct 16 12:49:27 +0000 2017|Dem Senator Schumer hated the Iran deal made by President Obama, but now that I am involved, he is OK with it. Tell that to Israel, Chuck!|19563|72897
realDonaldTrump|Mon Oct 16 12:21:49 +0000 2017|The Democrats only want to increase taxes and obstruct. That's all they are good at!|11932|54475
realDonaldTrump|Mon Oct 16 12:17:10 +0000 2017|Art Laffer just said that he doesn't know how a Democrat could vote against the big tax cut/reform bill and live with themselves!  @FoxNews|12025|55165
realDonaldTrump|Sun Oct 15 13:46:27 +0000 2017|...approvals of The Keystone XL &amp; Dakota Access pipelines. Also, look at the recent EPA cancelations &amp; our great new Supreme Court Justice!|13820|73608
realDonaldTrump|Sun Oct 15 13:25:05 +0000 2017|The Failing @nytimes, in a story by Peter Baker, should have mentioned the rapid terminations by me of TPP &amp; The Paris Accord &amp; the fast....|11862|57446
realDonaldTrump|Sat Oct 14 21:27:22 +0000 2017|The Democrats in the Southwest part of Virginia have been abandoned by their Party. Republican Ed Gillespie will never let you down!|14832|67309
realDonaldTrump|Sat Oct 14 11:27:00 +0000 2017|Very proud of my Executive Order which will allow greatly expanded access and far lower costs for HealthCare. Millions of people benefit!|21126|112155
realDonaldTrump|Sat Oct 14 11:18:49 +0000 2017|Health Insurance stocks, which have gone through the roof during the ObamaCare years, plunged yesterday after I ended their Dems windfall!|16985|79609
realDonaldTrump|Sat Oct 14 01:31:20 +0000 2017|"Such a wonderful statement from the great @LouDobbs. \"We take up what may be the most accomplished presidency in modern American history.\""|14907|64725
realDonaldTrump|Sat Oct 14 01:17:54 +0000 2017|ObamaCare is causing such grief and tragedy for so many. It is being dismantled but in the meantime, premiums &amp; deductibles are way up!|11544|58022
realDonaldTrump|Sat Oct 14 01:10:55 +0000 2017|"Money pouring into Insurance Companies profits, under the guise of ObamaCare, is over. They have made a fortune.
Dems must get smart &amp; deal!"|14672|65314
realDonaldTrump|Sat Oct 14 01:02:48 +0000 2017|Many people talking, with much agreement, on my Iran speech today. Participants in the deal are making lots of money on trade with Iran!|10467|51393
realDonaldTrump|Sat Oct 14 00:53:59 +0000 2017|Starting to develop a much better relationship with Pakistan and its leaders. I want to thank them for their cooperation on many fronts.|13278|66504
realDonaldTrump|Fri Oct 13 22:01:57 +0000 2017|#WeeklyAddress?? https://t.co/riqEiBNwk2|9823|39162
realDonaldTrump|Fri Oct 13 18:09:00 +0000 2017|Today, I announced our strategy to confront the Iranian regime?s hostile actions and to ensure that they never acquire a nuclear weapon. https://t.co/N4ISdjuEdC|16344|62965
realDonaldTrump|Fri Oct 13 17:41:36 +0000 2017|"\"Consumer confidence soars to highest level since 2004\"
?https://t.co/RvxCPAFI2A https://t.co/U8MS9K45fX"|10585|46061
realDonaldTrump|Fri Oct 13 17:07:15 +0000 2017|"In America, we don't worship government - we worship God. 
#ValuesVotersSummit https://t.co/YQ3iDlWylK"|19739|76122
realDonaldTrump|Fri Oct 13 16:30:28 +0000 2017|"I have no greater privilege than to serve as your Commander-in-Chief. HAPPY BIRTHDAY to the incredible men and women @USNavy!
#242NavyBday https://t.co/qcdB4U8CqA"|15576|69516
realDonaldTrump|Fri Oct 13 12:01:02 +0000 2017|The wonderful people of Puerto Rico, with their unmatched spirit, know how bad things were before the H's. I will always be with them!|11105|60034
realDonaldTrump|Fri Oct 13 11:51:30 +0000 2017|Hard to believe that the Democrats, who have gone so far LEFT that they are no longer recognizable, are fighting so hard for Sanctuary crime|21092|87762
realDonaldTrump|Fri Oct 13 11:14:12 +0000 2017|ObamaCare is a broken mess. Piece by piece we will now begin the process of giving America the great HealthCare it deserves!|14328|72126
realDonaldTrump|Fri Oct 13 11:10:30 +0000 2017|Sadly, they and others are Fake News, and the public is just beginning to figure it out! https://t.co/8B8AyA7V1s|10909|48597
realDonaldTrump|Fri Oct 13 09:36:54 +0000 2017|The Democrats ObamaCare is imploding. Massive subsidy payments to their pet insurance companies has stopped. Dems should call me to fix!|13076|60600
realDonaldTrump|Fri Oct 13 01:18:23 +0000 2017|It is time to take care of OUR COUNTRY, to rebuild OUR COMMUNITIES, and to protect our GREAT AMERICAN WORKERS! #TaxReform https://t.co/FEjGjT4xp9|15343|65292
realDonaldTrump|Fri Oct 13 00:12:59 +0000 2017|People are just now starting to find out how dishonest and disgusting (FakeNews) @NBCNews is. Viewers beware. May be worse than even @CNN!|20395|82148
realDonaldTrump|Thu Oct 12 20:19:32 +0000 2017|"Happy #NationalFarmersDay!
?https://t.co/dN39R1IMlA https://t.co/QbUG1pztaI"|10223|47528
realDonaldTrump|Thu Oct 12 18:17:40 +0000 2017|We need a tax system that is FAIR to working FAMILIES &amp; that encourages companies to STAY in AMERICA, GROW in AMERICA, and HIRE in AMERICA! https://t.co/DdI1yWi7YZ|14613|65093
realDonaldTrump|Thu Oct 12 17:06:26 +0000 2017|"The time has come to take action to IMPROVE access, INCREASE choices, and LOWER COSTS for HEALTHCARE! 
??https://t.co/mz5fdveTVh https://t.co/dDZLsKuNSe"|11991|49473
realDonaldTrump|Thu Oct 12 12:45:29 +0000 2017|The Fake News Is going all out in order to demean and denigrate! Such hatred!|15588|76067
realDonaldTrump|Thu Oct 12 11:07:00 +0000 2017|...We cannot keep FEMA, the Military &amp; the First Responders, who have been amazing (under the most difficult circumstances) in P.R. forever!|12381|61473
realDonaldTrump|Thu Oct 12 10:58:53 +0000 2017|...accountability say the Governor. Electric and all infrastructure was disaster before hurricanes. Congress to decide how much to spend....|9436|48352
realDonaldTrump|Thu Oct 12 10:49:42 +0000 2017|"\"Puerto Rico survived the Hurricanes, now a financial crisis looms largely of their own making.\" says Sharyl Attkisson. A total lack of....."|9438|44914
realDonaldTrump|Thu Oct 12 10:04:11 +0000 2017|Clips from tax speech and @seanhannity on @foxandfriends now. Have a great day!|6241|35816
realDonaldTrump|Thu Oct 12 00:40:57 +0000 2017|In even the darkest moments, the light of our people has shown through their goodness, their courage and their love. #USA?? https://t.co/8JK8aM2a1L|12565|57830
realDonaldTrump|Thu Oct 12 00:09:42 +0000 2017|Network news has become so partisan, distorted and fake that licenses must be challenged and, if appropriate, revoked. Not fair to public!|18646|82673
realDonaldTrump|Wed Oct 11 23:56:08 +0000 2017|Joining @SeanHannity tonight at 9pmE on @FoxNews. Enjoy! https://t.co/RCfiJus5Rw|5217|30246
realDonaldTrump|Wed Oct 11 23:28:49 +0000 2017|We need a tax system that is FAIR to working families &amp; that encourages companies to STAY in America, GROW in America, and HIRE in America?? https://t.co/u9ZgijgLE3|11506|53952
realDonaldTrump|Wed Oct 11 21:32:07 +0000 2017|I will be interviewed tonight on @FoxNews by @SeanHannity at 9pmE. Enjoy!|9576|54846
realDonaldTrump|Wed Oct 11 21:18:49 +0000 2017|"Join me LIVE at 5:45pmE from Harrisburg, Pennsylvania! 
#TaxReform #USA??
https://t.co/fDUEMpRTcE https://t.co/1mMjl1HNpl"|4763|26715
realDonaldTrump|Wed Oct 11 19:49:21 +0000 2017|Happy to announce we are awarding $1M to Las Vegas - in order to help local law enforcement working OT to respond to last Sunday?s tragedy.|17772|108984
realDonaldTrump|Wed Oct 11 13:55:44 +0000 2017|With all of the Fake News coming out of NBC and the Networks, at what point is it appropriate to challenge their License? Bad for country!|21353|93533
realDonaldTrump|Wed Oct 11 13:45:22 +0000 2017|"Fake @NBCNews made up a story that I wanted a \"tenfold\" increase in our U.S. nuclear arsenal. Pure fiction, made up to demean. NBC = CNN!"|17495|69519
realDonaldTrump|Wed Oct 11 10:47:10 +0000 2017|It is about time that Roger Goodell of the NFL is finally demanding that all players STAND for our great National Anthem-RESPECT OUR COUNTRY|18990|100343
realDonaldTrump|Wed Oct 11 10:36:37 +0000 2017|The Democrats want MASSIVE tax increases &amp; soft, crime producing borders.The Republicans want the biggest tax cut in history &amp; the WALL!|17999|80080
realDonaldTrump|Wed Oct 11 10:31:18 +0000 2017|It would be really nice if the Fake News Media would report the virtually unprecedented Stock Market growth since the election.Need tax cuts|14282|70502
realDonaldTrump|Wed Oct 11 10:26:50 +0000 2017|...if Congress gives us the massive tax cuts (and reform) I am asking for, those numbers will grow by leaps and bounds. #MAGA|10421|52177
realDonaldTrump|Wed Oct 11 10:21:15 +0000 2017|Stock Market has increased by 5.2 Trillion dollars since the election on November 8th, a 25% increase. Lowest unemployment in 16 years and..|16904|75680
realDonaldTrump|Wed Oct 11 01:21:43 +0000 2017|...fired. This story is totally made up by the dishonest media.The Chief is doing a FANTASTIC job for me and, more importantly, for the USA!|14500|72897
realDonaldTrump|Wed Oct 11 01:15:26 +0000 2017|The Fake News is at it again, this time trying to hurt one of the finest people I know, General John Kelly, by saying he will soon be.....|14641|65417
realDonaldTrump|Tue Oct 10 23:29:47 +0000 2017|"My great honor to host the 2017 back-to-back #StanleyCup Champion Pittsburgh Penguins at the WH with @FLOTUS today!
https://t.co/qyT4bcHVuR https://t.co/rBwGmhMnPX"|13132|62769
realDonaldTrump|Tue Oct 10 12:50:55 +0000 2017|The Failing @nytimes set Liddle' Bob Corker up by recording his conversation. Was made to sound a fool, and that's what I am dealing with!|13538|58793
realDonaldTrump|Tue Oct 10 12:13:54 +0000 2017|"Highly respected author, Christopher Bedford, just came out with book, \"The Art of the Donald, Lessons from America's....\" Really good book!"|10613|55361
realDonaldTrump|Tue Oct 10 10:42:23 +0000 2017|"With Jemele Hill at the mike, it is no wonder ESPN ratings have \"tanked,\" in fact, tanked so badly it is the talk of the industry!"|18656|90559
realDonaldTrump|Tue Oct 10 10:30:28 +0000 2017|Since Congress can't get its act together on HealthCare, I will be using the power of the pen to give great HealthCare to many people - FAST|20917|94546
realDonaldTrump|Tue Oct 10 10:18:34 +0000 2017|The problem with agreeing to a policy on immigration is that the Democrats don't want secure borders,they don't care about safety for U.S.A.|20621|82040
realDonaldTrump|Tue Oct 10 10:13:47 +0000 2017|Why is the NFL getting massive tax breaks while at the same time disrespecting our Anthem, Flag and Country? Change tax law!|30628|132165
realDonaldTrump|Tue Oct 10 01:51:32 +0000 2017|"A big salute to Jerry Jones, owner of the Dallas Cowboys, who will BENCH players who disrespect our Flag.\"Stand for Anthem or sit for game!\""|32253|158740
realDonaldTrump|Mon Oct 09 18:35:04 +0000 2017|"\"President Donald J. Trump Proclaims October 9, 2017, as #ColumbusDay\" https://t.co/cbQRst4lN4"|15118|65215
realDonaldTrump|Mon Oct 09 11:05:13 +0000 2017|The trip by @VP Pence was long planned. He is receiving great praise for leaving game after the players showed such disrespect for country!|19347|103763
realDonaldTrump|Mon Oct 09 10:50:34 +0000 2017|Our country has been unsuccessfully dealing with North Korea for 25 years, giving billions of dollars &amp; getting nothing. Policy didn't work!|20016|102317
realDonaldTrump|Sun Oct 08 23:58:43 +0000 2017|"\"The Republican Party is racking up record amounts of small dollar donations - fueled by Trump supporters.....\"   @nypost  Thank you!"|13593|71573
realDonaldTrump|Sun Oct 08 23:37:34 +0000 2017|Nobody could have done what I?ve done for #PuertoRico with so little appreciation. So much work! https://t.co/k2jAkIpfjI|18383|73722
realDonaldTrump|Sun Oct 08 20:51:57 +0000 2017|Bob Corker gave us the Iran Deal, &amp; that's about it. We need HealthCare, we need Tax Cuts/Reform, we need people that can get the job done!|17121|76455
realDonaldTrump|Sun Oct 08 19:49:32 +0000 2017|FEMA and first responders are working hard (yet again) on Hurricane Nate. Military helping. Very much under control!|10802|62895
realDonaldTrump|Sun Oct 08 18:16:16 +0000 2017|I asked @VP Pence to leave stadium if any players kneeled, disrespecting our country. I am proud of him and @SecondLady Karen.|25907|128002
realDonaldTrump|Sun Oct 08 14:13:19 +0000 2017|...Hence, I would fully expect Corker to be a negative voice and stand in the way of our great agenda. Didn't have the guts to run!|12721|62721
realDonaldTrump|Sun Oct 08 14:09:00 +0000 2017|"..my endorsement). He also wanted to be Secretary of State, I said \"NO THANKS.\" He is also largely responsible for the horrendous Iran Deal!"|12242|59571
realDonaldTrump|Sun Oct 08 13:59:58 +0000 2017|"Senator Bob Corker \"begged\" me to endorse him for re-election in Tennessee. I said \"NO\" and he dropped out (said he could not win without..."|14399|67629
realDonaldTrump|Sun Oct 08 13:49:11 +0000 2017|"#LasVegasStrong #USA??
?https://t.co/4iGwdL4kia"|6097|34883
realDonaldTrump|Sat Oct 07 21:41:01 +0000 2017|Leaving the White House for the Great State of North Carolina. Big progress being made on many fronts!|11248|72209
realDonaldTrump|Sat Oct 07 20:33:31 +0000 2017|Thanks for your support! https://t.co/iqUM1RfQso|12552|58358
realDonaldTrump|Sat Oct 07 19:45:10 +0000 2017|...hasn't worked, agreements violated before the ink was dry, makings fools of U.S. negotiators. Sorry, but only one thing will work!|16412|71860
realDonaldTrump|Sat Oct 07 19:40:17 +0000 2017|Presidents and their administrations have been talking to North Korea for 25 years, agreements made and massive amounts of money paid......|16603|68920
realDonaldTrump|Sat Oct 07 19:31:42 +0000 2017|Will be joining @GovMikeHuckabee tonight at 8pmE on @TBN. Enjoy! https://t.co/Y5hGPpYZfl|7094|33949
realDonaldTrump|Sat Oct 07 14:04:39 +0000 2017|Our great team at @FEMA is prepared for #HurricaneNate. Everyone in LA, MS, AL, and FL please listen to your local authorities &amp; be safe!|13162|63177
realDonaldTrump|Sat Oct 07 13:24:48 +0000 2017|.@NBCNews is so knowingly inaccurate with their reporting. The good news is that the PEOPLE get it, which is really all that matters! Not #1|14572|69518
realDonaldTrump|Sat Oct 07 12:17:47 +0000 2017|I called Chuck Schumer yesterday to see if the Dems want to do a great HealthCare Bill. ObamaCare is badly broken, big premiums. Who knows!|11992|65886
realDonaldTrump|Sat Oct 07 12:04:05 +0000 2017|More and more people are suggesting that Republicans (and me) should be given Equal Time on T.V. when you look at the one-sided coverage?|16895|88990
realDonaldTrump|Sat Oct 07 12:00:18 +0000 2017|"Late Night host are dealing with the Democrats for their very \"unfunny\" &amp; repetitive material, always anti-Trump! Should we get Equal Time?"|13492|71275
realDonaldTrump|Sat Oct 07 11:11:50 +0000 2017|...contributions. The RNC is taking in far more $'s than the Dems, and much of it by my wonderful small donors. I am working hard for them!|11539|63634
realDonaldTrump|Sat Oct 07 11:05:56 +0000 2017|"Can't believe I finally got a good story in the @washingtonpost. It discusses the enthusiasm of \"Trump\" voters through campaign...."|12650|63648
realDonaldTrump|Fri Oct 06 01:58:27 +0000 2017|Ralph Northam,who is running for Governor of Virginia,is fighting for the violent MS-13 killer gangs &amp; sanctuary cities.  Vote Ed Gillespie!|24155|87630
realDonaldTrump|Thu Oct 05 11:50:56 +0000 2017|Rex Tillerson never threatened to resign. This is Fake News put out by @NBCNews. Low news and reporting standards. No verification from me.|17378|75286
realDonaldTrump|Thu Oct 05 11:09:50 +0000 2017|Stock Market hits an ALL-TIME high! Unemployment lowest in 16 years! Business and manufacturing enthusiasm at highest level in decades!|34144|150289
realDonaldTrump|Thu Oct 05 10:59:40 +0000 2017|Why Isn't the Senate Intel Committee looking into the Fake News Networks in OUR country to see why so much of our news is just made up-FAKE!|21570|88257
realDonaldTrump|Thu Oct 05 10:46:02 +0000 2017|Thank you! https://t.co/YMuqSvvTSB|10091|56448
realDonaldTrump|Thu Oct 05 10:44:19 +0000 2017|So wonderful to be in Las Vegas yesterday and meet with people, from police to doctors to the victims themselves, who I will never forget!|14286|95399
realDonaldTrump|Thu Oct 05 01:08:28 +0000 2017|On behalf of a GRATEFUL NATION, THANK YOU to all of the First Responders (HEROES) who saved countless lives in Las Vegas on Sunday night. https://t.co/ZxuMYWnNHv|22116|106084
realDonaldTrump|Wed Oct 04 23:36:37 +0000 2017|WE LOVE YOU LAS VEGAS! https://t.co/nxRWeR1gEz|22181|92797
realDonaldTrump|Wed Oct 04 15:49:17 +0000 2017|I will be landing in Las Vegas shortly to pay my respects with @FLOTUS Melania. Everyone remains in our thoughts and prayers.|12678|86801
realDonaldTrump|Wed Oct 04 15:18:28 +0000 2017|The @NBCNews story has just been totally refuted by Sec. Tillerson and @VP Pence. It is #FakeNews. They should issue an apology to AMERICA!|16876|66054
realDonaldTrump|Wed Oct 04 14:47:53 +0000 2017|NBC news is #FakeNews and more dishonest than even CNN. They are a disgrace to good reporting. No wonder their news ratings are way down!|20359|90530
realDonaldTrump|Wed Oct 04 11:29:43 +0000 2017|Wow, so many Fake News stories today. No matter what I do or say, they will not write or speak truth. The Fake News Media is out of control!|35358|148498
realDonaldTrump|Wed Oct 04 10:25:58 +0000 2017|A great day in Puerto Rico yesterday. While some of the news coverage is Fake, most showed great warmth and friendship.|13917|84034
realDonaldTrump|Wed Oct 04 00:53:10 +0000 2017|My Administration will continue to work around the clock with Governor @RicardoRossello &amp; his team. Great progress being made! #PRStrong?? https://t.co/1aL9YrwTvC|13665|64780
realDonaldTrump|Wed Oct 04 00:20:48 +0000 2017|"It is a \"miracle\" how fast the Las Vegas Metropolitan Police were able to find the demented shooter and stop him from even more killing!"|15437|99517
realDonaldTrump|Tue Oct 03 23:02:51 +0000 2017|So proud of @FEMA, Military, and First Responders! Thank you! https://t.co/kWVMqVelri|11503|56980
realDonaldTrump|Tue Oct 03 21:59:58 +0000 2017|Great meeting with Governor Mapp of the #USVI. He is very thankful for the great job done by @FEMA and First Responders. https://t.co/AtBGEpDF9C|6895|37219
realDonaldTrump|Tue Oct 03 21:22:19 +0000 2017|Leaving Puerto Rico now for D.C. Will be in Las Vegas early tomorrow to pay my respects. Everyone is in my thoughts and prayers. https://t.co/dBvZUIUfr0|12987|71046
realDonaldTrump|Tue Oct 03 11:40:47 +0000 2017|I am so proud of our great Country. God bless America!|40291|202685
realDonaldTrump|Mon Oct 02 11:11:37 +0000 2017|My warmest condolences and sympathies to the victims and families of the terrible Las Vegas shooting. God bless you!|70057|303126
realDonaldTrump|Mon Oct 02 01:22:34 +0000 2017|Congratulations to #TeamUSA???on your great @PresidentsCup victory! https://t.co/fZeP1e9mo7|11363|66478
realDonaldTrump|Sun Oct 01 19:01:19 +0000 2017|Being nice to Rocket Man hasn't worked in 25 years, why would it work now? Clinton failed, Bush failed, and Obama failed. I won't fail.|45054|180242
realDonaldTrump|Sun Oct 01 14:31:15 +0000 2017|...Save your energy Rex, we'll do what has to be done!|12952|59412
realDonaldTrump|Sun Oct 01 14:30:59 +0000 2017|I told Rex Tillerson, our wonderful Secretary of State, that he is wasting his time trying to negotiate with Little Rocket Man...|23957|97451
realDonaldTrump|Sun Oct 01 12:30:17 +0000 2017|...for safety. Thank you to the Governor of P.R. and to all of those who are working so closely with our First Responders. Fantastic job!|13209|72233
realDonaldTrump|Sun Oct 01 12:26:26 +0000 2017|...people are now starting to recognize the amazing work that has been done by FEMA and our great Military. All buildings now inspected.....|14891|76623
realDonaldTrump|Sun Oct 01 12:22:14 +0000 2017|We have done a great job with the almost impossible situation in Puerto Rico. Outside of the Fake News or politically motivated ingrates,...|16947|77759
realDonaldTrump|Sun Oct 01 02:08:00 +0000 2017|19,000 RESPECTING our National Anthem! #StandForOurAnthem?? https://t.co/czutyGaMQV|29659|110891
realDonaldTrump|Sat Sep 30 23:24:18 +0000 2017|In analyzing the Alabama Primary race,FAKE NEWS always fails to mention that the candidate I endorsed went up MANY points after endorsement!|6841|44845
realDonaldTrump|Sat Sep 30 22:46:47 +0000 2017|Because of #FakeNews my people are not getting the credit they deserve for doing a great job. As seen here, they are ALL doing a GREAT JOB! https://t.co/1ltW2t3rwy|29902|88466
realDonaldTrump|Sat Sep 30 22:26:55 +0000 2017|Very important that NFL players STAND tomorrow, and always, for the playing of our National Anthem. Respect our Flag and our Country!|25392|118944
realDonaldTrump|Sat Sep 30 22:15:02 +0000 2017|I will be in PR on Tues. to further ensure we continue doing everything possible to assist &amp; support the people in their time of great need.|12190|63796
realDonaldTrump|Sat Sep 30 20:37:10 +0000 2017|Results of recovery efforts will speak much louder than complaints by San Juan Mayor. Doing everything we can to help great people of PR!|16353|73220
realDonaldTrump|Sat Sep 30 19:57:29 +0000 2017|We must all be united in offering assistance to everyone suffering in Puerto Rico and elsewhere in the wake of this terrible disaster.|12961|64287
realDonaldTrump|Sat Sep 30 19:56:46 +0000 2017|"@ricardorossello ......#FakeNews critics are working overtime, but we're getting great marks from the people that truly matter! 
#PRStrong??"|7225|33999
realDonaldTrump|Sat Sep 30 19:55:20 +0000 2017|My Administration, Governor @RicardoRossello, and many others are working together to help the people of Puerto Rico in every way...|9147|43914
realDonaldTrump|Sat Sep 30 19:53:51 +0000 2017|"To the people of Puerto Rico:
Do not believe the #FakeNews!
#PRStrong??"|14746|60004
realDonaldTrump|Sat Sep 30 19:43:54 +0000 2017|Congresswoman Jennifer Gonzalez-Colon of Puerto Rico has been wonderful to deal with and a great representative of the people. Thank you!|12044|59310
realDonaldTrump|Sat Sep 30 19:30:17 +0000 2017|Just spoke to Governor Kenneth Mapp of the U.S. Virgin Islands who stated that #FEMA and Military are doing a GREAT job! Thank you Governor!|12527|57661
realDonaldTrump|Sat Sep 30 19:19:36 +0000 2017|The Governor of Puerto Rico, Ricardo Rossello, is a great guy and leader who is really working hard. Thank you Ricky!|13077|63110
realDonaldTrump|Sat Sep 30 18:04:59 +0000 2017|Despite the Fake News Media in conjunction with the Dems, an amazing job is being done in Puerto Rico. Great people!|15653|73027
realDonaldTrump|Sat Sep 30 12:07:09 +0000 2017|The Fake News Networks are working overtime in Puerto Rico doing their best to take the spirit away from our soldiers and first R's. Shame!|22866|86315
realDonaldTrump|Sat Sep 30 11:55:46 +0000 2017|I will be going to Puerto Rico on Tuesday with Melania. Will hopefully be able to stop at the U.S. Virgin Islands (people working hard).|12824|65519
realDonaldTrump|Sat Sep 30 11:48:36 +0000 2017|"Fake News CNN and NBC are going out of their way to disparage our great First Responders as a way to \"get Trump.\" Not fair to FR or effort!"|19335|76120
realDonaldTrump|Sat Sep 30 11:33:59 +0000 2017|The military and first responders, despite no electric, roads, phones etc., have done an amazing job. Puerto Rico was totally destroyed.|12711|58941
realDonaldTrump|Sat Sep 30 11:29:47 +0000 2017|...want everything to be done for them when it should be a community effort. 10,000 Federal workers now on Island doing a fantastic job.|14512|65415
realDonaldTrump|Sat Sep 30 11:26:16 +0000 2017|...Such poor leadership ability by the Mayor of San Juan, and others in Puerto Rico, who are not able to get their workers to help. They....|14142|52953
realDonaldTrump|Sat Sep 30 11:19:14 +0000 2017|The Mayor of San Juan, who was very complimentary only a few days ago, has now been told by the Democrats that you must be nasty to Trump.|20134|65913
realDonaldTrump|Fri Sep 29 23:03:31 +0000 2017|@IMPDnews @POTUS THANK YOU to the amazing Indianapolis Metropolitan Police Department and all law enforcement officers, for all you do 24/7/365! #LESM https://t.co/XFqxbMBEbP|1427|4198
realDonaldTrump|Fri Sep 29 22:23:31 +0000 2017|"Join me for my #WeeklyAddress??
https://t.co/QeeKnFuHue https://t.co/NnM2jOkEs0"|5958|27536
realDonaldTrump|Fri Sep 29 22:10:07 +0000 2017|My thoughts are with all those observing Yom Kippur, the holiest day of the Jewish year. https://t.co/0LuZCZl29D|11096|50378
realDonaldTrump|Fri Sep 29 20:02:02 +0000 2017|Thank you @ShopFloorNAM. An honor to be with you today. Great news! Manufacturers report record-high economic optimism in 2017. #TaxReform https://t.co/4sgMWGotOF|5993|29735
realDonaldTrump|Fri Sep 29 17:45:07 +0000 2017|This week we came one step closer to reaching the goal of aligning the skills taught in our nation?s classrooms with the jobs of the future. https://t.co/9s1ggeIJJ5|9707|47808
realDonaldTrump|Fri Sep 29 13:39:53 +0000 2017|RECORD HIGH FOR S &amp; P 500!|10538|56660
realDonaldTrump|Fri Sep 29 13:30:27 +0000 2017|Thank you to FEMA, our great Military &amp; all First Responders who are working so hard,against terrible odds,in Puerto Rico. See you Tuesday!|13188|69102
realDonaldTrump|Fri Sep 29 11:18:55 +0000 2017|...The fact is that Puerto Rico has been destroyed by two hurricanes. Big decisions will have to be made as to the cost of its rebuilding!|10572|54769
realDonaldTrump|Fri Sep 29 11:14:57 +0000 2017|"Puerto Rico Governor Ricardo Rossello just stated: \"The Administration and the President, every time we've spoken, they've delivered......"|14795|63974
realDonaldTrump|Fri Sep 29 02:22:36 +0000 2017|GDP was revised upward to 3.1 for last quarter. Many people thought it would be years before that happened. We have just begun!|20489|86682
realDonaldTrump|Fri Sep 29 00:03:09 +0000 2017|"Puerto Rico is devastated. Phone system, electric grid many roads, gone. FEMA and First Responders are amazing. Governor said \"great job!\""|12629|62027
realDonaldTrump|Thu Sep 28 23:45:24 +0000 2017|...really hard to help but many have lost their homes. Military is now on site and I will be there Tuesday. Wish press would treat fairly!|13344|70393
realDonaldTrump|Thu Sep 28 23:41:58 +0000 2017|FEMA &amp; First Responders are doing a GREAT job in Puerto Rico. Massive food &amp; water delivered. Docks &amp; electric grid dead. Locals trying....|10272|52019
realDonaldTrump|Thu Sep 28 19:39:13 +0000 2017|"Welcome back @SteveScalise!
#TeamScalise https://t.co/CoRed8rfL2"|13422|63094
realDonaldTrump|Thu Sep 28 14:01:16 +0000 2017|The electric power grid in Puerto Rico is totally shot. Large numbers of generators are now on Island. Food and water on site.|16738|82264
realDonaldTrump|Thu Sep 28 11:55:48 +0000 2017|Democrats don't want massive tax cuts - how does that win elections? Great reviews for Tax Cut and Reform Bill.|16433|74952
realDonaldTrump|Thu Sep 28 01:55:05 +0000 2017|It is time to take care of OUR people, to rebuild OUR NATION, and to fight for OUR GREAT AMERICAN WORKERS! #TaxReform #USA?? https://t.co/LsZvHg3got|16526|72223
realDonaldTrump|Wed Sep 27 23:42:57 +0000 2017|This is the right TAX CUT @ the RIGHT TIME. We will ALL succeed &amp; grow TOGETHER ? as one team, one people, &amp; one American family. #TaxReform https://t.co/rtLWANJjIQ|13908|58572
realDonaldTrump|Wed Sep 27 19:07:02 +0000 2017|Just arrived in Indianapolis, Indiana to make an announcement on #TaxReform! Together, we are going to MAKE AMERICA GREAT AGAIN! https://t.co/Dy9UwhkWHL|10120|56393
realDonaldTrump|Wed Sep 27 13:41:25 +0000 2017|..But the people were Pro-Trump! Virtually no President has accomplished what we have accomplished in the first 9 months-and economy roaring|17503|91372
realDonaldTrump|Wed Sep 27 13:36:24 +0000 2017|Facebook was always anti-Trump.The Networks were always anti-Trump hence,Fake News, @nytimes(apologized) &amp; @WaPo were anti-Trump. Collusion?|15196|63055
realDonaldTrump|Wed Sep 27 11:36:21 +0000 2017|We will have the votes for Healthcare but not for the reconciliation deadline of Friday, after which we need 60. Get rid of Filibuster Rule!|12421|61305
realDonaldTrump|Wed Sep 27 11:32:13 +0000 2017|With one Yes vote in hospital &amp; very positive signs from Alaska and two others (McCain is out), we have the HCare Vote, but not for Friday!|9425|51813
realDonaldTrump|Wed Sep 27 11:09:02 +0000 2017|Spoke to Jerry Jones of the Dallas Cowboys yesterday. Jerry is a winner who knows how to get things done. Players will stand for Country!|16309|88370
realDonaldTrump|Wed Sep 27 10:56:53 +0000 2017|Spoke to Roy Moore of Alabama last night for the first time. Sounds like a really great guy who ran a fantastic race. He will help to #MAGA!|14137|60112
realDonaldTrump|Wed Sep 27 02:17:15 +0000 2017|Congratulations to Roy Moore on his Republican Primary win in Alabama. Luther Strange started way back &amp; ran a good race. Roy, WIN in Dec!|16313|83273
realDonaldTrump|Wed Sep 27 01:15:55 +0000 2017|Even Usain Bolt from Jamaica, one of the greatest runners and athletes of all time, showed RESPECT for our National Anthem! ???? https://t.co/zkenuAP9RS|41074|139464
realDonaldTrump|Wed Sep 27 00:30:55 +0000 2017|70 years ago today, the National Security Council met for the first time. Great history of advising Presidents-then &amp; now! Thanks NSC Staff!|8158|52221
realDonaldTrump|Tue Sep 26 23:46:12 +0000 2017|Thank you to our wonderful team @USUN and their families. Keep up the GREAT work! #USA?? https://t.co/s7KhlSMEqY|5939|32583
realDonaldTrump|Tue Sep 26 22:43:24 +0000 2017|It was an honor to welcome President @MarianoraJoy of Spain. Thank you for standing w/ us in our efforts to isolate the brutal #NoKo regime. https://t.co/43U4T34JgF|8006|37706
realDonaldTrump|Tue Sep 26 22:32:25 +0000 2017|I want to express our support and extend our prayers to all those affected by the vile terror attack in Spain last month. ???? https://t.co/5mT0QXFlnL|8066|44696
realDonaldTrump|Tue Sep 26 21:34:20 +0000 2017|America's hearts &amp; prayers are with the people of #PuertoRico &amp; the #USVI. We will get through this - and we will get through this TOGETHER! https://t.co/NcmsF4Fqpr|9885|44545
realDonaldTrump|Tue Sep 26 20:43:27 +0000 2017|Heading over to the @UN to meet with Ambassador @NikkiHaley and all of her great representatives! #USA??|6513|41491
realDonaldTrump|Tue Sep 26 16:13:46 +0000 2017|Honored to welcome Republican and Democrat members of the House Ways and Means Committee to the White House today! #USA?? https://t.co/nWnX9CDP0d|6519|36142
realDonaldTrump|Tue Sep 26 13:06:05 +0000 2017|The NFL has all sorts of rules and regulations. The only way out for them is to set a rule that you can't kneel during our National Anthem!|18271|84407
realDonaldTrump|Tue Sep 26 12:13:00 +0000 2017|Thank you to Carmen Yulin Cruz, the Mayor of San Juan, for your kind words on FEMA etc.We are working hard. Much food and water there/on way|13151|64268
realDonaldTrump|Tue Sep 26 11:14:41 +0000 2017|Great interview on @foxandfriends with the parents of Otto Warmbier: 1994 - 2017. Otto was tortured beyond belief by North Korea.|11621|47328
realDonaldTrump|Tue Sep 26 10:47:49 +0000 2017|But while Dallas dropped to its knees as a team, they all stood up for our National Anthem. Big progress being made-we all love our country!|14213|81839
realDonaldTrump|Tue Sep 26 10:35:43 +0000 2017|The booing at the NFL football game last night, when the entire Dallas team dropped to its knees, was loudest I have ever heard. Great anger|20671|107453
realDonaldTrump|Tue Sep 26 10:28:24 +0000 2017|Ratings for NFL football are way down except before game starts, when people tune in to see whether or not our country will be disrespected!|17135|85731
realDonaldTrump|Tue Sep 26 01:24:10 +0000 2017|A few of the many clips of John McCain talking about Repealing &amp; Replacing O'Care. My oh my has he changed-complete turn from years of talk! https://t.co/t9cXG2Io86|28173|74057
realDonaldTrump|Tue Sep 26 00:58:50 +0000 2017|...owed to Wall Street and the banks which, sadly, must be dealt with. Food, water and medical are top priorities - and doing well. #FEMA|7697|38385
realDonaldTrump|Tue Sep 26 00:50:40 +0000 2017|...It's old electrical grid, which was in terrible shape, was devastated. Much of the Island was destroyed, with billions of dollars....|8450|41099
realDonaldTrump|Tue Sep 26 00:45:48 +0000 2017|Texas &amp; Florida are doing great but Puerto Rico, which was already suffering from broken infrastructure &amp; massive debt, is in deep trouble..|12515|55056
realDonaldTrump|Mon Sep 25 22:29:18 +0000 2017|"Tremendous backlash against the NFL and its players for disrespect of our Country.
#StandForOurAnthem??"|24835|105905
realDonaldTrump|Mon Sep 25 22:28:02 +0000 2017|General John Kelly totally agrees w/ my stance on NFL players and the fact that they should not be disrespecting our FLAG or GREAT COUNTRY!|20541|101723
realDonaldTrump|Mon Sep 25 22:26:30 +0000 2017|.@CNN is #FakeNews. Just reported COS (John Kelly) was opposed to my stance on NFL players disrespecting FLAG, ANTHEM, COUNTRY. Total lie!|16015|61872
realDonaldTrump|Mon Sep 25 13:02:27 +0000 2017|#StandForOurAnthem|69739|198193
realDonaldTrump|Mon Sep 25 11:44:05 +0000 2017|The White House never looked more beautiful than it did returning last night. Important meetings taking place today. Big tax cuts &amp; reform.|13113|79971
realDonaldTrump|Mon Sep 25 11:39:03 +0000 2017|The issue of kneeling has nothing to do with race. It is about respect for our Country, Flag and National Anthem. NFL must respect this!|52428|197314
realDonaldTrump|Mon Sep 25 11:31:43 +0000 2017|Many people booed the players who kneeled yesterday (which was a small percentage of total). These are fans who demand respect for our Flag!|22825|130991
realDonaldTrump|Mon Sep 25 11:25:25 +0000 2017|So proud of NASCAR and its supporters and fans. They won't put up with disrespecting our Country or our Flag - they said it loud and clear!|33795|165200
realDonaldTrump|Sun Sep 24 23:49:43 +0000 2017|"Making America Safe is my number one priority. We will not admit those into our country we cannot safely vet.
https://t.co/KJ886okyfC"|21499|93624
realDonaldTrump|Sun Sep 24 22:25:20 +0000 2017|Sports fans should never condone players that do not stand proud for their National Anthem or their Country. NFL should change policy!|37407|165504
realDonaldTrump|Sun Sep 24 22:21:43 +0000 2017|Alaska, Arizona, Maine and Kentucky are big winners in the Healthcare proposal. 7 years of Repeal &amp; Replace and some Senators not there.|11695|60153
realDonaldTrump|Sun Sep 24 19:32:21 +0000 2017|Courageous Patriots have fought and died for our great American Flag --- we MUST honor and respect it!  MAKE AMERICA GREAT AGAIN!|49363|189676
realDonaldTrump|Sun Sep 24 18:24:36 +0000 2017|Please to inform that the Champion Pittsburgh Penguins of the NHL will be joining me at the White House for Ceremony. Great team!|31271|154442
realDonaldTrump|Sun Sep 24 18:20:35 +0000 2017|Great solidarity for our National Anthem and for our Country. Standing with locked arms is good, kneeling is not acceptable. Bad ratings!|25627|129000
realDonaldTrump|Sun Sep 24 11:13:11 +0000 2017|...NFL attendance and ratings are WAY DOWN. Boring games yes, but many stay away because they love our country. League should back U.S.|31219|149425
realDonaldTrump|Sun Sep 24 10:44:52 +0000 2017|If NFL fans refuse to go to games until players stop disrespecting our Flag &amp; Country, you will see change take place fast. Fire or suspend!|41881|170623
realDonaldTrump|Sun Sep 24 03:08:07 +0000 2017|Just heard Foreign Minister of North Korea speak at U.N. If he echoes thoughts of Little Rocket Man, they won't be around much longer!|34269|127265
realDonaldTrump|Sat Sep 23 22:25:17 +0000 2017|Roger Goodell of NFL just put out a statement trying to justify the total disrespect certain players show to our country.Tell them to stand!|37921|147809
realDonaldTrump|Sat Sep 23 22:20:47 +0000 2017|"Democrats are laughingly saying that McCain had a \"moment of courage.\" Tell that to the people of Arizona who were deceived. 116% increase!"|24976|99678
realDonaldTrump|Sat Sep 23 21:59:04 +0000 2017|Iran just test-fired a Ballistic Missile capable of reaching Israel.They are also working with North Korea.Not much of an agreement we have!|26732|92826
realDonaldTrump|Sat Sep 23 21:16:51 +0000 2017|Very proud of our incredible First Lady (@FLOTUS.) She is a truly great representative for our country! https://t.co/yFv0WIjgby|17353|97980
realDonaldTrump|Sat Sep 23 18:18:19 +0000 2017|...our Great American Flag (or Country) and should stand for the National Anthem. If not, YOU'RE FIRED. Find something else to do!|38996|153220
realDonaldTrump|Sat Sep 23 18:11:10 +0000 2017|If a player wants the privilege of making millions of dollars in the NFL,or other leagues, he or she should not be allowed to disrespect....|44021|174849
realDonaldTrump|Sat Sep 23 12:45:19 +0000 2017|Going to the White House is considered a great honor for a championship team.Stephen Curry is hesitating,therefore invitation is withdrawn!|59705|202715
realDonaldTrump|Sat Sep 23 11:17:05 +0000 2017|It was great being with Luther Strange last night in Alabama. What great people, what a crowd! Vote Luther on Tuesday.|6552|42992
realDonaldTrump|Sat Sep 23 11:13:35 +0000 2017|Alaska had a 200% plus increase in premiums under ObamaCare, worst in the country. Deductibles high, people angry! Lisa M comes through.|13892|61387
realDonaldTrump|Sat Sep 23 11:04:21 +0000 2017|I know Rand Paul and I think he may find a way to get there for the good of the Party!|9698|55389
realDonaldTrump|Sat Sep 23 10:59:12 +0000 2017|Large Block Grants to States is a good thing to do. Better control &amp;  management. Great for Arizona. McCain let his best friend L.G. down!|10069|52073
realDonaldTrump|Sat Sep 23 10:50:14 +0000 2017|Arizona had a 116% increase in ObamaCare premiums last year, with deductibles very high. Chuck Schumer sold John McCain a bill of goods. Sad|15280|62855
realDonaldTrump|Sat Sep 23 10:42:42 +0000 2017|John McCain never had any intention of voting for this Bill, which his Governor loves. He campaigned on Repeal &amp; Replace. Let Arizona down!|20627|82449
realDonaldTrump|Fri Sep 22 21:18:37 +0000 2017|Heading to Alabama now, big crowd!|7553|57581
realDonaldTrump|Fri Sep 22 17:54:59 +0000 2017|Thank you to Doug Parker and American Airlines for all of the help you have given to the U.S. with Hurricane flights. Fantastic job!|12603|74959
realDonaldTrump|Fri Sep 22 16:25:12 +0000 2017|#USAatUNGA??#UNGA https://t.co/miT2Lj7Q90|8517|38084
realDonaldTrump|Fri Sep 22 11:39:28 +0000 2017|Will be in Alabama tonight. Luther Strange has gained mightily since my endorsement, but will be very close. He loves Alabama, and so do I!|6855|43802
realDonaldTrump|Fri Sep 22 11:26:06 +0000 2017|"The greatest influence over our election was the Fake News Media \"screaming\" for Crooked Hillary Clinton. Next, she was a bad candidate!"|18002|84987
realDonaldTrump|Fri Sep 22 10:44:47 +0000 2017|The Russia hoax continues, now it's ads on Facebook. What about the totally biased and dishonest Media coverage in favor of Crooked Hillary?|24841|99097
realDonaldTrump|Fri Sep 22 10:30:06 +0000 2017|Thank you! https://t.co/hlz48RLkIf|10113|53361
realDonaldTrump|Fri Sep 22 10:28:02 +0000 2017|Kim Jong Un of North Korea, who is obviously a madman who doesn't mind starving or killing his people, will be tested like never before!|38493|123318
realDonaldTrump|Fri Sep 22 10:19:36 +0000 2017|"Rand Paul, or whoever votes against Hcare Bill, will forever (future political campaigns) be known as \"the Republican who saved ObamaCare.\""|13471|57978
realDonaldTrump|Thu Sep 21 22:26:29 +0000 2017|A big day for the U.S. at the United Nations!|11243|70601
realDonaldTrump|Thu Sep 21 22:23:44 +0000 2017|Senator Luther Strange has gone up a lot in the polls since I endorsed him a month ago. Now a close runoff. He will be great in D.C.|6452|41554
realDonaldTrump|Thu Sep 21 17:58:30 +0000 2017|Today, I announced a new Executive Order with re: to North Korea. We must all do our part to ensure the complete denuclearization of #NoKo. https://t.co/igjOSM7N7h|16755|65106
realDonaldTrump|Thu Sep 21 16:06:32 +0000 2017|"It was a great privilege to meet with President Moon of South Korea.
Stay tuned! ????#UNGA https://t.co/7xYDO5ddUm"|8389|42645
realDonaldTrump|Thu Sep 21 15:17:42 +0000 2017|"It was wonderful to have President Petro Poroshenko of Ukraine with us in New York City today. #UNGA
?https://t.co/UKOMUj0ZuL https://t.co/GpkERy8WiP"|5946|29628
realDonaldTrump|Thu Sep 21 15:15:19 +0000 2017|It was a pleasure to have President Ashraf Ghani of Afghanistan with us this morning! #USAatUNGA #UNGA https://t.co/HOEVfnMn14|6275|33717
realDonaldTrump|Thu Sep 21 03:13:07 +0000 2017|"Governor @RicardoRossello- 
We are with you and the people of Puerto Rico. Stay safe! #PRStrong"|11077|55506
realDonaldTrump|Thu Sep 21 01:06:25 +0000 2017|Senator (Doctor) Bill Cassidy is a class act who really cares about people and their Health(care), he doesn't lie-just wants to help people!|10608|54272
realDonaldTrump|Thu Sep 21 00:42:17 +0000 2017|The NRA strongly endorses Luther Strange for Senator of Alabama.That means all gun owners should vote for Big Luther. He won't let you down!|9513|51534
realDonaldTrump|Wed Sep 20 23:07:55 +0000 2017|I would not sign Graham-Cassidy if it did not include coverage of pre-existing conditions. It does! A great Bill. Repeal &amp; Replace.|16793|71705
realDonaldTrump|Wed Sep 20 22:42:35 +0000 2017|"Alabama is sooo lucky to have a candidate like \"Big\" Luther Strange. Smart, tough on crime, borders &amp; trade, loves Vets &amp; Military. Tuesday!"|6946|41869
realDonaldTrump|Wed Sep 20 22:29:44 +0000 2017|On behalf of all Americans, I want to wish Jewish families many blessings in the New Year. https://t.co/m4VWxYvONx https://t.co/iYG1G8GaLN|11166|49421
realDonaldTrump|Wed Sep 20 19:05:18 +0000 2017|Honored to host a luncheon for African leaders this afternoon. Great discussions on the challenges &amp; opportunities facing our nations today. https://t.co/AbnBJtKCAI|8883|41496
realDonaldTrump|Wed Sep 20 17:08:53 +0000 2017|Honored to meet w/ Pres Abbas from the Palestinian Authority &amp; his delegation, who have been working hard w/everybody involved toward peace. https://t.co/4E8awDkX93|6477|33100
realDonaldTrump|Wed Sep 20 15:23:46 +0000 2017|It was a great honor to be with King Abdullah II of Jordan and his delegation this morning. We had a GREAT bilateral meeting!???? https://t.co/6tYDHswKa3|8033|41346
realDonaldTrump|Wed Sep 20 12:29:01 +0000 2017|"Looking forward to Friday night in the Great State of Alabama. I am supporting \"Big\" Luther Strange because he was so loyal &amp; helpful to me!"|7481|45595
realDonaldTrump|Wed Sep 20 12:16:22 +0000 2017|I hope Republican Senators will vote for Graham-Cassidy and fulfill their promise to Repeal &amp; Replace ObamaCare. Money direct to States!|12057|56857
realDonaldTrump|Wed Sep 20 12:09:54 +0000 2017|Rand Paul is a friend of mine but he is such a negative force when it comes to fixing healthcare. Graham-Cassidy Bill is GREAT! Ends Ocare!|9401|46888
realDonaldTrump|Wed Sep 20 11:00:34 +0000 2017|Thank you  @foxandfriends - great show!|5451|37414
realDonaldTrump|Wed Sep 20 10:44:06 +0000 2017|The world is noticing, thanks! https://t.co/2NL6SlWnmH|11543|55852
realDonaldTrump|Wed Sep 20 10:40:31 +0000 2017|After allowing North Korea to research and build Nukes while Secretary of State (Bill C also), Crooked Hillary now criticizes.|20314|78886
realDonaldTrump|Wed Sep 20 10:14:30 +0000 2017|Big meetings today at the United Nations. So many interesting leaders. America First will MAKE AMERICA GREAT AGAIN!|9855|54004
realDonaldTrump|Wed Sep 20 02:41:13 +0000 2017|"I was saddened to see how bad the ratings were on the Emmys last night - the worst ever. Smartest people of them all are the \"DEPLORABLES.\""|24076|110124
realDonaldTrump|Wed Sep 20 02:33:32 +0000 2017|So nice, thank you! https://t.co/Cg4dzHhbrv|8253|48643
realDonaldTrump|Wed Sep 20 02:31:19 +0000 2017|A great and important day at the United Nations.Met with leaders of many nations who agree with much (or all) of what I stated in my speech!|12669|67126
realDonaldTrump|Wed Sep 20 02:23:52 +0000 2017|Puerto Rico being hit hard by new monster Hurricane. Be careful, our hearts are with you- will be there to help!|17604|82826
realDonaldTrump|Wed Sep 20 01:19:00 +0000 2017|"The true question for the @UN...
?https://t.co/tx5SnACAaS"|6287|28980
realDonaldTrump|Tue Sep 19 22:04:11 +0000 2017|"It was a great honor to have spoken before the countries of the world at the United Nations.
#USAatUNGA??#UNGA
https://t.co/1maJwRGa3d https://t.co/6Hu3AeUp58"|10834|56203
realDonaldTrump|Tue Sep 19 20:05:32 +0000 2017|God bless the people of Mexico City. We are with you and will be there for you.|50167|182297
realDonaldTrump|Tue Sep 19 19:09:35 +0000 2017|"As President of the United States of America, I will ALWAYS put #AmericaFirst??#UNGA
Full remarks: https://t.co/ksaMsQ2Lhm https://t.co/XrtpAWwuCn"|16036|64614
realDonaldTrump|Tue Sep 19 17:22:27 +0000 2017|The??has great strength &amp; patience, but if it is forced to defend itself or its allies, we will have no choice but to totally destroy #NoKo. https://t.co/P4vAanXvgm|22010|78874
realDonaldTrump|Tue Sep 19 11:21:30 +0000 2017|Big day at the United Nations - many good things, and some tricky ones, happening. We have a great team. Big speech at 10:00 A.M.|13058|76612
realDonaldTrump|Tue Sep 19 04:47:03 +0000 2017|#USAatUNGA?? #UNGA https://t.co/MjIJ7HG3eU|7595|35721
realDonaldTrump|Tue Sep 19 04:18:41 +0000 2017|We call for the full restoration of democracy and political freedoms in Venezuela, and we want it to happen very, very soon! https://t.co/bMJDOtAesl|18135|57888
realDonaldTrump|Tue Sep 19 03:01:25 +0000 2017|It was a great honor to be with President @EmmanuelMacron of France this afternoon with his delegation. Great bilateral meeting! #UNGA https://t.co/HnxDDU5d5F|7133|37133
realDonaldTrump|Mon Sep 18 23:31:07 +0000 2017|Such an honor to have my good friend, Israel PM @Netanyahu, join us w/ his delegation in NYC this afternoon. #UNGA https://t.co/YEHWjdtQx8 https://t.co/jwU4e8Yk8A|11108|48892
realDonaldTrump|Mon Sep 18 16:57:27 +0000 2017|Looking forward to meeting with Prime Minister @Netanyahu shortly. Peace in the Middle East would be a truly great legacy for ALL people!|12604|70457
realDonaldTrump|Mon Sep 18 16:36:09 +0000 2017|We commend SG @AntonioGuterres &amp; his call for the UN to focus more on people &amp; less on bureaucracy. #USAatUNGA #UNGA https://t.co/KVvCMznmcN https://t.co/UQn6RrC9Xw|8288|35933
realDonaldTrump|Mon Sep 18 13:16:17 +0000 2017|Happy 70th Birthday @CIA! https://t.co/CU3gOZMf7J|9007|48722
realDonaldTrump|Mon Sep 18 13:14:46 +0000 2017|Happy 70th Birthday @USAirForce! https://t.co/snkXO40vXM|11720|59895
realDonaldTrump|Sun Sep 17 13:00:05 +0000 2017|Important meetings and calls scheduled for today. Military and economy are getting stronger by the day, and our enemies know it. #MAGA|12886|64659
realDonaldTrump|Sun Sep 17 12:28:08 +0000 2017|My great honor! https://t.co/x25T9tQAnI|13792|65993
realDonaldTrump|Sun Sep 17 11:57:20 +0000 2017|Thank you! https://t.co/vs4MNwXtei|5759|35041
realDonaldTrump|Sun Sep 17 11:53:35 +0000 2017|I spoke with President Moon of South Korea last night. Asked him how Rocket Man is doing. Long gas lines forming in North Korea. Too bad!|40110|139444
realDonaldTrump|Sun Sep 17 11:40:16 +0000 2017|Attorney General Bill Schuette will be a fantastic Governor for the great State of Michigan. I am bringing back your jobs and Bill will help|8919|49563
realDonaldTrump|Sat Sep 16 23:04:03 +0000 2017|"I will be in Huntsville, Alabama, on Saturday night to support Luther Strange for Senate. \"Big Luther\" is a great guy who gets things done!"|9253|53017
realDonaldTrump|Sat Sep 16 22:40:23 +0000 2017|A great deal of good things happening for our country. Jobs and Stock Market at all time highs, and I believe will be getting even better!|15185|79254
realDonaldTrump|Fri Sep 15 23:54:00 +0000 2017|HAPPY 70th BIRTHDAY to the @USAirForce! The American people are eternally grateful. Thank you for keeping America PROUD, STRONG and FREE! https://t.co/DYxkh3gj0R|20308|86478
realDonaldTrump|Fri Sep 15 22:58:30 +0000 2017|We will defend our people, our nations and our civilization from all who dare to threaten our way of life...cont: https://t.co/SYBRshx89b https://t.co/sIiAuxL3OE|13905|54416
realDonaldTrump|Fri Sep 15 20:54:52 +0000 2017|Our hearts &amp; prayers go out to the people of London, who suffered a vicious terrorist attack.... https://t.co/Q2hTBV2l5t|13717|63108
realDonaldTrump|Fri Sep 15 19:02:43 +0000 2017|"NEVER forget our HEROES held prisoner or who have gone missing in action while serving their country.
Proclamation: https://t.co/4xBZGjAGj5 https://t.co/yZTr7rlpTV"|12253|49819
realDonaldTrump|Fri Sep 15 16:49:31 +0000 2017|"Frank ?FX? Giaccio-
On behalf of @FLOTUS Melania &amp; myself, THANK YOU for doing a GREAT job this morning! @NatlParkService gives you an A+! https://t.co/135DxuapUI"|31198|111798
realDonaldTrump|Fri Sep 15 16:09:10 +0000 2017|WEEKLY ADDRESS?? https://t.co/MsaLA9POAt|10029|40260
realDonaldTrump|Fri Sep 15 13:00:48 +0000 2017|CHAIN MIGRATION cannot be allowed to be part of any legislation on Immigration!|17937|72495
realDonaldTrump|Fri Sep 15 11:20:08 +0000 2017|ESPN is paying a really big price for its politics (and bad programming). People are dumping it in RECORD numbers. Apologize for untruth!|25792|105256
realDonaldTrump|Fri Sep 15 11:00:01 +0000 2017|We have made more progress in the last nine months against ISIS than the Obama Administration has made in 8 years.Must be proactive &amp; nasty!|19989|95916
realDonaldTrump|Fri Sep 15 10:54:14 +0000 2017|The travel ban into the United States should be far larger, tougher and more specific-but stupidly, that would not be politically correct!|22497|100398
realDonaldTrump|Fri Sep 15 10:48:18 +0000 2017|Loser terrorists must be dealt with in a much tougher manner.The internet is their main recruitment tool which we must cut off &amp; use better!|19544|92315
realDonaldTrump|Fri Sep 15 10:42:55 +0000 2017|Another attack in London by a loser terrorist.These are sick and demented people who were in the sights of Scotland Yard. Must be proactive!|26675|103454
realDonaldTrump|Fri Sep 15 10:37:38 +0000 2017|With the ridiculous Filibuster Rule in the Senate, Republicans need 60 votes to pass legislation, rather than 51. Can't get votes, END NOW!|11652|50801
realDonaldTrump|Fri Sep 15 00:55:05 +0000 2017|"FLORIDA-
Just like TX, WE are w/you today, we are w/you tomorrow, &amp; we will be w/you EVERY SINGLE DAY AFTER, to RESTORE, RECOVER, &amp; REBUILD! https://t.co/phRMudujxJ"|11496|55541
realDonaldTrump|Thu Sep 14 21:11:18 +0000 2017|"WE ARE WITH YOU FLORIDA!

Emergency Information 
1-800-342-3557
https://t.co/zbWkR5VmDp

Volunteer 
1-800-FL-HELP-1
https://t.co/ghkbVajBN0 https://t.co/2Jj85weO1U"|12878|51242
realDonaldTrump|Thu Sep 14 19:32:23 +0000 2017|...I told Republicans to approve healthcare fast or this would happen. But don't worry, I will veto because I love our country &amp; its people.|12286|61564
realDonaldTrump|Thu Sep 14 19:31:55 +0000 2017|Bernie Sanders is pushing hard for a single payer healthcare plan - a curse on the U.S. &amp; its people...|16099|69250
realDonaldTrump|Thu Sep 14 19:18:14 +0000 2017|Spoke to President of Mexico to give condolences on terrible earthquake. Unable to reach for 3 days b/c of his cell phone reception at site.|10603|56286
realDonaldTrump|Thu Sep 14 19:04:22 +0000 2017|Just left Florida for D.C. The people and spirit in THAT GREAT STATE is unbelievable. Damage horrific but will be better than ever!|9476|57708
realDonaldTrump|Thu Sep 14 11:05:55 +0000 2017|Am leaving now for Florida to see our GREAT first responders and to thank the U.S. Coast Guard, FEMA etc. A real disaster, much work to do!|9987|64060
realDonaldTrump|Thu Sep 14 10:35:41 +0000 2017|...They have been in our country for many years through no fault of their own - brought in by parents at young age. Plus BIG border security|10190|50958
realDonaldTrump|Thu Sep 14 10:28:41 +0000 2017|Does anybody really want to throw out good, educated and accomplished young people who have jobs, some serving in the military? Really!.....|17275|79238
realDonaldTrump|Thu Sep 14 10:20:58 +0000 2017|The WALL, which is already under construction in the form of new renovation of old and existing fences and walls, will continue to be built.|22271|99957
realDonaldTrump|Thu Sep 14 10:11:36 +0000 2017|No deal was made last night on DACA. Massive border security would have to be agreed to in exchange for consent. Would be subject to vote.|16058|61052
realDonaldTrump|Thu Sep 14 02:52:34 +0000 2017|"The \"deplorables\" came back to haunt Hillary.They expressed their feelings loud and clear. She spent big money but, in the end, had no game!"|19674|89373
realDonaldTrump|Thu Sep 14 02:47:23 +0000 2017|Crooked Hillary Clinton blames everybody (and every thing) but herself for her election loss. She lost the debates and lost her direction!|23966|107736
realDonaldTrump|Thu Sep 14 02:22:57 +0000 2017|China has a business tax rate of 15%. We should do everything possible to match them in order to win with our economy. Jobs and wages!|16553|72566
realDonaldTrump|Wed Sep 13 12:36:52 +0000 2017|With Irma and Harvey devastation, Tax Cuts and Tax Reform is needed more than ever before. Go Congress, go!|18729|89169
realDonaldTrump|Wed Sep 13 11:34:16 +0000 2017|I will be traveling to Florida tomorrow to meet with our great Coast Guard, FEMA and many of the brave first responders &amp; others.|13763|83297
realDonaldTrump|Wed Sep 13 11:28:10 +0000 2017|The approval process for the biggest Tax Cut &amp; Tax Reform package in the history of our country will soon begin. Move fast Congress!|16626|76807
realDonaldTrump|Tue Sep 12 20:12:48 +0000 2017|It was a great honor to welcome Prime Minister Najib Abdul Razak of Malaysia and his distinguished delegation to the @WhiteHouse today! https://t.co/3pWrBOh8dG|12979|49771
realDonaldTrump|Tue Sep 12 18:41:50 +0000 2017|"Congratulations to Eric &amp; Lara on the birth of their son, Eric \"Luke\" Trump this morning! https://t.co/Aw0AV82XdE"|15683|106094
realDonaldTrump|Tue Sep 12 13:11:19 +0000 2017|The devastation left by Hurricane Irma was far greater, at least in certain locations,than anyone thought - but amazing people working hard!|13704|81129
realDonaldTrump|Tue Sep 12 12:56:47 +0000 2017|Fascinating to watch people writing books and major articles about me and yet they know nothing about me &amp; have zero access. #FAKE NEWS!|22292|101444
realDonaldTrump|Mon Sep 11 18:35:59 +0000 2017|May God Forever Bless the United States of America. #NeverForget911 https://t.co/erycJgj23r|34167|127756
realDonaldTrump|Mon Sep 11 18:02:09 +0000 2017|#NeverForget https://t.co/rmQ1a5bDon|17934|78228
realDonaldTrump|Sun Sep 10 02:56:37 +0000 2017|The U.S. Coast Guard, FEMA and all Federal and State brave people are ready. Here comes Irma. God bless everyone!|23274|120463
realDonaldTrump|Sun Sep 10 00:03:48 +0000 2017|"Heed the advice of @FLGovScott!

\"If you're in an evacuation zone, you need to get to a shelter...there's not many hours left.\" Gov. Scott https://t.co/92W8ViNMUK"|10560|42669
realDonaldTrump|Sat Sep 09 21:44:16 +0000 2017|This is a storm of enormous destructive power, and I ask everyone in the storm?s path to heed ALL instructions from government officials. https://t.co/nJfM2Sdme1|14045|61614
realDonaldTrump|Sat Sep 09 15:41:55 +0000 2017|"FLORIDA- 
Visit https://t.co/pdBaD9t8SK to find shelters, road closures, &amp; evacuation routes. Helpful Twitter list: https://t.co/BUMVlxGFe8 https://t.co/ncnuqCeB5K"|15232|46891
realDonaldTrump|Sat Sep 09 00:56:47 +0000 2017|Churches in Texas should be entitled to reimbursement from FEMA Relief Funds for helping victims of Hurricane Harvey (just like others).|26720|120899
realDonaldTrump|Fri Sep 08 15:02:22 +0000 2017|"A message to my fellow Americans??#IrmaHurricane2017
?https://t.co/jyg6AlyAAb
?https://t.co/iPujtHzejr https://t.co/HCQ9kmKc4E"|19561|64704
realDonaldTrump|Fri Sep 08 12:57:11 +0000 2017|Republicans must start the Tax Reform/Tax Cut legislation ASAP. Don't wait until the end of September. Needed now more than ever. Hurry!|19177|75303
realDonaldTrump|Fri Sep 08 12:46:35 +0000 2017|...never allow the Republicans to pass even great legislation. 8 Dems control - will rarely get 60 (vs. 51) votes. It is a Repub Death Wish!|13709|59948
realDonaldTrump|Fri Sep 08 12:41:32 +0000 2017|Republicans, sorry, but I've been hearing about Repeal &amp; Replace for 7 years, didn't happen! Even worse, the Senate Filibuster Rule will....|16222|66772
realDonaldTrump|Fri Sep 08 12:37:14 +0000 2017|Our incredible U.S. Coast Guard saved more than 15,000 lives last week with Harvey. Irma could be even tougher. We love our Coast Guard!|19193|96228
realDonaldTrump|Fri Sep 08 12:34:13 +0000 2017|Hurricane Irma is of epic proportion, perhaps bigger than we have ever seen. Be safe and get out of its way,if possible. Federal G is ready!|13187|60428
realDonaldTrump|Fri Sep 08 01:33:38 +0000 2017|We will confront ANY challenge, no matter how strong the winds or high the water. I?m proud to stand with Presidents for #OneAmericaAppeal.|14625|76072
realDonaldTrump|Fri Sep 08 00:57:52 +0000 2017|I encourage EVERYONE in the path of #HurricaneIrma to heed the advice and orders of local &amp; state officials! https://t.co/AQmawTpZs0|18025|64325
realDonaldTrump|Thu Sep 07 20:18:42 +0000 2017|During my trip to Saudi Arabia, I spoke to the leaders of more than 50 Arab &amp; Muslim nations about the need to confront our shared enemies.. https://t.co/8oeAQfIeX8|9422|40042
realDonaldTrump|Thu Sep 07 19:48:47 +0000 2017|Together, we will show the world that the forces of destruction and extremism are NO MATCH for the BLESSINGS of PROSPERITY and PEACE! https://t.co/aL6In83eWK|12939|53091
realDonaldTrump|Thu Sep 07 18:13:30 +0000 2017|Welcome to the @WhiteHouse, Amir Sabah al-Ahmed al-Jaber al-Sabah of Kuwait! Joint press conference coming up soon: https://t.co/8T4Nyzlp4Y https://t.co/lfRa4AATaM|7164|29897
realDonaldTrump|Thu Sep 07 13:42:52 +0000 2017|For all of those (DACA) that are concerned about your status during the 6 month period, you have nothing to worry about - No action!|18873|74871
realDonaldTrump|Thu Sep 07 12:51:12 +0000 2017|Thank you, our great honor! https://t.co/StrciEwuWs|11639|44553
realDonaldTrump|Thu Sep 07 12:33:12 +0000 2017|Hurricane Irma is raging but we have great teams of talented and brave people already in place and ready to help. Be careful, be safe! #FEMA|15447|77918
realDonaldTrump|Thu Sep 07 01:26:48 +0000 2017|We want our companies to hire &amp; grow in AMERICA, to raise wages for AMERICAN workers, &amp; to help rebuild our AMERICAN cities &amp; towns! #USA?? https://t.co/sglubjcbW4|14148|57418
realDonaldTrump|Thu Sep 07 00:18:49 +0000 2017|If we want to renew our PROSPERITY, restore OPPORTUNITY, &amp; re-establish our economic DOMINANCE, then we need tax reform that is pro-growth.. https://t.co/9NzLg2Qzpo|16109|66372
realDonaldTrump|Thu Sep 07 00:04:12 +0000 2017|Thank you for joining me in Mandan, ND Gov. @DougBurgum, Lt. Gov. @BrentSanfordND, @SenJohnHoeven, @RepKevinCramer &amp; @SenatorHeitkamp. https://t.co/8nIvtHvpu6|6108|31779
realDonaldTrump|Wed Sep 06 23:20:48 +0000 2017|"Wonderful to be in North Dakota with the incredible hardworking men &amp; women @ the Andeavor Refinery. 
Full remarks: ?https://t.co/uxBpyeERUm https://t.co/fV9R9gJxDS"|8396|40718
realDonaldTrump|Wed Sep 06 19:26:09 +0000 2017|Just spoke w/ Governors Rick Scott of Florida, Kenneth Mapp of the U.S. Virgin Islands &amp; Ricardo Rossell? of Puerto Rico. WE ARE W/ YOU ALL! https://t.co/k92cslgKFa|16944|68838
realDonaldTrump|Wed Sep 06 17:52:30 +0000 2017|"'President Donald J. Trump Approves Emergency Declarations'

??https://t.co/xSHSyNkvuP
??https://t.co/UbBSFOhMM7
??https://t.co/xWOfp9Z9iR https://t.co/qoJOM54Gy8"|13669|47927
realDonaldTrump|Wed Sep 06 10:53:45 +0000 2017|Hurricane looks like largest ever recorded in the Atlantic!|12226|56660
realDonaldTrump|Wed Sep 06 10:51:52 +0000 2017|Watching Hurricane closely. My team, which has done, and is doing, such a good job in Texas, is already in Florida. No rest for the weary!|20181|104511
realDonaldTrump|Wed Sep 06 10:47:01 +0000 2017|Will be going to North Dakota today to discuss tax reform and tax cuts. We are the highest taxed nation in the world - that will change.|16359|85389
realDonaldTrump|Wed Sep 06 00:38:27 +0000 2017|Congress now has 6 months to legalize DACA (something the Obama Administration was unable to do). If they can't, I will revisit this issue!|22484|87620
realDonaldTrump|Tue Sep 05 20:45:27 +0000 2017|I look forward to working w/ D's + R's in Congress to address immigration reform in a way that puts hardworking citizens of our country 1st.|22529|98351
