origen,destino,peso
autor:UC-HeUTT6_g-VoiWds2a4H-w,autor:UCeQk-WfEA-cJRq4EKeE7TOw,1
autor:UC-HeUTT6_g-VoiWds2a4H-w,autor:UCWaRixDdpgllTBf4V0jPnKQ,1
autor:UC-HeUTT6_g-VoiWds2a4H-w,autor:UC3YpzAr7pcdKC7BVFEpYzog,1
autor:UC-HeUTT6_g-VoiWds2a4H-w,autor:UC-Iul5tDYH_oiAMXQH-KaaQ,1
autor:UC-HeUTT6_g-VoiWds2a4H-w,autor:UCjZgFEowMBrsjodqfovzdKw,1
autor:UC-HeUTT6_g-VoiWds2a4H-w,autor:UCRfkkatKrNtAARnXMMYBGlA,1
autor:UC-HeUTT6_g-VoiWds2a4H-w,autor:UC63tFvbQ_hJhGDi2nbjssjw,1
autor:UC-HeUTT6_g-VoiWds2a4H-w,autor:UChyps3dqY-VY1_wLeq-2lhw,1
autor:UC-HeUTT6_g-VoiWds2a4H-w,autor:UC1NiEdJ7gk6FlDexIalWnGg,1
autor:UC-HeUTT6_g-VoiWds2a4H-w,autor:UCp29O_C7cchZV8IxV7Crdag,1
autor:UC-HeUTT6_g-VoiWds2a4H-w,autor:UCV3fr-YOixFKCZBbJP1-X4w,1
autor:UC-HeUTT6_g-VoiWds2a4H-w,autor:UC14qlobYKqD-DO0j6b75lcA,1
autor:UC-HeUTT6_g-VoiWds2a4H-w,autor:UCWvntqPQx99k_Z_skWKqNSA,1
autor:UC-HeUTT6_g-VoiWds2a4H-w,autor:UCa36MjQLoPAmgJo-R3G8WQA,1
autor:UC-HeUTT6_g-VoiWds2a4H-w,autor:UCzZ6dDCEsLMXbc5pCFXIprw,1
autor:UC-HeUTT6_g-VoiWds2a4H-w,autor:UCwxoKK59nGCeBqB2sXfDBIw,1
autor:UC-HeUTT6_g-VoiWds2a4H-w,autor:UCvDwJBBY1mHK70aTEYl6rsA,1
autor:UC-HeUTT6_g-VoiWds2a4H-w,autor:UCiOZX__1gahg1ypIj0_XG_w,1
autor:UC-HeUTT6_g-VoiWds2a4H-w,autor:UC0HvfEWozTHbwl_iEmJNvVA,1
autor:UC-HeUTT6_g-VoiWds2a4H-w,autor:UCFybmWapGvBKcQod7cPPH9w,1
autor:UC-HeUTT6_g-VoiWds2a4H-w,autor:UCoGdCoJg2Lh0OX_jv6cG16g,1
autor:UC-HeUTT6_g-VoiWds2a4H-w,autor:UCaT4saRcyqCLE657Rq2hhZQ,1
autor:UC-HeUTT6_g-VoiWds2a4H-w,autor:UCZFQwqh90apuL8eFhvRBkUg,1
autor:UC-HeUTT6_g-VoiWds2a4H-w,autor:UCfo_yUPzy1f1POwwZxhZ06Q,1
autor:UC-HeUTT6_g-VoiWds2a4H-w,autor:UCtsxPYw8VUsH_FfnKg-0lmw,1
autor:UC-HeUTT6_g-VoiWds2a4H-w,autor:UCEHXl4VvvVpq-_4xC5tsbhg,1
autor:UC-HeUTT6_g-VoiWds2a4H-w,autor:UCgGqw4aqMdMVSGkKiMgrJRQ,1
autor:UC-HeUTT6_g-VoiWds2a4H-w,autor:UCtCtts20bW6F9CSohau51Iw,1
autor:UC-HeUTT6_g-VoiWds2a4H-w,autor:UCheEJ5GZuIvV0fj-nXyVwXw,1
autor:UC-HeUTT6_g-VoiWds2a4H-w,autor:UCql1n3Ey6ULMSOACjMe-fxQ,1
autor:UC-HeUTT6_g-VoiWds2a4H-w,autor:UCyJhqmMbsvjpoarBBStA2kg,1
autor:UC-Iul5tDYH_oiAMXQH-KaaQ,autor:UCeQk-WfEA-cJRq4EKeE7TOw,1
autor:UC-Iul5tDYH_oiAMXQH-KaaQ,autor:UCWaRixDdpgllTBf4V0jPnKQ,1
autor:UC-Iul5tDYH_oiAMXQH-KaaQ,autor:UC3YpzAr7pcdKC7BVFEpYzog,1
autor:UC-Iul5tDYH_oiAMXQH-KaaQ,autor:UCjZgFEowMBrsjodqfovzdKw,1
autor:UC-Iul5tDYH_oiAMXQH-KaaQ,autor:UCRfkkatKrNtAARnXMMYBGlA,1
autor:UC-Iul5tDYH_oiAMXQH-KaaQ,autor:UC63tFvbQ_hJhGDi2nbjssjw,1
autor:UC-Iul5tDYH_oiAMXQH-KaaQ,autor:UChyps3dqY-VY1_wLeq-2lhw,1
autor:UC-Iul5tDYH_oiAMXQH-KaaQ,autor:UC1NiEdJ7gk6FlDexIalWnGg,1
autor:UC-Iul5tDYH_oiAMXQH-KaaQ,autor:UCp29O_C7cchZV8IxV7Crdag,1
autor:UC-Iul5tDYH_oiAMXQH-KaaQ,autor:UCV3fr-YOixFKCZBbJP1-X4w,1
autor:UC-Iul5tDYH_oiAMXQH-KaaQ,autor:UC14qlobYKqD-DO0j6b75lcA,1
autor:UC-Iul5tDYH_oiAMXQH-KaaQ,autor:UCWvntqPQx99k_Z_skWKqNSA,1
autor:UC-Iul5tDYH_oiAMXQH-KaaQ,autor:UCa36MjQLoPAmgJo-R3G8WQA,1
autor:UC-Iul5tDYH_oiAMXQH-KaaQ,autor:UCzZ6dDCEsLMXbc5pCFXIprw,1
autor:UC-Iul5tDYH_oiAMXQH-KaaQ,autor:UCwxoKK59nGCeBqB2sXfDBIw,1
autor:UC-Iul5tDYH_oiAMXQH-KaaQ,autor:UCvDwJBBY1mHK70aTEYl6rsA,1
autor:UC-Iul5tDYH_oiAMXQH-KaaQ,autor:UCiOZX__1gahg1ypIj0_XG_w,1
autor:UC-Iul5tDYH_oiAMXQH-KaaQ,autor:UC0HvfEWozTHbwl_iEmJNvVA,1
autor:UC-Iul5tDYH_oiAMXQH-KaaQ,autor:UCFybmWapGvBKcQod7cPPH9w,1
autor:UC-Iul5tDYH_oiAMXQH-KaaQ,autor:UCoGdCoJg2Lh0OX_jv6cG16g,1
autor:UC-Iul5tDYH_oiAMXQH-KaaQ,autor:UCaT4saRcyqCLE657Rq2hhZQ,1
autor:UC-Iul5tDYH_oiAMXQH-KaaQ,autor:UCZFQwqh90apuL8eFhvRBkUg,1
autor:UC-Iul5tDYH_oiAMXQH-KaaQ,autor:UCfo_yUPzy1f1POwwZxhZ06Q,1
autor:UC-Iul5tDYH_oiAMXQH-KaaQ,autor:UCtsxPYw8VUsH_FfnKg-0lmw,1
autor:UC-Iul5tDYH_oiAMXQH-KaaQ,autor:UCEHXl4VvvVpq-_4xC5tsbhg,1
autor:UC-Iul5tDYH_oiAMXQH-KaaQ,autor:UCgGqw4aqMdMVSGkKiMgrJRQ,1
autor:UC-Iul5tDYH_oiAMXQH-KaaQ,autor:UCtCtts20bW6F9CSohau51Iw,1
autor:UC-Iul5tDYH_oiAMXQH-KaaQ,autor:UCheEJ5GZuIvV0fj-nXyVwXw,1
autor:UC-Iul5tDYH_oiAMXQH-KaaQ,autor:UCql1n3Ey6ULMSOACjMe-fxQ,1
autor:UC-Iul5tDYH_oiAMXQH-KaaQ,autor:UCyJhqmMbsvjpoarBBStA2kg,1
autor:UC-QOpE7GOxlXcHZ8b7HbQKA,autor:UCQMMuADgqWUOcJpLwHOzC-g,1
autor:UC-QOpE7GOxlXcHZ8b7HbQKA,autor:UCp_dAUfv8i3LW3zWc24dLaQ,1
autor:UC-QOpE7GOxlXcHZ8b7HbQKA,autor:UC1WlJfQmaIskYhP4gmWoamw,1
autor:UC-QOpE7GOxlXcHZ8b7HbQKA,autor:UCrqXyRsg-_hTosURZ-uvoKg,1
autor:UC-QOpE7GOxlXcHZ8b7HbQKA,autor:UCxhtlxPV8AYWaNNyU6S9H8Q,1
autor:UC-QOpE7GOxlXcHZ8b7HbQKA,autor:UCGZMgmM92E3njyXNe9-kjAQ,1
autor:UC-QOpE7GOxlXcHZ8b7HbQKA,autor:UCat2qkYvqmtDNEmo2PVuhXw,1
autor:UC-QOpE7GOxlXcHZ8b7HbQKA,autor:UCbNanjFI51cwGqMAb2rOrBw,1
autor:UC-QOpE7GOxlXcHZ8b7HbQKA,autor:UCVdjCrh4tQoX3haNAZv-n5A,1
autor:UC-QOpE7GOxlXcHZ8b7HbQKA,autor:UCtiHFjFu7d5v2XxHnKFUYig,1
autor:UC-QOpE7GOxlXcHZ8b7HbQKA,autor:UCozFYHN0e_-vlQbX3wQGOug,1
autor:UC-QOpE7GOxlXcHZ8b7HbQKA,autor:UCOLHH4ZpMxPYF-Q6e6wvn5A,1
autor:UC-QOpE7GOxlXcHZ8b7HbQKA,autor:UCBlm80VQ4YoV3bUJR_XhkaQ,1
autor:UC-QOpE7GOxlXcHZ8b7HbQKA,autor:UCPNXmbOBVeC4HS-xemvcPtQ,1
autor:UC-QOpE7GOxlXcHZ8b7HbQKA,autor:UCi2KiZq63sRq8Mfbcp-MelQ,1
autor:UC-QOpE7GOxlXcHZ8b7HbQKA,autor:UCIgoiXdIKJyUGmUoH2Lxdzg,1
autor:UC-QOpE7GOxlXcHZ8b7HbQKA,autor:UCZjm6U576nX8WOiLhmMR3bw,1
autor:UC-fiZBS5Gp1eCJd9ucgWnCg,autor:UCWoAVGVqCn4xtINCMOTM4jg,1
autor:UC-fiZBS5Gp1eCJd9ucgWnCg,autor:UCDrmf9y9nLgFY5wnA2hTuGA,1
autor:UC-fiZBS5Gp1eCJd9ucgWnCg,autor:UCylqlpsh8ENNM1LqgQ1KbxA,1
autor:UC-fiZBS5Gp1eCJd9ucgWnCg,autor:UCQyOePccUP-fIJYzchAgZYw,1
autor:UC-fiZBS5Gp1eCJd9ucgWnCg,autor:UC3UVO7pTbeYvZ3ILEyRDskQ,1
autor:UC-fiZBS5Gp1eCJd9ucgWnCg,autor:UCpe5jW3MIqkgTJ-PgkzvM6Q,1
autor:UC-fiZBS5Gp1eCJd9ucgWnCg,autor:UColMq7LmaoY3MT6aIDGrGvA,1
autor:UC-fiZBS5Gp1eCJd9ucgWnCg,autor:UCiC-Jn7wdgyQV4_Urk0DkWQ,1
autor:UC-fiZBS5Gp1eCJd9ucgWnCg,autor:UC5hvEnRUzI4Kfvwnyi4QxqQ,1
autor:UC-fiZBS5Gp1eCJd9ucgWnCg,autor:UCsGoJEvb-cFPZ2rWoJcXzEQ,1
autor:UC-fiZBS5Gp1eCJd9ucgWnCg,autor:UC1DpqK6vaPEkBOMNvypsKYg,1
autor:UC-fiZBS5Gp1eCJd9ucgWnCg,autor:UC95PSMouTx2N5CbSq0hIyrQ,1
autor:UC-fiZBS5Gp1eCJd9ucgWnCg,autor:UCRAquv8el-tQ30bN7MlmySQ,1
autor:UC-fiZBS5Gp1eCJd9ucgWnCg,autor:UCgJNFj5dnxXpcMvmuhZDPxA,1
autor:UC-fiZBS5Gp1eCJd9ucgWnCg,autor:UClqA491Xa5fQcXcJJa-vTWw,1
autor:UC-fiZBS5Gp1eCJd9ucgWnCg,autor:UCkbsS_3D-pvg1iHOld9uvIg,1
autor:UC-fiZBS5Gp1eCJd9ucgWnCg,autor:UC6Uj1FT5JjDSF8vudvDxPAA,1
autor:UC-fiZBS5Gp1eCJd9ucgWnCg,autor:UCRvPToDkkumha7WJAfCDk1A,1
autor:UC-fiZBS5Gp1eCJd9ucgWnCg,autor:UCdFlugHJJa4l3YqWuNRmvXw,1
autor:UC-fiZBS5Gp1eCJd9ucgWnCg,autor:UCu8_3-Wg-YzNyvHYQDEscfw,1
autor:UC-fiZBS5Gp1eCJd9ucgWnCg,autor:UCZeIIQrGAedW8tCbKWmGY-A,1
autor:UC-fiZBS5Gp1eCJd9ucgWnCg,autor:UC_LYoGs5C3mbZKZuKuqYCvw,1
autor:UC-fiZBS5Gp1eCJd9ucgWnCg,autor:UCqCrvuoJpC-aVb0f4logQRQ,1
autor:UC-fiZBS5Gp1eCJd9ucgWnCg,autor:UClhMWQ7XKWywYvbRnuf8QsA,1
autor:UC-fiZBS5Gp1eCJd9ucgWnCg,autor:UCOcUI5XkTYNMSFhZNMIPpGg,1
autor:UC-fiZBS5Gp1eCJd9ucgWnCg,autor:UCgQw_Sbq3ugruDUKsq1e0-A,1
autor:UC-fiZBS5Gp1eCJd9ucgWnCg,autor:UCaKAjTW9MVub_clgr4DRYjQ,1
autor:UC-fiZBS5Gp1eCJd9ucgWnCg,autor:UC32oozucwCF3q8d4m8fyOUg,1
autor:UC-fiZBS5Gp1eCJd9ucgWnCg,autor:UCCBYcToQ2dwkd6TJh0FSyDg,1
autor:UC-fiZBS5Gp1eCJd9ucgWnCg,autor:UCQqlPPUGqAfWjd-FSh_qn7Q,1
autor:UC-fiZBS5Gp1eCJd9ucgWnCg,autor:UCwjUvRseNtJoItylIyIez7Q,1
autor:UC-fiZBS5Gp1eCJd9ucgWnCg,autor:UCe8JZoYkX5oKUZyivHYdXhw,1
autor:UC-fiZBS5Gp1eCJd9ucgWnCg,autor:UCNpt5CQlTzNjlAKY6CJtClQ,1
autor:UC-fiZBS5Gp1eCJd9ucgWnCg,autor:UCkVtmkK07b2zaVVNssX4lOg,1
autor:UC-fiZBS5Gp1eCJd9ucgWnCg,autor:UCHbwIx9pmQuf7i-4_xO2EpA,1
autor:UC-fiZBS5Gp1eCJd9ucgWnCg,autor:UCW-JC6lebVmf2P1dmY_L94g,1
autor:UC-fiZBS5Gp1eCJd9ucgWnCg,autor:UCW80DaMjQlEUibC98Cot-Dg,1
autor:UC-fiZBS5Gp1eCJd9ucgWnCg,autor:UCpsKOkt5iWTbenzeuq7dsmQ,1
autor:UC-fiZBS5Gp1eCJd9ucgWnCg,autor:UCeDNEtI8_a42bZ47wJiJMwQ,1
autor:UC-fiZBS5Gp1eCJd9ucgWnCg,autor:UCAKuKvcbfnBD3kF5njNu-IA,1
autor:UC-fiZBS5Gp1eCJd9ucgWnCg,autor:UCUoYsrx1oZnCZ0usbBJn4fA,1
autor:UC-fiZBS5Gp1eCJd9ucgWnCg,autor:UC7dadZG7kkGYnsNu6td0FbA,1
autor:UC-fiZBS5Gp1eCJd9ucgWnCg,autor:UCwgCc9Jd_gG-uLE_SY-FfPg,1
autor:UC-fiZBS5Gp1eCJd9ucgWnCg,autor:UCGGHbtfbbe0o68etrOf0qxw,1
autor:UC-fiZBS5Gp1eCJd9ucgWnCg,autor:UC816IGbFCZinfYS1LRDaaHg,1
autor:UC-fiZBS5Gp1eCJd9ucgWnCg,autor:UC4Avya4kmR4Q0FrfFdBozSQ,1
autor:UC-fiZBS5Gp1eCJd9ucgWnCg,autor:UCuXmOjxC-htcprLgeVXz6Tg,1
autor:UC-fiZBS5Gp1eCJd9ucgWnCg,autor:UCV0lM03g5fg5pbPj97-sAtA,1
autor:UC-hfX8J5JPJ-dfuakzegMLA,autor:UCNBnKqWf4d-rS4HwJRQljmQ,1
autor:UC-hfX8J5JPJ-dfuakzegMLA,autor:UCRelkU8JiZBytTzebJxaa-w,1
autor:UC-hfX8J5JPJ-dfuakzegMLA,autor:UC5H8ASmMC9WrURmzeB4ySog,1
autor:UC-hfX8J5JPJ-dfuakzegMLA,autor:UCzoL2l5H5eVlorWGH8AZfAg,1
autor:UC-hfX8J5JPJ-dfuakzegMLA,autor:UCOLGv5Pf6BF2wFcwUzgcvHg,1
autor:UC-hfX8J5JPJ-dfuakzegMLA,autor:UCl0ekS9Tt0jJGtOEM18S63w,1
autor:UC-hfX8J5JPJ-dfuakzegMLA,autor:UCXSkL3ejZ8qWYyF_M7s_QKA,1
autor:UC-hfX8J5JPJ-dfuakzegMLA,autor:UC3MYTqpQqlWBuCB7Th0e0PA,1
autor:UC-hfX8J5JPJ-dfuakzegMLA,autor:UCySYJU5kUh7X8gVt9la2ISA,1
autor:UC-hfX8J5JPJ-dfuakzegMLA,autor:UCL13XhnRzbGokEkCkEOb0-g,1
autor:UC-hfX8J5JPJ-dfuakzegMLA,autor:UCZ51R_9Q9C0c8I3pAWhtmjQ,1
autor:UC-hfX8J5JPJ-dfuakzegMLA,autor:UCp4iw5_5SmV9VGTFSNVGOmQ,1
autor:UC-hfX8J5JPJ-dfuakzegMLA,autor:UCDUffaruH6dyUnUGwsTKpgg,1
autor:UC-hfX8J5JPJ-dfuakzegMLA,autor:UCut6b9S98nv84cVX89PmKzA,1
autor:UC-hfX8J5JPJ-dfuakzegMLA,autor:UCsUCN0Yq_UyTvKjOJLmNrnQ,1
autor:UC-hfX8J5JPJ-dfuakzegMLA,autor:UCDIMztpVm7G27qBuiWuT6oQ,1
autor:UC-hfX8J5JPJ-dfuakzegMLA,autor:UCZLG9qH0tUjNhEGFIUt0CYw,1
autor:UC-hfX8J5JPJ-dfuakzegMLA,autor:UChs3tU2BcKOT0CezykvAsGw,1
autor:UC-hfX8J5JPJ-dfuakzegMLA,autor:UCrJn_rbo_ENAdeqneS-RmRw,1
autor:UC-hfX8J5JPJ-dfuakzegMLA,autor:UC8F2V63KZ4ZEay6opX2hAQw,1
autor:UC-hfX8J5JPJ-dfuakzegMLA,autor:UCThW2XNsAaBKme5PUt7n-Zg,1
autor:UC-hfX8J5JPJ-dfuakzegMLA,autor:UCmvOgzmmXbjUthHy-WJ52hQ,1
autor:UC-hfX8J5JPJ-dfuakzegMLA,autor:UCpsKOkt5iWTbenzeuq7dsmQ,1
autor:UC-hfX8J5JPJ-dfuakzegMLA,autor:UCFoIAE8k82D6AV-8gjjKaNg,1
autor:UC-hfX8J5JPJ-dfuakzegMLA,autor:UC3NMzdMYryaw82kPTnsaljg,1
autor:UC-hfX8J5JPJ-dfuakzegMLA,autor:UCFjudnPLoaSL1BaRuLahyHg,1
autor:UC-hfX8J5JPJ-dfuakzegMLA,autor:UCi1b_TRQfgO1Z9O2gNGGWNA,1
autor:UC-hfX8J5JPJ-dfuakzegMLA,autor:UCfM3nrxtTQMY5jFx1v1J4Gg,1
autor:UC-hfX8J5JPJ-dfuakzegMLA,autor:UC7VUuJr9cGh845CmTvf7TlQ,1
autor:UC-hfX8J5JPJ-dfuakzegMLA,autor:UCjmPuazZJzscrwvk0QR9RVw,1
autor:UC-hfX8J5JPJ-dfuakzegMLA,autor:UCtNfIBnc5S5DbbQj_yxgJTw,1
autor:UC-hfX8J5JPJ-dfuakzegMLA,autor:UC72gBAtyb_VXQlYDcFrh6oQ,1
autor:UC-hfX8J5JPJ-dfuakzegMLA,autor:UC-jS_kA9w-OmpupXDx156Rg,1
autor:UC-hfX8J5JPJ-dfuakzegMLA,autor:UCmjppp6ujz3SAnULvP3sZMw,1
autor:UC-hfX8J5JPJ-dfuakzegMLA,autor:UCzSfZlOVxBSs5ObD25ywxDQ,1
autor:UC-hfX8J5JPJ-dfuakzegMLA,autor:UCTylKrsqkrBKIqubMu_5N0Q,1
autor:UC-hfX8J5JPJ-dfuakzegMLA,autor:UCB5p8a5gklc80jJItP6xTHg,1
autor:UC-hfX8J5JPJ-dfuakzegMLA,autor:UCQqetiwzzmRNTM5OWuXarGQ,1
autor:UC-hfX8J5JPJ-dfuakzegMLA,autor:UCOS8ViEkccrTZx2w2ccxotA,1
autor:UC-hfX8J5JPJ-dfuakzegMLA,autor:UCh5ESQvtzyHDhCA7XyekCFA,1
autor:UC-hfX8J5JPJ-dfuakzegMLA,autor:UCNkcuy42zEwddwEcOd_HpnA,1
autor:UC-hfX8J5JPJ-dfuakzegMLA,autor:UCjSKM9j0Q7HLDr1hD6D-TUw,1
autor:UC-hfX8J5JPJ-dfuakzegMLA,autor:UCujPF2nBgsTD62nWE3lcpIg,1
autor:UC-hfX8J5JPJ-dfuakzegMLA,autor:UC4cXueR2bKGFJV0Fk76gwmA,1
autor:UC-hfX8J5JPJ-dfuakzegMLA,autor:UCpIdtvoFHVLGASGB5ySqIEA,1
autor:UC-hfX8J5JPJ-dfuakzegMLA,autor:UChZknRmJkeGeQk0-mQuhDOg,1
autor:UC-hfX8J5JPJ-dfuakzegMLA,autor:UC2weSE8rpqkGMOp6StYtVfg,1
autor:UC-hfX8J5JPJ-dfuakzegMLA,autor:UCQtSFINs1h6GHkpg9o5kMvg,1
autor:UC-hfX8J5JPJ-dfuakzegMLA,autor:UCQgYjVngJRfPHDLGB5X6ZjA,1
autor:UC-hfX8J5JPJ-dfuakzegMLA,autor:UC3E9mAgP7VoAE5mZoAexl5g,1
autor:UC-hfX8J5JPJ-dfuakzegMLA,autor:UCCaYwkkbQGcvFoUmothVdQQ,1
autor:UC-hfX8J5JPJ-dfuakzegMLA,autor:UCHhHUjaMAZ8SiXdCUCj9DkQ,1
autor:UC-hfX8J5JPJ-dfuakzegMLA,autor:UC6PvO1_k5lHKGdAPo5_C6TA,1
autor:UC-hfX8J5JPJ-dfuakzegMLA,autor:UCDftMWXQoJ6nONfY7GVOVjg,1
autor:UC-hfX8J5JPJ-dfuakzegMLA,autor:UCXr8_5WtGeipe4haOoQDgyQ,1
autor:UC-hfX8J5JPJ-dfuakzegMLA,autor:UCQtICyzWmhC5woCtbNgaSmg,1
autor:UC-hfX8J5JPJ-dfuakzegMLA,autor:UCljDbleJul41G1TzOjOZAVA,1
autor:UC-hfX8J5JPJ-dfuakzegMLA,autor:UC6YSZqL0vEcI-niPKIMUGfw,1
autor:UC-hfX8J5JPJ-dfuakzegMLA,autor:UCUIIIPTVDVHAXqhC_5V6lPA,1
autor:UC-hfX8J5JPJ-dfuakzegMLA,autor:UCj-LL25XJnjxepPKCc3NGog,1
autor:UC-hfX8J5JPJ-dfuakzegMLA,autor:UCtUR3_CAiE7fCoZHM6cMfyQ,1
autor:UC-hfX8J5JPJ-dfuakzegMLA,autor:UC8G5cJONY8L9voMyBW8Eoug,1
autor:UC-hfX8J5JPJ-dfuakzegMLA,autor:UCErZPJpHmLCsXs8ZWkAUupQ,1
autor:UC-hfX8J5JPJ-dfuakzegMLA,autor:UCQ_-LPP8JAbfkc-b1Q6NvWw,1
autor:UC-hfX8J5JPJ-dfuakzegMLA,autor:UCAmtbUiIrUIhikru0ZoTFig,1
autor:UC-hfX8J5JPJ-dfuakzegMLA,autor:UCr1emrogPKkKTs_WTtx71xg,1
autor:UC-hfX8J5JPJ-dfuakzegMLA,autor:UCOh6DaZC_x9HASnlRylEMfw,1
autor:UC-hfX8J5JPJ-dfuakzegMLA,autor:UCSou6a2OuYGSvPjm5psquyA,1
autor:UC-hfX8J5JPJ-dfuakzegMLA,autor:UCV0iizTBoOfdAFX_thfI9BA,1
autor:UC-hfX8J5JPJ-dfuakzegMLA,autor:UCsjs5Hp_r86x1xbK6FAeqaA,1
autor:UC-hfX8J5JPJ-dfuakzegMLA,autor:UC4wq3DcbfaG6dtCqn8Oyu3w,1
autor:UC-hfX8J5JPJ-dfuakzegMLA,autor:UCwha8rxULYMVtNwZWeSkE1A,1
autor:UC-hfX8J5JPJ-dfuakzegMLA,autor:UCFxE8GbokBrBsPEKM1xrOjQ,1
autor:UC-hfX8J5JPJ-dfuakzegMLA,autor:UCwW2OFy95P7ZBkOPxWkpvYg,1
autor:UC-hfX8J5JPJ-dfuakzegMLA,autor:UCA93ym2TXs_Ibyxb4Vcn-6Q,1
autor:UC-hfX8J5JPJ-dfuakzegMLA,autor:UCFUuDARXdmmIrLppEqf-rFg,1
autor:UC-hfX8J5JPJ-dfuakzegMLA,autor:UCpl8rF8uv_8uui-QRvuJaRA,1
autor:UC-hfX8J5JPJ-dfuakzegMLA,autor:UC-pNP6RMFuLg_-x7Ah_0kEA,1
autor:UC-hfX8J5JPJ-dfuakzegMLA,autor:UCRETAiYdh2dL5ZxB0_N1zDA,1
autor:UC-hfX8J5JPJ-dfuakzegMLA,autor:UCsJJAvrVGupdmhOqgtDp8dg,1
autor:UC-hfX8J5JPJ-dfuakzegMLA,autor:UCTP3O0rMnc8z8v8jaDQwL0w,1
autor:UC-hfX8J5JPJ-dfuakzegMLA,autor:UCN6qbfPSzFtjhqUDZ3Cv3CQ,1
autor:UC-hfX8J5JPJ-dfuakzegMLA,autor:UCvApqeCbLod-wejtT4CcVuA,1
autor:UC-hfX8J5JPJ-dfuakzegMLA,autor:UCDPWkUX3sNNaCx-m1dV4glA,1
autor:UC-hfX8J5JPJ-dfuakzegMLA,autor:UCYN4wSQ1Sx4_LurxLlW7MPg,1
autor:UC-hfX8J5JPJ-dfuakzegMLA,autor:UCueV9cTyTDwgQSec1x2dYgA,1
autor:UC-hfX8J5JPJ-dfuakzegMLA,autor:UC3XTwHxygNCgjndsg-UiCQA,1
autor:UC-hfX8J5JPJ-dfuakzegMLA,autor:UChgkn5Jt5tWKYMoEOuCjz3Q,1
autor:UC-hfX8J5JPJ-dfuakzegMLA,autor:UCEgEQmRbtL5fwr9_DqAC--g,1
autor:UC-hfX8J5JPJ-dfuakzegMLA,autor:UC9xr9QvIcDvoZNUX5f-jaZw,1
autor:UC-hfX8J5JPJ-dfuakzegMLA,autor:UCRlCV9zSn7avAWh-9_XFWqQ,1
autor:UC-hfX8J5JPJ-dfuakzegMLA,autor:UCiMythXHsw7eQEMykCdmMUA,1
autor:UC-hfX8J5JPJ-dfuakzegMLA,autor:UC3qn1yJA5PeW9rkGPatQxiw,1
autor:UC-hfX8J5JPJ-dfuakzegMLA,autor:UCz3gu01bmjNv0DpRq-K3XYg,1
autor:UC-hfX8J5JPJ-dfuakzegMLA,autor:UCkd9W714-947dEE6ZOEBATA,1
autor:UC-hfX8J5JPJ-dfuakzegMLA,autor:UCDlr1VadSucIZgZ171pRBjQ,1
autor:UC-hfX8J5JPJ-dfuakzegMLA,autor:UCGzXwyCzMzGmjmCbH3Hg01Q,1
autor:UC-hfX8J5JPJ-dfuakzegMLA,autor:UCTwSut16JyAg3mX6LVUNGqA,1
autor:UC-hfX8J5JPJ-dfuakzegMLA,autor:UCFhxtoeARHPnXXPcDrOU3Xg,1
autor:UC-hfX8J5JPJ-dfuakzegMLA,autor:UCKDR0f2fu2UzWL8mBv5-BHw,1
autor:UC-hfX8J5JPJ-dfuakzegMLA,autor:UCXXh7yg5KUFIWylTiKVEFKQ,1
autor:UC-hfX8J5JPJ-dfuakzegMLA,autor:UCylqlpsh8ENNM1LqgQ1KbxA,1
autor:UC-hfX8J5JPJ-dfuakzegMLA,autor:UCYwpX26TrCxq8TvbKGRYLXA,1
autor:UC-hfX8J5JPJ-dfuakzegMLA,autor:UCHTGCgY2l-DQJIvlA_cpa_Q,1
autor:UC-hfX8J5JPJ-dfuakzegMLA,autor:UCwO2SXr0ggzwg6QWWrr01nQ,1
autor:UC-hfX8J5JPJ-dfuakzegMLA,autor:UCXgr7vXlRrsaskPdo097kGA,1
autor:UC-hfX8J5JPJ-dfuakzegMLA,autor:UCL1MT278vSaQ83ZDkVWn1gw,1
autor:UC-hfX8J5JPJ-dfuakzegMLA,autor:UCsSXdJct-nsS8DsABoEsaYA,1
autor:UC-hfX8J5JPJ-dfuakzegMLA,autor:UCDQaQv0hr2SS_PO-CMEwVHg,1
autor:UC-hfX8J5JPJ-dfuakzegMLA,autor:UC9vMq1YF-e7C-VO0SHkbUTA,1
autor:UC-hfX8J5JPJ-dfuakzegMLA,autor:UCcfdg8crmMJwEuLUsAhV7yg,1
autor:UC-hfX8J5JPJ-dfuakzegMLA,autor:UCiGRBf2RNF0WRKhRVT7zFoA,1
autor:UC-hfX8J5JPJ-dfuakzegMLA,autor:UCWIZUtKJ636y-4TYrNvok0g,1
autor:UC-hfX8J5JPJ-dfuakzegMLA,autor:UCTD6q1nyIe3Y7HhqjaMj72w,1
autor:UC-hfX8J5JPJ-dfuakzegMLA,autor:UC2Y_EHWQKevubk4vOEBBFxw,1
autor:UC-hfX8J5JPJ-dfuakzegMLA,autor:UC5bG9nc_JV3FsNP2KseQiYw,1
autor:UC-hfX8J5JPJ-dfuakzegMLA,autor:UCLggDc_a5HriXv7I1h02sOA,1
autor:UC-hfX8J5JPJ-dfuakzegMLA,autor:UCLFdHr9BEbXHkoJopbEPLZw,1
autor:UC-hfX8J5JPJ-dfuakzegMLA,autor:UC8r11yOugM2NuRfitQOxLLg,1
autor:UC-hfX8J5JPJ-dfuakzegMLA,autor:UCplrIQtaPj6au60_f2-mOYw,1
autor:UC-hfX8J5JPJ-dfuakzegMLA,autor:UCxff05WuyvwELNITi7bj7UA,1
autor:UC-hfX8J5JPJ-dfuakzegMLA,autor:UC1vr9aaMI2crB0NvwFHUeoQ,1
autor:UC-hfX8J5JPJ-dfuakzegMLA,autor:UC650pRT-OYzny3GwOH8Cgfw,1
autor:UC-hfX8J5JPJ-dfuakzegMLA,autor:UCAlzM_N6xBlMYmM8EBzX86Q,1
autor:UC-hfX8J5JPJ-dfuakzegMLA,autor:UCgvw7xIdGFupzpt1Y_BFkEA,1
autor:UC-hfX8J5JPJ-dfuakzegMLA,autor:UCipetjeiWj4CZB6EbyYziZg,1
autor:UC-hfX8J5JPJ-dfuakzegMLA,autor:UChep9kVb5gQmpodEEl10Xlg,1
autor:UC-jS_kA9w-OmpupXDx156Rg,autor:UCNBnKqWf4d-rS4HwJRQljmQ,1
autor:UC-jS_kA9w-OmpupXDx156Rg,autor:UCRelkU8JiZBytTzebJxaa-w,1
autor:UC-jS_kA9w-OmpupXDx156Rg,autor:UC5H8ASmMC9WrURmzeB4ySog,1
autor:UC-jS_kA9w-OmpupXDx156Rg,autor:UCzoL2l5H5eVlorWGH8AZfAg,1
autor:UC-jS_kA9w-OmpupXDx156Rg,autor:UCOLGv5Pf6BF2wFcwUzgcvHg,1
autor:UC-jS_kA9w-OmpupXDx156Rg,autor:UCl0ekS9Tt0jJGtOEM18S63w,1
autor:UC-jS_kA9w-OmpupXDx156Rg,autor:UCXSkL3ejZ8qWYyF_M7s_QKA,1
autor:UC-jS_kA9w-OmpupXDx156Rg,autor:UC3MYTqpQqlWBuCB7Th0e0PA,1
autor:UC-jS_kA9w-OmpupXDx156Rg,autor:UCySYJU5kUh7X8gVt9la2ISA,1
autor:UC-jS_kA9w-OmpupXDx156Rg,autor:UCL13XhnRzbGokEkCkEOb0-g,1
autor:UC-jS_kA9w-OmpupXDx156Rg,autor:UCZ51R_9Q9C0c8I3pAWhtmjQ,1
autor:UC-jS_kA9w-OmpupXDx156Rg,autor:UCp4iw5_5SmV9VGTFSNVGOmQ,1
autor:UC-jS_kA9w-OmpupXDx156Rg,autor:UCDUffaruH6dyUnUGwsTKpgg,1
autor:UC-jS_kA9w-OmpupXDx156Rg,autor:UCut6b9S98nv84cVX89PmKzA,1
autor:UC-jS_kA9w-OmpupXDx156Rg,autor:UCsUCN0Yq_UyTvKjOJLmNrnQ,1
autor:UC-jS_kA9w-OmpupXDx156Rg,autor:UCDIMztpVm7G27qBuiWuT6oQ,1
autor:UC-jS_kA9w-OmpupXDx156Rg,autor:UCZLG9qH0tUjNhEGFIUt0CYw,1
autor:UC-jS_kA9w-OmpupXDx156Rg,autor:UChs3tU2BcKOT0CezykvAsGw,1
autor:UC-jS_kA9w-OmpupXDx156Rg,autor:UCrJn_rbo_ENAdeqneS-RmRw,1
autor:UC-jS_kA9w-OmpupXDx156Rg,autor:UC8F2V63KZ4ZEay6opX2hAQw,1
autor:UC-jS_kA9w-OmpupXDx156Rg,autor:UCThW2XNsAaBKme5PUt7n-Zg,1
autor:UC-jS_kA9w-OmpupXDx156Rg,autor:UCmvOgzmmXbjUthHy-WJ52hQ,1
autor:UC-jS_kA9w-OmpupXDx156Rg,autor:UCpsKOkt5iWTbenzeuq7dsmQ,1
autor:UC-jS_kA9w-OmpupXDx156Rg,autor:UCFoIAE8k82D6AV-8gjjKaNg,1
autor:UC-jS_kA9w-OmpupXDx156Rg,autor:UC3NMzdMYryaw82kPTnsaljg,1
autor:UC-jS_kA9w-OmpupXDx156Rg,autor:UCFjudnPLoaSL1BaRuLahyHg,1
autor:UC-jS_kA9w-OmpupXDx156Rg,autor:UCi1b_TRQfgO1Z9O2gNGGWNA,1
autor:UC-jS_kA9w-OmpupXDx156Rg,autor:UCfM3nrxtTQMY5jFx1v1J4Gg,1
autor:UC-jS_kA9w-OmpupXDx156Rg,autor:UC7VUuJr9cGh845CmTvf7TlQ,1
autor:UC-jS_kA9w-OmpupXDx156Rg,autor:UCjmPuazZJzscrwvk0QR9RVw,1
autor:UC-jS_kA9w-OmpupXDx156Rg,autor:UCtNfIBnc5S5DbbQj_yxgJTw,1
autor:UC-jS_kA9w-OmpupXDx156Rg,autor:UC72gBAtyb_VXQlYDcFrh6oQ,1
autor:UC-jS_kA9w-OmpupXDx156Rg,autor:UCmjppp6ujz3SAnULvP3sZMw,1
autor:UC-jS_kA9w-OmpupXDx156Rg,autor:UCzSfZlOVxBSs5ObD25ywxDQ,1
autor:UC-jS_kA9w-OmpupXDx156Rg,autor:UCTylKrsqkrBKIqubMu_5N0Q,1
autor:UC-jS_kA9w-OmpupXDx156Rg,autor:UCB5p8a5gklc80jJItP6xTHg,1
autor:UC-jS_kA9w-OmpupXDx156Rg,autor:UCQqetiwzzmRNTM5OWuXarGQ,1
autor:UC-jS_kA9w-OmpupXDx156Rg,autor:UCOS8ViEkccrTZx2w2ccxotA,1
autor:UC-jS_kA9w-OmpupXDx156Rg,autor:UCh5ESQvtzyHDhCA7XyekCFA,1
autor:UC-jS_kA9w-OmpupXDx156Rg,autor:UCNkcuy42zEwddwEcOd_HpnA,1
autor:UC-jS_kA9w-OmpupXDx156Rg,autor:UCjSKM9j0Q7HLDr1hD6D-TUw,1
autor:UC-jS_kA9w-OmpupXDx156Rg,autor:UCujPF2nBgsTD62nWE3lcpIg,1
autor:UC-jS_kA9w-OmpupXDx156Rg,autor:UC4cXueR2bKGFJV0Fk76gwmA,1
autor:UC-jS_kA9w-OmpupXDx156Rg,autor:UCpIdtvoFHVLGASGB5ySqIEA,1
autor:UC-jS_kA9w-OmpupXDx156Rg,autor:UChZknRmJkeGeQk0-mQuhDOg,1
autor:UC-jS_kA9w-OmpupXDx156Rg,autor:UC2weSE8rpqkGMOp6StYtVfg,1
autor:UC-jS_kA9w-OmpupXDx156Rg,autor:UCQtSFINs1h6GHkpg9o5kMvg,1
autor:UC-jS_kA9w-OmpupXDx156Rg,autor:UCQgYjVngJRfPHDLGB5X6ZjA,1
autor:UC-jS_kA9w-OmpupXDx156Rg,autor:UC3E9mAgP7VoAE5mZoAexl5g,1
autor:UC-jS_kA9w-OmpupXDx156Rg,autor:UCCaYwkkbQGcvFoUmothVdQQ,1
autor:UC-jS_kA9w-OmpupXDx156Rg,autor:UCHhHUjaMAZ8SiXdCUCj9DkQ,1
autor:UC-jS_kA9w-OmpupXDx156Rg,autor:UC6PvO1_k5lHKGdAPo5_C6TA,1
autor:UC-jS_kA9w-OmpupXDx156Rg,autor:UCDftMWXQoJ6nONfY7GVOVjg,1
autor:UC-jS_kA9w-OmpupXDx156Rg,autor:UCXr8_5WtGeipe4haOoQDgyQ,1
autor:UC-jS_kA9w-OmpupXDx156Rg,autor:UCQtICyzWmhC5woCtbNgaSmg,1
autor:UC-jS_kA9w-OmpupXDx156Rg,autor:UCljDbleJul41G1TzOjOZAVA,1
autor:UC-jS_kA9w-OmpupXDx156Rg,autor:UC6YSZqL0vEcI-niPKIMUGfw,1
autor:UC-jS_kA9w-OmpupXDx156Rg,autor:UCUIIIPTVDVHAXqhC_5V6lPA,1
autor:UC-jS_kA9w-OmpupXDx156Rg,autor:UCj-LL25XJnjxepPKCc3NGog,1
autor:UC-jS_kA9w-OmpupXDx156Rg,autor:UCtUR3_CAiE7fCoZHM6cMfyQ,1
autor:UC-jS_kA9w-OmpupXDx156Rg,autor:UC8G5cJONY8L9voMyBW8Eoug,1
autor:UC-jS_kA9w-OmpupXDx156Rg,autor:UCErZPJpHmLCsXs8ZWkAUupQ,1
autor:UC-jS_kA9w-OmpupXDx156Rg,autor:UCQ_-LPP8JAbfkc-b1Q6NvWw,1
autor:UC-jS_kA9w-OmpupXDx156Rg,autor:UCAmtbUiIrUIhikru0ZoTFig,1
autor:UC-jS_kA9w-OmpupXDx156Rg,autor:UCr1emrogPKkKTs_WTtx71xg,1
autor:UC-jS_kA9w-OmpupXDx156Rg,autor:UCOh6DaZC_x9HASnlRylEMfw,1
autor:UC-jS_kA9w-OmpupXDx156Rg,autor:UCSou6a2OuYGSvPjm5psquyA,1
autor:UC-jS_kA9w-OmpupXDx156Rg,autor:UCV0iizTBoOfdAFX_thfI9BA,1
autor:UC-jS_kA9w-OmpupXDx156Rg,autor:UCsjs5Hp_r86x1xbK6FAeqaA,1
autor:UC-jS_kA9w-OmpupXDx156Rg,autor:UC4wq3DcbfaG6dtCqn8Oyu3w,1
autor:UC-jS_kA9w-OmpupXDx156Rg,autor:UCwha8rxULYMVtNwZWeSkE1A,1
autor:UC-jS_kA9w-OmpupXDx156Rg,autor:UCFxE8GbokBrBsPEKM1xrOjQ,1
autor:UC-jS_kA9w-OmpupXDx156Rg,autor:UCwW2OFy95P7ZBkOPxWkpvYg,1
autor:UC-jS_kA9w-OmpupXDx156Rg,autor:UCA93ym2TXs_Ibyxb4Vcn-6Q,1
autor:UC-jS_kA9w-OmpupXDx156Rg,autor:UCFUuDARXdmmIrLppEqf-rFg,1
autor:UC-jS_kA9w-OmpupXDx156Rg,autor:UCpl8rF8uv_8uui-QRvuJaRA,1
autor:UC-jS_kA9w-OmpupXDx156Rg,autor:UC-pNP6RMFuLg_-x7Ah_0kEA,1
autor:UC-jS_kA9w-OmpupXDx156Rg,autor:UCRETAiYdh2dL5ZxB0_N1zDA,1
autor:UC-jS_kA9w-OmpupXDx156Rg,autor:UCsJJAvrVGupdmhOqgtDp8dg,1
autor:UC-jS_kA9w-OmpupXDx156Rg,autor:UCTP3O0rMnc8z8v8jaDQwL0w,1
autor:UC-jS_kA9w-OmpupXDx156Rg,autor:UCN6qbfPSzFtjhqUDZ3Cv3CQ,1
autor:UC-jS_kA9w-OmpupXDx156Rg,autor:UCvApqeCbLod-wejtT4CcVuA,1
autor:UC-jS_kA9w-OmpupXDx156Rg,autor:UCDPWkUX3sNNaCx-m1dV4glA,1
autor:UC-jS_kA9w-OmpupXDx156Rg,autor:UCYN4wSQ1Sx4_LurxLlW7MPg,1
autor:UC-jS_kA9w-OmpupXDx156Rg,autor:UCueV9cTyTDwgQSec1x2dYgA,1
autor:UC-jS_kA9w-OmpupXDx156Rg,autor:UC3XTwHxygNCgjndsg-UiCQA,1
autor:UC-jS_kA9w-OmpupXDx156Rg,autor:UChgkn5Jt5tWKYMoEOuCjz3Q,1
autor:UC-jS_kA9w-OmpupXDx156Rg,autor:UCEgEQmRbtL5fwr9_DqAC--g,1
autor:UC-jS_kA9w-OmpupXDx156Rg,autor:UC9xr9QvIcDvoZNUX5f-jaZw,1
autor:UC-jS_kA9w-OmpupXDx156Rg,autor:UCRlCV9zSn7avAWh-9_XFWqQ,1
autor:UC-jS_kA9w-OmpupXDx156Rg,autor:UCiMythXHsw7eQEMykCdmMUA,1
autor:UC-jS_kA9w-OmpupXDx156Rg,autor:UC3qn1yJA5PeW9rkGPatQxiw,1
autor:UC-jS_kA9w-OmpupXDx156Rg,autor:UCz3gu01bmjNv0DpRq-K3XYg,1
autor:UC-jS_kA9w-OmpupXDx156Rg,autor:UCkd9W714-947dEE6ZOEBATA,1
autor:UC-jS_kA9w-OmpupXDx156Rg,autor:UCDlr1VadSucIZgZ171pRBjQ,1
autor:UC-jS_kA9w-OmpupXDx156Rg,autor:UCGzXwyCzMzGmjmCbH3Hg01Q,1
autor:UC-jS_kA9w-OmpupXDx156Rg,autor:UCTwSut16JyAg3mX6LVUNGqA,1
autor:UC-jS_kA9w-OmpupXDx156Rg,autor:UCFhxtoeARHPnXXPcDrOU3Xg,1
autor:UC-jS_kA9w-OmpupXDx156Rg,autor:UCKDR0f2fu2UzWL8mBv5-BHw,1
autor:UC-jS_kA9w-OmpupXDx156Rg,autor:UCXXh7yg5KUFIWylTiKVEFKQ,1
autor:UC-jS_kA9w-OmpupXDx156Rg,autor:UCylqlpsh8ENNM1LqgQ1KbxA,1
autor:UC-jS_kA9w-OmpupXDx156Rg,autor:UCYwpX26TrCxq8TvbKGRYLXA,1
autor:UC-jS_kA9w-OmpupXDx156Rg,autor:UCHTGCgY2l-DQJIvlA_cpa_Q,1
autor:UC-jS_kA9w-OmpupXDx156Rg,autor:UCwO2SXr0ggzwg6QWWrr01nQ,1
autor:UC-jS_kA9w-OmpupXDx156Rg,autor:UCXgr7vXlRrsaskPdo097kGA,1
autor:UC-jS_kA9w-OmpupXDx156Rg,autor:UCL1MT278vSaQ83ZDkVWn1gw,1
autor:UC-jS_kA9w-OmpupXDx156Rg,autor:UCsSXdJct-nsS8DsABoEsaYA,1
autor:UC-jS_kA9w-OmpupXDx156Rg,autor:UCDQaQv0hr2SS_PO-CMEwVHg,1
autor:UC-jS_kA9w-OmpupXDx156Rg,autor:UC9vMq1YF-e7C-VO0SHkbUTA,1
autor:UC-jS_kA9w-OmpupXDx156Rg,autor:UCcfdg8crmMJwEuLUsAhV7yg,1
autor:UC-jS_kA9w-OmpupXDx156Rg,autor:UCiGRBf2RNF0WRKhRVT7zFoA,1
autor:UC-jS_kA9w-OmpupXDx156Rg,autor:UCWIZUtKJ636y-4TYrNvok0g,1
autor:UC-jS_kA9w-OmpupXDx156Rg,autor:UCTD6q1nyIe3Y7HhqjaMj72w,1
autor:UC-jS_kA9w-OmpupXDx156Rg,autor:UC2Y_EHWQKevubk4vOEBBFxw,1
autor:UC-jS_kA9w-OmpupXDx156Rg,autor:UC5bG9nc_JV3FsNP2KseQiYw,1
autor:UC-jS_kA9w-OmpupXDx156Rg,autor:UCLggDc_a5HriXv7I1h02sOA,1
autor:UC-jS_kA9w-OmpupXDx156Rg,autor:UCLFdHr9BEbXHkoJopbEPLZw,1
autor:UC-jS_kA9w-OmpupXDx156Rg,autor:UC8r11yOugM2NuRfitQOxLLg,1
autor:UC-jS_kA9w-OmpupXDx156Rg,autor:UCplrIQtaPj6au60_f2-mOYw,1
autor:UC-jS_kA9w-OmpupXDx156Rg,autor:UCxff05WuyvwELNITi7bj7UA,1
autor:UC-jS_kA9w-OmpupXDx156Rg,autor:UC1vr9aaMI2crB0NvwFHUeoQ,1
autor:UC-jS_kA9w-OmpupXDx156Rg,autor:UC650pRT-OYzny3GwOH8Cgfw,1
autor:UC-jS_kA9w-OmpupXDx156Rg,autor:UCAlzM_N6xBlMYmM8EBzX86Q,1
autor:UC-jS_kA9w-OmpupXDx156Rg,autor:UCgvw7xIdGFupzpt1Y_BFkEA,1
autor:UC-jS_kA9w-OmpupXDx156Rg,autor:UCipetjeiWj4CZB6EbyYziZg,1
autor:UC-jS_kA9w-OmpupXDx156Rg,autor:UChep9kVb5gQmpodEEl10Xlg,1
autor:UC-pNP6RMFuLg_-x7Ah_0kEA,autor:UCNBnKqWf4d-rS4HwJRQljmQ,1
autor:UC-pNP6RMFuLg_-x7Ah_0kEA,autor:UCRelkU8JiZBytTzebJxaa-w,1
autor:UC-pNP6RMFuLg_-x7Ah_0kEA,autor:UC5H8ASmMC9WrURmzeB4ySog,1
autor:UC-pNP6RMFuLg_-x7Ah_0kEA,autor:UCzoL2l5H5eVlorWGH8AZfAg,1
autor:UC-pNP6RMFuLg_-x7Ah_0kEA,autor:UCOLGv5Pf6BF2wFcwUzgcvHg,1
autor:UC-pNP6RMFuLg_-x7Ah_0kEA,autor:UCl0ekS9Tt0jJGtOEM18S63w,1
autor:UC-pNP6RMFuLg_-x7Ah_0kEA,autor:UCXSkL3ejZ8qWYyF_M7s_QKA,1
autor:UC-pNP6RMFuLg_-x7Ah_0kEA,autor:UC3MYTqpQqlWBuCB7Th0e0PA,1
autor:UC-pNP6RMFuLg_-x7Ah_0kEA,autor:UCySYJU5kUh7X8gVt9la2ISA,1
autor:UC-pNP6RMFuLg_-x7Ah_0kEA,autor:UCL13XhnRzbGokEkCkEOb0-g,1
autor:UC-pNP6RMFuLg_-x7Ah_0kEA,autor:UCZ51R_9Q9C0c8I3pAWhtmjQ,1
autor:UC-pNP6RMFuLg_-x7Ah_0kEA,autor:UCp4iw5_5SmV9VGTFSNVGOmQ,1
autor:UC-pNP6RMFuLg_-x7Ah_0kEA,autor:UCDUffaruH6dyUnUGwsTKpgg,1
autor:UC-pNP6RMFuLg_-x7Ah_0kEA,autor:UCut6b9S98nv84cVX89PmKzA,1
autor:UC-pNP6RMFuLg_-x7Ah_0kEA,autor:UCsUCN0Yq_UyTvKjOJLmNrnQ,1
autor:UC-pNP6RMFuLg_-x7Ah_0kEA,autor:UCDIMztpVm7G27qBuiWuT6oQ,1
autor:UC-pNP6RMFuLg_-x7Ah_0kEA,autor:UCZLG9qH0tUjNhEGFIUt0CYw,1
autor:UC-pNP6RMFuLg_-x7Ah_0kEA,autor:UChs3tU2BcKOT0CezykvAsGw,1
autor:UC-pNP6RMFuLg_-x7Ah_0kEA,autor:UCrJn_rbo_ENAdeqneS-RmRw,1
autor:UC-pNP6RMFuLg_-x7Ah_0kEA,autor:UC8F2V63KZ4ZEay6opX2hAQw,1
autor:UC-pNP6RMFuLg_-x7Ah_0kEA,autor:UCThW2XNsAaBKme5PUt7n-Zg,1
autor:UC-pNP6RMFuLg_-x7Ah_0kEA,autor:UCmvOgzmmXbjUthHy-WJ52hQ,1
autor:UC-pNP6RMFuLg_-x7Ah_0kEA,autor:UCpsKOkt5iWTbenzeuq7dsmQ,1
autor:UC-pNP6RMFuLg_-x7Ah_0kEA,autor:UCFoIAE8k82D6AV-8gjjKaNg,1
autor:UC-pNP6RMFuLg_-x7Ah_0kEA,autor:UC3NMzdMYryaw82kPTnsaljg,1
autor:UC-pNP6RMFuLg_-x7Ah_0kEA,autor:UCFjudnPLoaSL1BaRuLahyHg,1
autor:UC-pNP6RMFuLg_-x7Ah_0kEA,autor:UCi1b_TRQfgO1Z9O2gNGGWNA,1
autor:UC-pNP6RMFuLg_-x7Ah_0kEA,autor:UCfM3nrxtTQMY5jFx1v1J4Gg,1
autor:UC-pNP6RMFuLg_-x7Ah_0kEA,autor:UC7VUuJr9cGh845CmTvf7TlQ,1
autor:UC-pNP6RMFuLg_-x7Ah_0kEA,autor:UCjmPuazZJzscrwvk0QR9RVw,1
autor:UC-pNP6RMFuLg_-x7Ah_0kEA,autor:UCtNfIBnc5S5DbbQj_yxgJTw,1
autor:UC-pNP6RMFuLg_-x7Ah_0kEA,autor:UC72gBAtyb_VXQlYDcFrh6oQ,1
autor:UC-pNP6RMFuLg_-x7Ah_0kEA,autor:UCmjppp6ujz3SAnULvP3sZMw,1
autor:UC-pNP6RMFuLg_-x7Ah_0kEA,autor:UCzSfZlOVxBSs5ObD25ywxDQ,1
autor:UC-pNP6RMFuLg_-x7Ah_0kEA,autor:UCTylKrsqkrBKIqubMu_5N0Q,1
autor:UC-pNP6RMFuLg_-x7Ah_0kEA,autor:UCB5p8a5gklc80jJItP6xTHg,1
autor:UC-pNP6RMFuLg_-x7Ah_0kEA,autor:UCQqetiwzzmRNTM5OWuXarGQ,1
autor:UC-pNP6RMFuLg_-x7Ah_0kEA,autor:UCOS8ViEkccrTZx2w2ccxotA,1
autor:UC-pNP6RMFuLg_-x7Ah_0kEA,autor:UCh5ESQvtzyHDhCA7XyekCFA,1
autor:UC-pNP6RMFuLg_-x7Ah_0kEA,autor:UCNkcuy42zEwddwEcOd_HpnA,1
autor:UC-pNP6RMFuLg_-x7Ah_0kEA,autor:UCjSKM9j0Q7HLDr1hD6D-TUw,1
autor:UC-pNP6RMFuLg_-x7Ah_0kEA,autor:UCujPF2nBgsTD62nWE3lcpIg,1
autor:UC-pNP6RMFuLg_-x7Ah_0kEA,autor:UC4cXueR2bKGFJV0Fk76gwmA,1
autor:UC-pNP6RMFuLg_-x7Ah_0kEA,autor:UCpIdtvoFHVLGASGB5ySqIEA,1
autor:UC-pNP6RMFuLg_-x7Ah_0kEA,autor:UChZknRmJkeGeQk0-mQuhDOg,1
autor:UC-pNP6RMFuLg_-x7Ah_0kEA,autor:UC2weSE8rpqkGMOp6StYtVfg,1
autor:UC-pNP6RMFuLg_-x7Ah_0kEA,autor:UCQtSFINs1h6GHkpg9o5kMvg,1
autor:UC-pNP6RMFuLg_-x7Ah_0kEA,autor:UCQgYjVngJRfPHDLGB5X6ZjA,1
autor:UC-pNP6RMFuLg_-x7Ah_0kEA,autor:UC3E9mAgP7VoAE5mZoAexl5g,1
autor:UC-pNP6RMFuLg_-x7Ah_0kEA,autor:UCCaYwkkbQGcvFoUmothVdQQ,1
autor:UC-pNP6RMFuLg_-x7Ah_0kEA,autor:UCHhHUjaMAZ8SiXdCUCj9DkQ,1
autor:UC-pNP6RMFuLg_-x7Ah_0kEA,autor:UC6PvO1_k5lHKGdAPo5_C6TA,1
autor:UC-pNP6RMFuLg_-x7Ah_0kEA,autor:UCDftMWXQoJ6nONfY7GVOVjg,1
autor:UC-pNP6RMFuLg_-x7Ah_0kEA,autor:UCXr8_5WtGeipe4haOoQDgyQ,1
autor:UC-pNP6RMFuLg_-x7Ah_0kEA,autor:UCQtICyzWmhC5woCtbNgaSmg,1
autor:UC-pNP6RMFuLg_-x7Ah_0kEA,autor:UCljDbleJul41G1TzOjOZAVA,1
autor:UC-pNP6RMFuLg_-x7Ah_0kEA,autor:UC6YSZqL0vEcI-niPKIMUGfw,1
autor:UC-pNP6RMFuLg_-x7Ah_0kEA,autor:UCUIIIPTVDVHAXqhC_5V6lPA,1
autor:UC-pNP6RMFuLg_-x7Ah_0kEA,autor:UCj-LL25XJnjxepPKCc3NGog,1
autor:UC-pNP6RMFuLg_-x7Ah_0kEA,autor:UCtUR3_CAiE7fCoZHM6cMfyQ,1
autor:UC-pNP6RMFuLg_-x7Ah_0kEA,autor:UC8G5cJONY8L9voMyBW8Eoug,1
autor:UC-pNP6RMFuLg_-x7Ah_0kEA,autor:UCErZPJpHmLCsXs8ZWkAUupQ,1
autor:UC-pNP6RMFuLg_-x7Ah_0kEA,autor:UCQ_-LPP8JAbfkc-b1Q6NvWw,1
autor:UC-pNP6RMFuLg_-x7Ah_0kEA,autor:UCAmtbUiIrUIhikru0ZoTFig,1
autor:UC-pNP6RMFuLg_-x7Ah_0kEA,autor:UCr1emrogPKkKTs_WTtx71xg,1
autor:UC-pNP6RMFuLg_-x7Ah_0kEA,autor:UCOh6DaZC_x9HASnlRylEMfw,1
autor:UC-pNP6RMFuLg_-x7Ah_0kEA,autor:UCSou6a2OuYGSvPjm5psquyA,1
autor:UC-pNP6RMFuLg_-x7Ah_0kEA,autor:UCV0iizTBoOfdAFX_thfI9BA,1
autor:UC-pNP6RMFuLg_-x7Ah_0kEA,autor:UCsjs5Hp_r86x1xbK6FAeqaA,1
autor:UC-pNP6RMFuLg_-x7Ah_0kEA,autor:UC4wq3DcbfaG6dtCqn8Oyu3w,1
autor:UC-pNP6RMFuLg_-x7Ah_0kEA,autor:UCwha8rxULYMVtNwZWeSkE1A,1
autor:UC-pNP6RMFuLg_-x7Ah_0kEA,autor:UCFxE8GbokBrBsPEKM1xrOjQ,1
autor:UC-pNP6RMFuLg_-x7Ah_0kEA,autor:UCwW2OFy95P7ZBkOPxWkpvYg,1
autor:UC-pNP6RMFuLg_-x7Ah_0kEA,autor:UCA93ym2TXs_Ibyxb4Vcn-6Q,1
autor:UC-pNP6RMFuLg_-x7Ah_0kEA,autor:UCFUuDARXdmmIrLppEqf-rFg,1
autor:UC-pNP6RMFuLg_-x7Ah_0kEA,autor:UCpl8rF8uv_8uui-QRvuJaRA,1
autor:UC-pNP6RMFuLg_-x7Ah_0kEA,autor:UCRETAiYdh2dL5ZxB0_N1zDA,1
autor:UC-pNP6RMFuLg_-x7Ah_0kEA,autor:UCsJJAvrVGupdmhOqgtDp8dg,1
autor:UC-pNP6RMFuLg_-x7Ah_0kEA,autor:UCTP3O0rMnc8z8v8jaDQwL0w,1
autor:UC-pNP6RMFuLg_-x7Ah_0kEA,autor:UCN6qbfPSzFtjhqUDZ3Cv3CQ,1
autor:UC-pNP6RMFuLg_-x7Ah_0kEA,autor:UCvApqeCbLod-wejtT4CcVuA,1
autor:UC-pNP6RMFuLg_-x7Ah_0kEA,autor:UCDPWkUX3sNNaCx-m1dV4glA,1
autor:UC-pNP6RMFuLg_-x7Ah_0kEA,autor:UCYN4wSQ1Sx4_LurxLlW7MPg,1
autor:UC-pNP6RMFuLg_-x7Ah_0kEA,autor:UCueV9cTyTDwgQSec1x2dYgA,1
autor:UC-pNP6RMFuLg_-x7Ah_0kEA,autor:UC3XTwHxygNCgjndsg-UiCQA,1
autor:UC-pNP6RMFuLg_-x7Ah_0kEA,autor:UChgkn5Jt5tWKYMoEOuCjz3Q,1
autor:UC-pNP6RMFuLg_-x7Ah_0kEA,autor:UCEgEQmRbtL5fwr9_DqAC--g,1
autor:UC-pNP6RMFuLg_-x7Ah_0kEA,autor:UC9xr9QvIcDvoZNUX5f-jaZw,1
autor:UC-pNP6RMFuLg_-x7Ah_0kEA,autor:UCRlCV9zSn7avAWh-9_XFWqQ,1
autor:UC-pNP6RMFuLg_-x7Ah_0kEA,autor:UCiMythXHsw7eQEMykCdmMUA,1
autor:UC-pNP6RMFuLg_-x7Ah_0kEA,autor:UC3qn1yJA5PeW9rkGPatQxiw,1
autor:UC-pNP6RMFuLg_-x7Ah_0kEA,autor:UCz3gu01bmjNv0DpRq-K3XYg,1
autor:UC-pNP6RMFuLg_-x7Ah_0kEA,autor:UCkd9W714-947dEE6ZOEBATA,1
autor:UC-pNP6RMFuLg_-x7Ah_0kEA,autor:UCDlr1VadSucIZgZ171pRBjQ,1
autor:UC-pNP6RMFuLg_-x7Ah_0kEA,autor:UCGzXwyCzMzGmjmCbH3Hg01Q,1
autor:UC-pNP6RMFuLg_-x7Ah_0kEA,autor:UCTwSut16JyAg3mX6LVUNGqA,1
autor:UC-pNP6RMFuLg_-x7Ah_0kEA,autor:UCFhxtoeARHPnXXPcDrOU3Xg,1
autor:UC-pNP6RMFuLg_-x7Ah_0kEA,autor:UCKDR0f2fu2UzWL8mBv5-BHw,1
autor:UC-pNP6RMFuLg_-x7Ah_0kEA,autor:UCXXh7yg5KUFIWylTiKVEFKQ,1
autor:UC-pNP6RMFuLg_-x7Ah_0kEA,autor:UCylqlpsh8ENNM1LqgQ1KbxA,1
autor:UC-pNP6RMFuLg_-x7Ah_0kEA,autor:UCYwpX26TrCxq8TvbKGRYLXA,1
autor:UC-pNP6RMFuLg_-x7Ah_0kEA,autor:UCHTGCgY2l-DQJIvlA_cpa_Q,1
autor:UC-pNP6RMFuLg_-x7Ah_0kEA,autor:UCwO2SXr0ggzwg6QWWrr01nQ,1
autor:UC-pNP6RMFuLg_-x7Ah_0kEA,autor:UCXgr7vXlRrsaskPdo097kGA,1
autor:UC-pNP6RMFuLg_-x7Ah_0kEA,autor:UCL1MT278vSaQ83ZDkVWn1gw,1
autor:UC-pNP6RMFuLg_-x7Ah_0kEA,autor:UCsSXdJct-nsS8DsABoEsaYA,1
autor:UC-pNP6RMFuLg_-x7Ah_0kEA,autor:UCDQaQv0hr2SS_PO-CMEwVHg,1
autor:UC-pNP6RMFuLg_-x7Ah_0kEA,autor:UC9vMq1YF-e7C-VO0SHkbUTA,1
autor:UC-pNP6RMFuLg_-x7Ah_0kEA,autor:UCcfdg8crmMJwEuLUsAhV7yg,1
autor:UC-pNP6RMFuLg_-x7Ah_0kEA,autor:UCiGRBf2RNF0WRKhRVT7zFoA,1
autor:UC-pNP6RMFuLg_-x7Ah_0kEA,autor:UCWIZUtKJ636y-4TYrNvok0g,1
autor:UC-pNP6RMFuLg_-x7Ah_0kEA,autor:UCTD6q1nyIe3Y7HhqjaMj72w,1
autor:UC-pNP6RMFuLg_-x7Ah_0kEA,autor:UC2Y_EHWQKevubk4vOEBBFxw,1
autor:UC-pNP6RMFuLg_-x7Ah_0kEA,autor:UC5bG9nc_JV3FsNP2KseQiYw,1
autor:UC-pNP6RMFuLg_-x7Ah_0kEA,autor:UCLggDc_a5HriXv7I1h02sOA,1
autor:UC-pNP6RMFuLg_-x7Ah_0kEA,autor:UCLFdHr9BEbXHkoJopbEPLZw,1
autor:UC-pNP6RMFuLg_-x7Ah_0kEA,autor:UC8r11yOugM2NuRfitQOxLLg,1
autor:UC-pNP6RMFuLg_-x7Ah_0kEA,autor:UCplrIQtaPj6au60_f2-mOYw,1
autor:UC-pNP6RMFuLg_-x7Ah_0kEA,autor:UCxff05WuyvwELNITi7bj7UA,1
autor:UC-pNP6RMFuLg_-x7Ah_0kEA,autor:UC1vr9aaMI2crB0NvwFHUeoQ,1
autor:UC-pNP6RMFuLg_-x7Ah_0kEA,autor:UC650pRT-OYzny3GwOH8Cgfw,1
autor:UC-pNP6RMFuLg_-x7Ah_0kEA,autor:UCAlzM_N6xBlMYmM8EBzX86Q,1
autor:UC-pNP6RMFuLg_-x7Ah_0kEA,autor:UCgvw7xIdGFupzpt1Y_BFkEA,1
autor:UC-pNP6RMFuLg_-x7Ah_0kEA,autor:UCipetjeiWj4CZB6EbyYziZg,1
autor:UC-pNP6RMFuLg_-x7Ah_0kEA,autor:UChep9kVb5gQmpodEEl10Xlg,1
autor:UC094EFEmMSdwVa8NQjjYBXg,autor:UC3iIU62XKUOWuqL8BqBzj9A,1
autor:UC094EFEmMSdwVa8NQjjYBXg,autor:UC5PrBbmUlQolwqmiru7yZhw,1
autor:UC094EFEmMSdwVa8NQjjYBXg,autor:UCGm3gRBEHGRJYmtCryZLtDw,1
autor:UC094EFEmMSdwVa8NQjjYBXg,autor:UCsUCN0Yq_UyTvKjOJLmNrnQ,1
autor:UC094EFEmMSdwVa8NQjjYBXg,autor:UCHu8x4MVkayU6VgwVKd--MQ,1
autor:UC094EFEmMSdwVa8NQjjYBXg,autor:UC9Wp6vL5oCU37qC3Aj94WZA,1
autor:UC0HvfEWozTHbwl_iEmJNvVA,autor:UCeQk-WfEA-cJRq4EKeE7TOw,1
autor:UC0HvfEWozTHbwl_iEmJNvVA,autor:UCWaRixDdpgllTBf4V0jPnKQ,1
autor:UC0HvfEWozTHbwl_iEmJNvVA,autor:UC3YpzAr7pcdKC7BVFEpYzog,1
autor:UC0HvfEWozTHbwl_iEmJNvVA,autor:UCjZgFEowMBrsjodqfovzdKw,1
autor:UC0HvfEWozTHbwl_iEmJNvVA,autor:UCRfkkatKrNtAARnXMMYBGlA,1
autor:UC0HvfEWozTHbwl_iEmJNvVA,autor:UC63tFvbQ_hJhGDi2nbjssjw,1
autor:UC0HvfEWozTHbwl_iEmJNvVA,autor:UChyps3dqY-VY1_wLeq-2lhw,1
autor:UC0HvfEWozTHbwl_iEmJNvVA,autor:UC1NiEdJ7gk6FlDexIalWnGg,1
autor:UC0HvfEWozTHbwl_iEmJNvVA,autor:UCp29O_C7cchZV8IxV7Crdag,1
autor:UC0HvfEWozTHbwl_iEmJNvVA,autor:UCV3fr-YOixFKCZBbJP1-X4w,1
autor:UC0HvfEWozTHbwl_iEmJNvVA,autor:UC14qlobYKqD-DO0j6b75lcA,1
autor:UC0HvfEWozTHbwl_iEmJNvVA,autor:UCWvntqPQx99k_Z_skWKqNSA,1
autor:UC0HvfEWozTHbwl_iEmJNvVA,autor:UCa36MjQLoPAmgJo-R3G8WQA,1
autor:UC0HvfEWozTHbwl_iEmJNvVA,autor:UCzZ6dDCEsLMXbc5pCFXIprw,1
autor:UC0HvfEWozTHbwl_iEmJNvVA,autor:UCwxoKK59nGCeBqB2sXfDBIw,1
autor:UC0HvfEWozTHbwl_iEmJNvVA,autor:UCvDwJBBY1mHK70aTEYl6rsA,1
autor:UC0HvfEWozTHbwl_iEmJNvVA,autor:UCiOZX__1gahg1ypIj0_XG_w,1
autor:UC0HvfEWozTHbwl_iEmJNvVA,autor:UCFybmWapGvBKcQod7cPPH9w,1
autor:UC0HvfEWozTHbwl_iEmJNvVA,autor:UCoGdCoJg2Lh0OX_jv6cG16g,1
autor:UC0HvfEWozTHbwl_iEmJNvVA,autor:UCaT4saRcyqCLE657Rq2hhZQ,1
autor:UC0HvfEWozTHbwl_iEmJNvVA,autor:UCZFQwqh90apuL8eFhvRBkUg,1
autor:UC0HvfEWozTHbwl_iEmJNvVA,autor:UCfo_yUPzy1f1POwwZxhZ06Q,1
autor:UC0HvfEWozTHbwl_iEmJNvVA,autor:UCtsxPYw8VUsH_FfnKg-0lmw,1
autor:UC0HvfEWozTHbwl_iEmJNvVA,autor:UCEHXl4VvvVpq-_4xC5tsbhg,1
autor:UC0HvfEWozTHbwl_iEmJNvVA,autor:UCgGqw4aqMdMVSGkKiMgrJRQ,1
autor:UC0HvfEWozTHbwl_iEmJNvVA,autor:UCtCtts20bW6F9CSohau51Iw,1
autor:UC0HvfEWozTHbwl_iEmJNvVA,autor:UCheEJ5GZuIvV0fj-nXyVwXw,1
autor:UC0HvfEWozTHbwl_iEmJNvVA,autor:UCql1n3Ey6ULMSOACjMe-fxQ,1
autor:UC0HvfEWozTHbwl_iEmJNvVA,autor:UCyJhqmMbsvjpoarBBStA2kg,1
autor:UC0RpuMwkDKJYqgKHtsJRuWQ,autor:UCtMBF_1O2jY2INlb_luuB_A,1
autor:UC0RpuMwkDKJYqgKHtsJRuWQ,autor:UCSTAUWVc1_82DHYeqOsqEFA,1
autor:UC0RpuMwkDKJYqgKHtsJRuWQ,autor:UC5fvhAfm89JH8eDFdvc0xYw,1
autor:UC0RpuMwkDKJYqgKHtsJRuWQ,autor:UCyzf29IYjNw67gGIfsjgtxA,1
autor:UC0RpuMwkDKJYqgKHtsJRuWQ,autor:UC5PyGvSfFM--OVKmQ3COu6g,1
autor:UC0RpuMwkDKJYqgKHtsJRuWQ,autor:UCIp19h9igblA2YKfSLPDAug,1
autor:UC0RpuMwkDKJYqgKHtsJRuWQ,autor:UCgLurCo-e019HGODcjXHWCw,1
autor:UC0RpuMwkDKJYqgKHtsJRuWQ,autor:UC0aEyakBPqcBkVJiErfSupQ,1
autor:UC0RpuMwkDKJYqgKHtsJRuWQ,autor:UCRcSR3Lvn9DZAmJpVPANfZQ,1
autor:UC0RpuMwkDKJYqgKHtsJRuWQ,autor:UCxKR3RA8T-kxMgq_2WWhRcQ,1
autor:UC0RpuMwkDKJYqgKHtsJRuWQ,autor:UCXmrpc6Li0spcKxtS0Q_ptg,1
autor:UC0RpuMwkDKJYqgKHtsJRuWQ,autor:UC_ljZ1hZXR9pzexFz87P5ZA,1
autor:UC0RpuMwkDKJYqgKHtsJRuWQ,autor:UCGqKxQS-z3NZzZF-2w338AA,1
autor:UC0RpuMwkDKJYqgKHtsJRuWQ,autor:UCs_5qeqdku9tGAq22y3OcuQ,1
autor:UC0RpuMwkDKJYqgKHtsJRuWQ,autor:UCwUAv3_LpWVtTIi7lkmTL7A,1
autor:UC0RpuMwkDKJYqgKHtsJRuWQ,autor:UCaT6M2zp7X6r6Whd8Vv3kHQ,1
autor:UC0RpuMwkDKJYqgKHtsJRuWQ,autor:UCRznz9-N3Qc1w-qNdLSIY2Q,1
autor:UC0RpuMwkDKJYqgKHtsJRuWQ,autor:UCIUhbSCy3-SGRe5UtqM4fzQ,1
autor:UC0RpuMwkDKJYqgKHtsJRuWQ,autor:UCqilIa8r7iek5sGYg_q6ofA,1
autor:UC0RpuMwkDKJYqgKHtsJRuWQ,autor:UCY7Hq7F9Lnucf-Yr6JkHZNw,1
autor:UC0RpuMwkDKJYqgKHtsJRuWQ,autor:UCgLrWFdYitoP-b7-PxtUr-w,1
autor:UC0RpuMwkDKJYqgKHtsJRuWQ,autor:UCi-vPdnpQreC7BkFs40mJGA,1
autor:UC0RpuMwkDKJYqgKHtsJRuWQ,autor:UCFOxCyF926Y9eHhMeVoWLzw,1
autor:UC0RpuMwkDKJYqgKHtsJRuWQ,autor:UCHMQ_lDhibZ-XZ_3fo6oxwg,1
autor:UC0aEyakBPqcBkVJiErfSupQ,autor:UCtMBF_1O2jY2INlb_luuB_A,1
autor:UC0aEyakBPqcBkVJiErfSupQ,autor:UCSTAUWVc1_82DHYeqOsqEFA,1
autor:UC0aEyakBPqcBkVJiErfSupQ,autor:UC5fvhAfm89JH8eDFdvc0xYw,1
autor:UC0aEyakBPqcBkVJiErfSupQ,autor:UCyzf29IYjNw67gGIfsjgtxA,1
autor:UC0aEyakBPqcBkVJiErfSupQ,autor:UC5PyGvSfFM--OVKmQ3COu6g,1
autor:UC0aEyakBPqcBkVJiErfSupQ,autor:UCIp19h9igblA2YKfSLPDAug,1
autor:UC0aEyakBPqcBkVJiErfSupQ,autor:UCgLurCo-e019HGODcjXHWCw,1
autor:UC0aEyakBPqcBkVJiErfSupQ,autor:UCRcSR3Lvn9DZAmJpVPANfZQ,1
autor:UC0aEyakBPqcBkVJiErfSupQ,autor:UCxKR3RA8T-kxMgq_2WWhRcQ,1
autor:UC0aEyakBPqcBkVJiErfSupQ,autor:UCXmrpc6Li0spcKxtS0Q_ptg,1
autor:UC0aEyakBPqcBkVJiErfSupQ,autor:UC_ljZ1hZXR9pzexFz87P5ZA,1
autor:UC0aEyakBPqcBkVJiErfSupQ,autor:UCGqKxQS-z3NZzZF-2w338AA,1
autor:UC0aEyakBPqcBkVJiErfSupQ,autor:UCs_5qeqdku9tGAq22y3OcuQ,1
autor:UC0aEyakBPqcBkVJiErfSupQ,autor:UCwUAv3_LpWVtTIi7lkmTL7A,1
autor:UC0aEyakBPqcBkVJiErfSupQ,autor:UCaT6M2zp7X6r6Whd8Vv3kHQ,1
autor:UC0aEyakBPqcBkVJiErfSupQ,autor:UCRznz9-N3Qc1w-qNdLSIY2Q,1
autor:UC0aEyakBPqcBkVJiErfSupQ,autor:UCIUhbSCy3-SGRe5UtqM4fzQ,1
autor:UC0aEyakBPqcBkVJiErfSupQ,autor:UCqilIa8r7iek5sGYg_q6ofA,1
autor:UC0aEyakBPqcBkVJiErfSupQ,autor:UCY7Hq7F9Lnucf-Yr6JkHZNw,1
autor:UC0aEyakBPqcBkVJiErfSupQ,autor:UCgLrWFdYitoP-b7-PxtUr-w,1
autor:UC0aEyakBPqcBkVJiErfSupQ,autor:UCi-vPdnpQreC7BkFs40mJGA,1
autor:UC0aEyakBPqcBkVJiErfSupQ,autor:UCFOxCyF926Y9eHhMeVoWLzw,1
autor:UC0aEyakBPqcBkVJiErfSupQ,autor:UCHMQ_lDhibZ-XZ_3fo6oxwg,1
autor:UC14qlobYKqD-DO0j6b75lcA,autor:UCeQk-WfEA-cJRq4EKeE7TOw,1
autor:UC14qlobYKqD-DO0j6b75lcA,autor:UCWaRixDdpgllTBf4V0jPnKQ,1
autor:UC14qlobYKqD-DO0j6b75lcA,autor:UC3YpzAr7pcdKC7BVFEpYzog,1
autor:UC14qlobYKqD-DO0j6b75lcA,autor:UCjZgFEowMBrsjodqfovzdKw,1
autor:UC14qlobYKqD-DO0j6b75lcA,autor:UCRfkkatKrNtAARnXMMYBGlA,1
autor:UC14qlobYKqD-DO0j6b75lcA,autor:UC63tFvbQ_hJhGDi2nbjssjw,1
autor:UC14qlobYKqD-DO0j6b75lcA,autor:UChyps3dqY-VY1_wLeq-2lhw,1
autor:UC14qlobYKqD-DO0j6b75lcA,autor:UC1NiEdJ7gk6FlDexIalWnGg,1
autor:UC14qlobYKqD-DO0j6b75lcA,autor:UCp29O_C7cchZV8IxV7Crdag,1
autor:UC14qlobYKqD-DO0j6b75lcA,autor:UCV3fr-YOixFKCZBbJP1-X4w,1
autor:UC14qlobYKqD-DO0j6b75lcA,autor:UCWvntqPQx99k_Z_skWKqNSA,1
autor:UC14qlobYKqD-DO0j6b75lcA,autor:UCa36MjQLoPAmgJo-R3G8WQA,1
autor:UC14qlobYKqD-DO0j6b75lcA,autor:UCzZ6dDCEsLMXbc5pCFXIprw,1
autor:UC14qlobYKqD-DO0j6b75lcA,autor:UCwxoKK59nGCeBqB2sXfDBIw,1
autor:UC14qlobYKqD-DO0j6b75lcA,autor:UCvDwJBBY1mHK70aTEYl6rsA,1
autor:UC14qlobYKqD-DO0j6b75lcA,autor:UCiOZX__1gahg1ypIj0_XG_w,1
autor:UC14qlobYKqD-DO0j6b75lcA,autor:UCFybmWapGvBKcQod7cPPH9w,1
autor:UC14qlobYKqD-DO0j6b75lcA,autor:UCoGdCoJg2Lh0OX_jv6cG16g,1
autor:UC14qlobYKqD-DO0j6b75lcA,autor:UCaT4saRcyqCLE657Rq2hhZQ,1
autor:UC14qlobYKqD-DO0j6b75lcA,autor:UCZFQwqh90apuL8eFhvRBkUg,1
autor:UC14qlobYKqD-DO0j6b75lcA,autor:UCfo_yUPzy1f1POwwZxhZ06Q,1
autor:UC14qlobYKqD-DO0j6b75lcA,autor:UCtsxPYw8VUsH_FfnKg-0lmw,1
autor:UC14qlobYKqD-DO0j6b75lcA,autor:UCEHXl4VvvVpq-_4xC5tsbhg,1
autor:UC14qlobYKqD-DO0j6b75lcA,autor:UCgGqw4aqMdMVSGkKiMgrJRQ,1
autor:UC14qlobYKqD-DO0j6b75lcA,autor:UCtCtts20bW6F9CSohau51Iw,1
autor:UC14qlobYKqD-DO0j6b75lcA,autor:UCheEJ5GZuIvV0fj-nXyVwXw,1
autor:UC14qlobYKqD-DO0j6b75lcA,autor:UCql1n3Ey6ULMSOACjMe-fxQ,1
autor:UC14qlobYKqD-DO0j6b75lcA,autor:UCyJhqmMbsvjpoarBBStA2kg,1
autor:UC1DpqK6vaPEkBOMNvypsKYg,autor:UCWoAVGVqCn4xtINCMOTM4jg,1
autor:UC1DpqK6vaPEkBOMNvypsKYg,autor:UCDrmf9y9nLgFY5wnA2hTuGA,1
autor:UC1DpqK6vaPEkBOMNvypsKYg,autor:UCylqlpsh8ENNM1LqgQ1KbxA,1
autor:UC1DpqK6vaPEkBOMNvypsKYg,autor:UCQyOePccUP-fIJYzchAgZYw,1
autor:UC1DpqK6vaPEkBOMNvypsKYg,autor:UC3UVO7pTbeYvZ3ILEyRDskQ,1
autor:UC1DpqK6vaPEkBOMNvypsKYg,autor:UCpe5jW3MIqkgTJ-PgkzvM6Q,1
autor:UC1DpqK6vaPEkBOMNvypsKYg,autor:UColMq7LmaoY3MT6aIDGrGvA,1
autor:UC1DpqK6vaPEkBOMNvypsKYg,autor:UCiC-Jn7wdgyQV4_Urk0DkWQ,1
autor:UC1DpqK6vaPEkBOMNvypsKYg,autor:UC5hvEnRUzI4Kfvwnyi4QxqQ,1
autor:UC1DpqK6vaPEkBOMNvypsKYg,autor:UCsGoJEvb-cFPZ2rWoJcXzEQ,1
autor:UC1DpqK6vaPEkBOMNvypsKYg,autor:UC95PSMouTx2N5CbSq0hIyrQ,1
autor:UC1DpqK6vaPEkBOMNvypsKYg,autor:UCRAquv8el-tQ30bN7MlmySQ,1
autor:UC1DpqK6vaPEkBOMNvypsKYg,autor:UCgJNFj5dnxXpcMvmuhZDPxA,1
autor:UC1DpqK6vaPEkBOMNvypsKYg,autor:UClqA491Xa5fQcXcJJa-vTWw,1
autor:UC1DpqK6vaPEkBOMNvypsKYg,autor:UCkbsS_3D-pvg1iHOld9uvIg,1
autor:UC1DpqK6vaPEkBOMNvypsKYg,autor:UC6Uj1FT5JjDSF8vudvDxPAA,1
autor:UC1DpqK6vaPEkBOMNvypsKYg,autor:UCRvPToDkkumha7WJAfCDk1A,1
autor:UC1DpqK6vaPEkBOMNvypsKYg,autor:UCdFlugHJJa4l3YqWuNRmvXw,1
autor:UC1DpqK6vaPEkBOMNvypsKYg,autor:UCu8_3-Wg-YzNyvHYQDEscfw,1
autor:UC1DpqK6vaPEkBOMNvypsKYg,autor:UCZeIIQrGAedW8tCbKWmGY-A,1
autor:UC1DpqK6vaPEkBOMNvypsKYg,autor:UC_LYoGs5C3mbZKZuKuqYCvw,1
autor:UC1DpqK6vaPEkBOMNvypsKYg,autor:UCqCrvuoJpC-aVb0f4logQRQ,1
autor:UC1DpqK6vaPEkBOMNvypsKYg,autor:UClhMWQ7XKWywYvbRnuf8QsA,1
autor:UC1DpqK6vaPEkBOMNvypsKYg,autor:UCOcUI5XkTYNMSFhZNMIPpGg,1
autor:UC1DpqK6vaPEkBOMNvypsKYg,autor:UCgQw_Sbq3ugruDUKsq1e0-A,1
autor:UC1DpqK6vaPEkBOMNvypsKYg,autor:UCaKAjTW9MVub_clgr4DRYjQ,1
autor:UC1DpqK6vaPEkBOMNvypsKYg,autor:UC32oozucwCF3q8d4m8fyOUg,1
autor:UC1DpqK6vaPEkBOMNvypsKYg,autor:UCCBYcToQ2dwkd6TJh0FSyDg,1
autor:UC1DpqK6vaPEkBOMNvypsKYg,autor:UCQqlPPUGqAfWjd-FSh_qn7Q,1
autor:UC1DpqK6vaPEkBOMNvypsKYg,autor:UCwjUvRseNtJoItylIyIez7Q,1
autor:UC1DpqK6vaPEkBOMNvypsKYg,autor:UCe8JZoYkX5oKUZyivHYdXhw,1
autor:UC1DpqK6vaPEkBOMNvypsKYg,autor:UCNpt5CQlTzNjlAKY6CJtClQ,1
autor:UC1DpqK6vaPEkBOMNvypsKYg,autor:UCkVtmkK07b2zaVVNssX4lOg,1
autor:UC1DpqK6vaPEkBOMNvypsKYg,autor:UCHbwIx9pmQuf7i-4_xO2EpA,1
autor:UC1DpqK6vaPEkBOMNvypsKYg,autor:UCW-JC6lebVmf2P1dmY_L94g,1
autor:UC1DpqK6vaPEkBOMNvypsKYg,autor:UCW80DaMjQlEUibC98Cot-Dg,1
autor:UC1DpqK6vaPEkBOMNvypsKYg,autor:UCpsKOkt5iWTbenzeuq7dsmQ,1
autor:UC1DpqK6vaPEkBOMNvypsKYg,autor:UCeDNEtI8_a42bZ47wJiJMwQ,1
autor:UC1DpqK6vaPEkBOMNvypsKYg,autor:UCAKuKvcbfnBD3kF5njNu-IA,1
autor:UC1DpqK6vaPEkBOMNvypsKYg,autor:UCUoYsrx1oZnCZ0usbBJn4fA,1
autor:UC1DpqK6vaPEkBOMNvypsKYg,autor:UC7dadZG7kkGYnsNu6td0FbA,1
autor:UC1DpqK6vaPEkBOMNvypsKYg,autor:UCwgCc9Jd_gG-uLE_SY-FfPg,1
autor:UC1DpqK6vaPEkBOMNvypsKYg,autor:UCGGHbtfbbe0o68etrOf0qxw,1
autor:UC1DpqK6vaPEkBOMNvypsKYg,autor:UC816IGbFCZinfYS1LRDaaHg,1
autor:UC1DpqK6vaPEkBOMNvypsKYg,autor:UC4Avya4kmR4Q0FrfFdBozSQ,1
autor:UC1DpqK6vaPEkBOMNvypsKYg,autor:UCuXmOjxC-htcprLgeVXz6Tg,1
autor:UC1DpqK6vaPEkBOMNvypsKYg,autor:UCV0lM03g5fg5pbPj97-sAtA,1
autor:UC1NiEdJ7gk6FlDexIalWnGg,autor:UCeQk-WfEA-cJRq4EKeE7TOw,1
autor:UC1NiEdJ7gk6FlDexIalWnGg,autor:UCWaRixDdpgllTBf4V0jPnKQ,1
autor:UC1NiEdJ7gk6FlDexIalWnGg,autor:UC3YpzAr7pcdKC7BVFEpYzog,1
autor:UC1NiEdJ7gk6FlDexIalWnGg,autor:UCjZgFEowMBrsjodqfovzdKw,1
autor:UC1NiEdJ7gk6FlDexIalWnGg,autor:UCRfkkatKrNtAARnXMMYBGlA,1
autor:UC1NiEdJ7gk6FlDexIalWnGg,autor:UC63tFvbQ_hJhGDi2nbjssjw,1
autor:UC1NiEdJ7gk6FlDexIalWnGg,autor:UChyps3dqY-VY1_wLeq-2lhw,1
autor:UC1NiEdJ7gk6FlDexIalWnGg,autor:UCp29O_C7cchZV8IxV7Crdag,1
autor:UC1NiEdJ7gk6FlDexIalWnGg,autor:UCV3fr-YOixFKCZBbJP1-X4w,1
autor:UC1NiEdJ7gk6FlDexIalWnGg,autor:UCWvntqPQx99k_Z_skWKqNSA,1
autor:UC1NiEdJ7gk6FlDexIalWnGg,autor:UCa36MjQLoPAmgJo-R3G8WQA,1
autor:UC1NiEdJ7gk6FlDexIalWnGg,autor:UCzZ6dDCEsLMXbc5pCFXIprw,1
autor:UC1NiEdJ7gk6FlDexIalWnGg,autor:UCwxoKK59nGCeBqB2sXfDBIw,1
autor:UC1NiEdJ7gk6FlDexIalWnGg,autor:UCvDwJBBY1mHK70aTEYl6rsA,1
autor:UC1NiEdJ7gk6FlDexIalWnGg,autor:UCiOZX__1gahg1ypIj0_XG_w,1
autor:UC1NiEdJ7gk6FlDexIalWnGg,autor:UCFybmWapGvBKcQod7cPPH9w,1
autor:UC1NiEdJ7gk6FlDexIalWnGg,autor:UCoGdCoJg2Lh0OX_jv6cG16g,1
autor:UC1NiEdJ7gk6FlDexIalWnGg,autor:UCaT4saRcyqCLE657Rq2hhZQ,1
autor:UC1NiEdJ7gk6FlDexIalWnGg,autor:UCZFQwqh90apuL8eFhvRBkUg,1
autor:UC1NiEdJ7gk6FlDexIalWnGg,autor:UCfo_yUPzy1f1POwwZxhZ06Q,1
autor:UC1NiEdJ7gk6FlDexIalWnGg,autor:UCtsxPYw8VUsH_FfnKg-0lmw,1
autor:UC1NiEdJ7gk6FlDexIalWnGg,autor:UCEHXl4VvvVpq-_4xC5tsbhg,1
autor:UC1NiEdJ7gk6FlDexIalWnGg,autor:UCgGqw4aqMdMVSGkKiMgrJRQ,1
autor:UC1NiEdJ7gk6FlDexIalWnGg,autor:UCtCtts20bW6F9CSohau51Iw,1
autor:UC1NiEdJ7gk6FlDexIalWnGg,autor:UCheEJ5GZuIvV0fj-nXyVwXw,1
autor:UC1NiEdJ7gk6FlDexIalWnGg,autor:UCql1n3Ey6ULMSOACjMe-fxQ,1
autor:UC1NiEdJ7gk6FlDexIalWnGg,autor:UCyJhqmMbsvjpoarBBStA2kg,1
autor:UC1WlJfQmaIskYhP4gmWoamw,autor:UCQMMuADgqWUOcJpLwHOzC-g,1
autor:UC1WlJfQmaIskYhP4gmWoamw,autor:UCp_dAUfv8i3LW3zWc24dLaQ,1
autor:UC1WlJfQmaIskYhP4gmWoamw,autor:UCrqXyRsg-_hTosURZ-uvoKg,1
autor:UC1WlJfQmaIskYhP4gmWoamw,autor:UCxhtlxPV8AYWaNNyU6S9H8Q,1
autor:UC1WlJfQmaIskYhP4gmWoamw,autor:UCGZMgmM92E3njyXNe9-kjAQ,1
autor:UC1WlJfQmaIskYhP4gmWoamw,autor:UCat2qkYvqmtDNEmo2PVuhXw,1
autor:UC1WlJfQmaIskYhP4gmWoamw,autor:UCbNanjFI51cwGqMAb2rOrBw,1
autor:UC1WlJfQmaIskYhP4gmWoamw,autor:UCVdjCrh4tQoX3haNAZv-n5A,1
autor:UC1WlJfQmaIskYhP4gmWoamw,autor:UCtiHFjFu7d5v2XxHnKFUYig,1
autor:UC1WlJfQmaIskYhP4gmWoamw,autor:UCozFYHN0e_-vlQbX3wQGOug,1
autor:UC1WlJfQmaIskYhP4gmWoamw,autor:UCOLHH4ZpMxPYF-Q6e6wvn5A,1
autor:UC1WlJfQmaIskYhP4gmWoamw,autor:UCBlm80VQ4YoV3bUJR_XhkaQ,1
autor:UC1WlJfQmaIskYhP4gmWoamw,autor:UCPNXmbOBVeC4HS-xemvcPtQ,1
autor:UC1WlJfQmaIskYhP4gmWoamw,autor:UCi2KiZq63sRq8Mfbcp-MelQ,1
autor:UC1WlJfQmaIskYhP4gmWoamw,autor:UCIgoiXdIKJyUGmUoH2Lxdzg,1
autor:UC1WlJfQmaIskYhP4gmWoamw,autor:UCZjm6U576nX8WOiLhmMR3bw,1
autor:UC1Y7x3h0c95Z8kUhi-Tzaeg,autor:UCPZueDLrCS4BmTBRMA4q0fA,1
autor:UC1Y7x3h0c95Z8kUhi-Tzaeg,autor:UCVQf0tzL7xRzFJsABVVULpg,1
autor:UC1Y7x3h0c95Z8kUhi-Tzaeg,autor:UCAV7QIjYhbDJaycQycM_0eQ,1
autor:UC1Y7x3h0c95Z8kUhi-Tzaeg,autor:UCg3eIfd7BrsLEqS0BLkftHA,1
autor:UC1Y7x3h0c95Z8kUhi-Tzaeg,autor:UCN2N_wYOw6fMwCeSzdXLPIw,1
autor:UC1Y7x3h0c95Z8kUhi-Tzaeg,autor:UC7IMsCxfZyWN7YQo8-JYa6Q,1
autor:UC1Y7x3h0c95Z8kUhi-Tzaeg,autor:UC8xlJWNHz1V_W6q3fbuQH8g,1
autor:UC1Y7x3h0c95Z8kUhi-Tzaeg,autor:UClsrFGJKWPxxw7MiaEdKLXw,1
autor:UC1Y7x3h0c95Z8kUhi-Tzaeg,autor:UCusjriFsDHEc2AOjqk-p5ig,1
autor:UC1Y7x3h0c95Z8kUhi-Tzaeg,autor:UCHTGCgY2l-DQJIvlA_cpa_Q,1
autor:UC1Y7x3h0c95Z8kUhi-Tzaeg,autor:UCzZ6dDCEsLMXbc5pCFXIprw,1
autor:UC1Y7x3h0c95Z8kUhi-Tzaeg,autor:UCbYoNG5J3Au5BqtbXogfEFw,1
autor:UC1Y7x3h0c95Z8kUhi-Tzaeg,autor:UCGX_UbAQOXGZknv5iqklwTA,1
autor:UC1Y7x3h0c95Z8kUhi-Tzaeg,autor:UCf5lnNZF7Qrtli9v4N_23WQ,1
autor:UC1Y7x3h0c95Z8kUhi-Tzaeg,autor:UCtNyHmRZtvGF2hSvI2dUBWw,1
autor:UC1Y7x3h0c95Z8kUhi-Tzaeg,autor:UCNIeXbV_mEwpa412h1aqUWw,1
autor:UC1Y7x3h0c95Z8kUhi-Tzaeg,autor:UCgQJgI9vu1FI2dnC9mrFthw,1
autor:UC1Y7x3h0c95Z8kUhi-Tzaeg,autor:UCuP4UK33HKtJE_S39ksmaTw,1
autor:UC1vr9aaMI2crB0NvwFHUeoQ,autor:UCNBnKqWf4d-rS4HwJRQljmQ,1
autor:UC1vr9aaMI2crB0NvwFHUeoQ,autor:UCRelkU8JiZBytTzebJxaa-w,1
autor:UC1vr9aaMI2crB0NvwFHUeoQ,autor:UC5H8ASmMC9WrURmzeB4ySog,1
autor:UC1vr9aaMI2crB0NvwFHUeoQ,autor:UCzoL2l5H5eVlorWGH8AZfAg,1
autor:UC1vr9aaMI2crB0NvwFHUeoQ,autor:UCOLGv5Pf6BF2wFcwUzgcvHg,1
autor:UC1vr9aaMI2crB0NvwFHUeoQ,autor:UCl0ekS9Tt0jJGtOEM18S63w,1
autor:UC1vr9aaMI2crB0NvwFHUeoQ,autor:UCXSkL3ejZ8qWYyF_M7s_QKA,1
autor:UC1vr9aaMI2crB0NvwFHUeoQ,autor:UC3MYTqpQqlWBuCB7Th0e0PA,1
autor:UC1vr9aaMI2crB0NvwFHUeoQ,autor:UCySYJU5kUh7X8gVt9la2ISA,1
autor:UC1vr9aaMI2crB0NvwFHUeoQ,autor:UCL13XhnRzbGokEkCkEOb0-g,1
autor:UC1vr9aaMI2crB0NvwFHUeoQ,autor:UCZ51R_9Q9C0c8I3pAWhtmjQ,1
autor:UC1vr9aaMI2crB0NvwFHUeoQ,autor:UCp4iw5_5SmV9VGTFSNVGOmQ,1
autor:UC1vr9aaMI2crB0NvwFHUeoQ,autor:UCDUffaruH6dyUnUGwsTKpgg,1
autor:UC1vr9aaMI2crB0NvwFHUeoQ,autor:UCut6b9S98nv84cVX89PmKzA,1
autor:UC1vr9aaMI2crB0NvwFHUeoQ,autor:UCsUCN0Yq_UyTvKjOJLmNrnQ,1
autor:UC1vr9aaMI2crB0NvwFHUeoQ,autor:UCDIMztpVm7G27qBuiWuT6oQ,1
autor:UC1vr9aaMI2crB0NvwFHUeoQ,autor:UCZLG9qH0tUjNhEGFIUt0CYw,1
autor:UC1vr9aaMI2crB0NvwFHUeoQ,autor:UChs3tU2BcKOT0CezykvAsGw,1
autor:UC1vr9aaMI2crB0NvwFHUeoQ,autor:UCrJn_rbo_ENAdeqneS-RmRw,1
autor:UC1vr9aaMI2crB0NvwFHUeoQ,autor:UC8F2V63KZ4ZEay6opX2hAQw,1
autor:UC1vr9aaMI2crB0NvwFHUeoQ,autor:UCThW2XNsAaBKme5PUt7n-Zg,1
autor:UC1vr9aaMI2crB0NvwFHUeoQ,autor:UCmvOgzmmXbjUthHy-WJ52hQ,1
autor:UC1vr9aaMI2crB0NvwFHUeoQ,autor:UCpsKOkt5iWTbenzeuq7dsmQ,1
autor:UC1vr9aaMI2crB0NvwFHUeoQ,autor:UCFoIAE8k82D6AV-8gjjKaNg,1
autor:UC1vr9aaMI2crB0NvwFHUeoQ,autor:UC3NMzdMYryaw82kPTnsaljg,1
autor:UC1vr9aaMI2crB0NvwFHUeoQ,autor:UCFjudnPLoaSL1BaRuLahyHg,1
autor:UC1vr9aaMI2crB0NvwFHUeoQ,autor:UCi1b_TRQfgO1Z9O2gNGGWNA,1
autor:UC1vr9aaMI2crB0NvwFHUeoQ,autor:UCfM3nrxtTQMY5jFx1v1J4Gg,1
autor:UC1vr9aaMI2crB0NvwFHUeoQ,autor:UC7VUuJr9cGh845CmTvf7TlQ,1
autor:UC1vr9aaMI2crB0NvwFHUeoQ,autor:UCjmPuazZJzscrwvk0QR9RVw,1
autor:UC1vr9aaMI2crB0NvwFHUeoQ,autor:UCtNfIBnc5S5DbbQj_yxgJTw,1
autor:UC1vr9aaMI2crB0NvwFHUeoQ,autor:UC72gBAtyb_VXQlYDcFrh6oQ,1
autor:UC1vr9aaMI2crB0NvwFHUeoQ,autor:UCmjppp6ujz3SAnULvP3sZMw,1
autor:UC1vr9aaMI2crB0NvwFHUeoQ,autor:UCzSfZlOVxBSs5ObD25ywxDQ,1
autor:UC1vr9aaMI2crB0NvwFHUeoQ,autor:UCTylKrsqkrBKIqubMu_5N0Q,1
autor:UC1vr9aaMI2crB0NvwFHUeoQ,autor:UCB5p8a5gklc80jJItP6xTHg,1
autor:UC1vr9aaMI2crB0NvwFHUeoQ,autor:UCQqetiwzzmRNTM5OWuXarGQ,1
autor:UC1vr9aaMI2crB0NvwFHUeoQ,autor:UCOS8ViEkccrTZx2w2ccxotA,1
autor:UC1vr9aaMI2crB0NvwFHUeoQ,autor:UCh5ESQvtzyHDhCA7XyekCFA,1
autor:UC1vr9aaMI2crB0NvwFHUeoQ,autor:UCNkcuy42zEwddwEcOd_HpnA,1
autor:UC1vr9aaMI2crB0NvwFHUeoQ,autor:UCjSKM9j0Q7HLDr1hD6D-TUw,1
autor:UC1vr9aaMI2crB0NvwFHUeoQ,autor:UCujPF2nBgsTD62nWE3lcpIg,1
autor:UC1vr9aaMI2crB0NvwFHUeoQ,autor:UC4cXueR2bKGFJV0Fk76gwmA,1
autor:UC1vr9aaMI2crB0NvwFHUeoQ,autor:UCpIdtvoFHVLGASGB5ySqIEA,1
autor:UC1vr9aaMI2crB0NvwFHUeoQ,autor:UChZknRmJkeGeQk0-mQuhDOg,1
autor:UC1vr9aaMI2crB0NvwFHUeoQ,autor:UC2weSE8rpqkGMOp6StYtVfg,1
autor:UC1vr9aaMI2crB0NvwFHUeoQ,autor:UCQtSFINs1h6GHkpg9o5kMvg,1
autor:UC1vr9aaMI2crB0NvwFHUeoQ,autor:UCQgYjVngJRfPHDLGB5X6ZjA,1
autor:UC1vr9aaMI2crB0NvwFHUeoQ,autor:UC3E9mAgP7VoAE5mZoAexl5g,1
autor:UC1vr9aaMI2crB0NvwFHUeoQ,autor:UCCaYwkkbQGcvFoUmothVdQQ,1
autor:UC1vr9aaMI2crB0NvwFHUeoQ,autor:UCHhHUjaMAZ8SiXdCUCj9DkQ,1
autor:UC1vr9aaMI2crB0NvwFHUeoQ,autor:UC6PvO1_k5lHKGdAPo5_C6TA,1
autor:UC1vr9aaMI2crB0NvwFHUeoQ,autor:UCDftMWXQoJ6nONfY7GVOVjg,1
autor:UC1vr9aaMI2crB0NvwFHUeoQ,autor:UCXr8_5WtGeipe4haOoQDgyQ,1
autor:UC1vr9aaMI2crB0NvwFHUeoQ,autor:UCQtICyzWmhC5woCtbNgaSmg,1
autor:UC1vr9aaMI2crB0NvwFHUeoQ,autor:UCljDbleJul41G1TzOjOZAVA,1
autor:UC1vr9aaMI2crB0NvwFHUeoQ,autor:UC6YSZqL0vEcI-niPKIMUGfw,1
autor:UC1vr9aaMI2crB0NvwFHUeoQ,autor:UCUIIIPTVDVHAXqhC_5V6lPA,1
autor:UC1vr9aaMI2crB0NvwFHUeoQ,autor:UCj-LL25XJnjxepPKCc3NGog,1
autor:UC1vr9aaMI2crB0NvwFHUeoQ,autor:UCtUR3_CAiE7fCoZHM6cMfyQ,1
autor:UC1vr9aaMI2crB0NvwFHUeoQ,autor:UC8G5cJONY8L9voMyBW8Eoug,1
autor:UC1vr9aaMI2crB0NvwFHUeoQ,autor:UCErZPJpHmLCsXs8ZWkAUupQ,1
autor:UC1vr9aaMI2crB0NvwFHUeoQ,autor:UCQ_-LPP8JAbfkc-b1Q6NvWw,1
autor:UC1vr9aaMI2crB0NvwFHUeoQ,autor:UCAmtbUiIrUIhikru0ZoTFig,1
autor:UC1vr9aaMI2crB0NvwFHUeoQ,autor:UCr1emrogPKkKTs_WTtx71xg,1
autor:UC1vr9aaMI2crB0NvwFHUeoQ,autor:UCOh6DaZC_x9HASnlRylEMfw,1
autor:UC1vr9aaMI2crB0NvwFHUeoQ,autor:UCSou6a2OuYGSvPjm5psquyA,1
autor:UC1vr9aaMI2crB0NvwFHUeoQ,autor:UCV0iizTBoOfdAFX_thfI9BA,1
autor:UC1vr9aaMI2crB0NvwFHUeoQ,autor:UCsjs5Hp_r86x1xbK6FAeqaA,1
autor:UC1vr9aaMI2crB0NvwFHUeoQ,autor:UC4wq3DcbfaG6dtCqn8Oyu3w,1
autor:UC1vr9aaMI2crB0NvwFHUeoQ,autor:UCwha8rxULYMVtNwZWeSkE1A,1
autor:UC1vr9aaMI2crB0NvwFHUeoQ,autor:UCFxE8GbokBrBsPEKM1xrOjQ,1
autor:UC1vr9aaMI2crB0NvwFHUeoQ,autor:UCwW2OFy95P7ZBkOPxWkpvYg,1
autor:UC1vr9aaMI2crB0NvwFHUeoQ,autor:UCA93ym2TXs_Ibyxb4Vcn-6Q,1
autor:UC1vr9aaMI2crB0NvwFHUeoQ,autor:UCFUuDARXdmmIrLppEqf-rFg,1
autor:UC1vr9aaMI2crB0NvwFHUeoQ,autor:UCpl8rF8uv_8uui-QRvuJaRA,1
autor:UC1vr9aaMI2crB0NvwFHUeoQ,autor:UCRETAiYdh2dL5ZxB0_N1zDA,1
autor:UC1vr9aaMI2crB0NvwFHUeoQ,autor:UCsJJAvrVGupdmhOqgtDp8dg,1
autor:UC1vr9aaMI2crB0NvwFHUeoQ,autor:UCTP3O0rMnc8z8v8jaDQwL0w,1
autor:UC1vr9aaMI2crB0NvwFHUeoQ,autor:UCN6qbfPSzFtjhqUDZ3Cv3CQ,1
autor:UC1vr9aaMI2crB0NvwFHUeoQ,autor:UCvApqeCbLod-wejtT4CcVuA,1
autor:UC1vr9aaMI2crB0NvwFHUeoQ,autor:UCDPWkUX3sNNaCx-m1dV4glA,1
autor:UC1vr9aaMI2crB0NvwFHUeoQ,autor:UCYN4wSQ1Sx4_LurxLlW7MPg,1
autor:UC1vr9aaMI2crB0NvwFHUeoQ,autor:UCueV9cTyTDwgQSec1x2dYgA,1
autor:UC1vr9aaMI2crB0NvwFHUeoQ,autor:UC3XTwHxygNCgjndsg-UiCQA,1
autor:UC1vr9aaMI2crB0NvwFHUeoQ,autor:UChgkn5Jt5tWKYMoEOuCjz3Q,1
autor:UC1vr9aaMI2crB0NvwFHUeoQ,autor:UCEgEQmRbtL5fwr9_DqAC--g,1
autor:UC1vr9aaMI2crB0NvwFHUeoQ,autor:UC9xr9QvIcDvoZNUX5f-jaZw,1
autor:UC1vr9aaMI2crB0NvwFHUeoQ,autor:UCRlCV9zSn7avAWh-9_XFWqQ,1
autor:UC1vr9aaMI2crB0NvwFHUeoQ,autor:UCiMythXHsw7eQEMykCdmMUA,1
autor:UC1vr9aaMI2crB0NvwFHUeoQ,autor:UC3qn1yJA5PeW9rkGPatQxiw,1
autor:UC1vr9aaMI2crB0NvwFHUeoQ,autor:UCz3gu01bmjNv0DpRq-K3XYg,1
autor:UC1vr9aaMI2crB0NvwFHUeoQ,autor:UCkd9W714-947dEE6ZOEBATA,1
autor:UC1vr9aaMI2crB0NvwFHUeoQ,autor:UCDlr1VadSucIZgZ171pRBjQ,1
autor:UC1vr9aaMI2crB0NvwFHUeoQ,autor:UCGzXwyCzMzGmjmCbH3Hg01Q,1
autor:UC1vr9aaMI2crB0NvwFHUeoQ,autor:UCTwSut16JyAg3mX6LVUNGqA,1
autor:UC1vr9aaMI2crB0NvwFHUeoQ,autor:UCFhxtoeARHPnXXPcDrOU3Xg,1
autor:UC1vr9aaMI2crB0NvwFHUeoQ,autor:UCKDR0f2fu2UzWL8mBv5-BHw,1
autor:UC1vr9aaMI2crB0NvwFHUeoQ,autor:UCXXh7yg5KUFIWylTiKVEFKQ,1
autor:UC1vr9aaMI2crB0NvwFHUeoQ,autor:UCylqlpsh8ENNM1LqgQ1KbxA,1
autor:UC1vr9aaMI2crB0NvwFHUeoQ,autor:UCYwpX26TrCxq8TvbKGRYLXA,1
autor:UC1vr9aaMI2crB0NvwFHUeoQ,autor:UCHTGCgY2l-DQJIvlA_cpa_Q,1
autor:UC1vr9aaMI2crB0NvwFHUeoQ,autor:UCwO2SXr0ggzwg6QWWrr01nQ,1
autor:UC1vr9aaMI2crB0NvwFHUeoQ,autor:UCXgr7vXlRrsaskPdo097kGA,1
autor:UC1vr9aaMI2crB0NvwFHUeoQ,autor:UCL1MT278vSaQ83ZDkVWn1gw,1
autor:UC1vr9aaMI2crB0NvwFHUeoQ,autor:UCsSXdJct-nsS8DsABoEsaYA,1
autor:UC1vr9aaMI2crB0NvwFHUeoQ,autor:UCDQaQv0hr2SS_PO-CMEwVHg,1
autor:UC1vr9aaMI2crB0NvwFHUeoQ,autor:UC9vMq1YF-e7C-VO0SHkbUTA,1
autor:UC1vr9aaMI2crB0NvwFHUeoQ,autor:UCcfdg8crmMJwEuLUsAhV7yg,1
autor:UC1vr9aaMI2crB0NvwFHUeoQ,autor:UCiGRBf2RNF0WRKhRVT7zFoA,1
autor:UC1vr9aaMI2crB0NvwFHUeoQ,autor:UCWIZUtKJ636y-4TYrNvok0g,1
autor:UC1vr9aaMI2crB0NvwFHUeoQ,autor:UCTD6q1nyIe3Y7HhqjaMj72w,1
autor:UC1vr9aaMI2crB0NvwFHUeoQ,autor:UC2Y_EHWQKevubk4vOEBBFxw,1
autor:UC1vr9aaMI2crB0NvwFHUeoQ,autor:UC5bG9nc_JV3FsNP2KseQiYw,1
autor:UC1vr9aaMI2crB0NvwFHUeoQ,autor:UCLggDc_a5HriXv7I1h02sOA,1
autor:UC1vr9aaMI2crB0NvwFHUeoQ,autor:UCLFdHr9BEbXHkoJopbEPLZw,1
autor:UC1vr9aaMI2crB0NvwFHUeoQ,autor:UC8r11yOugM2NuRfitQOxLLg,1
autor:UC1vr9aaMI2crB0NvwFHUeoQ,autor:UCplrIQtaPj6au60_f2-mOYw,1
autor:UC1vr9aaMI2crB0NvwFHUeoQ,autor:UCxff05WuyvwELNITi7bj7UA,1
autor:UC1vr9aaMI2crB0NvwFHUeoQ,autor:UC650pRT-OYzny3GwOH8Cgfw,1
autor:UC1vr9aaMI2crB0NvwFHUeoQ,autor:UCAlzM_N6xBlMYmM8EBzX86Q,1
autor:UC1vr9aaMI2crB0NvwFHUeoQ,autor:UCgvw7xIdGFupzpt1Y_BFkEA,1
autor:UC1vr9aaMI2crB0NvwFHUeoQ,autor:UCipetjeiWj4CZB6EbyYziZg,1
autor:UC1vr9aaMI2crB0NvwFHUeoQ,autor:UChep9kVb5gQmpodEEl10Xlg,1
autor:UC2Y_EHWQKevubk4vOEBBFxw,autor:UCNBnKqWf4d-rS4HwJRQljmQ,1
autor:UC2Y_EHWQKevubk4vOEBBFxw,autor:UCRelkU8JiZBytTzebJxaa-w,1
autor:UC2Y_EHWQKevubk4vOEBBFxw,autor:UC5H8ASmMC9WrURmzeB4ySog,1
autor:UC2Y_EHWQKevubk4vOEBBFxw,autor:UCzoL2l5H5eVlorWGH8AZfAg,1
autor:UC2Y_EHWQKevubk4vOEBBFxw,autor:UCOLGv5Pf6BF2wFcwUzgcvHg,1
autor:UC2Y_EHWQKevubk4vOEBBFxw,autor:UCl0ekS9Tt0jJGtOEM18S63w,1
autor:UC2Y_EHWQKevubk4vOEBBFxw,autor:UCXSkL3ejZ8qWYyF_M7s_QKA,1
autor:UC2Y_EHWQKevubk4vOEBBFxw,autor:UC3MYTqpQqlWBuCB7Th0e0PA,1
autor:UC2Y_EHWQKevubk4vOEBBFxw,autor:UCySYJU5kUh7X8gVt9la2ISA,1
autor:UC2Y_EHWQKevubk4vOEBBFxw,autor:UCL13XhnRzbGokEkCkEOb0-g,1
autor:UC2Y_EHWQKevubk4vOEBBFxw,autor:UCZ51R_9Q9C0c8I3pAWhtmjQ,1
autor:UC2Y_EHWQKevubk4vOEBBFxw,autor:UCp4iw5_5SmV9VGTFSNVGOmQ,1
autor:UC2Y_EHWQKevubk4vOEBBFxw,autor:UCDUffaruH6dyUnUGwsTKpgg,1
autor:UC2Y_EHWQKevubk4vOEBBFxw,autor:UCut6b9S98nv84cVX89PmKzA,1
autor:UC2Y_EHWQKevubk4vOEBBFxw,autor:UCsUCN0Yq_UyTvKjOJLmNrnQ,1
autor:UC2Y_EHWQKevubk4vOEBBFxw,autor:UCDIMztpVm7G27qBuiWuT6oQ,1
autor:UC2Y_EHWQKevubk4vOEBBFxw,autor:UCZLG9qH0tUjNhEGFIUt0CYw,1
autor:UC2Y_EHWQKevubk4vOEBBFxw,autor:UChs3tU2BcKOT0CezykvAsGw,1
autor:UC2Y_EHWQKevubk4vOEBBFxw,autor:UCrJn_rbo_ENAdeqneS-RmRw,1
autor:UC2Y_EHWQKevubk4vOEBBFxw,autor:UC8F2V63KZ4ZEay6opX2hAQw,1
autor:UC2Y_EHWQKevubk4vOEBBFxw,autor:UCThW2XNsAaBKme5PUt7n-Zg,1
autor:UC2Y_EHWQKevubk4vOEBBFxw,autor:UCmvOgzmmXbjUthHy-WJ52hQ,1
autor:UC2Y_EHWQKevubk4vOEBBFxw,autor:UCpsKOkt5iWTbenzeuq7dsmQ,1
autor:UC2Y_EHWQKevubk4vOEBBFxw,autor:UCFoIAE8k82D6AV-8gjjKaNg,1
autor:UC2Y_EHWQKevubk4vOEBBFxw,autor:UC3NMzdMYryaw82kPTnsaljg,1
autor:UC2Y_EHWQKevubk4vOEBBFxw,autor:UCFjudnPLoaSL1BaRuLahyHg,1
autor:UC2Y_EHWQKevubk4vOEBBFxw,autor:UCi1b_TRQfgO1Z9O2gNGGWNA,1
autor:UC2Y_EHWQKevubk4vOEBBFxw,autor:UCfM3nrxtTQMY5jFx1v1J4Gg,1
autor:UC2Y_EHWQKevubk4vOEBBFxw,autor:UC7VUuJr9cGh845CmTvf7TlQ,1
autor:UC2Y_EHWQKevubk4vOEBBFxw,autor:UCjmPuazZJzscrwvk0QR9RVw,1
autor:UC2Y_EHWQKevubk4vOEBBFxw,autor:UCtNfIBnc5S5DbbQj_yxgJTw,1
autor:UC2Y_EHWQKevubk4vOEBBFxw,autor:UC72gBAtyb_VXQlYDcFrh6oQ,1
autor:UC2Y_EHWQKevubk4vOEBBFxw,autor:UCmjppp6ujz3SAnULvP3sZMw,1
autor:UC2Y_EHWQKevubk4vOEBBFxw,autor:UCzSfZlOVxBSs5ObD25ywxDQ,1
autor:UC2Y_EHWQKevubk4vOEBBFxw,autor:UCTylKrsqkrBKIqubMu_5N0Q,1
autor:UC2Y_EHWQKevubk4vOEBBFxw,autor:UCB5p8a5gklc80jJItP6xTHg,1
autor:UC2Y_EHWQKevubk4vOEBBFxw,autor:UCQqetiwzzmRNTM5OWuXarGQ,1
autor:UC2Y_EHWQKevubk4vOEBBFxw,autor:UCOS8ViEkccrTZx2w2ccxotA,1
autor:UC2Y_EHWQKevubk4vOEBBFxw,autor:UCh5ESQvtzyHDhCA7XyekCFA,1
autor:UC2Y_EHWQKevubk4vOEBBFxw,autor:UCNkcuy42zEwddwEcOd_HpnA,1
autor:UC2Y_EHWQKevubk4vOEBBFxw,autor:UCjSKM9j0Q7HLDr1hD6D-TUw,1
autor:UC2Y_EHWQKevubk4vOEBBFxw,autor:UCujPF2nBgsTD62nWE3lcpIg,1
autor:UC2Y_EHWQKevubk4vOEBBFxw,autor:UC4cXueR2bKGFJV0Fk76gwmA,1
autor:UC2Y_EHWQKevubk4vOEBBFxw,autor:UCpIdtvoFHVLGASGB5ySqIEA,1
autor:UC2Y_EHWQKevubk4vOEBBFxw,autor:UChZknRmJkeGeQk0-mQuhDOg,1
autor:UC2Y_EHWQKevubk4vOEBBFxw,autor:UC2weSE8rpqkGMOp6StYtVfg,1
autor:UC2Y_EHWQKevubk4vOEBBFxw,autor:UCQtSFINs1h6GHkpg9o5kMvg,1
autor:UC2Y_EHWQKevubk4vOEBBFxw,autor:UCQgYjVngJRfPHDLGB5X6ZjA,1
autor:UC2Y_EHWQKevubk4vOEBBFxw,autor:UC3E9mAgP7VoAE5mZoAexl5g,1
autor:UC2Y_EHWQKevubk4vOEBBFxw,autor:UCCaYwkkbQGcvFoUmothVdQQ,1
autor:UC2Y_EHWQKevubk4vOEBBFxw,autor:UCHhHUjaMAZ8SiXdCUCj9DkQ,1
autor:UC2Y_EHWQKevubk4vOEBBFxw,autor:UC6PvO1_k5lHKGdAPo5_C6TA,1
autor:UC2Y_EHWQKevubk4vOEBBFxw,autor:UCDftMWXQoJ6nONfY7GVOVjg,1
autor:UC2Y_EHWQKevubk4vOEBBFxw,autor:UCXr8_5WtGeipe4haOoQDgyQ,1
autor:UC2Y_EHWQKevubk4vOEBBFxw,autor:UCQtICyzWmhC5woCtbNgaSmg,1
autor:UC2Y_EHWQKevubk4vOEBBFxw,autor:UCljDbleJul41G1TzOjOZAVA,1
autor:UC2Y_EHWQKevubk4vOEBBFxw,autor:UC6YSZqL0vEcI-niPKIMUGfw,1
autor:UC2Y_EHWQKevubk4vOEBBFxw,autor:UCUIIIPTVDVHAXqhC_5V6lPA,1
autor:UC2Y_EHWQKevubk4vOEBBFxw,autor:UCj-LL25XJnjxepPKCc3NGog,1
autor:UC2Y_EHWQKevubk4vOEBBFxw,autor:UCtUR3_CAiE7fCoZHM6cMfyQ,1
autor:UC2Y_EHWQKevubk4vOEBBFxw,autor:UC8G5cJONY8L9voMyBW8Eoug,1
autor:UC2Y_EHWQKevubk4vOEBBFxw,autor:UCErZPJpHmLCsXs8ZWkAUupQ,1
autor:UC2Y_EHWQKevubk4vOEBBFxw,autor:UCQ_-LPP8JAbfkc-b1Q6NvWw,1
autor:UC2Y_EHWQKevubk4vOEBBFxw,autor:UCAmtbUiIrUIhikru0ZoTFig,1
autor:UC2Y_EHWQKevubk4vOEBBFxw,autor:UCr1emrogPKkKTs_WTtx71xg,1
autor:UC2Y_EHWQKevubk4vOEBBFxw,autor:UCOh6DaZC_x9HASnlRylEMfw,1
autor:UC2Y_EHWQKevubk4vOEBBFxw,autor:UCSou6a2OuYGSvPjm5psquyA,1
autor:UC2Y_EHWQKevubk4vOEBBFxw,autor:UCV0iizTBoOfdAFX_thfI9BA,1
autor:UC2Y_EHWQKevubk4vOEBBFxw,autor:UCsjs5Hp_r86x1xbK6FAeqaA,1
autor:UC2Y_EHWQKevubk4vOEBBFxw,autor:UC4wq3DcbfaG6dtCqn8Oyu3w,1
autor:UC2Y_EHWQKevubk4vOEBBFxw,autor:UCwha8rxULYMVtNwZWeSkE1A,1
autor:UC2Y_EHWQKevubk4vOEBBFxw,autor:UCFxE8GbokBrBsPEKM1xrOjQ,1
autor:UC2Y_EHWQKevubk4vOEBBFxw,autor:UCwW2OFy95P7ZBkOPxWkpvYg,1
autor:UC2Y_EHWQKevubk4vOEBBFxw,autor:UCA93ym2TXs_Ibyxb4Vcn-6Q,1
autor:UC2Y_EHWQKevubk4vOEBBFxw,autor:UCFUuDARXdmmIrLppEqf-rFg,1
autor:UC2Y_EHWQKevubk4vOEBBFxw,autor:UCpl8rF8uv_8uui-QRvuJaRA,1
autor:UC2Y_EHWQKevubk4vOEBBFxw,autor:UCRETAiYdh2dL5ZxB0_N1zDA,1
autor:UC2Y_EHWQKevubk4vOEBBFxw,autor:UCsJJAvrVGupdmhOqgtDp8dg,1
autor:UC2Y_EHWQKevubk4vOEBBFxw,autor:UCTP3O0rMnc8z8v8jaDQwL0w,1
autor:UC2Y_EHWQKevubk4vOEBBFxw,autor:UCN6qbfPSzFtjhqUDZ3Cv3CQ,1
autor:UC2Y_EHWQKevubk4vOEBBFxw,autor:UCvApqeCbLod-wejtT4CcVuA,1
autor:UC2Y_EHWQKevubk4vOEBBFxw,autor:UCDPWkUX3sNNaCx-m1dV4glA,1
autor:UC2Y_EHWQKevubk4vOEBBFxw,autor:UCYN4wSQ1Sx4_LurxLlW7MPg,1
autor:UC2Y_EHWQKevubk4vOEBBFxw,autor:UCueV9cTyTDwgQSec1x2dYgA,1
autor:UC2Y_EHWQKevubk4vOEBBFxw,autor:UC3XTwHxygNCgjndsg-UiCQA,1
autor:UC2Y_EHWQKevubk4vOEBBFxw,autor:UChgkn5Jt5tWKYMoEOuCjz3Q,1
autor:UC2Y_EHWQKevubk4vOEBBFxw,autor:UCEgEQmRbtL5fwr9_DqAC--g,1
autor:UC2Y_EHWQKevubk4vOEBBFxw,autor:UC9xr9QvIcDvoZNUX5f-jaZw,1
autor:UC2Y_EHWQKevubk4vOEBBFxw,autor:UCRlCV9zSn7avAWh-9_XFWqQ,1
autor:UC2Y_EHWQKevubk4vOEBBFxw,autor:UCiMythXHsw7eQEMykCdmMUA,1
autor:UC2Y_EHWQKevubk4vOEBBFxw,autor:UC3qn1yJA5PeW9rkGPatQxiw,1
autor:UC2Y_EHWQKevubk4vOEBBFxw,autor:UCz3gu01bmjNv0DpRq-K3XYg,1
autor:UC2Y_EHWQKevubk4vOEBBFxw,autor:UCkd9W714-947dEE6ZOEBATA,1
autor:UC2Y_EHWQKevubk4vOEBBFxw,autor:UCDlr1VadSucIZgZ171pRBjQ,1
autor:UC2Y_EHWQKevubk4vOEBBFxw,autor:UCGzXwyCzMzGmjmCbH3Hg01Q,1
autor:UC2Y_EHWQKevubk4vOEBBFxw,autor:UCTwSut16JyAg3mX6LVUNGqA,1
autor:UC2Y_EHWQKevubk4vOEBBFxw,autor:UCFhxtoeARHPnXXPcDrOU3Xg,1
autor:UC2Y_EHWQKevubk4vOEBBFxw,autor:UCKDR0f2fu2UzWL8mBv5-BHw,1
autor:UC2Y_EHWQKevubk4vOEBBFxw,autor:UCXXh7yg5KUFIWylTiKVEFKQ,1
autor:UC2Y_EHWQKevubk4vOEBBFxw,autor:UCylqlpsh8ENNM1LqgQ1KbxA,1
autor:UC2Y_EHWQKevubk4vOEBBFxw,autor:UCYwpX26TrCxq8TvbKGRYLXA,1
autor:UC2Y_EHWQKevubk4vOEBBFxw,autor:UCHTGCgY2l-DQJIvlA_cpa_Q,1
autor:UC2Y_EHWQKevubk4vOEBBFxw,autor:UCwO2SXr0ggzwg6QWWrr01nQ,1
autor:UC2Y_EHWQKevubk4vOEBBFxw,autor:UCXgr7vXlRrsaskPdo097kGA,1
autor:UC2Y_EHWQKevubk4vOEBBFxw,autor:UCL1MT278vSaQ83ZDkVWn1gw,1
autor:UC2Y_EHWQKevubk4vOEBBFxw,autor:UCsSXdJct-nsS8DsABoEsaYA,1
autor:UC2Y_EHWQKevubk4vOEBBFxw,autor:UCDQaQv0hr2SS_PO-CMEwVHg,1
autor:UC2Y_EHWQKevubk4vOEBBFxw,autor:UC9vMq1YF-e7C-VO0SHkbUTA,1
autor:UC2Y_EHWQKevubk4vOEBBFxw,autor:UCcfdg8crmMJwEuLUsAhV7yg,1
autor:UC2Y_EHWQKevubk4vOEBBFxw,autor:UCiGRBf2RNF0WRKhRVT7zFoA,1
autor:UC2Y_EHWQKevubk4vOEBBFxw,autor:UCWIZUtKJ636y-4TYrNvok0g,1
autor:UC2Y_EHWQKevubk4vOEBBFxw,autor:UCTD6q1nyIe3Y7HhqjaMj72w,1
autor:UC2Y_EHWQKevubk4vOEBBFxw,autor:UC5bG9nc_JV3FsNP2KseQiYw,1
autor:UC2Y_EHWQKevubk4vOEBBFxw,autor:UCLggDc_a5HriXv7I1h02sOA,1
autor:UC2Y_EHWQKevubk4vOEBBFxw,autor:UCLFdHr9BEbXHkoJopbEPLZw,1
autor:UC2Y_EHWQKevubk4vOEBBFxw,autor:UC8r11yOugM2NuRfitQOxLLg,1
autor:UC2Y_EHWQKevubk4vOEBBFxw,autor:UCplrIQtaPj6au60_f2-mOYw,1
autor:UC2Y_EHWQKevubk4vOEBBFxw,autor:UCxff05WuyvwELNITi7bj7UA,1
autor:UC2Y_EHWQKevubk4vOEBBFxw,autor:UC650pRT-OYzny3GwOH8Cgfw,1
autor:UC2Y_EHWQKevubk4vOEBBFxw,autor:UCAlzM_N6xBlMYmM8EBzX86Q,1
autor:UC2Y_EHWQKevubk4vOEBBFxw,autor:UCgvw7xIdGFupzpt1Y_BFkEA,1
autor:UC2Y_EHWQKevubk4vOEBBFxw,autor:UCipetjeiWj4CZB6EbyYziZg,1
autor:UC2Y_EHWQKevubk4vOEBBFxw,autor:UChep9kVb5gQmpodEEl10Xlg,1
autor:UC2ngpd8UBQu4gcUYy0goAtg,autor:UCfjhejO7LZy4doXURa7LZCQ,1
autor:UC2ngpd8UBQu4gcUYy0goAtg,autor:UCvl1tzQeBeGy6efPTRJXSCw,1
autor:UC2ngpd8UBQu4gcUYy0goAtg,autor:UCjZgFEowMBrsjodqfovzdKw,1
autor:UC2ngpd8UBQu4gcUYy0goAtg,autor:UCwCfs-2zbD5k0lG-UVg_JBw,1
autor:UC2ngpd8UBQu4gcUYy0goAtg,autor:UC_3xuTXvMIWU5MYP9HkJ3vQ,1
autor:UC2ngpd8UBQu4gcUYy0goAtg,autor:UCq3mDTTRZnUybct5M9OSXbg,1
autor:UC2ngpd8UBQu4gcUYy0goAtg,autor:UCLXYp1Cvc5DLtq5UQL5D9vw,1
autor:UC2ngpd8UBQu4gcUYy0goAtg,autor:UCXN2s7DwTJm33xO-pNkAdaA,1
autor:UC2ngpd8UBQu4gcUYy0goAtg,autor:UCfXykdbSU97rj987LDUGfvg,1
autor:UC2ngpd8UBQu4gcUYy0goAtg,autor:UCIXLDYqR_syskKRJy_x9W9Q,1
autor:UC2ngpd8UBQu4gcUYy0goAtg,autor:UCAxvOOHQk7dYPOajzFEVtbA,1
autor:UC2ngpd8UBQu4gcUYy0goAtg,autor:UCO0zwwLWGyDgQmWPJ5Qrr1w,1
autor:UC2weSE8rpqkGMOp6StYtVfg,autor:UCNBnKqWf4d-rS4HwJRQljmQ,1
autor:UC2weSE8rpqkGMOp6StYtVfg,autor:UCRelkU8JiZBytTzebJxaa-w,1
autor:UC2weSE8rpqkGMOp6StYtVfg,autor:UC5H8ASmMC9WrURmzeB4ySog,1
autor:UC2weSE8rpqkGMOp6StYtVfg,autor:UCzoL2l5H5eVlorWGH8AZfAg,1
autor:UC2weSE8rpqkGMOp6StYtVfg,autor:UCOLGv5Pf6BF2wFcwUzgcvHg,1
autor:UC2weSE8rpqkGMOp6StYtVfg,autor:UCl0ekS9Tt0jJGtOEM18S63w,1
autor:UC2weSE8rpqkGMOp6StYtVfg,autor:UCXSkL3ejZ8qWYyF_M7s_QKA,1
autor:UC2weSE8rpqkGMOp6StYtVfg,autor:UC3MYTqpQqlWBuCB7Th0e0PA,1
autor:UC2weSE8rpqkGMOp6StYtVfg,autor:UCySYJU5kUh7X8gVt9la2ISA,1
autor:UC2weSE8rpqkGMOp6StYtVfg,autor:UCL13XhnRzbGokEkCkEOb0-g,1
autor:UC2weSE8rpqkGMOp6StYtVfg,autor:UCZ51R_9Q9C0c8I3pAWhtmjQ,1
autor:UC2weSE8rpqkGMOp6StYtVfg,autor:UCp4iw5_5SmV9VGTFSNVGOmQ,1
autor:UC2weSE8rpqkGMOp6StYtVfg,autor:UCDUffaruH6dyUnUGwsTKpgg,1
autor:UC2weSE8rpqkGMOp6StYtVfg,autor:UCut6b9S98nv84cVX89PmKzA,1
autor:UC2weSE8rpqkGMOp6StYtVfg,autor:UCsUCN0Yq_UyTvKjOJLmNrnQ,1
autor:UC2weSE8rpqkGMOp6StYtVfg,autor:UCDIMztpVm7G27qBuiWuT6oQ,1
autor:UC2weSE8rpqkGMOp6StYtVfg,autor:UCZLG9qH0tUjNhEGFIUt0CYw,1
autor:UC2weSE8rpqkGMOp6StYtVfg,autor:UChs3tU2BcKOT0CezykvAsGw,1
autor:UC2weSE8rpqkGMOp6StYtVfg,autor:UCrJn_rbo_ENAdeqneS-RmRw,1
autor:UC2weSE8rpqkGMOp6StYtVfg,autor:UC8F2V63KZ4ZEay6opX2hAQw,1
autor:UC2weSE8rpqkGMOp6StYtVfg,autor:UCThW2XNsAaBKme5PUt7n-Zg,1
autor:UC2weSE8rpqkGMOp6StYtVfg,autor:UCmvOgzmmXbjUthHy-WJ52hQ,1
autor:UC2weSE8rpqkGMOp6StYtVfg,autor:UCpsKOkt5iWTbenzeuq7dsmQ,1
autor:UC2weSE8rpqkGMOp6StYtVfg,autor:UCFoIAE8k82D6AV-8gjjKaNg,1
autor:UC2weSE8rpqkGMOp6StYtVfg,autor:UC3NMzdMYryaw82kPTnsaljg,1
autor:UC2weSE8rpqkGMOp6StYtVfg,autor:UCFjudnPLoaSL1BaRuLahyHg,1
autor:UC2weSE8rpqkGMOp6StYtVfg,autor:UCi1b_TRQfgO1Z9O2gNGGWNA,1
autor:UC2weSE8rpqkGMOp6StYtVfg,autor:UCfM3nrxtTQMY5jFx1v1J4Gg,1
autor:UC2weSE8rpqkGMOp6StYtVfg,autor:UC7VUuJr9cGh845CmTvf7TlQ,1
autor:UC2weSE8rpqkGMOp6StYtVfg,autor:UCjmPuazZJzscrwvk0QR9RVw,1
autor:UC2weSE8rpqkGMOp6StYtVfg,autor:UCtNfIBnc5S5DbbQj_yxgJTw,1
autor:UC2weSE8rpqkGMOp6StYtVfg,autor:UC72gBAtyb_VXQlYDcFrh6oQ,1
autor:UC2weSE8rpqkGMOp6StYtVfg,autor:UCmjppp6ujz3SAnULvP3sZMw,1
autor:UC2weSE8rpqkGMOp6StYtVfg,autor:UCzSfZlOVxBSs5ObD25ywxDQ,1
autor:UC2weSE8rpqkGMOp6StYtVfg,autor:UCTylKrsqkrBKIqubMu_5N0Q,1
autor:UC2weSE8rpqkGMOp6StYtVfg,autor:UCB5p8a5gklc80jJItP6xTHg,1
autor:UC2weSE8rpqkGMOp6StYtVfg,autor:UCQqetiwzzmRNTM5OWuXarGQ,1
autor:UC2weSE8rpqkGMOp6StYtVfg,autor:UCOS8ViEkccrTZx2w2ccxotA,1
autor:UC2weSE8rpqkGMOp6StYtVfg,autor:UCh5ESQvtzyHDhCA7XyekCFA,1
autor:UC2weSE8rpqkGMOp6StYtVfg,autor:UCNkcuy42zEwddwEcOd_HpnA,1
autor:UC2weSE8rpqkGMOp6StYtVfg,autor:UCjSKM9j0Q7HLDr1hD6D-TUw,1
autor:UC2weSE8rpqkGMOp6StYtVfg,autor:UCujPF2nBgsTD62nWE3lcpIg,1
autor:UC2weSE8rpqkGMOp6StYtVfg,autor:UC4cXueR2bKGFJV0Fk76gwmA,1
autor:UC2weSE8rpqkGMOp6StYtVfg,autor:UCpIdtvoFHVLGASGB5ySqIEA,1
autor:UC2weSE8rpqkGMOp6StYtVfg,autor:UChZknRmJkeGeQk0-mQuhDOg,1
autor:UC2weSE8rpqkGMOp6StYtVfg,autor:UCQtSFINs1h6GHkpg9o5kMvg,1
autor:UC2weSE8rpqkGMOp6StYtVfg,autor:UCQgYjVngJRfPHDLGB5X6ZjA,1
autor:UC2weSE8rpqkGMOp6StYtVfg,autor:UC3E9mAgP7VoAE5mZoAexl5g,1
autor:UC2weSE8rpqkGMOp6StYtVfg,autor:UCCaYwkkbQGcvFoUmothVdQQ,1
autor:UC2weSE8rpqkGMOp6StYtVfg,autor:UCHhHUjaMAZ8SiXdCUCj9DkQ,1
autor:UC2weSE8rpqkGMOp6StYtVfg,autor:UC6PvO1_k5lHKGdAPo5_C6TA,1
autor:UC2weSE8rpqkGMOp6StYtVfg,autor:UCDftMWXQoJ6nONfY7GVOVjg,1
autor:UC2weSE8rpqkGMOp6StYtVfg,autor:UCXr8_5WtGeipe4haOoQDgyQ,1
autor:UC2weSE8rpqkGMOp6StYtVfg,autor:UCQtICyzWmhC5woCtbNgaSmg,1
autor:UC2weSE8rpqkGMOp6StYtVfg,autor:UCljDbleJul41G1TzOjOZAVA,1
autor:UC2weSE8rpqkGMOp6StYtVfg,autor:UC6YSZqL0vEcI-niPKIMUGfw,1
autor:UC2weSE8rpqkGMOp6StYtVfg,autor:UCUIIIPTVDVHAXqhC_5V6lPA,1
autor:UC2weSE8rpqkGMOp6StYtVfg,autor:UCj-LL25XJnjxepPKCc3NGog,1
autor:UC2weSE8rpqkGMOp6StYtVfg,autor:UCtUR3_CAiE7fCoZHM6cMfyQ,1
autor:UC2weSE8rpqkGMOp6StYtVfg,autor:UC8G5cJONY8L9voMyBW8Eoug,1
autor:UC2weSE8rpqkGMOp6StYtVfg,autor:UCErZPJpHmLCsXs8ZWkAUupQ,1
autor:UC2weSE8rpqkGMOp6StYtVfg,autor:UCQ_-LPP8JAbfkc-b1Q6NvWw,1
autor:UC2weSE8rpqkGMOp6StYtVfg,autor:UCAmtbUiIrUIhikru0ZoTFig,1
autor:UC2weSE8rpqkGMOp6StYtVfg,autor:UCr1emrogPKkKTs_WTtx71xg,1
autor:UC2weSE8rpqkGMOp6StYtVfg,autor:UCOh6DaZC_x9HASnlRylEMfw,1
autor:UC2weSE8rpqkGMOp6StYtVfg,autor:UCSou6a2OuYGSvPjm5psquyA,1
autor:UC2weSE8rpqkGMOp6StYtVfg,autor:UCV0iizTBoOfdAFX_thfI9BA,1
autor:UC2weSE8rpqkGMOp6StYtVfg,autor:UCsjs5Hp_r86x1xbK6FAeqaA,1
autor:UC2weSE8rpqkGMOp6StYtVfg,autor:UC4wq3DcbfaG6dtCqn8Oyu3w,1
autor:UC2weSE8rpqkGMOp6StYtVfg,autor:UCwha8rxULYMVtNwZWeSkE1A,1
autor:UC2weSE8rpqkGMOp6StYtVfg,autor:UCFxE8GbokBrBsPEKM1xrOjQ,1
autor:UC2weSE8rpqkGMOp6StYtVfg,autor:UCwW2OFy95P7ZBkOPxWkpvYg,1
autor:UC2weSE8rpqkGMOp6StYtVfg,autor:UCA93ym2TXs_Ibyxb4Vcn-6Q,1
autor:UC2weSE8rpqkGMOp6StYtVfg,autor:UCFUuDARXdmmIrLppEqf-rFg,1
autor:UC2weSE8rpqkGMOp6StYtVfg,autor:UCpl8rF8uv_8uui-QRvuJaRA,1
autor:UC2weSE8rpqkGMOp6StYtVfg,autor:UCRETAiYdh2dL5ZxB0_N1zDA,1
autor:UC2weSE8rpqkGMOp6StYtVfg,autor:UCsJJAvrVGupdmhOqgtDp8dg,1
autor:UC2weSE8rpqkGMOp6StYtVfg,autor:UCTP3O0rMnc8z8v8jaDQwL0w,1
autor:UC2weSE8rpqkGMOp6StYtVfg,autor:UCN6qbfPSzFtjhqUDZ3Cv3CQ,1
autor:UC2weSE8rpqkGMOp6StYtVfg,autor:UCvApqeCbLod-wejtT4CcVuA,1
autor:UC2weSE8rpqkGMOp6StYtVfg,autor:UCDPWkUX3sNNaCx-m1dV4glA,1
autor:UC2weSE8rpqkGMOp6StYtVfg,autor:UCYN4wSQ1Sx4_LurxLlW7MPg,1
autor:UC2weSE8rpqkGMOp6StYtVfg,autor:UCueV9cTyTDwgQSec1x2dYgA,1
autor:UC2weSE8rpqkGMOp6StYtVfg,autor:UC3XTwHxygNCgjndsg-UiCQA,1
autor:UC2weSE8rpqkGMOp6StYtVfg,autor:UChgkn5Jt5tWKYMoEOuCjz3Q,1
autor:UC2weSE8rpqkGMOp6StYtVfg,autor:UCEgEQmRbtL5fwr9_DqAC--g,1
autor:UC2weSE8rpqkGMOp6StYtVfg,autor:UC9xr9QvIcDvoZNUX5f-jaZw,1
autor:UC2weSE8rpqkGMOp6StYtVfg,autor:UCRlCV9zSn7avAWh-9_XFWqQ,1
autor:UC2weSE8rpqkGMOp6StYtVfg,autor:UCiMythXHsw7eQEMykCdmMUA,1
autor:UC2weSE8rpqkGMOp6StYtVfg,autor:UC3qn1yJA5PeW9rkGPatQxiw,1
autor:UC2weSE8rpqkGMOp6StYtVfg,autor:UCz3gu01bmjNv0DpRq-K3XYg,1
autor:UC2weSE8rpqkGMOp6StYtVfg,autor:UCkd9W714-947dEE6ZOEBATA,1
autor:UC2weSE8rpqkGMOp6StYtVfg,autor:UCDlr1VadSucIZgZ171pRBjQ,1
autor:UC2weSE8rpqkGMOp6StYtVfg,autor:UCGzXwyCzMzGmjmCbH3Hg01Q,1
autor:UC2weSE8rpqkGMOp6StYtVfg,autor:UCTwSut16JyAg3mX6LVUNGqA,1
autor:UC2weSE8rpqkGMOp6StYtVfg,autor:UCFhxtoeARHPnXXPcDrOU3Xg,1
autor:UC2weSE8rpqkGMOp6StYtVfg,autor:UCKDR0f2fu2UzWL8mBv5-BHw,1
autor:UC2weSE8rpqkGMOp6StYtVfg,autor:UCXXh7yg5KUFIWylTiKVEFKQ,1
autor:UC2weSE8rpqkGMOp6StYtVfg,autor:UCylqlpsh8ENNM1LqgQ1KbxA,1
autor:UC2weSE8rpqkGMOp6StYtVfg,autor:UCYwpX26TrCxq8TvbKGRYLXA,1
autor:UC2weSE8rpqkGMOp6StYtVfg,autor:UCHTGCgY2l-DQJIvlA_cpa_Q,1
autor:UC2weSE8rpqkGMOp6StYtVfg,autor:UCwO2SXr0ggzwg6QWWrr01nQ,1
autor:UC2weSE8rpqkGMOp6StYtVfg,autor:UCXgr7vXlRrsaskPdo097kGA,1
autor:UC2weSE8rpqkGMOp6StYtVfg,autor:UCL1MT278vSaQ83ZDkVWn1gw,1
autor:UC2weSE8rpqkGMOp6StYtVfg,autor:UCsSXdJct-nsS8DsABoEsaYA,1
autor:UC2weSE8rpqkGMOp6StYtVfg,autor:UCDQaQv0hr2SS_PO-CMEwVHg,1
autor:UC2weSE8rpqkGMOp6StYtVfg,autor:UC9vMq1YF-e7C-VO0SHkbUTA,1
autor:UC2weSE8rpqkGMOp6StYtVfg,autor:UCcfdg8crmMJwEuLUsAhV7yg,1
autor:UC2weSE8rpqkGMOp6StYtVfg,autor:UCiGRBf2RNF0WRKhRVT7zFoA,1
autor:UC2weSE8rpqkGMOp6StYtVfg,autor:UCWIZUtKJ636y-4TYrNvok0g,1
autor:UC2weSE8rpqkGMOp6StYtVfg,autor:UCTD6q1nyIe3Y7HhqjaMj72w,1
autor:UC2weSE8rpqkGMOp6StYtVfg,autor:UC5bG9nc_JV3FsNP2KseQiYw,1
autor:UC2weSE8rpqkGMOp6StYtVfg,autor:UCLggDc_a5HriXv7I1h02sOA,1
autor:UC2weSE8rpqkGMOp6StYtVfg,autor:UCLFdHr9BEbXHkoJopbEPLZw,1
autor:UC2weSE8rpqkGMOp6StYtVfg,autor:UC8r11yOugM2NuRfitQOxLLg,1
autor:UC2weSE8rpqkGMOp6StYtVfg,autor:UCplrIQtaPj6au60_f2-mOYw,1
autor:UC2weSE8rpqkGMOp6StYtVfg,autor:UCxff05WuyvwELNITi7bj7UA,1
autor:UC2weSE8rpqkGMOp6StYtVfg,autor:UC650pRT-OYzny3GwOH8Cgfw,1
autor:UC2weSE8rpqkGMOp6StYtVfg,autor:UCAlzM_N6xBlMYmM8EBzX86Q,1
autor:UC2weSE8rpqkGMOp6StYtVfg,autor:UCgvw7xIdGFupzpt1Y_BFkEA,1
autor:UC2weSE8rpqkGMOp6StYtVfg,autor:UCipetjeiWj4CZB6EbyYziZg,1
autor:UC2weSE8rpqkGMOp6StYtVfg,autor:UChep9kVb5gQmpodEEl10Xlg,1
autor:UC32oozucwCF3q8d4m8fyOUg,autor:UCWoAVGVqCn4xtINCMOTM4jg,1
autor:UC32oozucwCF3q8d4m8fyOUg,autor:UCDrmf9y9nLgFY5wnA2hTuGA,1
autor:UC32oozucwCF3q8d4m8fyOUg,autor:UCylqlpsh8ENNM1LqgQ1KbxA,1
autor:UC32oozucwCF3q8d4m8fyOUg,autor:UCQyOePccUP-fIJYzchAgZYw,1
autor:UC32oozucwCF3q8d4m8fyOUg,autor:UC3UVO7pTbeYvZ3ILEyRDskQ,1
autor:UC32oozucwCF3q8d4m8fyOUg,autor:UCpe5jW3MIqkgTJ-PgkzvM6Q,1
autor:UC32oozucwCF3q8d4m8fyOUg,autor:UColMq7LmaoY3MT6aIDGrGvA,1
autor:UC32oozucwCF3q8d4m8fyOUg,autor:UCiC-Jn7wdgyQV4_Urk0DkWQ,1
autor:UC32oozucwCF3q8d4m8fyOUg,autor:UC5hvEnRUzI4Kfvwnyi4QxqQ,1
autor:UC32oozucwCF3q8d4m8fyOUg,autor:UCsGoJEvb-cFPZ2rWoJcXzEQ,1
autor:UC32oozucwCF3q8d4m8fyOUg,autor:UC95PSMouTx2N5CbSq0hIyrQ,1
autor:UC32oozucwCF3q8d4m8fyOUg,autor:UCRAquv8el-tQ30bN7MlmySQ,1
autor:UC32oozucwCF3q8d4m8fyOUg,autor:UCgJNFj5dnxXpcMvmuhZDPxA,1
autor:UC32oozucwCF3q8d4m8fyOUg,autor:UClqA491Xa5fQcXcJJa-vTWw,1
autor:UC32oozucwCF3q8d4m8fyOUg,autor:UCkbsS_3D-pvg1iHOld9uvIg,1
autor:UC32oozucwCF3q8d4m8fyOUg,autor:UC6Uj1FT5JjDSF8vudvDxPAA,1
autor:UC32oozucwCF3q8d4m8fyOUg,autor:UCRvPToDkkumha7WJAfCDk1A,1
autor:UC32oozucwCF3q8d4m8fyOUg,autor:UCdFlugHJJa4l3YqWuNRmvXw,1
autor:UC32oozucwCF3q8d4m8fyOUg,autor:UCu8_3-Wg-YzNyvHYQDEscfw,1
autor:UC32oozucwCF3q8d4m8fyOUg,autor:UCZeIIQrGAedW8tCbKWmGY-A,1
autor:UC32oozucwCF3q8d4m8fyOUg,autor:UC_LYoGs5C3mbZKZuKuqYCvw,1
autor:UC32oozucwCF3q8d4m8fyOUg,autor:UCqCrvuoJpC-aVb0f4logQRQ,1
autor:UC32oozucwCF3q8d4m8fyOUg,autor:UClhMWQ7XKWywYvbRnuf8QsA,1
autor:UC32oozucwCF3q8d4m8fyOUg,autor:UCOcUI5XkTYNMSFhZNMIPpGg,1
autor:UC32oozucwCF3q8d4m8fyOUg,autor:UCgQw_Sbq3ugruDUKsq1e0-A,1
autor:UC32oozucwCF3q8d4m8fyOUg,autor:UCaKAjTW9MVub_clgr4DRYjQ,1
autor:UC32oozucwCF3q8d4m8fyOUg,autor:UCCBYcToQ2dwkd6TJh0FSyDg,1
autor:UC32oozucwCF3q8d4m8fyOUg,autor:UCQqlPPUGqAfWjd-FSh_qn7Q,1
autor:UC32oozucwCF3q8d4m8fyOUg,autor:UCwjUvRseNtJoItylIyIez7Q,1
autor:UC32oozucwCF3q8d4m8fyOUg,autor:UCe8JZoYkX5oKUZyivHYdXhw,1
autor:UC32oozucwCF3q8d4m8fyOUg,autor:UCNpt5CQlTzNjlAKY6CJtClQ,1
autor:UC32oozucwCF3q8d4m8fyOUg,autor:UCkVtmkK07b2zaVVNssX4lOg,1
autor:UC32oozucwCF3q8d4m8fyOUg,autor:UCHbwIx9pmQuf7i-4_xO2EpA,1
autor:UC32oozucwCF3q8d4m8fyOUg,autor:UCW-JC6lebVmf2P1dmY_L94g,1
autor:UC32oozucwCF3q8d4m8fyOUg,autor:UCW80DaMjQlEUibC98Cot-Dg,1
autor:UC32oozucwCF3q8d4m8fyOUg,autor:UCpsKOkt5iWTbenzeuq7dsmQ,1
autor:UC32oozucwCF3q8d4m8fyOUg,autor:UCeDNEtI8_a42bZ47wJiJMwQ,1
autor:UC32oozucwCF3q8d4m8fyOUg,autor:UCAKuKvcbfnBD3kF5njNu-IA,1
autor:UC32oozucwCF3q8d4m8fyOUg,autor:UCUoYsrx1oZnCZ0usbBJn4fA,1
autor:UC32oozucwCF3q8d4m8fyOUg,autor:UC7dadZG7kkGYnsNu6td0FbA,1
autor:UC32oozucwCF3q8d4m8fyOUg,autor:UCwgCc9Jd_gG-uLE_SY-FfPg,1
autor:UC32oozucwCF3q8d4m8fyOUg,autor:UCGGHbtfbbe0o68etrOf0qxw,1
autor:UC32oozucwCF3q8d4m8fyOUg,autor:UC816IGbFCZinfYS1LRDaaHg,1
autor:UC32oozucwCF3q8d4m8fyOUg,autor:UC4Avya4kmR4Q0FrfFdBozSQ,1
autor:UC32oozucwCF3q8d4m8fyOUg,autor:UCuXmOjxC-htcprLgeVXz6Tg,1
autor:UC32oozucwCF3q8d4m8fyOUg,autor:UCV0lM03g5fg5pbPj97-sAtA,1
autor:UC3E9mAgP7VoAE5mZoAexl5g,autor:UCNBnKqWf4d-rS4HwJRQljmQ,1
autor:UC3E9mAgP7VoAE5mZoAexl5g,autor:UCRelkU8JiZBytTzebJxaa-w,1
autor:UC3E9mAgP7VoAE5mZoAexl5g,autor:UC5H8ASmMC9WrURmzeB4ySog,1
autor:UC3E9mAgP7VoAE5mZoAexl5g,autor:UCzoL2l5H5eVlorWGH8AZfAg,1
autor:UC3E9mAgP7VoAE5mZoAexl5g,autor:UCOLGv5Pf6BF2wFcwUzgcvHg,1
autor:UC3E9mAgP7VoAE5mZoAexl5g,autor:UCl0ekS9Tt0jJGtOEM18S63w,1
autor:UC3E9mAgP7VoAE5mZoAexl5g,autor:UCXSkL3ejZ8qWYyF_M7s_QKA,1
autor:UC3E9mAgP7VoAE5mZoAexl5g,autor:UC3MYTqpQqlWBuCB7Th0e0PA,1
autor:UC3E9mAgP7VoAE5mZoAexl5g,autor:UCySYJU5kUh7X8gVt9la2ISA,1
autor:UC3E9mAgP7VoAE5mZoAexl5g,autor:UCL13XhnRzbGokEkCkEOb0-g,1
autor:UC3E9mAgP7VoAE5mZoAexl5g,autor:UCZ51R_9Q9C0c8I3pAWhtmjQ,1
autor:UC3E9mAgP7VoAE5mZoAexl5g,autor:UCp4iw5_5SmV9VGTFSNVGOmQ,1
autor:UC3E9mAgP7VoAE5mZoAexl5g,autor:UCDUffaruH6dyUnUGwsTKpgg,1
autor:UC3E9mAgP7VoAE5mZoAexl5g,autor:UCut6b9S98nv84cVX89PmKzA,1
autor:UC3E9mAgP7VoAE5mZoAexl5g,autor:UCsUCN0Yq_UyTvKjOJLmNrnQ,1
autor:UC3E9mAgP7VoAE5mZoAexl5g,autor:UCDIMztpVm7G27qBuiWuT6oQ,1
autor:UC3E9mAgP7VoAE5mZoAexl5g,autor:UCZLG9qH0tUjNhEGFIUt0CYw,1
autor:UC3E9mAgP7VoAE5mZoAexl5g,autor:UChs3tU2BcKOT0CezykvAsGw,1
autor:UC3E9mAgP7VoAE5mZoAexl5g,autor:UCrJn_rbo_ENAdeqneS-RmRw,1
autor:UC3E9mAgP7VoAE5mZoAexl5g,autor:UC8F2V63KZ4ZEay6opX2hAQw,1
autor:UC3E9mAgP7VoAE5mZoAexl5g,autor:UCThW2XNsAaBKme5PUt7n-Zg,1
autor:UC3E9mAgP7VoAE5mZoAexl5g,autor:UCmvOgzmmXbjUthHy-WJ52hQ,1
autor:UC3E9mAgP7VoAE5mZoAexl5g,autor:UCpsKOkt5iWTbenzeuq7dsmQ,1
autor:UC3E9mAgP7VoAE5mZoAexl5g,autor:UCFoIAE8k82D6AV-8gjjKaNg,1
autor:UC3E9mAgP7VoAE5mZoAexl5g,autor:UC3NMzdMYryaw82kPTnsaljg,1
autor:UC3E9mAgP7VoAE5mZoAexl5g,autor:UCFjudnPLoaSL1BaRuLahyHg,1
autor:UC3E9mAgP7VoAE5mZoAexl5g,autor:UCi1b_TRQfgO1Z9O2gNGGWNA,1
autor:UC3E9mAgP7VoAE5mZoAexl5g,autor:UCfM3nrxtTQMY5jFx1v1J4Gg,1
autor:UC3E9mAgP7VoAE5mZoAexl5g,autor:UC7VUuJr9cGh845CmTvf7TlQ,1
autor:UC3E9mAgP7VoAE5mZoAexl5g,autor:UCjmPuazZJzscrwvk0QR9RVw,1
autor:UC3E9mAgP7VoAE5mZoAexl5g,autor:UCtNfIBnc5S5DbbQj_yxgJTw,1
autor:UC3E9mAgP7VoAE5mZoAexl5g,autor:UC72gBAtyb_VXQlYDcFrh6oQ,1
autor:UC3E9mAgP7VoAE5mZoAexl5g,autor:UCmjppp6ujz3SAnULvP3sZMw,1
autor:UC3E9mAgP7VoAE5mZoAexl5g,autor:UCzSfZlOVxBSs5ObD25ywxDQ,1
autor:UC3E9mAgP7VoAE5mZoAexl5g,autor:UCTylKrsqkrBKIqubMu_5N0Q,1
autor:UC3E9mAgP7VoAE5mZoAexl5g,autor:UCB5p8a5gklc80jJItP6xTHg,1
autor:UC3E9mAgP7VoAE5mZoAexl5g,autor:UCQqetiwzzmRNTM5OWuXarGQ,1
autor:UC3E9mAgP7VoAE5mZoAexl5g,autor:UCOS8ViEkccrTZx2w2ccxotA,1
autor:UC3E9mAgP7VoAE5mZoAexl5g,autor:UCh5ESQvtzyHDhCA7XyekCFA,1
autor:UC3E9mAgP7VoAE5mZoAexl5g,autor:UCNkcuy42zEwddwEcOd_HpnA,1
autor:UC3E9mAgP7VoAE5mZoAexl5g,autor:UCjSKM9j0Q7HLDr1hD6D-TUw,1
autor:UC3E9mAgP7VoAE5mZoAexl5g,autor:UCujPF2nBgsTD62nWE3lcpIg,1
autor:UC3E9mAgP7VoAE5mZoAexl5g,autor:UC4cXueR2bKGFJV0Fk76gwmA,1
autor:UC3E9mAgP7VoAE5mZoAexl5g,autor:UCpIdtvoFHVLGASGB5ySqIEA,1
autor:UC3E9mAgP7VoAE5mZoAexl5g,autor:UChZknRmJkeGeQk0-mQuhDOg,1
autor:UC3E9mAgP7VoAE5mZoAexl5g,autor:UCQtSFINs1h6GHkpg9o5kMvg,1
autor:UC3E9mAgP7VoAE5mZoAexl5g,autor:UCQgYjVngJRfPHDLGB5X6ZjA,1
autor:UC3E9mAgP7VoAE5mZoAexl5g,autor:UCCaYwkkbQGcvFoUmothVdQQ,1
autor:UC3E9mAgP7VoAE5mZoAexl5g,autor:UCHhHUjaMAZ8SiXdCUCj9DkQ,1
autor:UC3E9mAgP7VoAE5mZoAexl5g,autor:UC6PvO1_k5lHKGdAPo5_C6TA,1
autor:UC3E9mAgP7VoAE5mZoAexl5g,autor:UCDftMWXQoJ6nONfY7GVOVjg,1
autor:UC3E9mAgP7VoAE5mZoAexl5g,autor:UCXr8_5WtGeipe4haOoQDgyQ,1
autor:UC3E9mAgP7VoAE5mZoAexl5g,autor:UCQtICyzWmhC5woCtbNgaSmg,1
autor:UC3E9mAgP7VoAE5mZoAexl5g,autor:UCljDbleJul41G1TzOjOZAVA,1
autor:UC3E9mAgP7VoAE5mZoAexl5g,autor:UC6YSZqL0vEcI-niPKIMUGfw,1
autor:UC3E9mAgP7VoAE5mZoAexl5g,autor:UCUIIIPTVDVHAXqhC_5V6lPA,1
autor:UC3E9mAgP7VoAE5mZoAexl5g,autor:UCj-LL25XJnjxepPKCc3NGog,1
autor:UC3E9mAgP7VoAE5mZoAexl5g,autor:UCtUR3_CAiE7fCoZHM6cMfyQ,1
autor:UC3E9mAgP7VoAE5mZoAexl5g,autor:UC8G5cJONY8L9voMyBW8Eoug,1
autor:UC3E9mAgP7VoAE5mZoAexl5g,autor:UCErZPJpHmLCsXs8ZWkAUupQ,1
autor:UC3E9mAgP7VoAE5mZoAexl5g,autor:UCQ_-LPP8JAbfkc-b1Q6NvWw,1
autor:UC3E9mAgP7VoAE5mZoAexl5g,autor:UCAmtbUiIrUIhikru0ZoTFig,1
autor:UC3E9mAgP7VoAE5mZoAexl5g,autor:UCr1emrogPKkKTs_WTtx71xg,1
autor:UC3E9mAgP7VoAE5mZoAexl5g,autor:UCOh6DaZC_x9HASnlRylEMfw,1
autor:UC3E9mAgP7VoAE5mZoAexl5g,autor:UCSou6a2OuYGSvPjm5psquyA,1
autor:UC3E9mAgP7VoAE5mZoAexl5g,autor:UCV0iizTBoOfdAFX_thfI9BA,1
autor:UC3E9mAgP7VoAE5mZoAexl5g,autor:UCsjs5Hp_r86x1xbK6FAeqaA,1
autor:UC3E9mAgP7VoAE5mZoAexl5g,autor:UC4wq3DcbfaG6dtCqn8Oyu3w,1
autor:UC3E9mAgP7VoAE5mZoAexl5g,autor:UCwha8rxULYMVtNwZWeSkE1A,1
autor:UC3E9mAgP7VoAE5mZoAexl5g,autor:UCFxE8GbokBrBsPEKM1xrOjQ,1
autor:UC3E9mAgP7VoAE5mZoAexl5g,autor:UCwW2OFy95P7ZBkOPxWkpvYg,1
autor:UC3E9mAgP7VoAE5mZoAexl5g,autor:UCA93ym2TXs_Ibyxb4Vcn-6Q,1
autor:UC3E9mAgP7VoAE5mZoAexl5g,autor:UCFUuDARXdmmIrLppEqf-rFg,1
autor:UC3E9mAgP7VoAE5mZoAexl5g,autor:UCpl8rF8uv_8uui-QRvuJaRA,1
autor:UC3E9mAgP7VoAE5mZoAexl5g,autor:UCRETAiYdh2dL5ZxB0_N1zDA,1
autor:UC3E9mAgP7VoAE5mZoAexl5g,autor:UCsJJAvrVGupdmhOqgtDp8dg,1
autor:UC3E9mAgP7VoAE5mZoAexl5g,autor:UCTP3O0rMnc8z8v8jaDQwL0w,1
autor:UC3E9mAgP7VoAE5mZoAexl5g,autor:UCN6qbfPSzFtjhqUDZ3Cv3CQ,1
autor:UC3E9mAgP7VoAE5mZoAexl5g,autor:UCvApqeCbLod-wejtT4CcVuA,1
autor:UC3E9mAgP7VoAE5mZoAexl5g,autor:UCDPWkUX3sNNaCx-m1dV4glA,1
autor:UC3E9mAgP7VoAE5mZoAexl5g,autor:UCYN4wSQ1Sx4_LurxLlW7MPg,1
autor:UC3E9mAgP7VoAE5mZoAexl5g,autor:UCueV9cTyTDwgQSec1x2dYgA,1
autor:UC3E9mAgP7VoAE5mZoAexl5g,autor:UC3XTwHxygNCgjndsg-UiCQA,1
autor:UC3E9mAgP7VoAE5mZoAexl5g,autor:UChgkn5Jt5tWKYMoEOuCjz3Q,1
autor:UC3E9mAgP7VoAE5mZoAexl5g,autor:UCEgEQmRbtL5fwr9_DqAC--g,1
autor:UC3E9mAgP7VoAE5mZoAexl5g,autor:UC9xr9QvIcDvoZNUX5f-jaZw,1
autor:UC3E9mAgP7VoAE5mZoAexl5g,autor:UCRlCV9zSn7avAWh-9_XFWqQ,1
autor:UC3E9mAgP7VoAE5mZoAexl5g,autor:UCiMythXHsw7eQEMykCdmMUA,1
autor:UC3E9mAgP7VoAE5mZoAexl5g,autor:UC3qn1yJA5PeW9rkGPatQxiw,1
autor:UC3E9mAgP7VoAE5mZoAexl5g,autor:UCz3gu01bmjNv0DpRq-K3XYg,1
autor:UC3E9mAgP7VoAE5mZoAexl5g,autor:UCkd9W714-947dEE6ZOEBATA,1
autor:UC3E9mAgP7VoAE5mZoAexl5g,autor:UCDlr1VadSucIZgZ171pRBjQ,1
autor:UC3E9mAgP7VoAE5mZoAexl5g,autor:UCGzXwyCzMzGmjmCbH3Hg01Q,1
autor:UC3E9mAgP7VoAE5mZoAexl5g,autor:UCTwSut16JyAg3mX6LVUNGqA,1
autor:UC3E9mAgP7VoAE5mZoAexl5g,autor:UCFhxtoeARHPnXXPcDrOU3Xg,1
autor:UC3E9mAgP7VoAE5mZoAexl5g,autor:UCKDR0f2fu2UzWL8mBv5-BHw,1
autor:UC3E9mAgP7VoAE5mZoAexl5g,autor:UCXXh7yg5KUFIWylTiKVEFKQ,1
autor:UC3E9mAgP7VoAE5mZoAexl5g,autor:UCylqlpsh8ENNM1LqgQ1KbxA,1
autor:UC3E9mAgP7VoAE5mZoAexl5g,autor:UCYwpX26TrCxq8TvbKGRYLXA,1
autor:UC3E9mAgP7VoAE5mZoAexl5g,autor:UCHTGCgY2l-DQJIvlA_cpa_Q,1
autor:UC3E9mAgP7VoAE5mZoAexl5g,autor:UCwO2SXr0ggzwg6QWWrr01nQ,1
autor:UC3E9mAgP7VoAE5mZoAexl5g,autor:UCXgr7vXlRrsaskPdo097kGA,1
autor:UC3E9mAgP7VoAE5mZoAexl5g,autor:UCL1MT278vSaQ83ZDkVWn1gw,1
autor:UC3E9mAgP7VoAE5mZoAexl5g,autor:UCsSXdJct-nsS8DsABoEsaYA,1
autor:UC3E9mAgP7VoAE5mZoAexl5g,autor:UCDQaQv0hr2SS_PO-CMEwVHg,1
autor:UC3E9mAgP7VoAE5mZoAexl5g,autor:UC9vMq1YF-e7C-VO0SHkbUTA,1
autor:UC3E9mAgP7VoAE5mZoAexl5g,autor:UCcfdg8crmMJwEuLUsAhV7yg,1
autor:UC3E9mAgP7VoAE5mZoAexl5g,autor:UCiGRBf2RNF0WRKhRVT7zFoA,1
autor:UC3E9mAgP7VoAE5mZoAexl5g,autor:UCWIZUtKJ636y-4TYrNvok0g,1
autor:UC3E9mAgP7VoAE5mZoAexl5g,autor:UCTD6q1nyIe3Y7HhqjaMj72w,1
autor:UC3E9mAgP7VoAE5mZoAexl5g,autor:UC5bG9nc_JV3FsNP2KseQiYw,1
autor:UC3E9mAgP7VoAE5mZoAexl5g,autor:UCLggDc_a5HriXv7I1h02sOA,1
autor:UC3E9mAgP7VoAE5mZoAexl5g,autor:UCLFdHr9BEbXHkoJopbEPLZw,1
autor:UC3E9mAgP7VoAE5mZoAexl5g,autor:UC8r11yOugM2NuRfitQOxLLg,1
autor:UC3E9mAgP7VoAE5mZoAexl5g,autor:UCplrIQtaPj6au60_f2-mOYw,1
autor:UC3E9mAgP7VoAE5mZoAexl5g,autor:UCxff05WuyvwELNITi7bj7UA,1
autor:UC3E9mAgP7VoAE5mZoAexl5g,autor:UC650pRT-OYzny3GwOH8Cgfw,1
autor:UC3E9mAgP7VoAE5mZoAexl5g,autor:UCAlzM_N6xBlMYmM8EBzX86Q,1
autor:UC3E9mAgP7VoAE5mZoAexl5g,autor:UCgvw7xIdGFupzpt1Y_BFkEA,1
autor:UC3E9mAgP7VoAE5mZoAexl5g,autor:UCipetjeiWj4CZB6EbyYziZg,1
autor:UC3E9mAgP7VoAE5mZoAexl5g,autor:UChep9kVb5gQmpodEEl10Xlg,1
autor:UC3MYTqpQqlWBuCB7Th0e0PA,autor:UCNBnKqWf4d-rS4HwJRQljmQ,1
autor:UC3MYTqpQqlWBuCB7Th0e0PA,autor:UCRelkU8JiZBytTzebJxaa-w,1
autor:UC3MYTqpQqlWBuCB7Th0e0PA,autor:UC5H8ASmMC9WrURmzeB4ySog,1
autor:UC3MYTqpQqlWBuCB7Th0e0PA,autor:UCzoL2l5H5eVlorWGH8AZfAg,1
autor:UC3MYTqpQqlWBuCB7Th0e0PA,autor:UCOLGv5Pf6BF2wFcwUzgcvHg,1
autor:UC3MYTqpQqlWBuCB7Th0e0PA,autor:UCl0ekS9Tt0jJGtOEM18S63w,1
autor:UC3MYTqpQqlWBuCB7Th0e0PA,autor:UCXSkL3ejZ8qWYyF_M7s_QKA,1
autor:UC3MYTqpQqlWBuCB7Th0e0PA,autor:UCySYJU5kUh7X8gVt9la2ISA,1
autor:UC3MYTqpQqlWBuCB7Th0e0PA,autor:UCL13XhnRzbGokEkCkEOb0-g,1
autor:UC3MYTqpQqlWBuCB7Th0e0PA,autor:UCZ51R_9Q9C0c8I3pAWhtmjQ,1
autor:UC3MYTqpQqlWBuCB7Th0e0PA,autor:UCp4iw5_5SmV9VGTFSNVGOmQ,1
autor:UC3MYTqpQqlWBuCB7Th0e0PA,autor:UCDUffaruH6dyUnUGwsTKpgg,1
autor:UC3MYTqpQqlWBuCB7Th0e0PA,autor:UCut6b9S98nv84cVX89PmKzA,1
autor:UC3MYTqpQqlWBuCB7Th0e0PA,autor:UCsUCN0Yq_UyTvKjOJLmNrnQ,1
autor:UC3MYTqpQqlWBuCB7Th0e0PA,autor:UCDIMztpVm7G27qBuiWuT6oQ,1
autor:UC3MYTqpQqlWBuCB7Th0e0PA,autor:UCZLG9qH0tUjNhEGFIUt0CYw,1
autor:UC3MYTqpQqlWBuCB7Th0e0PA,autor:UChs3tU2BcKOT0CezykvAsGw,1
autor:UC3MYTqpQqlWBuCB7Th0e0PA,autor:UCrJn_rbo_ENAdeqneS-RmRw,1
autor:UC3MYTqpQqlWBuCB7Th0e0PA,autor:UC8F2V63KZ4ZEay6opX2hAQw,1
autor:UC3MYTqpQqlWBuCB7Th0e0PA,autor:UCThW2XNsAaBKme5PUt7n-Zg,1
autor:UC3MYTqpQqlWBuCB7Th0e0PA,autor:UCmvOgzmmXbjUthHy-WJ52hQ,1
autor:UC3MYTqpQqlWBuCB7Th0e0PA,autor:UCpsKOkt5iWTbenzeuq7dsmQ,1
autor:UC3MYTqpQqlWBuCB7Th0e0PA,autor:UCFoIAE8k82D6AV-8gjjKaNg,1
autor:UC3MYTqpQqlWBuCB7Th0e0PA,autor:UC3NMzdMYryaw82kPTnsaljg,1
autor:UC3MYTqpQqlWBuCB7Th0e0PA,autor:UCFjudnPLoaSL1BaRuLahyHg,1
autor:UC3MYTqpQqlWBuCB7Th0e0PA,autor:UCi1b_TRQfgO1Z9O2gNGGWNA,1
autor:UC3MYTqpQqlWBuCB7Th0e0PA,autor:UCfM3nrxtTQMY5jFx1v1J4Gg,1
autor:UC3MYTqpQqlWBuCB7Th0e0PA,autor:UC7VUuJr9cGh845CmTvf7TlQ,1
autor:UC3MYTqpQqlWBuCB7Th0e0PA,autor:UCjmPuazZJzscrwvk0QR9RVw,1
autor:UC3MYTqpQqlWBuCB7Th0e0PA,autor:UCtNfIBnc5S5DbbQj_yxgJTw,1
autor:UC3MYTqpQqlWBuCB7Th0e0PA,autor:UC72gBAtyb_VXQlYDcFrh6oQ,1
autor:UC3MYTqpQqlWBuCB7Th0e0PA,autor:UCmjppp6ujz3SAnULvP3sZMw,1
autor:UC3MYTqpQqlWBuCB7Th0e0PA,autor:UCzSfZlOVxBSs5ObD25ywxDQ,1
autor:UC3MYTqpQqlWBuCB7Th0e0PA,autor:UCTylKrsqkrBKIqubMu_5N0Q,1
autor:UC3MYTqpQqlWBuCB7Th0e0PA,autor:UCB5p8a5gklc80jJItP6xTHg,1
autor:UC3MYTqpQqlWBuCB7Th0e0PA,autor:UCQqetiwzzmRNTM5OWuXarGQ,1
autor:UC3MYTqpQqlWBuCB7Th0e0PA,autor:UCOS8ViEkccrTZx2w2ccxotA,1
autor:UC3MYTqpQqlWBuCB7Th0e0PA,autor:UCh5ESQvtzyHDhCA7XyekCFA,1
autor:UC3MYTqpQqlWBuCB7Th0e0PA,autor:UCNkcuy42zEwddwEcOd_HpnA,1
autor:UC3MYTqpQqlWBuCB7Th0e0PA,autor:UCjSKM9j0Q7HLDr1hD6D-TUw,1
autor:UC3MYTqpQqlWBuCB7Th0e0PA,autor:UCujPF2nBgsTD62nWE3lcpIg,1
autor:UC3MYTqpQqlWBuCB7Th0e0PA,autor:UC4cXueR2bKGFJV0Fk76gwmA,1
autor:UC3MYTqpQqlWBuCB7Th0e0PA,autor:UCpIdtvoFHVLGASGB5ySqIEA,1
autor:UC3MYTqpQqlWBuCB7Th0e0PA,autor:UChZknRmJkeGeQk0-mQuhDOg,1
autor:UC3MYTqpQqlWBuCB7Th0e0PA,autor:UCQtSFINs1h6GHkpg9o5kMvg,1
autor:UC3MYTqpQqlWBuCB7Th0e0PA,autor:UCQgYjVngJRfPHDLGB5X6ZjA,1
autor:UC3MYTqpQqlWBuCB7Th0e0PA,autor:UCCaYwkkbQGcvFoUmothVdQQ,1
autor:UC3MYTqpQqlWBuCB7Th0e0PA,autor:UCHhHUjaMAZ8SiXdCUCj9DkQ,1
autor:UC3MYTqpQqlWBuCB7Th0e0PA,autor:UC6PvO1_k5lHKGdAPo5_C6TA,1
autor:UC3MYTqpQqlWBuCB7Th0e0PA,autor:UCDftMWXQoJ6nONfY7GVOVjg,1
autor:UC3MYTqpQqlWBuCB7Th0e0PA,autor:UCXr8_5WtGeipe4haOoQDgyQ,1
autor:UC3MYTqpQqlWBuCB7Th0e0PA,autor:UCQtICyzWmhC5woCtbNgaSmg,1
autor:UC3MYTqpQqlWBuCB7Th0e0PA,autor:UCljDbleJul41G1TzOjOZAVA,1
autor:UC3MYTqpQqlWBuCB7Th0e0PA,autor:UC6YSZqL0vEcI-niPKIMUGfw,1
autor:UC3MYTqpQqlWBuCB7Th0e0PA,autor:UCUIIIPTVDVHAXqhC_5V6lPA,1
autor:UC3MYTqpQqlWBuCB7Th0e0PA,autor:UCj-LL25XJnjxepPKCc3NGog,1
autor:UC3MYTqpQqlWBuCB7Th0e0PA,autor:UCtUR3_CAiE7fCoZHM6cMfyQ,1
autor:UC3MYTqpQqlWBuCB7Th0e0PA,autor:UC8G5cJONY8L9voMyBW8Eoug,1
autor:UC3MYTqpQqlWBuCB7Th0e0PA,autor:UCErZPJpHmLCsXs8ZWkAUupQ,1
autor:UC3MYTqpQqlWBuCB7Th0e0PA,autor:UCQ_-LPP8JAbfkc-b1Q6NvWw,1
autor:UC3MYTqpQqlWBuCB7Th0e0PA,autor:UCAmtbUiIrUIhikru0ZoTFig,1
autor:UC3MYTqpQqlWBuCB7Th0e0PA,autor:UCr1emrogPKkKTs_WTtx71xg,1
autor:UC3MYTqpQqlWBuCB7Th0e0PA,autor:UCOh6DaZC_x9HASnlRylEMfw,1
autor:UC3MYTqpQqlWBuCB7Th0e0PA,autor:UCSou6a2OuYGSvPjm5psquyA,1
autor:UC3MYTqpQqlWBuCB7Th0e0PA,autor:UCV0iizTBoOfdAFX_thfI9BA,1
autor:UC3MYTqpQqlWBuCB7Th0e0PA,autor:UCsjs5Hp_r86x1xbK6FAeqaA,1
autor:UC3MYTqpQqlWBuCB7Th0e0PA,autor:UC4wq3DcbfaG6dtCqn8Oyu3w,1
autor:UC3MYTqpQqlWBuCB7Th0e0PA,autor:UCwha8rxULYMVtNwZWeSkE1A,1
autor:UC3MYTqpQqlWBuCB7Th0e0PA,autor:UCFxE8GbokBrBsPEKM1xrOjQ,1
autor:UC3MYTqpQqlWBuCB7Th0e0PA,autor:UCwW2OFy95P7ZBkOPxWkpvYg,1
autor:UC3MYTqpQqlWBuCB7Th0e0PA,autor:UCA93ym2TXs_Ibyxb4Vcn-6Q,1
autor:UC3MYTqpQqlWBuCB7Th0e0PA,autor:UCFUuDARXdmmIrLppEqf-rFg,1
autor:UC3MYTqpQqlWBuCB7Th0e0PA,autor:UCpl8rF8uv_8uui-QRvuJaRA,1
autor:UC3MYTqpQqlWBuCB7Th0e0PA,autor:UCRETAiYdh2dL5ZxB0_N1zDA,1
autor:UC3MYTqpQqlWBuCB7Th0e0PA,autor:UCsJJAvrVGupdmhOqgtDp8dg,1
autor:UC3MYTqpQqlWBuCB7Th0e0PA,autor:UCTP3O0rMnc8z8v8jaDQwL0w,1
autor:UC3MYTqpQqlWBuCB7Th0e0PA,autor:UCN6qbfPSzFtjhqUDZ3Cv3CQ,1
autor:UC3MYTqpQqlWBuCB7Th0e0PA,autor:UCvApqeCbLod-wejtT4CcVuA,1
autor:UC3MYTqpQqlWBuCB7Th0e0PA,autor:UCDPWkUX3sNNaCx-m1dV4glA,1
autor:UC3MYTqpQqlWBuCB7Th0e0PA,autor:UCYN4wSQ1Sx4_LurxLlW7MPg,1
autor:UC3MYTqpQqlWBuCB7Th0e0PA,autor:UCueV9cTyTDwgQSec1x2dYgA,1
autor:UC3MYTqpQqlWBuCB7Th0e0PA,autor:UC3XTwHxygNCgjndsg-UiCQA,1
autor:UC3MYTqpQqlWBuCB7Th0e0PA,autor:UChgkn5Jt5tWKYMoEOuCjz3Q,1
autor:UC3MYTqpQqlWBuCB7Th0e0PA,autor:UCEgEQmRbtL5fwr9_DqAC--g,1
autor:UC3MYTqpQqlWBuCB7Th0e0PA,autor:UC9xr9QvIcDvoZNUX5f-jaZw,1
autor:UC3MYTqpQqlWBuCB7Th0e0PA,autor:UCRlCV9zSn7avAWh-9_XFWqQ,1
autor:UC3MYTqpQqlWBuCB7Th0e0PA,autor:UCiMythXHsw7eQEMykCdmMUA,1
autor:UC3MYTqpQqlWBuCB7Th0e0PA,autor:UC3qn1yJA5PeW9rkGPatQxiw,1
autor:UC3MYTqpQqlWBuCB7Th0e0PA,autor:UCz3gu01bmjNv0DpRq-K3XYg,1
autor:UC3MYTqpQqlWBuCB7Th0e0PA,autor:UCkd9W714-947dEE6ZOEBATA,1
autor:UC3MYTqpQqlWBuCB7Th0e0PA,autor:UCDlr1VadSucIZgZ171pRBjQ,1
autor:UC3MYTqpQqlWBuCB7Th0e0PA,autor:UCGzXwyCzMzGmjmCbH3Hg01Q,1
autor:UC3MYTqpQqlWBuCB7Th0e0PA,autor:UCTwSut16JyAg3mX6LVUNGqA,1
autor:UC3MYTqpQqlWBuCB7Th0e0PA,autor:UCFhxtoeARHPnXXPcDrOU3Xg,1
autor:UC3MYTqpQqlWBuCB7Th0e0PA,autor:UCKDR0f2fu2UzWL8mBv5-BHw,1
autor:UC3MYTqpQqlWBuCB7Th0e0PA,autor:UCXXh7yg5KUFIWylTiKVEFKQ,1
autor:UC3MYTqpQqlWBuCB7Th0e0PA,autor:UCylqlpsh8ENNM1LqgQ1KbxA,1
autor:UC3MYTqpQqlWBuCB7Th0e0PA,autor:UCYwpX26TrCxq8TvbKGRYLXA,1
autor:UC3MYTqpQqlWBuCB7Th0e0PA,autor:UCHTGCgY2l-DQJIvlA_cpa_Q,1
autor:UC3MYTqpQqlWBuCB7Th0e0PA,autor:UCwO2SXr0ggzwg6QWWrr01nQ,1
autor:UC3MYTqpQqlWBuCB7Th0e0PA,autor:UCXgr7vXlRrsaskPdo097kGA,1
autor:UC3MYTqpQqlWBuCB7Th0e0PA,autor:UCL1MT278vSaQ83ZDkVWn1gw,1
autor:UC3MYTqpQqlWBuCB7Th0e0PA,autor:UCsSXdJct-nsS8DsABoEsaYA,1
autor:UC3MYTqpQqlWBuCB7Th0e0PA,autor:UCDQaQv0hr2SS_PO-CMEwVHg,1
autor:UC3MYTqpQqlWBuCB7Th0e0PA,autor:UC9vMq1YF-e7C-VO0SHkbUTA,1
autor:UC3MYTqpQqlWBuCB7Th0e0PA,autor:UCcfdg8crmMJwEuLUsAhV7yg,1
autor:UC3MYTqpQqlWBuCB7Th0e0PA,autor:UCiGRBf2RNF0WRKhRVT7zFoA,1
autor:UC3MYTqpQqlWBuCB7Th0e0PA,autor:UCWIZUtKJ636y-4TYrNvok0g,1
autor:UC3MYTqpQqlWBuCB7Th0e0PA,autor:UCTD6q1nyIe3Y7HhqjaMj72w,1
autor:UC3MYTqpQqlWBuCB7Th0e0PA,autor:UC5bG9nc_JV3FsNP2KseQiYw,1
autor:UC3MYTqpQqlWBuCB7Th0e0PA,autor:UCLggDc_a5HriXv7I1h02sOA,1
autor:UC3MYTqpQqlWBuCB7Th0e0PA,autor:UCLFdHr9BEbXHkoJopbEPLZw,1
autor:UC3MYTqpQqlWBuCB7Th0e0PA,autor:UC8r11yOugM2NuRfitQOxLLg,1
autor:UC3MYTqpQqlWBuCB7Th0e0PA,autor:UCplrIQtaPj6au60_f2-mOYw,1
autor:UC3MYTqpQqlWBuCB7Th0e0PA,autor:UCxff05WuyvwELNITi7bj7UA,1
autor:UC3MYTqpQqlWBuCB7Th0e0PA,autor:UC650pRT-OYzny3GwOH8Cgfw,1
autor:UC3MYTqpQqlWBuCB7Th0e0PA,autor:UCAlzM_N6xBlMYmM8EBzX86Q,1
autor:UC3MYTqpQqlWBuCB7Th0e0PA,autor:UCgvw7xIdGFupzpt1Y_BFkEA,1
autor:UC3MYTqpQqlWBuCB7Th0e0PA,autor:UCipetjeiWj4CZB6EbyYziZg,1
autor:UC3MYTqpQqlWBuCB7Th0e0PA,autor:UChep9kVb5gQmpodEEl10Xlg,1
autor:UC3NMzdMYryaw82kPTnsaljg,autor:UCNBnKqWf4d-rS4HwJRQljmQ,1
autor:UC3NMzdMYryaw82kPTnsaljg,autor:UCRelkU8JiZBytTzebJxaa-w,1
autor:UC3NMzdMYryaw82kPTnsaljg,autor:UC5H8ASmMC9WrURmzeB4ySog,1
autor:UC3NMzdMYryaw82kPTnsaljg,autor:UCzoL2l5H5eVlorWGH8AZfAg,1
autor:UC3NMzdMYryaw82kPTnsaljg,autor:UCOLGv5Pf6BF2wFcwUzgcvHg,1
autor:UC3NMzdMYryaw82kPTnsaljg,autor:UCl0ekS9Tt0jJGtOEM18S63w,1
autor:UC3NMzdMYryaw82kPTnsaljg,autor:UCXSkL3ejZ8qWYyF_M7s_QKA,1
autor:UC3NMzdMYryaw82kPTnsaljg,autor:UCySYJU5kUh7X8gVt9la2ISA,1
autor:UC3NMzdMYryaw82kPTnsaljg,autor:UCL13XhnRzbGokEkCkEOb0-g,1
autor:UC3NMzdMYryaw82kPTnsaljg,autor:UCZ51R_9Q9C0c8I3pAWhtmjQ,1
autor:UC3NMzdMYryaw82kPTnsaljg,autor:UCp4iw5_5SmV9VGTFSNVGOmQ,1
autor:UC3NMzdMYryaw82kPTnsaljg,autor:UCDUffaruH6dyUnUGwsTKpgg,1
autor:UC3NMzdMYryaw82kPTnsaljg,autor:UCut6b9S98nv84cVX89PmKzA,1
autor:UC3NMzdMYryaw82kPTnsaljg,autor:UCsUCN0Yq_UyTvKjOJLmNrnQ,1
autor:UC3NMzdMYryaw82kPTnsaljg,autor:UCDIMztpVm7G27qBuiWuT6oQ,1
autor:UC3NMzdMYryaw82kPTnsaljg,autor:UCZLG9qH0tUjNhEGFIUt0CYw,1
autor:UC3NMzdMYryaw82kPTnsaljg,autor:UChs3tU2BcKOT0CezykvAsGw,1
autor:UC3NMzdMYryaw82kPTnsaljg,autor:UCrJn_rbo_ENAdeqneS-RmRw,1
autor:UC3NMzdMYryaw82kPTnsaljg,autor:UC8F2V63KZ4ZEay6opX2hAQw,1
autor:UC3NMzdMYryaw82kPTnsaljg,autor:UCThW2XNsAaBKme5PUt7n-Zg,1
autor:UC3NMzdMYryaw82kPTnsaljg,autor:UCmvOgzmmXbjUthHy-WJ52hQ,1
autor:UC3NMzdMYryaw82kPTnsaljg,autor:UCpsKOkt5iWTbenzeuq7dsmQ,1
autor:UC3NMzdMYryaw82kPTnsaljg,autor:UCFoIAE8k82D6AV-8gjjKaNg,1
autor:UC3NMzdMYryaw82kPTnsaljg,autor:UCFjudnPLoaSL1BaRuLahyHg,1
autor:UC3NMzdMYryaw82kPTnsaljg,autor:UCi1b_TRQfgO1Z9O2gNGGWNA,1
autor:UC3NMzdMYryaw82kPTnsaljg,autor:UCfM3nrxtTQMY5jFx1v1J4Gg,1
autor:UC3NMzdMYryaw82kPTnsaljg,autor:UC7VUuJr9cGh845CmTvf7TlQ,1
autor:UC3NMzdMYryaw82kPTnsaljg,autor:UCjmPuazZJzscrwvk0QR9RVw,1
autor:UC3NMzdMYryaw82kPTnsaljg,autor:UCtNfIBnc5S5DbbQj_yxgJTw,1
autor:UC3NMzdMYryaw82kPTnsaljg,autor:UC72gBAtyb_VXQlYDcFrh6oQ,1
autor:UC3NMzdMYryaw82kPTnsaljg,autor:UCmjppp6ujz3SAnULvP3sZMw,1
autor:UC3NMzdMYryaw82kPTnsaljg,autor:UCzSfZlOVxBSs5ObD25ywxDQ,1
autor:UC3NMzdMYryaw82kPTnsaljg,autor:UCTylKrsqkrBKIqubMu_5N0Q,1
autor:UC3NMzdMYryaw82kPTnsaljg,autor:UCB5p8a5gklc80jJItP6xTHg,1
autor:UC3NMzdMYryaw82kPTnsaljg,autor:UCQqetiwzzmRNTM5OWuXarGQ,1
autor:UC3NMzdMYryaw82kPTnsaljg,autor:UCOS8ViEkccrTZx2w2ccxotA,1
autor:UC3NMzdMYryaw82kPTnsaljg,autor:UCh5ESQvtzyHDhCA7XyekCFA,1
autor:UC3NMzdMYryaw82kPTnsaljg,autor:UCNkcuy42zEwddwEcOd_HpnA,1
autor:UC3NMzdMYryaw82kPTnsaljg,autor:UCjSKM9j0Q7HLDr1hD6D-TUw,1
autor:UC3NMzdMYryaw82kPTnsaljg,autor:UCujPF2nBgsTD62nWE3lcpIg,1
autor:UC3NMzdMYryaw82kPTnsaljg,autor:UC4cXueR2bKGFJV0Fk76gwmA,1
autor:UC3NMzdMYryaw82kPTnsaljg,autor:UCpIdtvoFHVLGASGB5ySqIEA,1
autor:UC3NMzdMYryaw82kPTnsaljg,autor:UChZknRmJkeGeQk0-mQuhDOg,1
autor:UC3NMzdMYryaw82kPTnsaljg,autor:UCQtSFINs1h6GHkpg9o5kMvg,1
autor:UC3NMzdMYryaw82kPTnsaljg,autor:UCQgYjVngJRfPHDLGB5X6ZjA,1
autor:UC3NMzdMYryaw82kPTnsaljg,autor:UCCaYwkkbQGcvFoUmothVdQQ,1
autor:UC3NMzdMYryaw82kPTnsaljg,autor:UCHhHUjaMAZ8SiXdCUCj9DkQ,1
autor:UC3NMzdMYryaw82kPTnsaljg,autor:UC6PvO1_k5lHKGdAPo5_C6TA,1
autor:UC3NMzdMYryaw82kPTnsaljg,autor:UCDftMWXQoJ6nONfY7GVOVjg,1
autor:UC3NMzdMYryaw82kPTnsaljg,autor:UCXr8_5WtGeipe4haOoQDgyQ,1
autor:UC3NMzdMYryaw82kPTnsaljg,autor:UCQtICyzWmhC5woCtbNgaSmg,1
autor:UC3NMzdMYryaw82kPTnsaljg,autor:UCljDbleJul41G1TzOjOZAVA,1
autor:UC3NMzdMYryaw82kPTnsaljg,autor:UC6YSZqL0vEcI-niPKIMUGfw,1
autor:UC3NMzdMYryaw82kPTnsaljg,autor:UCUIIIPTVDVHAXqhC_5V6lPA,1
autor:UC3NMzdMYryaw82kPTnsaljg,autor:UCj-LL25XJnjxepPKCc3NGog,1
autor:UC3NMzdMYryaw82kPTnsaljg,autor:UCtUR3_CAiE7fCoZHM6cMfyQ,1
autor:UC3NMzdMYryaw82kPTnsaljg,autor:UC8G5cJONY8L9voMyBW8Eoug,1
autor:UC3NMzdMYryaw82kPTnsaljg,autor:UCErZPJpHmLCsXs8ZWkAUupQ,1
autor:UC3NMzdMYryaw82kPTnsaljg,autor:UCQ_-LPP8JAbfkc-b1Q6NvWw,1
autor:UC3NMzdMYryaw82kPTnsaljg,autor:UCAmtbUiIrUIhikru0ZoTFig,1
autor:UC3NMzdMYryaw82kPTnsaljg,autor:UCr1emrogPKkKTs_WTtx71xg,1
autor:UC3NMzdMYryaw82kPTnsaljg,autor:UCOh6DaZC_x9HASnlRylEMfw,1
autor:UC3NMzdMYryaw82kPTnsaljg,autor:UCSou6a2OuYGSvPjm5psquyA,1
autor:UC3NMzdMYryaw82kPTnsaljg,autor:UCV0iizTBoOfdAFX_thfI9BA,1
autor:UC3NMzdMYryaw82kPTnsaljg,autor:UCsjs5Hp_r86x1xbK6FAeqaA,1
autor:UC3NMzdMYryaw82kPTnsaljg,autor:UC4wq3DcbfaG6dtCqn8Oyu3w,1
autor:UC3NMzdMYryaw82kPTnsaljg,autor:UCwha8rxULYMVtNwZWeSkE1A,1
autor:UC3NMzdMYryaw82kPTnsaljg,autor:UCFxE8GbokBrBsPEKM1xrOjQ,1
autor:UC3NMzdMYryaw82kPTnsaljg,autor:UCwW2OFy95P7ZBkOPxWkpvYg,1
autor:UC3NMzdMYryaw82kPTnsaljg,autor:UCA93ym2TXs_Ibyxb4Vcn-6Q,1
autor:UC3NMzdMYryaw82kPTnsaljg,autor:UCFUuDARXdmmIrLppEqf-rFg,1
autor:UC3NMzdMYryaw82kPTnsaljg,autor:UCpl8rF8uv_8uui-QRvuJaRA,1
autor:UC3NMzdMYryaw82kPTnsaljg,autor:UCRETAiYdh2dL5ZxB0_N1zDA,1
autor:UC3NMzdMYryaw82kPTnsaljg,autor:UCsJJAvrVGupdmhOqgtDp8dg,1
autor:UC3NMzdMYryaw82kPTnsaljg,autor:UCTP3O0rMnc8z8v8jaDQwL0w,1
autor:UC3NMzdMYryaw82kPTnsaljg,autor:UCN6qbfPSzFtjhqUDZ3Cv3CQ,1
autor:UC3NMzdMYryaw82kPTnsaljg,autor:UCvApqeCbLod-wejtT4CcVuA,1
autor:UC3NMzdMYryaw82kPTnsaljg,autor:UCDPWkUX3sNNaCx-m1dV4glA,1
autor:UC3NMzdMYryaw82kPTnsaljg,autor:UCYN4wSQ1Sx4_LurxLlW7MPg,1
autor:UC3NMzdMYryaw82kPTnsaljg,autor:UCueV9cTyTDwgQSec1x2dYgA,1
autor:UC3NMzdMYryaw82kPTnsaljg,autor:UC3XTwHxygNCgjndsg-UiCQA,1
autor:UC3NMzdMYryaw82kPTnsaljg,autor:UChgkn5Jt5tWKYMoEOuCjz3Q,1
autor:UC3NMzdMYryaw82kPTnsaljg,autor:UCEgEQmRbtL5fwr9_DqAC--g,1
autor:UC3NMzdMYryaw82kPTnsaljg,autor:UC9xr9QvIcDvoZNUX5f-jaZw,1
autor:UC3NMzdMYryaw82kPTnsaljg,autor:UCRlCV9zSn7avAWh-9_XFWqQ,1
autor:UC3NMzdMYryaw82kPTnsaljg,autor:UCiMythXHsw7eQEMykCdmMUA,1
autor:UC3NMzdMYryaw82kPTnsaljg,autor:UC3qn1yJA5PeW9rkGPatQxiw,1
autor:UC3NMzdMYryaw82kPTnsaljg,autor:UCz3gu01bmjNv0DpRq-K3XYg,1
autor:UC3NMzdMYryaw82kPTnsaljg,autor:UCkd9W714-947dEE6ZOEBATA,1
autor:UC3NMzdMYryaw82kPTnsaljg,autor:UCDlr1VadSucIZgZ171pRBjQ,1
autor:UC3NMzdMYryaw82kPTnsaljg,autor:UCGzXwyCzMzGmjmCbH3Hg01Q,1
autor:UC3NMzdMYryaw82kPTnsaljg,autor:UCTwSut16JyAg3mX6LVUNGqA,1
autor:UC3NMzdMYryaw82kPTnsaljg,autor:UCFhxtoeARHPnXXPcDrOU3Xg,1
autor:UC3NMzdMYryaw82kPTnsaljg,autor:UCKDR0f2fu2UzWL8mBv5-BHw,1
autor:UC3NMzdMYryaw82kPTnsaljg,autor:UCXXh7yg5KUFIWylTiKVEFKQ,1
autor:UC3NMzdMYryaw82kPTnsaljg,autor:UCylqlpsh8ENNM1LqgQ1KbxA,1
autor:UC3NMzdMYryaw82kPTnsaljg,autor:UCYwpX26TrCxq8TvbKGRYLXA,1
autor:UC3NMzdMYryaw82kPTnsaljg,autor:UCHTGCgY2l-DQJIvlA_cpa_Q,1
autor:UC3NMzdMYryaw82kPTnsaljg,autor:UCwO2SXr0ggzwg6QWWrr01nQ,1
autor:UC3NMzdMYryaw82kPTnsaljg,autor:UCXgr7vXlRrsaskPdo097kGA,1
autor:UC3NMzdMYryaw82kPTnsaljg,autor:UCL1MT278vSaQ83ZDkVWn1gw,1
autor:UC3NMzdMYryaw82kPTnsaljg,autor:UCsSXdJct-nsS8DsABoEsaYA,1
autor:UC3NMzdMYryaw82kPTnsaljg,autor:UCDQaQv0hr2SS_PO-CMEwVHg,1
autor:UC3NMzdMYryaw82kPTnsaljg,autor:UC9vMq1YF-e7C-VO0SHkbUTA,1
autor:UC3NMzdMYryaw82kPTnsaljg,autor:UCcfdg8crmMJwEuLUsAhV7yg,1
autor:UC3NMzdMYryaw82kPTnsaljg,autor:UCiGRBf2RNF0WRKhRVT7zFoA,1
autor:UC3NMzdMYryaw82kPTnsaljg,autor:UCWIZUtKJ636y-4TYrNvok0g,1
autor:UC3NMzdMYryaw82kPTnsaljg,autor:UCTD6q1nyIe3Y7HhqjaMj72w,1
autor:UC3NMzdMYryaw82kPTnsaljg,autor:UC5bG9nc_JV3FsNP2KseQiYw,1
autor:UC3NMzdMYryaw82kPTnsaljg,autor:UCLggDc_a5HriXv7I1h02sOA,1
autor:UC3NMzdMYryaw82kPTnsaljg,autor:UCLFdHr9BEbXHkoJopbEPLZw,1
autor:UC3NMzdMYryaw82kPTnsaljg,autor:UC8r11yOugM2NuRfitQOxLLg,1
autor:UC3NMzdMYryaw82kPTnsaljg,autor:UCplrIQtaPj6au60_f2-mOYw,1
autor:UC3NMzdMYryaw82kPTnsaljg,autor:UCxff05WuyvwELNITi7bj7UA,1
autor:UC3NMzdMYryaw82kPTnsaljg,autor:UC650pRT-OYzny3GwOH8Cgfw,1
autor:UC3NMzdMYryaw82kPTnsaljg,autor:UCAlzM_N6xBlMYmM8EBzX86Q,1
autor:UC3NMzdMYryaw82kPTnsaljg,autor:UCgvw7xIdGFupzpt1Y_BFkEA,1
autor:UC3NMzdMYryaw82kPTnsaljg,autor:UCipetjeiWj4CZB6EbyYziZg,1
autor:UC3NMzdMYryaw82kPTnsaljg,autor:UChep9kVb5gQmpodEEl10Xlg,1
autor:UC3UVO7pTbeYvZ3ILEyRDskQ,autor:UCWoAVGVqCn4xtINCMOTM4jg,1
autor:UC3UVO7pTbeYvZ3ILEyRDskQ,autor:UCDrmf9y9nLgFY5wnA2hTuGA,1
autor:UC3UVO7pTbeYvZ3ILEyRDskQ,autor:UCylqlpsh8ENNM1LqgQ1KbxA,1
autor:UC3UVO7pTbeYvZ3ILEyRDskQ,autor:UCQyOePccUP-fIJYzchAgZYw,1
autor:UC3UVO7pTbeYvZ3ILEyRDskQ,autor:UCpe5jW3MIqkgTJ-PgkzvM6Q,1
autor:UC3UVO7pTbeYvZ3ILEyRDskQ,autor:UColMq7LmaoY3MT6aIDGrGvA,1
autor:UC3UVO7pTbeYvZ3ILEyRDskQ,autor:UCiC-Jn7wdgyQV4_Urk0DkWQ,1
autor:UC3UVO7pTbeYvZ3ILEyRDskQ,autor:UC5hvEnRUzI4Kfvwnyi4QxqQ,1
autor:UC3UVO7pTbeYvZ3ILEyRDskQ,autor:UCsGoJEvb-cFPZ2rWoJcXzEQ,1
autor:UC3UVO7pTbeYvZ3ILEyRDskQ,autor:UC95PSMouTx2N5CbSq0hIyrQ,1
autor:UC3UVO7pTbeYvZ3ILEyRDskQ,autor:UCRAquv8el-tQ30bN7MlmySQ,1
autor:UC3UVO7pTbeYvZ3ILEyRDskQ,autor:UCgJNFj5dnxXpcMvmuhZDPxA,1
autor:UC3UVO7pTbeYvZ3ILEyRDskQ,autor:UClqA491Xa5fQcXcJJa-vTWw,1
autor:UC3UVO7pTbeYvZ3ILEyRDskQ,autor:UCkbsS_3D-pvg1iHOld9uvIg,1
autor:UC3UVO7pTbeYvZ3ILEyRDskQ,autor:UC6Uj1FT5JjDSF8vudvDxPAA,1
autor:UC3UVO7pTbeYvZ3ILEyRDskQ,autor:UCRvPToDkkumha7WJAfCDk1A,1
autor:UC3UVO7pTbeYvZ3ILEyRDskQ,autor:UCdFlugHJJa4l3YqWuNRmvXw,1
autor:UC3UVO7pTbeYvZ3ILEyRDskQ,autor:UCu8_3-Wg-YzNyvHYQDEscfw,1
autor:UC3UVO7pTbeYvZ3ILEyRDskQ,autor:UCZeIIQrGAedW8tCbKWmGY-A,1
autor:UC3UVO7pTbeYvZ3ILEyRDskQ,autor:UC_LYoGs5C3mbZKZuKuqYCvw,1
autor:UC3UVO7pTbeYvZ3ILEyRDskQ,autor:UCqCrvuoJpC-aVb0f4logQRQ,1
autor:UC3UVO7pTbeYvZ3ILEyRDskQ,autor:UClhMWQ7XKWywYvbRnuf8QsA,1
autor:UC3UVO7pTbeYvZ3ILEyRDskQ,autor:UCOcUI5XkTYNMSFhZNMIPpGg,1
autor:UC3UVO7pTbeYvZ3ILEyRDskQ,autor:UCgQw_Sbq3ugruDUKsq1e0-A,1
autor:UC3UVO7pTbeYvZ3ILEyRDskQ,autor:UCaKAjTW9MVub_clgr4DRYjQ,1
autor:UC3UVO7pTbeYvZ3ILEyRDskQ,autor:UCCBYcToQ2dwkd6TJh0FSyDg,1
autor:UC3UVO7pTbeYvZ3ILEyRDskQ,autor:UCQqlPPUGqAfWjd-FSh_qn7Q,1
autor:UC3UVO7pTbeYvZ3ILEyRDskQ,autor:UCwjUvRseNtJoItylIyIez7Q,1
autor:UC3UVO7pTbeYvZ3ILEyRDskQ,autor:UCe8JZoYkX5oKUZyivHYdXhw,1
autor:UC3UVO7pTbeYvZ3ILEyRDskQ,autor:UCNpt5CQlTzNjlAKY6CJtClQ,1
autor:UC3UVO7pTbeYvZ3ILEyRDskQ,autor:UCkVtmkK07b2zaVVNssX4lOg,1
autor:UC3UVO7pTbeYvZ3ILEyRDskQ,autor:UCHbwIx9pmQuf7i-4_xO2EpA,1
autor:UC3UVO7pTbeYvZ3ILEyRDskQ,autor:UCW-JC6lebVmf2P1dmY_L94g,1
autor:UC3UVO7pTbeYvZ3ILEyRDskQ,autor:UCW80DaMjQlEUibC98Cot-Dg,1
autor:UC3UVO7pTbeYvZ3ILEyRDskQ,autor:UCpsKOkt5iWTbenzeuq7dsmQ,1
autor:UC3UVO7pTbeYvZ3ILEyRDskQ,autor:UCeDNEtI8_a42bZ47wJiJMwQ,1
autor:UC3UVO7pTbeYvZ3ILEyRDskQ,autor:UCAKuKvcbfnBD3kF5njNu-IA,1
autor:UC3UVO7pTbeYvZ3ILEyRDskQ,autor:UCUoYsrx1oZnCZ0usbBJn4fA,1
autor:UC3UVO7pTbeYvZ3ILEyRDskQ,autor:UC7dadZG7kkGYnsNu6td0FbA,1
autor:UC3UVO7pTbeYvZ3ILEyRDskQ,autor:UCwgCc9Jd_gG-uLE_SY-FfPg,1
autor:UC3UVO7pTbeYvZ3ILEyRDskQ,autor:UCGGHbtfbbe0o68etrOf0qxw,1
autor:UC3UVO7pTbeYvZ3ILEyRDskQ,autor:UC816IGbFCZinfYS1LRDaaHg,1
autor:UC3UVO7pTbeYvZ3ILEyRDskQ,autor:UC4Avya4kmR4Q0FrfFdBozSQ,1
autor:UC3UVO7pTbeYvZ3ILEyRDskQ,autor:UCuXmOjxC-htcprLgeVXz6Tg,1
autor:UC3UVO7pTbeYvZ3ILEyRDskQ,autor:UCV0lM03g5fg5pbPj97-sAtA,1
autor:UC3XTwHxygNCgjndsg-UiCQA,autor:UCNBnKqWf4d-rS4HwJRQljmQ,1
autor:UC3XTwHxygNCgjndsg-UiCQA,autor:UCRelkU8JiZBytTzebJxaa-w,1
autor:UC3XTwHxygNCgjndsg-UiCQA,autor:UC5H8ASmMC9WrURmzeB4ySog,1
autor:UC3XTwHxygNCgjndsg-UiCQA,autor:UCzoL2l5H5eVlorWGH8AZfAg,1
autor:UC3XTwHxygNCgjndsg-UiCQA,autor:UCOLGv5Pf6BF2wFcwUzgcvHg,1
autor:UC3XTwHxygNCgjndsg-UiCQA,autor:UCl0ekS9Tt0jJGtOEM18S63w,1
autor:UC3XTwHxygNCgjndsg-UiCQA,autor:UCXSkL3ejZ8qWYyF_M7s_QKA,1
autor:UC3XTwHxygNCgjndsg-UiCQA,autor:UCySYJU5kUh7X8gVt9la2ISA,1
autor:UC3XTwHxygNCgjndsg-UiCQA,autor:UCL13XhnRzbGokEkCkEOb0-g,1
autor:UC3XTwHxygNCgjndsg-UiCQA,autor:UCZ51R_9Q9C0c8I3pAWhtmjQ,1
autor:UC3XTwHxygNCgjndsg-UiCQA,autor:UCp4iw5_5SmV9VGTFSNVGOmQ,1
autor:UC3XTwHxygNCgjndsg-UiCQA,autor:UCDUffaruH6dyUnUGwsTKpgg,1
autor:UC3XTwHxygNCgjndsg-UiCQA,autor:UCut6b9S98nv84cVX89PmKzA,1
autor:UC3XTwHxygNCgjndsg-UiCQA,autor:UCsUCN0Yq_UyTvKjOJLmNrnQ,1
autor:UC3XTwHxygNCgjndsg-UiCQA,autor:UCDIMztpVm7G27qBuiWuT6oQ,1
autor:UC3XTwHxygNCgjndsg-UiCQA,autor:UCZLG9qH0tUjNhEGFIUt0CYw,1
autor:UC3XTwHxygNCgjndsg-UiCQA,autor:UChs3tU2BcKOT0CezykvAsGw,1
autor:UC3XTwHxygNCgjndsg-UiCQA,autor:UCrJn_rbo_ENAdeqneS-RmRw,1
autor:UC3XTwHxygNCgjndsg-UiCQA,autor:UC8F2V63KZ4ZEay6opX2hAQw,1
autor:UC3XTwHxygNCgjndsg-UiCQA,autor:UCThW2XNsAaBKme5PUt7n-Zg,1
autor:UC3XTwHxygNCgjndsg-UiCQA,autor:UCmvOgzmmXbjUthHy-WJ52hQ,1
autor:UC3XTwHxygNCgjndsg-UiCQA,autor:UCpsKOkt5iWTbenzeuq7dsmQ,1
autor:UC3XTwHxygNCgjndsg-UiCQA,autor:UCFoIAE8k82D6AV-8gjjKaNg,1
autor:UC3XTwHxygNCgjndsg-UiCQA,autor:UCFjudnPLoaSL1BaRuLahyHg,1
autor:UC3XTwHxygNCgjndsg-UiCQA,autor:UCi1b_TRQfgO1Z9O2gNGGWNA,1
autor:UC3XTwHxygNCgjndsg-UiCQA,autor:UCfM3nrxtTQMY5jFx1v1J4Gg,1
autor:UC3XTwHxygNCgjndsg-UiCQA,autor:UC7VUuJr9cGh845CmTvf7TlQ,1
autor:UC3XTwHxygNCgjndsg-UiCQA,autor:UCjmPuazZJzscrwvk0QR9RVw,1
autor:UC3XTwHxygNCgjndsg-UiCQA,autor:UCtNfIBnc5S5DbbQj_yxgJTw,1
autor:UC3XTwHxygNCgjndsg-UiCQA,autor:UC72gBAtyb_VXQlYDcFrh6oQ,1
autor:UC3XTwHxygNCgjndsg-UiCQA,autor:UCmjppp6ujz3SAnULvP3sZMw,1
autor:UC3XTwHxygNCgjndsg-UiCQA,autor:UCzSfZlOVxBSs5ObD25ywxDQ,1
autor:UC3XTwHxygNCgjndsg-UiCQA,autor:UCTylKrsqkrBKIqubMu_5N0Q,1
autor:UC3XTwHxygNCgjndsg-UiCQA,autor:UCB5p8a5gklc80jJItP6xTHg,1
autor:UC3XTwHxygNCgjndsg-UiCQA,autor:UCQqetiwzzmRNTM5OWuXarGQ,1
autor:UC3XTwHxygNCgjndsg-UiCQA,autor:UCOS8ViEkccrTZx2w2ccxotA,1
autor:UC3XTwHxygNCgjndsg-UiCQA,autor:UCh5ESQvtzyHDhCA7XyekCFA,1
autor:UC3XTwHxygNCgjndsg-UiCQA,autor:UCNkcuy42zEwddwEcOd_HpnA,1
autor:UC3XTwHxygNCgjndsg-UiCQA,autor:UCjSKM9j0Q7HLDr1hD6D-TUw,1
autor:UC3XTwHxygNCgjndsg-UiCQA,autor:UCujPF2nBgsTD62nWE3lcpIg,1
autor:UC3XTwHxygNCgjndsg-UiCQA,autor:UC4cXueR2bKGFJV0Fk76gwmA,1
autor:UC3XTwHxygNCgjndsg-UiCQA,autor:UCpIdtvoFHVLGASGB5ySqIEA,1
autor:UC3XTwHxygNCgjndsg-UiCQA,autor:UChZknRmJkeGeQk0-mQuhDOg,1
autor:UC3XTwHxygNCgjndsg-UiCQA,autor:UCQtSFINs1h6GHkpg9o5kMvg,1
autor:UC3XTwHxygNCgjndsg-UiCQA,autor:UCQgYjVngJRfPHDLGB5X6ZjA,1
autor:UC3XTwHxygNCgjndsg-UiCQA,autor:UCCaYwkkbQGcvFoUmothVdQQ,1
autor:UC3XTwHxygNCgjndsg-UiCQA,autor:UCHhHUjaMAZ8SiXdCUCj9DkQ,1
autor:UC3XTwHxygNCgjndsg-UiCQA,autor:UC6PvO1_k5lHKGdAPo5_C6TA,1
autor:UC3XTwHxygNCgjndsg-UiCQA,autor:UCDftMWXQoJ6nONfY7GVOVjg,1
autor:UC3XTwHxygNCgjndsg-UiCQA,autor:UCXr8_5WtGeipe4haOoQDgyQ,1
autor:UC3XTwHxygNCgjndsg-UiCQA,autor:UCQtICyzWmhC5woCtbNgaSmg,1
autor:UC3XTwHxygNCgjndsg-UiCQA,autor:UCljDbleJul41G1TzOjOZAVA,1
autor:UC3XTwHxygNCgjndsg-UiCQA,autor:UC6YSZqL0vEcI-niPKIMUGfw,1
autor:UC3XTwHxygNCgjndsg-UiCQA,autor:UCUIIIPTVDVHAXqhC_5V6lPA,1
autor:UC3XTwHxygNCgjndsg-UiCQA,autor:UCj-LL25XJnjxepPKCc3NGog,1
autor:UC3XTwHxygNCgjndsg-UiCQA,autor:UCtUR3_CAiE7fCoZHM6cMfyQ,1
autor:UC3XTwHxygNCgjndsg-UiCQA,autor:UC8G5cJONY8L9voMyBW8Eoug,1
autor:UC3XTwHxygNCgjndsg-UiCQA,autor:UCErZPJpHmLCsXs8ZWkAUupQ,1
autor:UC3XTwHxygNCgjndsg-UiCQA,autor:UCQ_-LPP8JAbfkc-b1Q6NvWw,1
autor:UC3XTwHxygNCgjndsg-UiCQA,autor:UCAmtbUiIrUIhikru0ZoTFig,1
autor:UC3XTwHxygNCgjndsg-UiCQA,autor:UCr1emrogPKkKTs_WTtx71xg,1
autor:UC3XTwHxygNCgjndsg-UiCQA,autor:UCOh6DaZC_x9HASnlRylEMfw,1
autor:UC3XTwHxygNCgjndsg-UiCQA,autor:UCSou6a2OuYGSvPjm5psquyA,1
autor:UC3XTwHxygNCgjndsg-UiCQA,autor:UCV0iizTBoOfdAFX_thfI9BA,1
autor:UC3XTwHxygNCgjndsg-UiCQA,autor:UCsjs5Hp_r86x1xbK6FAeqaA,1
autor:UC3XTwHxygNCgjndsg-UiCQA,autor:UC4wq3DcbfaG6dtCqn8Oyu3w,1
autor:UC3XTwHxygNCgjndsg-UiCQA,autor:UCwha8rxULYMVtNwZWeSkE1A,1
autor:UC3XTwHxygNCgjndsg-UiCQA,autor:UCFxE8GbokBrBsPEKM1xrOjQ,1
autor:UC3XTwHxygNCgjndsg-UiCQA,autor:UCwW2OFy95P7ZBkOPxWkpvYg,1
autor:UC3XTwHxygNCgjndsg-UiCQA,autor:UCA93ym2TXs_Ibyxb4Vcn-6Q,1
autor:UC3XTwHxygNCgjndsg-UiCQA,autor:UCFUuDARXdmmIrLppEqf-rFg,1
autor:UC3XTwHxygNCgjndsg-UiCQA,autor:UCpl8rF8uv_8uui-QRvuJaRA,1
autor:UC3XTwHxygNCgjndsg-UiCQA,autor:UCRETAiYdh2dL5ZxB0_N1zDA,1
autor:UC3XTwHxygNCgjndsg-UiCQA,autor:UCsJJAvrVGupdmhOqgtDp8dg,1
autor:UC3XTwHxygNCgjndsg-UiCQA,autor:UCTP3O0rMnc8z8v8jaDQwL0w,1
autor:UC3XTwHxygNCgjndsg-UiCQA,autor:UCN6qbfPSzFtjhqUDZ3Cv3CQ,1
autor:UC3XTwHxygNCgjndsg-UiCQA,autor:UCvApqeCbLod-wejtT4CcVuA,1
autor:UC3XTwHxygNCgjndsg-UiCQA,autor:UCDPWkUX3sNNaCx-m1dV4glA,1
autor:UC3XTwHxygNCgjndsg-UiCQA,autor:UCYN4wSQ1Sx4_LurxLlW7MPg,1
autor:UC3XTwHxygNCgjndsg-UiCQA,autor:UCueV9cTyTDwgQSec1x2dYgA,1
autor:UC3XTwHxygNCgjndsg-UiCQA,autor:UChgkn5Jt5tWKYMoEOuCjz3Q,1
autor:UC3XTwHxygNCgjndsg-UiCQA,autor:UCEgEQmRbtL5fwr9_DqAC--g,1
autor:UC3XTwHxygNCgjndsg-UiCQA,autor:UC9xr9QvIcDvoZNUX5f-jaZw,1
autor:UC3XTwHxygNCgjndsg-UiCQA,autor:UCRlCV9zSn7avAWh-9_XFWqQ,1
autor:UC3XTwHxygNCgjndsg-UiCQA,autor:UCiMythXHsw7eQEMykCdmMUA,1
autor:UC3XTwHxygNCgjndsg-UiCQA,autor:UC3qn1yJA5PeW9rkGPatQxiw,1
autor:UC3XTwHxygNCgjndsg-UiCQA,autor:UCz3gu01bmjNv0DpRq-K3XYg,1
autor:UC3XTwHxygNCgjndsg-UiCQA,autor:UCkd9W714-947dEE6ZOEBATA,1
autor:UC3XTwHxygNCgjndsg-UiCQA,autor:UCDlr1VadSucIZgZ171pRBjQ,1
autor:UC3XTwHxygNCgjndsg-UiCQA,autor:UCGzXwyCzMzGmjmCbH3Hg01Q,1
autor:UC3XTwHxygNCgjndsg-UiCQA,autor:UCTwSut16JyAg3mX6LVUNGqA,1
autor:UC3XTwHxygNCgjndsg-UiCQA,autor:UCFhxtoeARHPnXXPcDrOU3Xg,1
autor:UC3XTwHxygNCgjndsg-UiCQA,autor:UCKDR0f2fu2UzWL8mBv5-BHw,1
autor:UC3XTwHxygNCgjndsg-UiCQA,autor:UCXXh7yg5KUFIWylTiKVEFKQ,1
autor:UC3XTwHxygNCgjndsg-UiCQA,autor:UCylqlpsh8ENNM1LqgQ1KbxA,1
autor:UC3XTwHxygNCgjndsg-UiCQA,autor:UCYwpX26TrCxq8TvbKGRYLXA,1
autor:UC3XTwHxygNCgjndsg-UiCQA,autor:UCHTGCgY2l-DQJIvlA_cpa_Q,1
autor:UC3XTwHxygNCgjndsg-UiCQA,autor:UCwO2SXr0ggzwg6QWWrr01nQ,1
autor:UC3XTwHxygNCgjndsg-UiCQA,autor:UCXgr7vXlRrsaskPdo097kGA,1
autor:UC3XTwHxygNCgjndsg-UiCQA,autor:UCL1MT278vSaQ83ZDkVWn1gw,1
autor:UC3XTwHxygNCgjndsg-UiCQA,autor:UCsSXdJct-nsS8DsABoEsaYA,1
autor:UC3XTwHxygNCgjndsg-UiCQA,autor:UCDQaQv0hr2SS_PO-CMEwVHg,1
autor:UC3XTwHxygNCgjndsg-UiCQA,autor:UC9vMq1YF-e7C-VO0SHkbUTA,1
autor:UC3XTwHxygNCgjndsg-UiCQA,autor:UCcfdg8crmMJwEuLUsAhV7yg,1
autor:UC3XTwHxygNCgjndsg-UiCQA,autor:UCiGRBf2RNF0WRKhRVT7zFoA,1
autor:UC3XTwHxygNCgjndsg-UiCQA,autor:UCWIZUtKJ636y-4TYrNvok0g,1
autor:UC3XTwHxygNCgjndsg-UiCQA,autor:UCTD6q1nyIe3Y7HhqjaMj72w,1
autor:UC3XTwHxygNCgjndsg-UiCQA,autor:UC5bG9nc_JV3FsNP2KseQiYw,1
autor:UC3XTwHxygNCgjndsg-UiCQA,autor:UCLggDc_a5HriXv7I1h02sOA,1
autor:UC3XTwHxygNCgjndsg-UiCQA,autor:UCLFdHr9BEbXHkoJopbEPLZw,1
autor:UC3XTwHxygNCgjndsg-UiCQA,autor:UC8r11yOugM2NuRfitQOxLLg,1
autor:UC3XTwHxygNCgjndsg-UiCQA,autor:UCplrIQtaPj6au60_f2-mOYw,1
autor:UC3XTwHxygNCgjndsg-UiCQA,autor:UCxff05WuyvwELNITi7bj7UA,1
autor:UC3XTwHxygNCgjndsg-UiCQA,autor:UC650pRT-OYzny3GwOH8Cgfw,1
autor:UC3XTwHxygNCgjndsg-UiCQA,autor:UCAlzM_N6xBlMYmM8EBzX86Q,1
autor:UC3XTwHxygNCgjndsg-UiCQA,autor:UCgvw7xIdGFupzpt1Y_BFkEA,1
autor:UC3XTwHxygNCgjndsg-UiCQA,autor:UCipetjeiWj4CZB6EbyYziZg,1
autor:UC3XTwHxygNCgjndsg-UiCQA,autor:UChep9kVb5gQmpodEEl10Xlg,1
autor:UC3YpzAr7pcdKC7BVFEpYzog,autor:UCeQk-WfEA-cJRq4EKeE7TOw,1
autor:UC3YpzAr7pcdKC7BVFEpYzog,autor:UCWaRixDdpgllTBf4V0jPnKQ,1
autor:UC3YpzAr7pcdKC7BVFEpYzog,autor:UCjZgFEowMBrsjodqfovzdKw,1
autor:UC3YpzAr7pcdKC7BVFEpYzog,autor:UCRfkkatKrNtAARnXMMYBGlA,1
autor:UC3YpzAr7pcdKC7BVFEpYzog,autor:UC63tFvbQ_hJhGDi2nbjssjw,1
autor:UC3YpzAr7pcdKC7BVFEpYzog,autor:UChyps3dqY-VY1_wLeq-2lhw,1
autor:UC3YpzAr7pcdKC7BVFEpYzog,autor:UCp29O_C7cchZV8IxV7Crdag,1
autor:UC3YpzAr7pcdKC7BVFEpYzog,autor:UCV3fr-YOixFKCZBbJP1-X4w,1
autor:UC3YpzAr7pcdKC7BVFEpYzog,autor:UCWvntqPQx99k_Z_skWKqNSA,1
autor:UC3YpzAr7pcdKC7BVFEpYzog,autor:UCa36MjQLoPAmgJo-R3G8WQA,1
autor:UC3YpzAr7pcdKC7BVFEpYzog,autor:UCzZ6dDCEsLMXbc5pCFXIprw,1
autor:UC3YpzAr7pcdKC7BVFEpYzog,autor:UCwxoKK59nGCeBqB2sXfDBIw,1
autor:UC3YpzAr7pcdKC7BVFEpYzog,autor:UCvDwJBBY1mHK70aTEYl6rsA,1
autor:UC3YpzAr7pcdKC7BVFEpYzog,autor:UCiOZX__1gahg1ypIj0_XG_w,1
autor:UC3YpzAr7pcdKC7BVFEpYzog,autor:UCFybmWapGvBKcQod7cPPH9w,1
autor:UC3YpzAr7pcdKC7BVFEpYzog,autor:UCoGdCoJg2Lh0OX_jv6cG16g,1
autor:UC3YpzAr7pcdKC7BVFEpYzog,autor:UCaT4saRcyqCLE657Rq2hhZQ,1
autor:UC3YpzAr7pcdKC7BVFEpYzog,autor:UCZFQwqh90apuL8eFhvRBkUg,1
autor:UC3YpzAr7pcdKC7BVFEpYzog,autor:UCfo_yUPzy1f1POwwZxhZ06Q,1
autor:UC3YpzAr7pcdKC7BVFEpYzog,autor:UCtsxPYw8VUsH_FfnKg-0lmw,1
autor:UC3YpzAr7pcdKC7BVFEpYzog,autor:UCEHXl4VvvVpq-_4xC5tsbhg,1
autor:UC3YpzAr7pcdKC7BVFEpYzog,autor:UCgGqw4aqMdMVSGkKiMgrJRQ,1
autor:UC3YpzAr7pcdKC7BVFEpYzog,autor:UCtCtts20bW6F9CSohau51Iw,1
autor:UC3YpzAr7pcdKC7BVFEpYzog,autor:UCheEJ5GZuIvV0fj-nXyVwXw,1
autor:UC3YpzAr7pcdKC7BVFEpYzog,autor:UCql1n3Ey6ULMSOACjMe-fxQ,1
autor:UC3YpzAr7pcdKC7BVFEpYzog,autor:UCyJhqmMbsvjpoarBBStA2kg,1
autor:UC3iIU62XKUOWuqL8BqBzj9A,autor:UC5PrBbmUlQolwqmiru7yZhw,1
autor:UC3iIU62XKUOWuqL8BqBzj9A,autor:UCGm3gRBEHGRJYmtCryZLtDw,1
autor:UC3iIU62XKUOWuqL8BqBzj9A,autor:UCsUCN0Yq_UyTvKjOJLmNrnQ,1
autor:UC3iIU62XKUOWuqL8BqBzj9A,autor:UCHu8x4MVkayU6VgwVKd--MQ,1
autor:UC3iIU62XKUOWuqL8BqBzj9A,autor:UC9Wp6vL5oCU37qC3Aj94WZA,1
autor:UC3qn1yJA5PeW9rkGPatQxiw,autor:UCNBnKqWf4d-rS4HwJRQljmQ,1
autor:UC3qn1yJA5PeW9rkGPatQxiw,autor:UCRelkU8JiZBytTzebJxaa-w,1
autor:UC3qn1yJA5PeW9rkGPatQxiw,autor:UC5H8ASmMC9WrURmzeB4ySog,1
autor:UC3qn1yJA5PeW9rkGPatQxiw,autor:UCzoL2l5H5eVlorWGH8AZfAg,1
autor:UC3qn1yJA5PeW9rkGPatQxiw,autor:UCOLGv5Pf6BF2wFcwUzgcvHg,1
autor:UC3qn1yJA5PeW9rkGPatQxiw,autor:UCl0ekS9Tt0jJGtOEM18S63w,1
autor:UC3qn1yJA5PeW9rkGPatQxiw,autor:UCXSkL3ejZ8qWYyF_M7s_QKA,1
autor:UC3qn1yJA5PeW9rkGPatQxiw,autor:UCySYJU5kUh7X8gVt9la2ISA,1
autor:UC3qn1yJA5PeW9rkGPatQxiw,autor:UCL13XhnRzbGokEkCkEOb0-g,1
autor:UC3qn1yJA5PeW9rkGPatQxiw,autor:UCZ51R_9Q9C0c8I3pAWhtmjQ,1
autor:UC3qn1yJA5PeW9rkGPatQxiw,autor:UCp4iw5_5SmV9VGTFSNVGOmQ,1
autor:UC3qn1yJA5PeW9rkGPatQxiw,autor:UCDUffaruH6dyUnUGwsTKpgg,1
autor:UC3qn1yJA5PeW9rkGPatQxiw,autor:UCut6b9S98nv84cVX89PmKzA,1
autor:UC3qn1yJA5PeW9rkGPatQxiw,autor:UCsUCN0Yq_UyTvKjOJLmNrnQ,1
autor:UC3qn1yJA5PeW9rkGPatQxiw,autor:UCDIMztpVm7G27qBuiWuT6oQ,1
autor:UC3qn1yJA5PeW9rkGPatQxiw,autor:UCZLG9qH0tUjNhEGFIUt0CYw,1
autor:UC3qn1yJA5PeW9rkGPatQxiw,autor:UChs3tU2BcKOT0CezykvAsGw,1
autor:UC3qn1yJA5PeW9rkGPatQxiw,autor:UCrJn_rbo_ENAdeqneS-RmRw,1
autor:UC3qn1yJA5PeW9rkGPatQxiw,autor:UC8F2V63KZ4ZEay6opX2hAQw,1
autor:UC3qn1yJA5PeW9rkGPatQxiw,autor:UCThW2XNsAaBKme5PUt7n-Zg,1
autor:UC3qn1yJA5PeW9rkGPatQxiw,autor:UCmvOgzmmXbjUthHy-WJ52hQ,1
autor:UC3qn1yJA5PeW9rkGPatQxiw,autor:UCpsKOkt5iWTbenzeuq7dsmQ,1
autor:UC3qn1yJA5PeW9rkGPatQxiw,autor:UCFoIAE8k82D6AV-8gjjKaNg,1
autor:UC3qn1yJA5PeW9rkGPatQxiw,autor:UCFjudnPLoaSL1BaRuLahyHg,1
autor:UC3qn1yJA5PeW9rkGPatQxiw,autor:UCi1b_TRQfgO1Z9O2gNGGWNA,1
autor:UC3qn1yJA5PeW9rkGPatQxiw,autor:UCfM3nrxtTQMY5jFx1v1J4Gg,1
autor:UC3qn1yJA5PeW9rkGPatQxiw,autor:UC7VUuJr9cGh845CmTvf7TlQ,1
autor:UC3qn1yJA5PeW9rkGPatQxiw,autor:UCjmPuazZJzscrwvk0QR9RVw,1
autor:UC3qn1yJA5PeW9rkGPatQxiw,autor:UCtNfIBnc5S5DbbQj_yxgJTw,1
autor:UC3qn1yJA5PeW9rkGPatQxiw,autor:UC72gBAtyb_VXQlYDcFrh6oQ,1
autor:UC3qn1yJA5PeW9rkGPatQxiw,autor:UCmjppp6ujz3SAnULvP3sZMw,1
autor:UC3qn1yJA5PeW9rkGPatQxiw,autor:UCzSfZlOVxBSs5ObD25ywxDQ,1
autor:UC3qn1yJA5PeW9rkGPatQxiw,autor:UCTylKrsqkrBKIqubMu_5N0Q,1
autor:UC3qn1yJA5PeW9rkGPatQxiw,autor:UCB5p8a5gklc80jJItP6xTHg,1
autor:UC3qn1yJA5PeW9rkGPatQxiw,autor:UCQqetiwzzmRNTM5OWuXarGQ,1
autor:UC3qn1yJA5PeW9rkGPatQxiw,autor:UCOS8ViEkccrTZx2w2ccxotA,1
autor:UC3qn1yJA5PeW9rkGPatQxiw,autor:UCh5ESQvtzyHDhCA7XyekCFA,1
autor:UC3qn1yJA5PeW9rkGPatQxiw,autor:UCNkcuy42zEwddwEcOd_HpnA,1
autor:UC3qn1yJA5PeW9rkGPatQxiw,autor:UCjSKM9j0Q7HLDr1hD6D-TUw,1
autor:UC3qn1yJA5PeW9rkGPatQxiw,autor:UCujPF2nBgsTD62nWE3lcpIg,1
autor:UC3qn1yJA5PeW9rkGPatQxiw,autor:UC4cXueR2bKGFJV0Fk76gwmA,1
autor:UC3qn1yJA5PeW9rkGPatQxiw,autor:UCpIdtvoFHVLGASGB5ySqIEA,1
autor:UC3qn1yJA5PeW9rkGPatQxiw,autor:UChZknRmJkeGeQk0-mQuhDOg,1
autor:UC3qn1yJA5PeW9rkGPatQxiw,autor:UCQtSFINs1h6GHkpg9o5kMvg,1
autor:UC3qn1yJA5PeW9rkGPatQxiw,autor:UCQgYjVngJRfPHDLGB5X6ZjA,1
autor:UC3qn1yJA5PeW9rkGPatQxiw,autor:UCCaYwkkbQGcvFoUmothVdQQ,1
autor:UC3qn1yJA5PeW9rkGPatQxiw,autor:UCHhHUjaMAZ8SiXdCUCj9DkQ,1
autor:UC3qn1yJA5PeW9rkGPatQxiw,autor:UC6PvO1_k5lHKGdAPo5_C6TA,1
autor:UC3qn1yJA5PeW9rkGPatQxiw,autor:UCDftMWXQoJ6nONfY7GVOVjg,1
autor:UC3qn1yJA5PeW9rkGPatQxiw,autor:UCXr8_5WtGeipe4haOoQDgyQ,1
autor:UC3qn1yJA5PeW9rkGPatQxiw,autor:UCQtICyzWmhC5woCtbNgaSmg,1
autor:UC3qn1yJA5PeW9rkGPatQxiw,autor:UCljDbleJul41G1TzOjOZAVA,1
autor:UC3qn1yJA5PeW9rkGPatQxiw,autor:UC6YSZqL0vEcI-niPKIMUGfw,1
autor:UC3qn1yJA5PeW9rkGPatQxiw,autor:UCUIIIPTVDVHAXqhC_5V6lPA,1
autor:UC3qn1yJA5PeW9rkGPatQxiw,autor:UCj-LL25XJnjxepPKCc3NGog,1
autor:UC3qn1yJA5PeW9rkGPatQxiw,autor:UCtUR3_CAiE7fCoZHM6cMfyQ,1
autor:UC3qn1yJA5PeW9rkGPatQxiw,autor:UC8G5cJONY8L9voMyBW8Eoug,1
autor:UC3qn1yJA5PeW9rkGPatQxiw,autor:UCErZPJpHmLCsXs8ZWkAUupQ,1
autor:UC3qn1yJA5PeW9rkGPatQxiw,autor:UCQ_-LPP8JAbfkc-b1Q6NvWw,1
autor:UC3qn1yJA5PeW9rkGPatQxiw,autor:UCAmtbUiIrUIhikru0ZoTFig,1
autor:UC3qn1yJA5PeW9rkGPatQxiw,autor:UCr1emrogPKkKTs_WTtx71xg,1
autor:UC3qn1yJA5PeW9rkGPatQxiw,autor:UCOh6DaZC_x9HASnlRylEMfw,1
autor:UC3qn1yJA5PeW9rkGPatQxiw,autor:UCSou6a2OuYGSvPjm5psquyA,1
autor:UC3qn1yJA5PeW9rkGPatQxiw,autor:UCV0iizTBoOfdAFX_thfI9BA,1
autor:UC3qn1yJA5PeW9rkGPatQxiw,autor:UCsjs5Hp_r86x1xbK6FAeqaA,1
autor:UC3qn1yJA5PeW9rkGPatQxiw,autor:UC4wq3DcbfaG6dtCqn8Oyu3w,1
autor:UC3qn1yJA5PeW9rkGPatQxiw,autor:UCwha8rxULYMVtNwZWeSkE1A,1
autor:UC3qn1yJA5PeW9rkGPatQxiw,autor:UCFxE8GbokBrBsPEKM1xrOjQ,1
autor:UC3qn1yJA5PeW9rkGPatQxiw,autor:UCwW2OFy95P7ZBkOPxWkpvYg,1
autor:UC3qn1yJA5PeW9rkGPatQxiw,autor:UCA93ym2TXs_Ibyxb4Vcn-6Q,1
autor:UC3qn1yJA5PeW9rkGPatQxiw,autor:UCFUuDARXdmmIrLppEqf-rFg,1
autor:UC3qn1yJA5PeW9rkGPatQxiw,autor:UCpl8rF8uv_8uui-QRvuJaRA,1
autor:UC3qn1yJA5PeW9rkGPatQxiw,autor:UCRETAiYdh2dL5ZxB0_N1zDA,1
autor:UC3qn1yJA5PeW9rkGPatQxiw,autor:UCsJJAvrVGupdmhOqgtDp8dg,1
autor:UC3qn1yJA5PeW9rkGPatQxiw,autor:UCTP3O0rMnc8z8v8jaDQwL0w,1
autor:UC3qn1yJA5PeW9rkGPatQxiw,autor:UCN6qbfPSzFtjhqUDZ3Cv3CQ,1
autor:UC3qn1yJA5PeW9rkGPatQxiw,autor:UCvApqeCbLod-wejtT4CcVuA,1
autor:UC3qn1yJA5PeW9rkGPatQxiw,autor:UCDPWkUX3sNNaCx-m1dV4glA,1
autor:UC3qn1yJA5PeW9rkGPatQxiw,autor:UCYN4wSQ1Sx4_LurxLlW7MPg,1
autor:UC3qn1yJA5PeW9rkGPatQxiw,autor:UCueV9cTyTDwgQSec1x2dYgA,1
autor:UC3qn1yJA5PeW9rkGPatQxiw,autor:UChgkn5Jt5tWKYMoEOuCjz3Q,1
autor:UC3qn1yJA5PeW9rkGPatQxiw,autor:UCEgEQmRbtL5fwr9_DqAC--g,1
autor:UC3qn1yJA5PeW9rkGPatQxiw,autor:UC9xr9QvIcDvoZNUX5f-jaZw,1
autor:UC3qn1yJA5PeW9rkGPatQxiw,autor:UCRlCV9zSn7avAWh-9_XFWqQ,1
autor:UC3qn1yJA5PeW9rkGPatQxiw,autor:UCiMythXHsw7eQEMykCdmMUA,1
autor:UC3qn1yJA5PeW9rkGPatQxiw,autor:UCz3gu01bmjNv0DpRq-K3XYg,1
autor:UC3qn1yJA5PeW9rkGPatQxiw,autor:UCkd9W714-947dEE6ZOEBATA,1
autor:UC3qn1yJA5PeW9rkGPatQxiw,autor:UCDlr1VadSucIZgZ171pRBjQ,1
autor:UC3qn1yJA5PeW9rkGPatQxiw,autor:UCGzXwyCzMzGmjmCbH3Hg01Q,1
autor:UC3qn1yJA5PeW9rkGPatQxiw,autor:UCTwSut16JyAg3mX6LVUNGqA,1
autor:UC3qn1yJA5PeW9rkGPatQxiw,autor:UCFhxtoeARHPnXXPcDrOU3Xg,1
autor:UC3qn1yJA5PeW9rkGPatQxiw,autor:UCKDR0f2fu2UzWL8mBv5-BHw,1
autor:UC3qn1yJA5PeW9rkGPatQxiw,autor:UCXXh7yg5KUFIWylTiKVEFKQ,1
autor:UC3qn1yJA5PeW9rkGPatQxiw,autor:UCylqlpsh8ENNM1LqgQ1KbxA,1
autor:UC3qn1yJA5PeW9rkGPatQxiw,autor:UCYwpX26TrCxq8TvbKGRYLXA,1
autor:UC3qn1yJA5PeW9rkGPatQxiw,autor:UCHTGCgY2l-DQJIvlA_cpa_Q,1
autor:UC3qn1yJA5PeW9rkGPatQxiw,autor:UCwO2SXr0ggzwg6QWWrr01nQ,1
autor:UC3qn1yJA5PeW9rkGPatQxiw,autor:UCXgr7vXlRrsaskPdo097kGA,1
autor:UC3qn1yJA5PeW9rkGPatQxiw,autor:UCL1MT278vSaQ83ZDkVWn1gw,1
autor:UC3qn1yJA5PeW9rkGPatQxiw,autor:UCsSXdJct-nsS8DsABoEsaYA,1
autor:UC3qn1yJA5PeW9rkGPatQxiw,autor:UCDQaQv0hr2SS_PO-CMEwVHg,1
autor:UC3qn1yJA5PeW9rkGPatQxiw,autor:UC9vMq1YF-e7C-VO0SHkbUTA,1
autor:UC3qn1yJA5PeW9rkGPatQxiw,autor:UCcfdg8crmMJwEuLUsAhV7yg,1
autor:UC3qn1yJA5PeW9rkGPatQxiw,autor:UCiGRBf2RNF0WRKhRVT7zFoA,1
autor:UC3qn1yJA5PeW9rkGPatQxiw,autor:UCWIZUtKJ636y-4TYrNvok0g,1
autor:UC3qn1yJA5PeW9rkGPatQxiw,autor:UCTD6q1nyIe3Y7HhqjaMj72w,1
autor:UC3qn1yJA5PeW9rkGPatQxiw,autor:UC5bG9nc_JV3FsNP2KseQiYw,1
autor:UC3qn1yJA5PeW9rkGPatQxiw,autor:UCLggDc_a5HriXv7I1h02sOA,1
autor:UC3qn1yJA5PeW9rkGPatQxiw,autor:UCLFdHr9BEbXHkoJopbEPLZw,1
autor:UC3qn1yJA5PeW9rkGPatQxiw,autor:UC8r11yOugM2NuRfitQOxLLg,1
autor:UC3qn1yJA5PeW9rkGPatQxiw,autor:UCplrIQtaPj6au60_f2-mOYw,1
autor:UC3qn1yJA5PeW9rkGPatQxiw,autor:UCxff05WuyvwELNITi7bj7UA,1
autor:UC3qn1yJA5PeW9rkGPatQxiw,autor:UC650pRT-OYzny3GwOH8Cgfw,1
autor:UC3qn1yJA5PeW9rkGPatQxiw,autor:UCAlzM_N6xBlMYmM8EBzX86Q,1
autor:UC3qn1yJA5PeW9rkGPatQxiw,autor:UCgvw7xIdGFupzpt1Y_BFkEA,1
autor:UC3qn1yJA5PeW9rkGPatQxiw,autor:UCipetjeiWj4CZB6EbyYziZg,1
autor:UC3qn1yJA5PeW9rkGPatQxiw,autor:UChep9kVb5gQmpodEEl10Xlg,1
autor:UC4Avya4kmR4Q0FrfFdBozSQ,autor:UCWoAVGVqCn4xtINCMOTM4jg,1
autor:UC4Avya4kmR4Q0FrfFdBozSQ,autor:UCDrmf9y9nLgFY5wnA2hTuGA,1
autor:UC4Avya4kmR4Q0FrfFdBozSQ,autor:UCylqlpsh8ENNM1LqgQ1KbxA,1
autor:UC4Avya4kmR4Q0FrfFdBozSQ,autor:UCQyOePccUP-fIJYzchAgZYw,1
autor:UC4Avya4kmR4Q0FrfFdBozSQ,autor:UCpe5jW3MIqkgTJ-PgkzvM6Q,1
autor:UC4Avya4kmR4Q0FrfFdBozSQ,autor:UColMq7LmaoY3MT6aIDGrGvA,1
autor:UC4Avya4kmR4Q0FrfFdBozSQ,autor:UCiC-Jn7wdgyQV4_Urk0DkWQ,1
autor:UC4Avya4kmR4Q0FrfFdBozSQ,autor:UC5hvEnRUzI4Kfvwnyi4QxqQ,1
autor:UC4Avya4kmR4Q0FrfFdBozSQ,autor:UCsGoJEvb-cFPZ2rWoJcXzEQ,1
autor:UC4Avya4kmR4Q0FrfFdBozSQ,autor:UC95PSMouTx2N5CbSq0hIyrQ,1
autor:UC4Avya4kmR4Q0FrfFdBozSQ,autor:UCRAquv8el-tQ30bN7MlmySQ,1
autor:UC4Avya4kmR4Q0FrfFdBozSQ,autor:UCgJNFj5dnxXpcMvmuhZDPxA,1
autor:UC4Avya4kmR4Q0FrfFdBozSQ,autor:UClqA491Xa5fQcXcJJa-vTWw,1
autor:UC4Avya4kmR4Q0FrfFdBozSQ,autor:UCkbsS_3D-pvg1iHOld9uvIg,1
autor:UC4Avya4kmR4Q0FrfFdBozSQ,autor:UC6Uj1FT5JjDSF8vudvDxPAA,1
autor:UC4Avya4kmR4Q0FrfFdBozSQ,autor:UCRvPToDkkumha7WJAfCDk1A,1
autor:UC4Avya4kmR4Q0FrfFdBozSQ,autor:UCdFlugHJJa4l3YqWuNRmvXw,1
autor:UC4Avya4kmR4Q0FrfFdBozSQ,autor:UCu8_3-Wg-YzNyvHYQDEscfw,1
autor:UC4Avya4kmR4Q0FrfFdBozSQ,autor:UCZeIIQrGAedW8tCbKWmGY-A,1
autor:UC4Avya4kmR4Q0FrfFdBozSQ,autor:UC_LYoGs5C3mbZKZuKuqYCvw,1
autor:UC4Avya4kmR4Q0FrfFdBozSQ,autor:UCqCrvuoJpC-aVb0f4logQRQ,1
autor:UC4Avya4kmR4Q0FrfFdBozSQ,autor:UClhMWQ7XKWywYvbRnuf8QsA,1
autor:UC4Avya4kmR4Q0FrfFdBozSQ,autor:UCOcUI5XkTYNMSFhZNMIPpGg,1
autor:UC4Avya4kmR4Q0FrfFdBozSQ,autor:UCgQw_Sbq3ugruDUKsq1e0-A,1
autor:UC4Avya4kmR4Q0FrfFdBozSQ,autor:UCaKAjTW9MVub_clgr4DRYjQ,1
autor:UC4Avya4kmR4Q0FrfFdBozSQ,autor:UCCBYcToQ2dwkd6TJh0FSyDg,1
autor:UC4Avya4kmR4Q0FrfFdBozSQ,autor:UCQqlPPUGqAfWjd-FSh_qn7Q,1
autor:UC4Avya4kmR4Q0FrfFdBozSQ,autor:UCwjUvRseNtJoItylIyIez7Q,1
autor:UC4Avya4kmR4Q0FrfFdBozSQ,autor:UCe8JZoYkX5oKUZyivHYdXhw,1
autor:UC4Avya4kmR4Q0FrfFdBozSQ,autor:UCNpt5CQlTzNjlAKY6CJtClQ,1
autor:UC4Avya4kmR4Q0FrfFdBozSQ,autor:UCkVtmkK07b2zaVVNssX4lOg,1
autor:UC4Avya4kmR4Q0FrfFdBozSQ,autor:UCHbwIx9pmQuf7i-4_xO2EpA,1
autor:UC4Avya4kmR4Q0FrfFdBozSQ,autor:UCW-JC6lebVmf2P1dmY_L94g,1
autor:UC4Avya4kmR4Q0FrfFdBozSQ,autor:UCW80DaMjQlEUibC98Cot-Dg,1
autor:UC4Avya4kmR4Q0FrfFdBozSQ,autor:UCpsKOkt5iWTbenzeuq7dsmQ,1
autor:UC4Avya4kmR4Q0FrfFdBozSQ,autor:UCeDNEtI8_a42bZ47wJiJMwQ,1
autor:UC4Avya4kmR4Q0FrfFdBozSQ,autor:UCAKuKvcbfnBD3kF5njNu-IA,1
autor:UC4Avya4kmR4Q0FrfFdBozSQ,autor:UCUoYsrx1oZnCZ0usbBJn4fA,1
autor:UC4Avya4kmR4Q0FrfFdBozSQ,autor:UC7dadZG7kkGYnsNu6td0FbA,1
autor:UC4Avya4kmR4Q0FrfFdBozSQ,autor:UCwgCc9Jd_gG-uLE_SY-FfPg,1
autor:UC4Avya4kmR4Q0FrfFdBozSQ,autor:UCGGHbtfbbe0o68etrOf0qxw,1
autor:UC4Avya4kmR4Q0FrfFdBozSQ,autor:UC816IGbFCZinfYS1LRDaaHg,1
autor:UC4Avya4kmR4Q0FrfFdBozSQ,autor:UCuXmOjxC-htcprLgeVXz6Tg,1
autor:UC4Avya4kmR4Q0FrfFdBozSQ,autor:UCV0lM03g5fg5pbPj97-sAtA,1
autor:UC4cXueR2bKGFJV0Fk76gwmA,autor:UCNBnKqWf4d-rS4HwJRQljmQ,1
autor:UC4cXueR2bKGFJV0Fk76gwmA,autor:UCRelkU8JiZBytTzebJxaa-w,1
autor:UC4cXueR2bKGFJV0Fk76gwmA,autor:UC5H8ASmMC9WrURmzeB4ySog,1
autor:UC4cXueR2bKGFJV0Fk76gwmA,autor:UCzoL2l5H5eVlorWGH8AZfAg,1
autor:UC4cXueR2bKGFJV0Fk76gwmA,autor:UCOLGv5Pf6BF2wFcwUzgcvHg,1
autor:UC4cXueR2bKGFJV0Fk76gwmA,autor:UCl0ekS9Tt0jJGtOEM18S63w,1
autor:UC4cXueR2bKGFJV0Fk76gwmA,autor:UCXSkL3ejZ8qWYyF_M7s_QKA,1
autor:UC4cXueR2bKGFJV0Fk76gwmA,autor:UCySYJU5kUh7X8gVt9la2ISA,1
autor:UC4cXueR2bKGFJV0Fk76gwmA,autor:UCL13XhnRzbGokEkCkEOb0-g,1
autor:UC4cXueR2bKGFJV0Fk76gwmA,autor:UCZ51R_9Q9C0c8I3pAWhtmjQ,1
autor:UC4cXueR2bKGFJV0Fk76gwmA,autor:UCp4iw5_5SmV9VGTFSNVGOmQ,1
autor:UC4cXueR2bKGFJV0Fk76gwmA,autor:UCDUffaruH6dyUnUGwsTKpgg,1
autor:UC4cXueR2bKGFJV0Fk76gwmA,autor:UCut6b9S98nv84cVX89PmKzA,1
autor:UC4cXueR2bKGFJV0Fk76gwmA,autor:UCsUCN0Yq_UyTvKjOJLmNrnQ,1
autor:UC4cXueR2bKGFJV0Fk76gwmA,autor:UCDIMztpVm7G27qBuiWuT6oQ,1
autor:UC4cXueR2bKGFJV0Fk76gwmA,autor:UCZLG9qH0tUjNhEGFIUt0CYw,1
autor:UC4cXueR2bKGFJV0Fk76gwmA,autor:UChs3tU2BcKOT0CezykvAsGw,1
autor:UC4cXueR2bKGFJV0Fk76gwmA,autor:UCrJn_rbo_ENAdeqneS-RmRw,1
autor:UC4cXueR2bKGFJV0Fk76gwmA,autor:UC8F2V63KZ4ZEay6opX2hAQw,1
autor:UC4cXueR2bKGFJV0Fk76gwmA,autor:UCThW2XNsAaBKme5PUt7n-Zg,1
autor:UC4cXueR2bKGFJV0Fk76gwmA,autor:UCmvOgzmmXbjUthHy-WJ52hQ,1
autor:UC4cXueR2bKGFJV0Fk76gwmA,autor:UCpsKOkt5iWTbenzeuq7dsmQ,1
autor:UC4cXueR2bKGFJV0Fk76gwmA,autor:UCFoIAE8k82D6AV-8gjjKaNg,1
autor:UC4cXueR2bKGFJV0Fk76gwmA,autor:UCFjudnPLoaSL1BaRuLahyHg,1
autor:UC4cXueR2bKGFJV0Fk76gwmA,autor:UCi1b_TRQfgO1Z9O2gNGGWNA,1
autor:UC4cXueR2bKGFJV0Fk76gwmA,autor:UCfM3nrxtTQMY5jFx1v1J4Gg,1
autor:UC4cXueR2bKGFJV0Fk76gwmA,autor:UC7VUuJr9cGh845CmTvf7TlQ,1
autor:UC4cXueR2bKGFJV0Fk76gwmA,autor:UCjmPuazZJzscrwvk0QR9RVw,1
autor:UC4cXueR2bKGFJV0Fk76gwmA,autor:UCtNfIBnc5S5DbbQj_yxgJTw,1
autor:UC4cXueR2bKGFJV0Fk76gwmA,autor:UC72gBAtyb_VXQlYDcFrh6oQ,1
autor:UC4cXueR2bKGFJV0Fk76gwmA,autor:UCmjppp6ujz3SAnULvP3sZMw,1
autor:UC4cXueR2bKGFJV0Fk76gwmA,autor:UCzSfZlOVxBSs5ObD25ywxDQ,1
autor:UC4cXueR2bKGFJV0Fk76gwmA,autor:UCTylKrsqkrBKIqubMu_5N0Q,1
autor:UC4cXueR2bKGFJV0Fk76gwmA,autor:UCB5p8a5gklc80jJItP6xTHg,1
autor:UC4cXueR2bKGFJV0Fk76gwmA,autor:UCQqetiwzzmRNTM5OWuXarGQ,1
autor:UC4cXueR2bKGFJV0Fk76gwmA,autor:UCOS8ViEkccrTZx2w2ccxotA,1
autor:UC4cXueR2bKGFJV0Fk76gwmA,autor:UCh5ESQvtzyHDhCA7XyekCFA,1
autor:UC4cXueR2bKGFJV0Fk76gwmA,autor:UCNkcuy42zEwddwEcOd_HpnA,1
autor:UC4cXueR2bKGFJV0Fk76gwmA,autor:UCjSKM9j0Q7HLDr1hD6D-TUw,1
autor:UC4cXueR2bKGFJV0Fk76gwmA,autor:UCujPF2nBgsTD62nWE3lcpIg,1
autor:UC4cXueR2bKGFJV0Fk76gwmA,autor:UCpIdtvoFHVLGASGB5ySqIEA,1
autor:UC4cXueR2bKGFJV0Fk76gwmA,autor:UChZknRmJkeGeQk0-mQuhDOg,1
autor:UC4cXueR2bKGFJV0Fk76gwmA,autor:UCQtSFINs1h6GHkpg9o5kMvg,1
autor:UC4cXueR2bKGFJV0Fk76gwmA,autor:UCQgYjVngJRfPHDLGB5X6ZjA,1
autor:UC4cXueR2bKGFJV0Fk76gwmA,autor:UCCaYwkkbQGcvFoUmothVdQQ,1
autor:UC4cXueR2bKGFJV0Fk76gwmA,autor:UCHhHUjaMAZ8SiXdCUCj9DkQ,1
autor:UC4cXueR2bKGFJV0Fk76gwmA,autor:UC6PvO1_k5lHKGdAPo5_C6TA,1
autor:UC4cXueR2bKGFJV0Fk76gwmA,autor:UCDftMWXQoJ6nONfY7GVOVjg,1
autor:UC4cXueR2bKGFJV0Fk76gwmA,autor:UCXr8_5WtGeipe4haOoQDgyQ,1
autor:UC4cXueR2bKGFJV0Fk76gwmA,autor:UCQtICyzWmhC5woCtbNgaSmg,1
autor:UC4cXueR2bKGFJV0Fk76gwmA,autor:UCljDbleJul41G1TzOjOZAVA,1
autor:UC4cXueR2bKGFJV0Fk76gwmA,autor:UC6YSZqL0vEcI-niPKIMUGfw,1
autor:UC4cXueR2bKGFJV0Fk76gwmA,autor:UCUIIIPTVDVHAXqhC_5V6lPA,1
autor:UC4cXueR2bKGFJV0Fk76gwmA,autor:UCj-LL25XJnjxepPKCc3NGog,1
autor:UC4cXueR2bKGFJV0Fk76gwmA,autor:UCtUR3_CAiE7fCoZHM6cMfyQ,1
autor:UC4cXueR2bKGFJV0Fk76gwmA,autor:UC8G5cJONY8L9voMyBW8Eoug,1
autor:UC4cXueR2bKGFJV0Fk76gwmA,autor:UCErZPJpHmLCsXs8ZWkAUupQ,1
autor:UC4cXueR2bKGFJV0Fk76gwmA,autor:UCQ_-LPP8JAbfkc-b1Q6NvWw,1
autor:UC4cXueR2bKGFJV0Fk76gwmA,autor:UCAmtbUiIrUIhikru0ZoTFig,1
autor:UC4cXueR2bKGFJV0Fk76gwmA,autor:UCr1emrogPKkKTs_WTtx71xg,1
autor:UC4cXueR2bKGFJV0Fk76gwmA,autor:UCOh6DaZC_x9HASnlRylEMfw,1
autor:UC4cXueR2bKGFJV0Fk76gwmA,autor:UCSou6a2OuYGSvPjm5psquyA,1
autor:UC4cXueR2bKGFJV0Fk76gwmA,autor:UCV0iizTBoOfdAFX_thfI9BA,1
autor:UC4cXueR2bKGFJV0Fk76gwmA,autor:UCsjs5Hp_r86x1xbK6FAeqaA,1
autor:UC4cXueR2bKGFJV0Fk76gwmA,autor:UC4wq3DcbfaG6dtCqn8Oyu3w,1
autor:UC4cXueR2bKGFJV0Fk76gwmA,autor:UCwha8rxULYMVtNwZWeSkE1A,1
autor:UC4cXueR2bKGFJV0Fk76gwmA,autor:UCFxE8GbokBrBsPEKM1xrOjQ,1
autor:UC4cXueR2bKGFJV0Fk76gwmA,autor:UCwW2OFy95P7ZBkOPxWkpvYg,1
autor:UC4cXueR2bKGFJV0Fk76gwmA,autor:UCA93ym2TXs_Ibyxb4Vcn-6Q,1
autor:UC4cXueR2bKGFJV0Fk76gwmA,autor:UCFUuDARXdmmIrLppEqf-rFg,1
autor:UC4cXueR2bKGFJV0Fk76gwmA,autor:UCpl8rF8uv_8uui-QRvuJaRA,1
autor:UC4cXueR2bKGFJV0Fk76gwmA,autor:UCRETAiYdh2dL5ZxB0_N1zDA,1
autor:UC4cXueR2bKGFJV0Fk76gwmA,autor:UCsJJAvrVGupdmhOqgtDp8dg,1
autor:UC4cXueR2bKGFJV0Fk76gwmA,autor:UCTP3O0rMnc8z8v8jaDQwL0w,1
autor:UC4cXueR2bKGFJV0Fk76gwmA,autor:UCN6qbfPSzFtjhqUDZ3Cv3CQ,1
autor:UC4cXueR2bKGFJV0Fk76gwmA,autor:UCvApqeCbLod-wejtT4CcVuA,1
autor:UC4cXueR2bKGFJV0Fk76gwmA,autor:UCDPWkUX3sNNaCx-m1dV4glA,1
autor:UC4cXueR2bKGFJV0Fk76gwmA,autor:UCYN4wSQ1Sx4_LurxLlW7MPg,1
autor:UC4cXueR2bKGFJV0Fk76gwmA,autor:UCueV9cTyTDwgQSec1x2dYgA,1
autor:UC4cXueR2bKGFJV0Fk76gwmA,autor:UChgkn5Jt5tWKYMoEOuCjz3Q,1
autor:UC4cXueR2bKGFJV0Fk76gwmA,autor:UCEgEQmRbtL5fwr9_DqAC--g,1
autor:UC4cXueR2bKGFJV0Fk76gwmA,autor:UC9xr9QvIcDvoZNUX5f-jaZw,1
autor:UC4cXueR2bKGFJV0Fk76gwmA,autor:UCRlCV9zSn7avAWh-9_XFWqQ,1
autor:UC4cXueR2bKGFJV0Fk76gwmA,autor:UCiMythXHsw7eQEMykCdmMUA,1
autor:UC4cXueR2bKGFJV0Fk76gwmA,autor:UCz3gu01bmjNv0DpRq-K3XYg,1
autor:UC4cXueR2bKGFJV0Fk76gwmA,autor:UCkd9W714-947dEE6ZOEBATA,1
autor:UC4cXueR2bKGFJV0Fk76gwmA,autor:UCDlr1VadSucIZgZ171pRBjQ,1
autor:UC4cXueR2bKGFJV0Fk76gwmA,autor:UCGzXwyCzMzGmjmCbH3Hg01Q,1
autor:UC4cXueR2bKGFJV0Fk76gwmA,autor:UCTwSut16JyAg3mX6LVUNGqA,1
autor:UC4cXueR2bKGFJV0Fk76gwmA,autor:UCFhxtoeARHPnXXPcDrOU3Xg,1
autor:UC4cXueR2bKGFJV0Fk76gwmA,autor:UCKDR0f2fu2UzWL8mBv5-BHw,1
autor:UC4cXueR2bKGFJV0Fk76gwmA,autor:UCXXh7yg5KUFIWylTiKVEFKQ,1
autor:UC4cXueR2bKGFJV0Fk76gwmA,autor:UCylqlpsh8ENNM1LqgQ1KbxA,1
autor:UC4cXueR2bKGFJV0Fk76gwmA,autor:UCYwpX26TrCxq8TvbKGRYLXA,1
autor:UC4cXueR2bKGFJV0Fk76gwmA,autor:UCHTGCgY2l-DQJIvlA_cpa_Q,1
autor:UC4cXueR2bKGFJV0Fk76gwmA,autor:UCwO2SXr0ggzwg6QWWrr01nQ,1
autor:UC4cXueR2bKGFJV0Fk76gwmA,autor:UCXgr7vXlRrsaskPdo097kGA,1
autor:UC4cXueR2bKGFJV0Fk76gwmA,autor:UCL1MT278vSaQ83ZDkVWn1gw,1
autor:UC4cXueR2bKGFJV0Fk76gwmA,autor:UCsSXdJct-nsS8DsABoEsaYA,1
autor:UC4cXueR2bKGFJV0Fk76gwmA,autor:UCDQaQv0hr2SS_PO-CMEwVHg,1
autor:UC4cXueR2bKGFJV0Fk76gwmA,autor:UC9vMq1YF-e7C-VO0SHkbUTA,1
autor:UC4cXueR2bKGFJV0Fk76gwmA,autor:UCcfdg8crmMJwEuLUsAhV7yg,1
autor:UC4cXueR2bKGFJV0Fk76gwmA,autor:UCiGRBf2RNF0WRKhRVT7zFoA,1
autor:UC4cXueR2bKGFJV0Fk76gwmA,autor:UCWIZUtKJ636y-4TYrNvok0g,1
autor:UC4cXueR2bKGFJV0Fk76gwmA,autor:UCTD6q1nyIe3Y7HhqjaMj72w,1
autor:UC4cXueR2bKGFJV0Fk76gwmA,autor:UC5bG9nc_JV3FsNP2KseQiYw,1
autor:UC4cXueR2bKGFJV0Fk76gwmA,autor:UCLggDc_a5HriXv7I1h02sOA,1
autor:UC4cXueR2bKGFJV0Fk76gwmA,autor:UCLFdHr9BEbXHkoJopbEPLZw,1
autor:UC4cXueR2bKGFJV0Fk76gwmA,autor:UC8r11yOugM2NuRfitQOxLLg,1
autor:UC4cXueR2bKGFJV0Fk76gwmA,autor:UCplrIQtaPj6au60_f2-mOYw,1
autor:UC4cXueR2bKGFJV0Fk76gwmA,autor:UCxff05WuyvwELNITi7bj7UA,1
autor:UC4cXueR2bKGFJV0Fk76gwmA,autor:UC650pRT-OYzny3GwOH8Cgfw,1
autor:UC4cXueR2bKGFJV0Fk76gwmA,autor:UCAlzM_N6xBlMYmM8EBzX86Q,1
autor:UC4cXueR2bKGFJV0Fk76gwmA,autor:UCgvw7xIdGFupzpt1Y_BFkEA,1
autor:UC4cXueR2bKGFJV0Fk76gwmA,autor:UCipetjeiWj4CZB6EbyYziZg,1
autor:UC4cXueR2bKGFJV0Fk76gwmA,autor:UChep9kVb5gQmpodEEl10Xlg,1
autor:UC4kg7zuTfqQKLd2bkZrSYBA,autor:UCLh1Kde4_vI1sTZBkTNP7RQ,1
autor:UC4kg7zuTfqQKLd2bkZrSYBA,autor:UCFFrEmn6lPYiWyElpfzTy5Q,1
autor:UC4kg7zuTfqQKLd2bkZrSYBA,autor:UCBtB5dIyx-C16UN8ClUD2UA,1
autor:UC4kg7zuTfqQKLd2bkZrSYBA,autor:UCk4O-J1BhoqPmig1KLGJePA,1
autor:UC4kg7zuTfqQKLd2bkZrSYBA,autor:UCfRqgt2O-vjzUDMZY_tnxQw,1
autor:UC4kg7zuTfqQKLd2bkZrSYBA,autor:UCdFlugHJJa4l3YqWuNRmvXw,1
autor:UC4wq3DcbfaG6dtCqn8Oyu3w,autor:UCNBnKqWf4d-rS4HwJRQljmQ,1
autor:UC4wq3DcbfaG6dtCqn8Oyu3w,autor:UCRelkU8JiZBytTzebJxaa-w,1
autor:UC4wq3DcbfaG6dtCqn8Oyu3w,autor:UC5H8ASmMC9WrURmzeB4ySog,1
autor:UC4wq3DcbfaG6dtCqn8Oyu3w,autor:UCzoL2l5H5eVlorWGH8AZfAg,1
autor:UC4wq3DcbfaG6dtCqn8Oyu3w,autor:UCOLGv5Pf6BF2wFcwUzgcvHg,1
autor:UC4wq3DcbfaG6dtCqn8Oyu3w,autor:UCl0ekS9Tt0jJGtOEM18S63w,1
autor:UC4wq3DcbfaG6dtCqn8Oyu3w,autor:UCXSkL3ejZ8qWYyF_M7s_QKA,1
autor:UC4wq3DcbfaG6dtCqn8Oyu3w,autor:UCySYJU5kUh7X8gVt9la2ISA,1
autor:UC4wq3DcbfaG6dtCqn8Oyu3w,autor:UCL13XhnRzbGokEkCkEOb0-g,1
autor:UC4wq3DcbfaG6dtCqn8Oyu3w,autor:UCZ51R_9Q9C0c8I3pAWhtmjQ,1
autor:UC4wq3DcbfaG6dtCqn8Oyu3w,autor:UCp4iw5_5SmV9VGTFSNVGOmQ,1
autor:UC4wq3DcbfaG6dtCqn8Oyu3w,autor:UCDUffaruH6dyUnUGwsTKpgg,1
autor:UC4wq3DcbfaG6dtCqn8Oyu3w,autor:UCut6b9S98nv84cVX89PmKzA,1
autor:UC4wq3DcbfaG6dtCqn8Oyu3w,autor:UCsUCN0Yq_UyTvKjOJLmNrnQ,1
autor:UC4wq3DcbfaG6dtCqn8Oyu3w,autor:UCDIMztpVm7G27qBuiWuT6oQ,1
autor:UC4wq3DcbfaG6dtCqn8Oyu3w,autor:UCZLG9qH0tUjNhEGFIUt0CYw,1
autor:UC4wq3DcbfaG6dtCqn8Oyu3w,autor:UChs3tU2BcKOT0CezykvAsGw,1
autor:UC4wq3DcbfaG6dtCqn8Oyu3w,autor:UCrJn_rbo_ENAdeqneS-RmRw,1
autor:UC4wq3DcbfaG6dtCqn8Oyu3w,autor:UC8F2V63KZ4ZEay6opX2hAQw,1
autor:UC4wq3DcbfaG6dtCqn8Oyu3w,autor:UCThW2XNsAaBKme5PUt7n-Zg,1
autor:UC4wq3DcbfaG6dtCqn8Oyu3w,autor:UCmvOgzmmXbjUthHy-WJ52hQ,1
autor:UC4wq3DcbfaG6dtCqn8Oyu3w,autor:UCpsKOkt5iWTbenzeuq7dsmQ,1
autor:UC4wq3DcbfaG6dtCqn8Oyu3w,autor:UCFoIAE8k82D6AV-8gjjKaNg,1
autor:UC4wq3DcbfaG6dtCqn8Oyu3w,autor:UCFjudnPLoaSL1BaRuLahyHg,1
autor:UC4wq3DcbfaG6dtCqn8Oyu3w,autor:UCi1b_TRQfgO1Z9O2gNGGWNA,1
autor:UC4wq3DcbfaG6dtCqn8Oyu3w,autor:UCfM3nrxtTQMY5jFx1v1J4Gg,1
autor:UC4wq3DcbfaG6dtCqn8Oyu3w,autor:UC7VUuJr9cGh845CmTvf7TlQ,1
autor:UC4wq3DcbfaG6dtCqn8Oyu3w,autor:UCjmPuazZJzscrwvk0QR9RVw,1
autor:UC4wq3DcbfaG6dtCqn8Oyu3w,autor:UCtNfIBnc5S5DbbQj_yxgJTw,1
autor:UC4wq3DcbfaG6dtCqn8Oyu3w,autor:UC72gBAtyb_VXQlYDcFrh6oQ,1
autor:UC4wq3DcbfaG6dtCqn8Oyu3w,autor:UCmjppp6ujz3SAnULvP3sZMw,1
autor:UC4wq3DcbfaG6dtCqn8Oyu3w,autor:UCzSfZlOVxBSs5ObD25ywxDQ,1
autor:UC4wq3DcbfaG6dtCqn8Oyu3w,autor:UCTylKrsqkrBKIqubMu_5N0Q,1
autor:UC4wq3DcbfaG6dtCqn8Oyu3w,autor:UCB5p8a5gklc80jJItP6xTHg,1
autor:UC4wq3DcbfaG6dtCqn8Oyu3w,autor:UCQqetiwzzmRNTM5OWuXarGQ,1
autor:UC4wq3DcbfaG6dtCqn8Oyu3w,autor:UCOS8ViEkccrTZx2w2ccxotA,1
autor:UC4wq3DcbfaG6dtCqn8Oyu3w,autor:UCh5ESQvtzyHDhCA7XyekCFA,1
autor:UC4wq3DcbfaG6dtCqn8Oyu3w,autor:UCNkcuy42zEwddwEcOd_HpnA,1
autor:UC4wq3DcbfaG6dtCqn8Oyu3w,autor:UCjSKM9j0Q7HLDr1hD6D-TUw,1
autor:UC4wq3DcbfaG6dtCqn8Oyu3w,autor:UCujPF2nBgsTD62nWE3lcpIg,1
autor:UC4wq3DcbfaG6dtCqn8Oyu3w,autor:UCpIdtvoFHVLGASGB5ySqIEA,1
autor:UC4wq3DcbfaG6dtCqn8Oyu3w,autor:UChZknRmJkeGeQk0-mQuhDOg,1
autor:UC4wq3DcbfaG6dtCqn8Oyu3w,autor:UCQtSFINs1h6GHkpg9o5kMvg,1
autor:UC4wq3DcbfaG6dtCqn8Oyu3w,autor:UCQgYjVngJRfPHDLGB5X6ZjA,1
autor:UC4wq3DcbfaG6dtCqn8Oyu3w,autor:UCCaYwkkbQGcvFoUmothVdQQ,1
autor:UC4wq3DcbfaG6dtCqn8Oyu3w,autor:UCHhHUjaMAZ8SiXdCUCj9DkQ,1
autor:UC4wq3DcbfaG6dtCqn8Oyu3w,autor:UC6PvO1_k5lHKGdAPo5_C6TA,1
autor:UC4wq3DcbfaG6dtCqn8Oyu3w,autor:UCDftMWXQoJ6nONfY7GVOVjg,1
autor:UC4wq3DcbfaG6dtCqn8Oyu3w,autor:UCXr8_5WtGeipe4haOoQDgyQ,1
autor:UC4wq3DcbfaG6dtCqn8Oyu3w,autor:UCQtICyzWmhC5woCtbNgaSmg,1
autor:UC4wq3DcbfaG6dtCqn8Oyu3w,autor:UCljDbleJul41G1TzOjOZAVA,1
autor:UC4wq3DcbfaG6dtCqn8Oyu3w,autor:UC6YSZqL0vEcI-niPKIMUGfw,1
autor:UC4wq3DcbfaG6dtCqn8Oyu3w,autor:UCUIIIPTVDVHAXqhC_5V6lPA,1
autor:UC4wq3DcbfaG6dtCqn8Oyu3w,autor:UCj-LL25XJnjxepPKCc3NGog,1
autor:UC4wq3DcbfaG6dtCqn8Oyu3w,autor:UCtUR3_CAiE7fCoZHM6cMfyQ,1
autor:UC4wq3DcbfaG6dtCqn8Oyu3w,autor:UC8G5cJONY8L9voMyBW8Eoug,1
autor:UC4wq3DcbfaG6dtCqn8Oyu3w,autor:UCErZPJpHmLCsXs8ZWkAUupQ,1
autor:UC4wq3DcbfaG6dtCqn8Oyu3w,autor:UCQ_-LPP8JAbfkc-b1Q6NvWw,1
autor:UC4wq3DcbfaG6dtCqn8Oyu3w,autor:UCAmtbUiIrUIhikru0ZoTFig,1
autor:UC4wq3DcbfaG6dtCqn8Oyu3w,autor:UCr1emrogPKkKTs_WTtx71xg,1
autor:UC4wq3DcbfaG6dtCqn8Oyu3w,autor:UCOh6DaZC_x9HASnlRylEMfw,1
autor:UC4wq3DcbfaG6dtCqn8Oyu3w,autor:UCSou6a2OuYGSvPjm5psquyA,1
autor:UC4wq3DcbfaG6dtCqn8Oyu3w,autor:UCV0iizTBoOfdAFX_thfI9BA,1
autor:UC4wq3DcbfaG6dtCqn8Oyu3w,autor:UCsjs5Hp_r86x1xbK6FAeqaA,1
autor:UC4wq3DcbfaG6dtCqn8Oyu3w,autor:UCwha8rxULYMVtNwZWeSkE1A,1
autor:UC4wq3DcbfaG6dtCqn8Oyu3w,autor:UCFxE8GbokBrBsPEKM1xrOjQ,1
autor:UC4wq3DcbfaG6dtCqn8Oyu3w,autor:UCwW2OFy95P7ZBkOPxWkpvYg,1
autor:UC4wq3DcbfaG6dtCqn8Oyu3w,autor:UCA93ym2TXs_Ibyxb4Vcn-6Q,1
autor:UC4wq3DcbfaG6dtCqn8Oyu3w,autor:UCFUuDARXdmmIrLppEqf-rFg,1
autor:UC4wq3DcbfaG6dtCqn8Oyu3w,autor:UCpl8rF8uv_8uui-QRvuJaRA,1
autor:UC4wq3DcbfaG6dtCqn8Oyu3w,autor:UCRETAiYdh2dL5ZxB0_N1zDA,1
autor:UC4wq3DcbfaG6dtCqn8Oyu3w,autor:UCsJJAvrVGupdmhOqgtDp8dg,1
autor:UC4wq3DcbfaG6dtCqn8Oyu3w,autor:UCTP3O0rMnc8z8v8jaDQwL0w,1
autor:UC4wq3DcbfaG6dtCqn8Oyu3w,autor:UCN6qbfPSzFtjhqUDZ3Cv3CQ,1
autor:UC4wq3DcbfaG6dtCqn8Oyu3w,autor:UCvApqeCbLod-wejtT4CcVuA,1
autor:UC4wq3DcbfaG6dtCqn8Oyu3w,autor:UCDPWkUX3sNNaCx-m1dV4glA,1
autor:UC4wq3DcbfaG6dtCqn8Oyu3w,autor:UCYN4wSQ1Sx4_LurxLlW7MPg,1
autor:UC4wq3DcbfaG6dtCqn8Oyu3w,autor:UCueV9cTyTDwgQSec1x2dYgA,1
autor:UC4wq3DcbfaG6dtCqn8Oyu3w,autor:UChgkn5Jt5tWKYMoEOuCjz3Q,1
autor:UC4wq3DcbfaG6dtCqn8Oyu3w,autor:UCEgEQmRbtL5fwr9_DqAC--g,1
autor:UC4wq3DcbfaG6dtCqn8Oyu3w,autor:UC9xr9QvIcDvoZNUX5f-jaZw,1
autor:UC4wq3DcbfaG6dtCqn8Oyu3w,autor:UCRlCV9zSn7avAWh-9_XFWqQ,1
autor:UC4wq3DcbfaG6dtCqn8Oyu3w,autor:UCiMythXHsw7eQEMykCdmMUA,1
autor:UC4wq3DcbfaG6dtCqn8Oyu3w,autor:UCz3gu01bmjNv0DpRq-K3XYg,1
autor:UC4wq3DcbfaG6dtCqn8Oyu3w,autor:UCkd9W714-947dEE6ZOEBATA,1
autor:UC4wq3DcbfaG6dtCqn8Oyu3w,autor:UCDlr1VadSucIZgZ171pRBjQ,1
autor:UC4wq3DcbfaG6dtCqn8Oyu3w,autor:UCGzXwyCzMzGmjmCbH3Hg01Q,1
autor:UC4wq3DcbfaG6dtCqn8Oyu3w,autor:UCTwSut16JyAg3mX6LVUNGqA,1
autor:UC4wq3DcbfaG6dtCqn8Oyu3w,autor:UCFhxtoeARHPnXXPcDrOU3Xg,1
autor:UC4wq3DcbfaG6dtCqn8Oyu3w,autor:UCKDR0f2fu2UzWL8mBv5-BHw,1
autor:UC4wq3DcbfaG6dtCqn8Oyu3w,autor:UCXXh7yg5KUFIWylTiKVEFKQ,1
autor:UC4wq3DcbfaG6dtCqn8Oyu3w,autor:UCylqlpsh8ENNM1LqgQ1KbxA,1
autor:UC4wq3DcbfaG6dtCqn8Oyu3w,autor:UCYwpX26TrCxq8TvbKGRYLXA,1
autor:UC4wq3DcbfaG6dtCqn8Oyu3w,autor:UCHTGCgY2l-DQJIvlA_cpa_Q,1
autor:UC4wq3DcbfaG6dtCqn8Oyu3w,autor:UCwO2SXr0ggzwg6QWWrr01nQ,1
autor:UC4wq3DcbfaG6dtCqn8Oyu3w,autor:UCXgr7vXlRrsaskPdo097kGA,1
autor:UC4wq3DcbfaG6dtCqn8Oyu3w,autor:UCL1MT278vSaQ83ZDkVWn1gw,1
autor:UC4wq3DcbfaG6dtCqn8Oyu3w,autor:UCsSXdJct-nsS8DsABoEsaYA,1
autor:UC4wq3DcbfaG6dtCqn8Oyu3w,autor:UCDQaQv0hr2SS_PO-CMEwVHg,1
autor:UC4wq3DcbfaG6dtCqn8Oyu3w,autor:UC9vMq1YF-e7C-VO0SHkbUTA,1
autor:UC4wq3DcbfaG6dtCqn8Oyu3w,autor:UCcfdg8crmMJwEuLUsAhV7yg,1
autor:UC4wq3DcbfaG6dtCqn8Oyu3w,autor:UCiGRBf2RNF0WRKhRVT7zFoA,1
autor:UC4wq3DcbfaG6dtCqn8Oyu3w,autor:UCWIZUtKJ636y-4TYrNvok0g,1
autor:UC4wq3DcbfaG6dtCqn8Oyu3w,autor:UCTD6q1nyIe3Y7HhqjaMj72w,1
autor:UC4wq3DcbfaG6dtCqn8Oyu3w,autor:UC5bG9nc_JV3FsNP2KseQiYw,1
autor:UC4wq3DcbfaG6dtCqn8Oyu3w,autor:UCLggDc_a5HriXv7I1h02sOA,1
autor:UC4wq3DcbfaG6dtCqn8Oyu3w,autor:UCLFdHr9BEbXHkoJopbEPLZw,1
autor:UC4wq3DcbfaG6dtCqn8Oyu3w,autor:UC8r11yOugM2NuRfitQOxLLg,1
autor:UC4wq3DcbfaG6dtCqn8Oyu3w,autor:UCplrIQtaPj6au60_f2-mOYw,1
autor:UC4wq3DcbfaG6dtCqn8Oyu3w,autor:UCxff05WuyvwELNITi7bj7UA,1
autor:UC4wq3DcbfaG6dtCqn8Oyu3w,autor:UC650pRT-OYzny3GwOH8Cgfw,1
autor:UC4wq3DcbfaG6dtCqn8Oyu3w,autor:UCAlzM_N6xBlMYmM8EBzX86Q,1
autor:UC4wq3DcbfaG6dtCqn8Oyu3w,autor:UCgvw7xIdGFupzpt1Y_BFkEA,1
autor:UC4wq3DcbfaG6dtCqn8Oyu3w,autor:UCipetjeiWj4CZB6EbyYziZg,1
autor:UC4wq3DcbfaG6dtCqn8Oyu3w,autor:UChep9kVb5gQmpodEEl10Xlg,1
autor:UC5H8ASmMC9WrURmzeB4ySog,autor:UCNBnKqWf4d-rS4HwJRQljmQ,1
autor:UC5H8ASmMC9WrURmzeB4ySog,autor:UCRelkU8JiZBytTzebJxaa-w,1
autor:UC5H8ASmMC9WrURmzeB4ySog,autor:UCzoL2l5H5eVlorWGH8AZfAg,1
autor:UC5H8ASmMC9WrURmzeB4ySog,autor:UCOLGv5Pf6BF2wFcwUzgcvHg,1
autor:UC5H8ASmMC9WrURmzeB4ySog,autor:UCl0ekS9Tt0jJGtOEM18S63w,1
autor:UC5H8ASmMC9WrURmzeB4ySog,autor:UCXSkL3ejZ8qWYyF_M7s_QKA,1
autor:UC5H8ASmMC9WrURmzeB4ySog,autor:UCySYJU5kUh7X8gVt9la2ISA,1
autor:UC5H8ASmMC9WrURmzeB4ySog,autor:UCL13XhnRzbGokEkCkEOb0-g,1
autor:UC5H8ASmMC9WrURmzeB4ySog,autor:UCZ51R_9Q9C0c8I3pAWhtmjQ,1
autor:UC5H8ASmMC9WrURmzeB4ySog,autor:UCp4iw5_5SmV9VGTFSNVGOmQ,1
autor:UC5H8ASmMC9WrURmzeB4ySog,autor:UCDUffaruH6dyUnUGwsTKpgg,1
autor:UC5H8ASmMC9WrURmzeB4ySog,autor:UCut6b9S98nv84cVX89PmKzA,1
autor:UC5H8ASmMC9WrURmzeB4ySog,autor:UCsUCN0Yq_UyTvKjOJLmNrnQ,1
autor:UC5H8ASmMC9WrURmzeB4ySog,autor:UCDIMztpVm7G27qBuiWuT6oQ,1
autor:UC5H8ASmMC9WrURmzeB4ySog,autor:UCZLG9qH0tUjNhEGFIUt0CYw,1
autor:UC5H8ASmMC9WrURmzeB4ySog,autor:UChs3tU2BcKOT0CezykvAsGw,1
autor:UC5H8ASmMC9WrURmzeB4ySog,autor:UCrJn_rbo_ENAdeqneS-RmRw,1
autor:UC5H8ASmMC9WrURmzeB4ySog,autor:UC8F2V63KZ4ZEay6opX2hAQw,1
autor:UC5H8ASmMC9WrURmzeB4ySog,autor:UCThW2XNsAaBKme5PUt7n-Zg,1
autor:UC5H8ASmMC9WrURmzeB4ySog,autor:UCmvOgzmmXbjUthHy-WJ52hQ,1
autor:UC5H8ASmMC9WrURmzeB4ySog,autor:UCpsKOkt5iWTbenzeuq7dsmQ,1
autor:UC5H8ASmMC9WrURmzeB4ySog,autor:UCFoIAE8k82D6AV-8gjjKaNg,1
autor:UC5H8ASmMC9WrURmzeB4ySog,autor:UCFjudnPLoaSL1BaRuLahyHg,1
autor:UC5H8ASmMC9WrURmzeB4ySog,autor:UCi1b_TRQfgO1Z9O2gNGGWNA,1
autor:UC5H8ASmMC9WrURmzeB4ySog,autor:UCfM3nrxtTQMY5jFx1v1J4Gg,1
autor:UC5H8ASmMC9WrURmzeB4ySog,autor:UC7VUuJr9cGh845CmTvf7TlQ,1
autor:UC5H8ASmMC9WrURmzeB4ySog,autor:UCjmPuazZJzscrwvk0QR9RVw,1
autor:UC5H8ASmMC9WrURmzeB4ySog,autor:UCtNfIBnc5S5DbbQj_yxgJTw,1
autor:UC5H8ASmMC9WrURmzeB4ySog,autor:UC72gBAtyb_VXQlYDcFrh6oQ,1
autor:UC5H8ASmMC9WrURmzeB4ySog,autor:UCmjppp6ujz3SAnULvP3sZMw,1
autor:UC5H8ASmMC9WrURmzeB4ySog,autor:UCzSfZlOVxBSs5ObD25ywxDQ,1
autor:UC5H8ASmMC9WrURmzeB4ySog,autor:UCTylKrsqkrBKIqubMu_5N0Q,1
autor:UC5H8ASmMC9WrURmzeB4ySog,autor:UCB5p8a5gklc80jJItP6xTHg,1
autor:UC5H8ASmMC9WrURmzeB4ySog,autor:UCQqetiwzzmRNTM5OWuXarGQ,1
autor:UC5H8ASmMC9WrURmzeB4ySog,autor:UCOS8ViEkccrTZx2w2ccxotA,1
autor:UC5H8ASmMC9WrURmzeB4ySog,autor:UCh5ESQvtzyHDhCA7XyekCFA,1
autor:UC5H8ASmMC9WrURmzeB4ySog,autor:UCNkcuy42zEwddwEcOd_HpnA,1
autor:UC5H8ASmMC9WrURmzeB4ySog,autor:UCjSKM9j0Q7HLDr1hD6D-TUw,1
autor:UC5H8ASmMC9WrURmzeB4ySog,autor:UCujPF2nBgsTD62nWE3lcpIg,1
autor:UC5H8ASmMC9WrURmzeB4ySog,autor:UCpIdtvoFHVLGASGB5ySqIEA,1
autor:UC5H8ASmMC9WrURmzeB4ySog,autor:UChZknRmJkeGeQk0-mQuhDOg,1
autor:UC5H8ASmMC9WrURmzeB4ySog,autor:UCQtSFINs1h6GHkpg9o5kMvg,1
autor:UC5H8ASmMC9WrURmzeB4ySog,autor:UCQgYjVngJRfPHDLGB5X6ZjA,1
autor:UC5H8ASmMC9WrURmzeB4ySog,autor:UCCaYwkkbQGcvFoUmothVdQQ,1
autor:UC5H8ASmMC9WrURmzeB4ySog,autor:UCHhHUjaMAZ8SiXdCUCj9DkQ,1
autor:UC5H8ASmMC9WrURmzeB4ySog,autor:UC6PvO1_k5lHKGdAPo5_C6TA,1
autor:UC5H8ASmMC9WrURmzeB4ySog,autor:UCDftMWXQoJ6nONfY7GVOVjg,1
autor:UC5H8ASmMC9WrURmzeB4ySog,autor:UCXr8_5WtGeipe4haOoQDgyQ,1
autor:UC5H8ASmMC9WrURmzeB4ySog,autor:UCQtICyzWmhC5woCtbNgaSmg,1
autor:UC5H8ASmMC9WrURmzeB4ySog,autor:UCljDbleJul41G1TzOjOZAVA,1
autor:UC5H8ASmMC9WrURmzeB4ySog,autor:UC6YSZqL0vEcI-niPKIMUGfw,1
autor:UC5H8ASmMC9WrURmzeB4ySog,autor:UCUIIIPTVDVHAXqhC_5V6lPA,1
autor:UC5H8ASmMC9WrURmzeB4ySog,autor:UCj-LL25XJnjxepPKCc3NGog,1
autor:UC5H8ASmMC9WrURmzeB4ySog,autor:UCtUR3_CAiE7fCoZHM6cMfyQ,1
autor:UC5H8ASmMC9WrURmzeB4ySog,autor:UC8G5cJONY8L9voMyBW8Eoug,1
autor:UC5H8ASmMC9WrURmzeB4ySog,autor:UCErZPJpHmLCsXs8ZWkAUupQ,1
autor:UC5H8ASmMC9WrURmzeB4ySog,autor:UCQ_-LPP8JAbfkc-b1Q6NvWw,1
autor:UC5H8ASmMC9WrURmzeB4ySog,autor:UCAmtbUiIrUIhikru0ZoTFig,1
autor:UC5H8ASmMC9WrURmzeB4ySog,autor:UCr1emrogPKkKTs_WTtx71xg,1
autor:UC5H8ASmMC9WrURmzeB4ySog,autor:UCOh6DaZC_x9HASnlRylEMfw,1
autor:UC5H8ASmMC9WrURmzeB4ySog,autor:UCSou6a2OuYGSvPjm5psquyA,1
autor:UC5H8ASmMC9WrURmzeB4ySog,autor:UCV0iizTBoOfdAFX_thfI9BA,1
autor:UC5H8ASmMC9WrURmzeB4ySog,autor:UCsjs5Hp_r86x1xbK6FAeqaA,1
autor:UC5H8ASmMC9WrURmzeB4ySog,autor:UCwha8rxULYMVtNwZWeSkE1A,1
autor:UC5H8ASmMC9WrURmzeB4ySog,autor:UCFxE8GbokBrBsPEKM1xrOjQ,1
autor:UC5H8ASmMC9WrURmzeB4ySog,autor:UCwW2OFy95P7ZBkOPxWkpvYg,1
autor:UC5H8ASmMC9WrURmzeB4ySog,autor:UCA93ym2TXs_Ibyxb4Vcn-6Q,1
autor:UC5H8ASmMC9WrURmzeB4ySog,autor:UCFUuDARXdmmIrLppEqf-rFg,1
autor:UC5H8ASmMC9WrURmzeB4ySog,autor:UCpl8rF8uv_8uui-QRvuJaRA,1
autor:UC5H8ASmMC9WrURmzeB4ySog,autor:UCRETAiYdh2dL5ZxB0_N1zDA,1
autor:UC5H8ASmMC9WrURmzeB4ySog,autor:UCsJJAvrVGupdmhOqgtDp8dg,1
autor:UC5H8ASmMC9WrURmzeB4ySog,autor:UCTP3O0rMnc8z8v8jaDQwL0w,1
autor:UC5H8ASmMC9WrURmzeB4ySog,autor:UCN6qbfPSzFtjhqUDZ3Cv3CQ,1
autor:UC5H8ASmMC9WrURmzeB4ySog,autor:UCvApqeCbLod-wejtT4CcVuA,1
autor:UC5H8ASmMC9WrURmzeB4ySog,autor:UCDPWkUX3sNNaCx-m1dV4glA,1
autor:UC5H8ASmMC9WrURmzeB4ySog,autor:UCYN4wSQ1Sx4_LurxLlW7MPg,1
autor:UC5H8ASmMC9WrURmzeB4ySog,autor:UCueV9cTyTDwgQSec1x2dYgA,1
autor:UC5H8ASmMC9WrURmzeB4ySog,autor:UChgkn5Jt5tWKYMoEOuCjz3Q,1
autor:UC5H8ASmMC9WrURmzeB4ySog,autor:UCEgEQmRbtL5fwr9_DqAC--g,1
autor:UC5H8ASmMC9WrURmzeB4ySog,autor:UC9xr9QvIcDvoZNUX5f-jaZw,1
autor:UC5H8ASmMC9WrURmzeB4ySog,autor:UCRlCV9zSn7avAWh-9_XFWqQ,1
autor:UC5H8ASmMC9WrURmzeB4ySog,autor:UCiMythXHsw7eQEMykCdmMUA,1
autor:UC5H8ASmMC9WrURmzeB4ySog,autor:UCz3gu01bmjNv0DpRq-K3XYg,1
autor:UC5H8ASmMC9WrURmzeB4ySog,autor:UCkd9W714-947dEE6ZOEBATA,1
autor:UC5H8ASmMC9WrURmzeB4ySog,autor:UCDlr1VadSucIZgZ171pRBjQ,1
autor:UC5H8ASmMC9WrURmzeB4ySog,autor:UCGzXwyCzMzGmjmCbH3Hg01Q,1
autor:UC5H8ASmMC9WrURmzeB4ySog,autor:UCTwSut16JyAg3mX6LVUNGqA,1
autor:UC5H8ASmMC9WrURmzeB4ySog,autor:UCFhxtoeARHPnXXPcDrOU3Xg,1
autor:UC5H8ASmMC9WrURmzeB4ySog,autor:UCKDR0f2fu2UzWL8mBv5-BHw,1
autor:UC5H8ASmMC9WrURmzeB4ySog,autor:UCXXh7yg5KUFIWylTiKVEFKQ,1
autor:UC5H8ASmMC9WrURmzeB4ySog,autor:UCylqlpsh8ENNM1LqgQ1KbxA,1
autor:UC5H8ASmMC9WrURmzeB4ySog,autor:UCYwpX26TrCxq8TvbKGRYLXA,1
autor:UC5H8ASmMC9WrURmzeB4ySog,autor:UCHTGCgY2l-DQJIvlA_cpa_Q,1
autor:UC5H8ASmMC9WrURmzeB4ySog,autor:UCwO2SXr0ggzwg6QWWrr01nQ,1
autor:UC5H8ASmMC9WrURmzeB4ySog,autor:UCXgr7vXlRrsaskPdo097kGA,1
autor:UC5H8ASmMC9WrURmzeB4ySog,autor:UCL1MT278vSaQ83ZDkVWn1gw,1
autor:UC5H8ASmMC9WrURmzeB4ySog,autor:UCsSXdJct-nsS8DsABoEsaYA,1
autor:UC5H8ASmMC9WrURmzeB4ySog,autor:UCDQaQv0hr2SS_PO-CMEwVHg,1
autor:UC5H8ASmMC9WrURmzeB4ySog,autor:UC9vMq1YF-e7C-VO0SHkbUTA,1
autor:UC5H8ASmMC9WrURmzeB4ySog,autor:UCcfdg8crmMJwEuLUsAhV7yg,1
autor:UC5H8ASmMC9WrURmzeB4ySog,autor:UCiGRBf2RNF0WRKhRVT7zFoA,1
autor:UC5H8ASmMC9WrURmzeB4ySog,autor:UCWIZUtKJ636y-4TYrNvok0g,1
autor:UC5H8ASmMC9WrURmzeB4ySog,autor:UCTD6q1nyIe3Y7HhqjaMj72w,1
autor:UC5H8ASmMC9WrURmzeB4ySog,autor:UC5bG9nc_JV3FsNP2KseQiYw,1
autor:UC5H8ASmMC9WrURmzeB4ySog,autor:UCLggDc_a5HriXv7I1h02sOA,1
autor:UC5H8ASmMC9WrURmzeB4ySog,autor:UCLFdHr9BEbXHkoJopbEPLZw,1
autor:UC5H8ASmMC9WrURmzeB4ySog,autor:UC8r11yOugM2NuRfitQOxLLg,1
autor:UC5H8ASmMC9WrURmzeB4ySog,autor:UCplrIQtaPj6au60_f2-mOYw,1
autor:UC5H8ASmMC9WrURmzeB4ySog,autor:UCxff05WuyvwELNITi7bj7UA,1
autor:UC5H8ASmMC9WrURmzeB4ySog,autor:UC650pRT-OYzny3GwOH8Cgfw,1
autor:UC5H8ASmMC9WrURmzeB4ySog,autor:UCAlzM_N6xBlMYmM8EBzX86Q,1
autor:UC5H8ASmMC9WrURmzeB4ySog,autor:UCgvw7xIdGFupzpt1Y_BFkEA,1
autor:UC5H8ASmMC9WrURmzeB4ySog,autor:UCipetjeiWj4CZB6EbyYziZg,1
autor:UC5H8ASmMC9WrURmzeB4ySog,autor:UChep9kVb5gQmpodEEl10Xlg,1
autor:UC5PrBbmUlQolwqmiru7yZhw,autor:UCGm3gRBEHGRJYmtCryZLtDw,1
autor:UC5PrBbmUlQolwqmiru7yZhw,autor:UCsUCN0Yq_UyTvKjOJLmNrnQ,1
autor:UC5PrBbmUlQolwqmiru7yZhw,autor:UCHu8x4MVkayU6VgwVKd--MQ,1
autor:UC5PrBbmUlQolwqmiru7yZhw,autor:UC9Wp6vL5oCU37qC3Aj94WZA,1
autor:UC5PyGvSfFM--OVKmQ3COu6g,autor:UCtMBF_1O2jY2INlb_luuB_A,1
autor:UC5PyGvSfFM--OVKmQ3COu6g,autor:UCSTAUWVc1_82DHYeqOsqEFA,1
autor:UC5PyGvSfFM--OVKmQ3COu6g,autor:UC5fvhAfm89JH8eDFdvc0xYw,1
autor:UC5PyGvSfFM--OVKmQ3COu6g,autor:UCyzf29IYjNw67gGIfsjgtxA,1
autor:UC5PyGvSfFM--OVKmQ3COu6g,autor:UCIp19h9igblA2YKfSLPDAug,1
autor:UC5PyGvSfFM--OVKmQ3COu6g,autor:UCgLurCo-e019HGODcjXHWCw,1
autor:UC5PyGvSfFM--OVKmQ3COu6g,autor:UCRcSR3Lvn9DZAmJpVPANfZQ,1
autor:UC5PyGvSfFM--OVKmQ3COu6g,autor:UCxKR3RA8T-kxMgq_2WWhRcQ,1
autor:UC5PyGvSfFM--OVKmQ3COu6g,autor:UCXmrpc6Li0spcKxtS0Q_ptg,1
autor:UC5PyGvSfFM--OVKmQ3COu6g,autor:UC_ljZ1hZXR9pzexFz87P5ZA,1
autor:UC5PyGvSfFM--OVKmQ3COu6g,autor:UCGqKxQS-z3NZzZF-2w338AA,1
autor:UC5PyGvSfFM--OVKmQ3COu6g,autor:UCs_5qeqdku9tGAq22y3OcuQ,1
autor:UC5PyGvSfFM--OVKmQ3COu6g,autor:UCwUAv3_LpWVtTIi7lkmTL7A,1
autor:UC5PyGvSfFM--OVKmQ3COu6g,autor:UCaT6M2zp7X6r6Whd8Vv3kHQ,1
autor:UC5PyGvSfFM--OVKmQ3COu6g,autor:UCRznz9-N3Qc1w-qNdLSIY2Q,1
autor:UC5PyGvSfFM--OVKmQ3COu6g,autor:UCIUhbSCy3-SGRe5UtqM4fzQ,1
autor:UC5PyGvSfFM--OVKmQ3COu6g,autor:UCqilIa8r7iek5sGYg_q6ofA,1
autor:UC5PyGvSfFM--OVKmQ3COu6g,autor:UCY7Hq7F9Lnucf-Yr6JkHZNw,1
autor:UC5PyGvSfFM--OVKmQ3COu6g,autor:UCgLrWFdYitoP-b7-PxtUr-w,1
autor:UC5PyGvSfFM--OVKmQ3COu6g,autor:UCi-vPdnpQreC7BkFs40mJGA,1
autor:UC5PyGvSfFM--OVKmQ3COu6g,autor:UCFOxCyF926Y9eHhMeVoWLzw,1
autor:UC5PyGvSfFM--OVKmQ3COu6g,autor:UCHMQ_lDhibZ-XZ_3fo6oxwg,1
autor:UC5bG9nc_JV3FsNP2KseQiYw,autor:UCNBnKqWf4d-rS4HwJRQljmQ,1
autor:UC5bG9nc_JV3FsNP2KseQiYw,autor:UCRelkU8JiZBytTzebJxaa-w,1
autor:UC5bG9nc_JV3FsNP2KseQiYw,autor:UCzoL2l5H5eVlorWGH8AZfAg,1
autor:UC5bG9nc_JV3FsNP2KseQiYw,autor:UCOLGv5Pf6BF2wFcwUzgcvHg,1
autor:UC5bG9nc_JV3FsNP2KseQiYw,autor:UCl0ekS9Tt0jJGtOEM18S63w,1
autor:UC5bG9nc_JV3FsNP2KseQiYw,autor:UCXSkL3ejZ8qWYyF_M7s_QKA,1
autor:UC5bG9nc_JV3FsNP2KseQiYw,autor:UCySYJU5kUh7X8gVt9la2ISA,1
autor:UC5bG9nc_JV3FsNP2KseQiYw,autor:UCL13XhnRzbGokEkCkEOb0-g,1
autor:UC5bG9nc_JV3FsNP2KseQiYw,autor:UCZ51R_9Q9C0c8I3pAWhtmjQ,1
autor:UC5bG9nc_JV3FsNP2KseQiYw,autor:UCp4iw5_5SmV9VGTFSNVGOmQ,1
autor:UC5bG9nc_JV3FsNP2KseQiYw,autor:UCDUffaruH6dyUnUGwsTKpgg,1
autor:UC5bG9nc_JV3FsNP2KseQiYw,autor:UCut6b9S98nv84cVX89PmKzA,1
autor:UC5bG9nc_JV3FsNP2KseQiYw,autor:UCsUCN0Yq_UyTvKjOJLmNrnQ,1
autor:UC5bG9nc_JV3FsNP2KseQiYw,autor:UCDIMztpVm7G27qBuiWuT6oQ,1
autor:UC5bG9nc_JV3FsNP2KseQiYw,autor:UCZLG9qH0tUjNhEGFIUt0CYw,1
autor:UC5bG9nc_JV3FsNP2KseQiYw,autor:UChs3tU2BcKOT0CezykvAsGw,1
autor:UC5bG9nc_JV3FsNP2KseQiYw,autor:UCrJn_rbo_ENAdeqneS-RmRw,1
autor:UC5bG9nc_JV3FsNP2KseQiYw,autor:UC8F2V63KZ4ZEay6opX2hAQw,1
autor:UC5bG9nc_JV3FsNP2KseQiYw,autor:UCThW2XNsAaBKme5PUt7n-Zg,1
autor:UC5bG9nc_JV3FsNP2KseQiYw,autor:UCmvOgzmmXbjUthHy-WJ52hQ,1
autor:UC5bG9nc_JV3FsNP2KseQiYw,autor:UCpsKOkt5iWTbenzeuq7dsmQ,1
autor:UC5bG9nc_JV3FsNP2KseQiYw,autor:UCFoIAE8k82D6AV-8gjjKaNg,1
autor:UC5bG9nc_JV3FsNP2KseQiYw,autor:UCFjudnPLoaSL1BaRuLahyHg,1
autor:UC5bG9nc_JV3FsNP2KseQiYw,autor:UCi1b_TRQfgO1Z9O2gNGGWNA,1
autor:UC5bG9nc_JV3FsNP2KseQiYw,autor:UCfM3nrxtTQMY5jFx1v1J4Gg,1
autor:UC5bG9nc_JV3FsNP2KseQiYw,autor:UC7VUuJr9cGh845CmTvf7TlQ,1
autor:UC5bG9nc_JV3FsNP2KseQiYw,autor:UCjmPuazZJzscrwvk0QR9RVw,1
autor:UC5bG9nc_JV3FsNP2KseQiYw,autor:UCtNfIBnc5S5DbbQj_yxgJTw,1
autor:UC5bG9nc_JV3FsNP2KseQiYw,autor:UC72gBAtyb_VXQlYDcFrh6oQ,1
autor:UC5bG9nc_JV3FsNP2KseQiYw,autor:UCmjppp6ujz3SAnULvP3sZMw,1
autor:UC5bG9nc_JV3FsNP2KseQiYw,autor:UCzSfZlOVxBSs5ObD25ywxDQ,1
autor:UC5bG9nc_JV3FsNP2KseQiYw,autor:UCTylKrsqkrBKIqubMu_5N0Q,1
autor:UC5bG9nc_JV3FsNP2KseQiYw,autor:UCB5p8a5gklc80jJItP6xTHg,1
autor:UC5bG9nc_JV3FsNP2KseQiYw,autor:UCQqetiwzzmRNTM5OWuXarGQ,1
autor:UC5bG9nc_JV3FsNP2KseQiYw,autor:UCOS8ViEkccrTZx2w2ccxotA,1
autor:UC5bG9nc_JV3FsNP2KseQiYw,autor:UCh5ESQvtzyHDhCA7XyekCFA,1
autor:UC5bG9nc_JV3FsNP2KseQiYw,autor:UCNkcuy42zEwddwEcOd_HpnA,1
autor:UC5bG9nc_JV3FsNP2KseQiYw,autor:UCjSKM9j0Q7HLDr1hD6D-TUw,1
autor:UC5bG9nc_JV3FsNP2KseQiYw,autor:UCujPF2nBgsTD62nWE3lcpIg,1
autor:UC5bG9nc_JV3FsNP2KseQiYw,autor:UCpIdtvoFHVLGASGB5ySqIEA,1
autor:UC5bG9nc_JV3FsNP2KseQiYw,autor:UChZknRmJkeGeQk0-mQuhDOg,1
autor:UC5bG9nc_JV3FsNP2KseQiYw,autor:UCQtSFINs1h6GHkpg9o5kMvg,1
autor:UC5bG9nc_JV3FsNP2KseQiYw,autor:UCQgYjVngJRfPHDLGB5X6ZjA,1
autor:UC5bG9nc_JV3FsNP2KseQiYw,autor:UCCaYwkkbQGcvFoUmothVdQQ,1
autor:UC5bG9nc_JV3FsNP2KseQiYw,autor:UCHhHUjaMAZ8SiXdCUCj9DkQ,1
autor:UC5bG9nc_JV3FsNP2KseQiYw,autor:UC6PvO1_k5lHKGdAPo5_C6TA,1
autor:UC5bG9nc_JV3FsNP2KseQiYw,autor:UCDftMWXQoJ6nONfY7GVOVjg,1
autor:UC5bG9nc_JV3FsNP2KseQiYw,autor:UCXr8_5WtGeipe4haOoQDgyQ,1
autor:UC5bG9nc_JV3FsNP2KseQiYw,autor:UCQtICyzWmhC5woCtbNgaSmg,1
autor:UC5bG9nc_JV3FsNP2KseQiYw,autor:UCljDbleJul41G1TzOjOZAVA,1
autor:UC5bG9nc_JV3FsNP2KseQiYw,autor:UC6YSZqL0vEcI-niPKIMUGfw,1
autor:UC5bG9nc_JV3FsNP2KseQiYw,autor:UCUIIIPTVDVHAXqhC_5V6lPA,1
autor:UC5bG9nc_JV3FsNP2KseQiYw,autor:UCj-LL25XJnjxepPKCc3NGog,1
autor:UC5bG9nc_JV3FsNP2KseQiYw,autor:UCtUR3_CAiE7fCoZHM6cMfyQ,1
autor:UC5bG9nc_JV3FsNP2KseQiYw,autor:UC8G5cJONY8L9voMyBW8Eoug,1
autor:UC5bG9nc_JV3FsNP2KseQiYw,autor:UCErZPJpHmLCsXs8ZWkAUupQ,1
autor:UC5bG9nc_JV3FsNP2KseQiYw,autor:UCQ_-LPP8JAbfkc-b1Q6NvWw,1
autor:UC5bG9nc_JV3FsNP2KseQiYw,autor:UCAmtbUiIrUIhikru0ZoTFig,1
autor:UC5bG9nc_JV3FsNP2KseQiYw,autor:UCr1emrogPKkKTs_WTtx71xg,1
autor:UC5bG9nc_JV3FsNP2KseQiYw,autor:UCOh6DaZC_x9HASnlRylEMfw,1
autor:UC5bG9nc_JV3FsNP2KseQiYw,autor:UCSou6a2OuYGSvPjm5psquyA,1
autor:UC5bG9nc_JV3FsNP2KseQiYw,autor:UCV0iizTBoOfdAFX_thfI9BA,1
autor:UC5bG9nc_JV3FsNP2KseQiYw,autor:UCsjs5Hp_r86x1xbK6FAeqaA,1
autor:UC5bG9nc_JV3FsNP2KseQiYw,autor:UCwha8rxULYMVtNwZWeSkE1A,1
autor:UC5bG9nc_JV3FsNP2KseQiYw,autor:UCFxE8GbokBrBsPEKM1xrOjQ,1
autor:UC5bG9nc_JV3FsNP2KseQiYw,autor:UCwW2OFy95P7ZBkOPxWkpvYg,1
autor:UC5bG9nc_JV3FsNP2KseQiYw,autor:UCA93ym2TXs_Ibyxb4Vcn-6Q,1
autor:UC5bG9nc_JV3FsNP2KseQiYw,autor:UCFUuDARXdmmIrLppEqf-rFg,1
autor:UC5bG9nc_JV3FsNP2KseQiYw,autor:UCpl8rF8uv_8uui-QRvuJaRA,1
autor:UC5bG9nc_JV3FsNP2KseQiYw,autor:UCRETAiYdh2dL5ZxB0_N1zDA,1
autor:UC5bG9nc_JV3FsNP2KseQiYw,autor:UCsJJAvrVGupdmhOqgtDp8dg,1
autor:UC5bG9nc_JV3FsNP2KseQiYw,autor:UCTP3O0rMnc8z8v8jaDQwL0w,1
autor:UC5bG9nc_JV3FsNP2KseQiYw,autor:UCN6qbfPSzFtjhqUDZ3Cv3CQ,1
autor:UC5bG9nc_JV3FsNP2KseQiYw,autor:UCvApqeCbLod-wejtT4CcVuA,1
autor:UC5bG9nc_JV3FsNP2KseQiYw,autor:UCDPWkUX3sNNaCx-m1dV4glA,1
autor:UC5bG9nc_JV3FsNP2KseQiYw,autor:UCYN4wSQ1Sx4_LurxLlW7MPg,1
autor:UC5bG9nc_JV3FsNP2KseQiYw,autor:UCueV9cTyTDwgQSec1x2dYgA,1
autor:UC5bG9nc_JV3FsNP2KseQiYw,autor:UChgkn5Jt5tWKYMoEOuCjz3Q,1
autor:UC5bG9nc_JV3FsNP2KseQiYw,autor:UCEgEQmRbtL5fwr9_DqAC--g,1
autor:UC5bG9nc_JV3FsNP2KseQiYw,autor:UC9xr9QvIcDvoZNUX5f-jaZw,1
autor:UC5bG9nc_JV3FsNP2KseQiYw,autor:UCRlCV9zSn7avAWh-9_XFWqQ,1
autor:UC5bG9nc_JV3FsNP2KseQiYw,autor:UCiMythXHsw7eQEMykCdmMUA,1
autor:UC5bG9nc_JV3FsNP2KseQiYw,autor:UCz3gu01bmjNv0DpRq-K3XYg,1
autor:UC5bG9nc_JV3FsNP2KseQiYw,autor:UCkd9W714-947dEE6ZOEBATA,1
autor:UC5bG9nc_JV3FsNP2KseQiYw,autor:UCDlr1VadSucIZgZ171pRBjQ,1
autor:UC5bG9nc_JV3FsNP2KseQiYw,autor:UCGzXwyCzMzGmjmCbH3Hg01Q,1
autor:UC5bG9nc_JV3FsNP2KseQiYw,autor:UCTwSut16JyAg3mX6LVUNGqA,1
autor:UC5bG9nc_JV3FsNP2KseQiYw,autor:UCFhxtoeARHPnXXPcDrOU3Xg,1
autor:UC5bG9nc_JV3FsNP2KseQiYw,autor:UCKDR0f2fu2UzWL8mBv5-BHw,1
autor:UC5bG9nc_JV3FsNP2KseQiYw,autor:UCXXh7yg5KUFIWylTiKVEFKQ,1
autor:UC5bG9nc_JV3FsNP2KseQiYw,autor:UCylqlpsh8ENNM1LqgQ1KbxA,1
autor:UC5bG9nc_JV3FsNP2KseQiYw,autor:UCYwpX26TrCxq8TvbKGRYLXA,1
autor:UC5bG9nc_JV3FsNP2KseQiYw,autor:UCHTGCgY2l-DQJIvlA_cpa_Q,1
autor:UC5bG9nc_JV3FsNP2KseQiYw,autor:UCwO2SXr0ggzwg6QWWrr01nQ,1
autor:UC5bG9nc_JV3FsNP2KseQiYw,autor:UCXgr7vXlRrsaskPdo097kGA,1
autor:UC5bG9nc_JV3FsNP2KseQiYw,autor:UCL1MT278vSaQ83ZDkVWn1gw,1
autor:UC5bG9nc_JV3FsNP2KseQiYw,autor:UCsSXdJct-nsS8DsABoEsaYA,1
autor:UC5bG9nc_JV3FsNP2KseQiYw,autor:UCDQaQv0hr2SS_PO-CMEwVHg,1
autor:UC5bG9nc_JV3FsNP2KseQiYw,autor:UC9vMq1YF-e7C-VO0SHkbUTA,1
autor:UC5bG9nc_JV3FsNP2KseQiYw,autor:UCcfdg8crmMJwEuLUsAhV7yg,1
autor:UC5bG9nc_JV3FsNP2KseQiYw,autor:UCiGRBf2RNF0WRKhRVT7zFoA,1
autor:UC5bG9nc_JV3FsNP2KseQiYw,autor:UCWIZUtKJ636y-4TYrNvok0g,1
autor:UC5bG9nc_JV3FsNP2KseQiYw,autor:UCTD6q1nyIe3Y7HhqjaMj72w,1
autor:UC5bG9nc_JV3FsNP2KseQiYw,autor:UCLggDc_a5HriXv7I1h02sOA,1
autor:UC5bG9nc_JV3FsNP2KseQiYw,autor:UCLFdHr9BEbXHkoJopbEPLZw,1
autor:UC5bG9nc_JV3FsNP2KseQiYw,autor:UC8r11yOugM2NuRfitQOxLLg,1
autor:UC5bG9nc_JV3FsNP2KseQiYw,autor:UCplrIQtaPj6au60_f2-mOYw,1
autor:UC5bG9nc_JV3FsNP2KseQiYw,autor:UCxff05WuyvwELNITi7bj7UA,1
autor:UC5bG9nc_JV3FsNP2KseQiYw,autor:UC650pRT-OYzny3GwOH8Cgfw,1
autor:UC5bG9nc_JV3FsNP2KseQiYw,autor:UCAlzM_N6xBlMYmM8EBzX86Q,1
autor:UC5bG9nc_JV3FsNP2KseQiYw,autor:UCgvw7xIdGFupzpt1Y_BFkEA,1
autor:UC5bG9nc_JV3FsNP2KseQiYw,autor:UCipetjeiWj4CZB6EbyYziZg,1
autor:UC5bG9nc_JV3FsNP2KseQiYw,autor:UChep9kVb5gQmpodEEl10Xlg,1
autor:UC5fvhAfm89JH8eDFdvc0xYw,autor:UCtMBF_1O2jY2INlb_luuB_A,1
autor:UC5fvhAfm89JH8eDFdvc0xYw,autor:UCSTAUWVc1_82DHYeqOsqEFA,1
autor:UC5fvhAfm89JH8eDFdvc0xYw,autor:UCyzf29IYjNw67gGIfsjgtxA,1
autor:UC5fvhAfm89JH8eDFdvc0xYw,autor:UCIp19h9igblA2YKfSLPDAug,1
autor:UC5fvhAfm89JH8eDFdvc0xYw,autor:UCgLurCo-e019HGODcjXHWCw,1
autor:UC5fvhAfm89JH8eDFdvc0xYw,autor:UCRcSR3Lvn9DZAmJpVPANfZQ,1
autor:UC5fvhAfm89JH8eDFdvc0xYw,autor:UCxKR3RA8T-kxMgq_2WWhRcQ,1
autor:UC5fvhAfm89JH8eDFdvc0xYw,autor:UCXmrpc6Li0spcKxtS0Q_ptg,1
autor:UC5fvhAfm89JH8eDFdvc0xYw,autor:UC_ljZ1hZXR9pzexFz87P5ZA,1
autor:UC5fvhAfm89JH8eDFdvc0xYw,autor:UCGqKxQS-z3NZzZF-2w338AA,1
autor:UC5fvhAfm89JH8eDFdvc0xYw,autor:UCs_5qeqdku9tGAq22y3OcuQ,1
autor:UC5fvhAfm89JH8eDFdvc0xYw,autor:UCwUAv3_LpWVtTIi7lkmTL7A,1
autor:UC5fvhAfm89JH8eDFdvc0xYw,autor:UCaT6M2zp7X6r6Whd8Vv3kHQ,1
autor:UC5fvhAfm89JH8eDFdvc0xYw,autor:UCRznz9-N3Qc1w-qNdLSIY2Q,1
autor:UC5fvhAfm89JH8eDFdvc0xYw,autor:UCIUhbSCy3-SGRe5UtqM4fzQ,1
autor:UC5fvhAfm89JH8eDFdvc0xYw,autor:UCqilIa8r7iek5sGYg_q6ofA,1
autor:UC5fvhAfm89JH8eDFdvc0xYw,autor:UCY7Hq7F9Lnucf-Yr6JkHZNw,1
autor:UC5fvhAfm89JH8eDFdvc0xYw,autor:UCgLrWFdYitoP-b7-PxtUr-w,1
autor:UC5fvhAfm89JH8eDFdvc0xYw,autor:UCi-vPdnpQreC7BkFs40mJGA,1
autor:UC5fvhAfm89JH8eDFdvc0xYw,autor:UCFOxCyF926Y9eHhMeVoWLzw,1
autor:UC5fvhAfm89JH8eDFdvc0xYw,autor:UCHMQ_lDhibZ-XZ_3fo6oxwg,1
autor:UC5hvEnRUzI4Kfvwnyi4QxqQ,autor:UCWoAVGVqCn4xtINCMOTM4jg,1
autor:UC5hvEnRUzI4Kfvwnyi4QxqQ,autor:UCDrmf9y9nLgFY5wnA2hTuGA,1
autor:UC5hvEnRUzI4Kfvwnyi4QxqQ,autor:UCylqlpsh8ENNM1LqgQ1KbxA,1
autor:UC5hvEnRUzI4Kfvwnyi4QxqQ,autor:UCQyOePccUP-fIJYzchAgZYw,1
autor:UC5hvEnRUzI4Kfvwnyi4QxqQ,autor:UCpe5jW3MIqkgTJ-PgkzvM6Q,1
autor:UC5hvEnRUzI4Kfvwnyi4QxqQ,autor:UColMq7LmaoY3MT6aIDGrGvA,1
autor:UC5hvEnRUzI4Kfvwnyi4QxqQ,autor:UCiC-Jn7wdgyQV4_Urk0DkWQ,1
autor:UC5hvEnRUzI4Kfvwnyi4QxqQ,autor:UCsGoJEvb-cFPZ2rWoJcXzEQ,1
autor:UC5hvEnRUzI4Kfvwnyi4QxqQ,autor:UC95PSMouTx2N5CbSq0hIyrQ,1
autor:UC5hvEnRUzI4Kfvwnyi4QxqQ,autor:UCRAquv8el-tQ30bN7MlmySQ,1
autor:UC5hvEnRUzI4Kfvwnyi4QxqQ,autor:UCgJNFj5dnxXpcMvmuhZDPxA,1
autor:UC5hvEnRUzI4Kfvwnyi4QxqQ,autor:UClqA491Xa5fQcXcJJa-vTWw,1
autor:UC5hvEnRUzI4Kfvwnyi4QxqQ,autor:UCkbsS_3D-pvg1iHOld9uvIg,1
autor:UC5hvEnRUzI4Kfvwnyi4QxqQ,autor:UC6Uj1FT5JjDSF8vudvDxPAA,1
autor:UC5hvEnRUzI4Kfvwnyi4QxqQ,autor:UCRvPToDkkumha7WJAfCDk1A,1
autor:UC5hvEnRUzI4Kfvwnyi4QxqQ,autor:UCdFlugHJJa4l3YqWuNRmvXw,1
autor:UC5hvEnRUzI4Kfvwnyi4QxqQ,autor:UCu8_3-Wg-YzNyvHYQDEscfw,1
autor:UC5hvEnRUzI4Kfvwnyi4QxqQ,autor:UCZeIIQrGAedW8tCbKWmGY-A,1
autor:UC5hvEnRUzI4Kfvwnyi4QxqQ,autor:UC_LYoGs5C3mbZKZuKuqYCvw,1
autor:UC5hvEnRUzI4Kfvwnyi4QxqQ,autor:UCqCrvuoJpC-aVb0f4logQRQ,1
autor:UC5hvEnRUzI4Kfvwnyi4QxqQ,autor:UClhMWQ7XKWywYvbRnuf8QsA,1
autor:UC5hvEnRUzI4Kfvwnyi4QxqQ,autor:UCOcUI5XkTYNMSFhZNMIPpGg,1
autor:UC5hvEnRUzI4Kfvwnyi4QxqQ,autor:UCgQw_Sbq3ugruDUKsq1e0-A,1
autor:UC5hvEnRUzI4Kfvwnyi4QxqQ,autor:UCaKAjTW9MVub_clgr4DRYjQ,1
autor:UC5hvEnRUzI4Kfvwnyi4QxqQ,autor:UCCBYcToQ2dwkd6TJh0FSyDg,1
autor:UC5hvEnRUzI4Kfvwnyi4QxqQ,autor:UCQqlPPUGqAfWjd-FSh_qn7Q,1
autor:UC5hvEnRUzI4Kfvwnyi4QxqQ,autor:UCwjUvRseNtJoItylIyIez7Q,1
autor:UC5hvEnRUzI4Kfvwnyi4QxqQ,autor:UCe8JZoYkX5oKUZyivHYdXhw,1
autor:UC5hvEnRUzI4Kfvwnyi4QxqQ,autor:UCNpt5CQlTzNjlAKY6CJtClQ,1
autor:UC5hvEnRUzI4Kfvwnyi4QxqQ,autor:UCkVtmkK07b2zaVVNssX4lOg,1
autor:UC5hvEnRUzI4Kfvwnyi4QxqQ,autor:UCHbwIx9pmQuf7i-4_xO2EpA,1
autor:UC5hvEnRUzI4Kfvwnyi4QxqQ,autor:UCW-JC6lebVmf2P1dmY_L94g,1
autor:UC5hvEnRUzI4Kfvwnyi4QxqQ,autor:UCW80DaMjQlEUibC98Cot-Dg,1
autor:UC5hvEnRUzI4Kfvwnyi4QxqQ,autor:UCpsKOkt5iWTbenzeuq7dsmQ,1
autor:UC5hvEnRUzI4Kfvwnyi4QxqQ,autor:UCeDNEtI8_a42bZ47wJiJMwQ,1
autor:UC5hvEnRUzI4Kfvwnyi4QxqQ,autor:UCAKuKvcbfnBD3kF5njNu-IA,1
autor:UC5hvEnRUzI4Kfvwnyi4QxqQ,autor:UCUoYsrx1oZnCZ0usbBJn4fA,1
autor:UC5hvEnRUzI4Kfvwnyi4QxqQ,autor:UC7dadZG7kkGYnsNu6td0FbA,1
autor:UC5hvEnRUzI4Kfvwnyi4QxqQ,autor:UCwgCc9Jd_gG-uLE_SY-FfPg,1
autor:UC5hvEnRUzI4Kfvwnyi4QxqQ,autor:UCGGHbtfbbe0o68etrOf0qxw,1
autor:UC5hvEnRUzI4Kfvwnyi4QxqQ,autor:UC816IGbFCZinfYS1LRDaaHg,1
autor:UC5hvEnRUzI4Kfvwnyi4QxqQ,autor:UCuXmOjxC-htcprLgeVXz6Tg,1
autor:UC5hvEnRUzI4Kfvwnyi4QxqQ,autor:UCV0lM03g5fg5pbPj97-sAtA,1
autor:UC5wuDq3U3vRAhOQI3D7gNdw,autor:UCZOmq6MwFDVoCaEl99BRRaw,1
autor:UC5wuDq3U3vRAhOQI3D7gNdw,autor:UCJp3OrVYcBorC94sKwdch_A,1
autor:UC5wuDq3U3vRAhOQI3D7gNdw,autor:UCbrtvygfRT6QXqWDNrOf-cA,1
autor:UC5wuDq3U3vRAhOQI3D7gNdw,autor:UCnU8wO1OurAmGstDw6VGjgQ,1
autor:UC5wuDq3U3vRAhOQI3D7gNdw,autor:UC_6KbBY1bsYXz9fwFS0eQRg,1
autor:UC5wuDq3U3vRAhOQI3D7gNdw,autor:UCpsKOkt5iWTbenzeuq7dsmQ,1
autor:UC5wuDq3U3vRAhOQI3D7gNdw,autor:UCvcu1kR8xMYy_I1Ty-2mV2Q,1
autor:UC5wuDq3U3vRAhOQI3D7gNdw,autor:UCVC2QugcI1G4RvlCiUqd1aQ,1
autor:UC5wuDq3U3vRAhOQI3D7gNdw,autor:UCjJf-AJKRFFWtiN-CSwkDmA,1
autor:UC63tFvbQ_hJhGDi2nbjssjw,autor:UCeQk-WfEA-cJRq4EKeE7TOw,1
autor:UC63tFvbQ_hJhGDi2nbjssjw,autor:UCWaRixDdpgllTBf4V0jPnKQ,1
autor:UC63tFvbQ_hJhGDi2nbjssjw,autor:UCjZgFEowMBrsjodqfovzdKw,1
autor:UC63tFvbQ_hJhGDi2nbjssjw,autor:UCRfkkatKrNtAARnXMMYBGlA,1
autor:UC63tFvbQ_hJhGDi2nbjssjw,autor:UChyps3dqY-VY1_wLeq-2lhw,1
autor:UC63tFvbQ_hJhGDi2nbjssjw,autor:UCp29O_C7cchZV8IxV7Crdag,1
autor:UC63tFvbQ_hJhGDi2nbjssjw,autor:UCV3fr-YOixFKCZBbJP1-X4w,1
autor:UC63tFvbQ_hJhGDi2nbjssjw,autor:UCWvntqPQx99k_Z_skWKqNSA,1
autor:UC63tFvbQ_hJhGDi2nbjssjw,autor:UCa36MjQLoPAmgJo-R3G8WQA,1
autor:UC63tFvbQ_hJhGDi2nbjssjw,autor:UCzZ6dDCEsLMXbc5pCFXIprw,1
autor:UC63tFvbQ_hJhGDi2nbjssjw,autor:UCwxoKK59nGCeBqB2sXfDBIw,1
autor:UC63tFvbQ_hJhGDi2nbjssjw,autor:UCvDwJBBY1mHK70aTEYl6rsA,1
autor:UC63tFvbQ_hJhGDi2nbjssjw,autor:UCiOZX__1gahg1ypIj0_XG_w,1
autor:UC63tFvbQ_hJhGDi2nbjssjw,autor:UCFybmWapGvBKcQod7cPPH9w,1
autor:UC63tFvbQ_hJhGDi2nbjssjw,autor:UCoGdCoJg2Lh0OX_jv6cG16g,1
autor:UC63tFvbQ_hJhGDi2nbjssjw,autor:UCaT4saRcyqCLE657Rq2hhZQ,1
autor:UC63tFvbQ_hJhGDi2nbjssjw,autor:UCZFQwqh90apuL8eFhvRBkUg,1
autor:UC63tFvbQ_hJhGDi2nbjssjw,autor:UCfo_yUPzy1f1POwwZxhZ06Q,1
autor:UC63tFvbQ_hJhGDi2nbjssjw,autor:UCtsxPYw8VUsH_FfnKg-0lmw,1
autor:UC63tFvbQ_hJhGDi2nbjssjw,autor:UCEHXl4VvvVpq-_4xC5tsbhg,1
autor:UC63tFvbQ_hJhGDi2nbjssjw,autor:UCgGqw4aqMdMVSGkKiMgrJRQ,1
autor:UC63tFvbQ_hJhGDi2nbjssjw,autor:UCtCtts20bW6F9CSohau51Iw,1
autor:UC63tFvbQ_hJhGDi2nbjssjw,autor:UCheEJ5GZuIvV0fj-nXyVwXw,1
autor:UC63tFvbQ_hJhGDi2nbjssjw,autor:UCql1n3Ey6ULMSOACjMe-fxQ,1
autor:UC63tFvbQ_hJhGDi2nbjssjw,autor:UCyJhqmMbsvjpoarBBStA2kg,1
autor:UC650pRT-OYzny3GwOH8Cgfw,autor:UCNBnKqWf4d-rS4HwJRQljmQ,1
autor:UC650pRT-OYzny3GwOH8Cgfw,autor:UCRelkU8JiZBytTzebJxaa-w,1
autor:UC650pRT-OYzny3GwOH8Cgfw,autor:UCzoL2l5H5eVlorWGH8AZfAg,1
autor:UC650pRT-OYzny3GwOH8Cgfw,autor:UCOLGv5Pf6BF2wFcwUzgcvHg,1
autor:UC650pRT-OYzny3GwOH8Cgfw,autor:UCl0ekS9Tt0jJGtOEM18S63w,1
autor:UC650pRT-OYzny3GwOH8Cgfw,autor:UCXSkL3ejZ8qWYyF_M7s_QKA,1
autor:UC650pRT-OYzny3GwOH8Cgfw,autor:UCySYJU5kUh7X8gVt9la2ISA,1
autor:UC650pRT-OYzny3GwOH8Cgfw,autor:UCL13XhnRzbGokEkCkEOb0-g,1
autor:UC650pRT-OYzny3GwOH8Cgfw,autor:UCZ51R_9Q9C0c8I3pAWhtmjQ,1
autor:UC650pRT-OYzny3GwOH8Cgfw,autor:UCp4iw5_5SmV9VGTFSNVGOmQ,1
autor:UC650pRT-OYzny3GwOH8Cgfw,autor:UCDUffaruH6dyUnUGwsTKpgg,1
autor:UC650pRT-OYzny3GwOH8Cgfw,autor:UCut6b9S98nv84cVX89PmKzA,1
autor:UC650pRT-OYzny3GwOH8Cgfw,autor:UCsUCN0Yq_UyTvKjOJLmNrnQ,1
autor:UC650pRT-OYzny3GwOH8Cgfw,autor:UCDIMztpVm7G27qBuiWuT6oQ,1
autor:UC650pRT-OYzny3GwOH8Cgfw,autor:UCZLG9qH0tUjNhEGFIUt0CYw,1
autor:UC650pRT-OYzny3GwOH8Cgfw,autor:UChs3tU2BcKOT0CezykvAsGw,1
autor:UC650pRT-OYzny3GwOH8Cgfw,autor:UCrJn_rbo_ENAdeqneS-RmRw,1
autor:UC650pRT-OYzny3GwOH8Cgfw,autor:UC8F2V63KZ4ZEay6opX2hAQw,1
autor:UC650pRT-OYzny3GwOH8Cgfw,autor:UCThW2XNsAaBKme5PUt7n-Zg,1
autor:UC650pRT-OYzny3GwOH8Cgfw,autor:UCmvOgzmmXbjUthHy-WJ52hQ,1
autor:UC650pRT-OYzny3GwOH8Cgfw,autor:UCpsKOkt5iWTbenzeuq7dsmQ,1
autor:UC650pRT-OYzny3GwOH8Cgfw,autor:UCFoIAE8k82D6AV-8gjjKaNg,1
autor:UC650pRT-OYzny3GwOH8Cgfw,autor:UCFjudnPLoaSL1BaRuLahyHg,1
autor:UC650pRT-OYzny3GwOH8Cgfw,autor:UCi1b_TRQfgO1Z9O2gNGGWNA,1
autor:UC650pRT-OYzny3GwOH8Cgfw,autor:UCfM3nrxtTQMY5jFx1v1J4Gg,1
autor:UC650pRT-OYzny3GwOH8Cgfw,autor:UC7VUuJr9cGh845CmTvf7TlQ,1
autor:UC650pRT-OYzny3GwOH8Cgfw,autor:UCjmPuazZJzscrwvk0QR9RVw,1
autor:UC650pRT-OYzny3GwOH8Cgfw,autor:UCtNfIBnc5S5DbbQj_yxgJTw,1
autor:UC650pRT-OYzny3GwOH8Cgfw,autor:UC72gBAtyb_VXQlYDcFrh6oQ,1
autor:UC650pRT-OYzny3GwOH8Cgfw,autor:UCmjppp6ujz3SAnULvP3sZMw,1
autor:UC650pRT-OYzny3GwOH8Cgfw,autor:UCzSfZlOVxBSs5ObD25ywxDQ,1
autor:UC650pRT-OYzny3GwOH8Cgfw,autor:UCTylKrsqkrBKIqubMu_5N0Q,1
autor:UC650pRT-OYzny3GwOH8Cgfw,autor:UCB5p8a5gklc80jJItP6xTHg,1
autor:UC650pRT-OYzny3GwOH8Cgfw,autor:UCQqetiwzzmRNTM5OWuXarGQ,1
autor:UC650pRT-OYzny3GwOH8Cgfw,autor:UCOS8ViEkccrTZx2w2ccxotA,1
autor:UC650pRT-OYzny3GwOH8Cgfw,autor:UCh5ESQvtzyHDhCA7XyekCFA,1
autor:UC650pRT-OYzny3GwOH8Cgfw,autor:UCNkcuy42zEwddwEcOd_HpnA,1
autor:UC650pRT-OYzny3GwOH8Cgfw,autor:UCjSKM9j0Q7HLDr1hD6D-TUw,1
autor:UC650pRT-OYzny3GwOH8Cgfw,autor:UCujPF2nBgsTD62nWE3lcpIg,1
autor:UC650pRT-OYzny3GwOH8Cgfw,autor:UCpIdtvoFHVLGASGB5ySqIEA,1
autor:UC650pRT-OYzny3GwOH8Cgfw,autor:UChZknRmJkeGeQk0-mQuhDOg,1
autor:UC650pRT-OYzny3GwOH8Cgfw,autor:UCQtSFINs1h6GHkpg9o5kMvg,1
autor:UC650pRT-OYzny3GwOH8Cgfw,autor:UCQgYjVngJRfPHDLGB5X6ZjA,1
autor:UC650pRT-OYzny3GwOH8Cgfw,autor:UCCaYwkkbQGcvFoUmothVdQQ,1
autor:UC650pRT-OYzny3GwOH8Cgfw,autor:UCHhHUjaMAZ8SiXdCUCj9DkQ,1
autor:UC650pRT-OYzny3GwOH8Cgfw,autor:UC6PvO1_k5lHKGdAPo5_C6TA,1
autor:UC650pRT-OYzny3GwOH8Cgfw,autor:UCDftMWXQoJ6nONfY7GVOVjg,1
autor:UC650pRT-OYzny3GwOH8Cgfw,autor:UCXr8_5WtGeipe4haOoQDgyQ,1
autor:UC650pRT-OYzny3GwOH8Cgfw,autor:UCQtICyzWmhC5woCtbNgaSmg,1
autor:UC650pRT-OYzny3GwOH8Cgfw,autor:UCljDbleJul41G1TzOjOZAVA,1
autor:UC650pRT-OYzny3GwOH8Cgfw,autor:UC6YSZqL0vEcI-niPKIMUGfw,1
autor:UC650pRT-OYzny3GwOH8Cgfw,autor:UCUIIIPTVDVHAXqhC_5V6lPA,1
autor:UC650pRT-OYzny3GwOH8Cgfw,autor:UCj-LL25XJnjxepPKCc3NGog,1
autor:UC650pRT-OYzny3GwOH8Cgfw,autor:UCtUR3_CAiE7fCoZHM6cMfyQ,1
autor:UC650pRT-OYzny3GwOH8Cgfw,autor:UC8G5cJONY8L9voMyBW8Eoug,1
autor:UC650pRT-OYzny3GwOH8Cgfw,autor:UCErZPJpHmLCsXs8ZWkAUupQ,1
autor:UC650pRT-OYzny3GwOH8Cgfw,autor:UCQ_-LPP8JAbfkc-b1Q6NvWw,1
autor:UC650pRT-OYzny3GwOH8Cgfw,autor:UCAmtbUiIrUIhikru0ZoTFig,1
autor:UC650pRT-OYzny3GwOH8Cgfw,autor:UCr1emrogPKkKTs_WTtx71xg,1
autor:UC650pRT-OYzny3GwOH8Cgfw,autor:UCOh6DaZC_x9HASnlRylEMfw,1
autor:UC650pRT-OYzny3GwOH8Cgfw,autor:UCSou6a2OuYGSvPjm5psquyA,1
autor:UC650pRT-OYzny3GwOH8Cgfw,autor:UCV0iizTBoOfdAFX_thfI9BA,1
autor:UC650pRT-OYzny3GwOH8Cgfw,autor:UCsjs5Hp_r86x1xbK6FAeqaA,1
autor:UC650pRT-OYzny3GwOH8Cgfw,autor:UCwha8rxULYMVtNwZWeSkE1A,1
autor:UC650pRT-OYzny3GwOH8Cgfw,autor:UCFxE8GbokBrBsPEKM1xrOjQ,1
autor:UC650pRT-OYzny3GwOH8Cgfw,autor:UCwW2OFy95P7ZBkOPxWkpvYg,1
autor:UC650pRT-OYzny3GwOH8Cgfw,autor:UCA93ym2TXs_Ibyxb4Vcn-6Q,1
autor:UC650pRT-OYzny3GwOH8Cgfw,autor:UCFUuDARXdmmIrLppEqf-rFg,1
autor:UC650pRT-OYzny3GwOH8Cgfw,autor:UCpl8rF8uv_8uui-QRvuJaRA,1
autor:UC650pRT-OYzny3GwOH8Cgfw,autor:UCRETAiYdh2dL5ZxB0_N1zDA,1
autor:UC650pRT-OYzny3GwOH8Cgfw,autor:UCsJJAvrVGupdmhOqgtDp8dg,1
autor:UC650pRT-OYzny3GwOH8Cgfw,autor:UCTP3O0rMnc8z8v8jaDQwL0w,1
autor:UC650pRT-OYzny3GwOH8Cgfw,autor:UCN6qbfPSzFtjhqUDZ3Cv3CQ,1
autor:UC650pRT-OYzny3GwOH8Cgfw,autor:UCvApqeCbLod-wejtT4CcVuA,1
autor:UC650pRT-OYzny3GwOH8Cgfw,autor:UCDPWkUX3sNNaCx-m1dV4glA,1
autor:UC650pRT-OYzny3GwOH8Cgfw,autor:UCYN4wSQ1Sx4_LurxLlW7MPg,1
autor:UC650pRT-OYzny3GwOH8Cgfw,autor:UCueV9cTyTDwgQSec1x2dYgA,1
autor:UC650pRT-OYzny3GwOH8Cgfw,autor:UChgkn5Jt5tWKYMoEOuCjz3Q,1
autor:UC650pRT-OYzny3GwOH8Cgfw,autor:UCEgEQmRbtL5fwr9_DqAC--g,1
autor:UC650pRT-OYzny3GwOH8Cgfw,autor:UC9xr9QvIcDvoZNUX5f-jaZw,1
autor:UC650pRT-OYzny3GwOH8Cgfw,autor:UCRlCV9zSn7avAWh-9_XFWqQ,1
autor:UC650pRT-OYzny3GwOH8Cgfw,autor:UCiMythXHsw7eQEMykCdmMUA,1
autor:UC650pRT-OYzny3GwOH8Cgfw,autor:UCz3gu01bmjNv0DpRq-K3XYg,1
autor:UC650pRT-OYzny3GwOH8Cgfw,autor:UCkd9W714-947dEE6ZOEBATA,1
autor:UC650pRT-OYzny3GwOH8Cgfw,autor:UCDlr1VadSucIZgZ171pRBjQ,1
autor:UC650pRT-OYzny3GwOH8Cgfw,autor:UCGzXwyCzMzGmjmCbH3Hg01Q,1
autor:UC650pRT-OYzny3GwOH8Cgfw,autor:UCTwSut16JyAg3mX6LVUNGqA,1
autor:UC650pRT-OYzny3GwOH8Cgfw,autor:UCFhxtoeARHPnXXPcDrOU3Xg,1
autor:UC650pRT-OYzny3GwOH8Cgfw,autor:UCKDR0f2fu2UzWL8mBv5-BHw,1
autor:UC650pRT-OYzny3GwOH8Cgfw,autor:UCXXh7yg5KUFIWylTiKVEFKQ,1
autor:UC650pRT-OYzny3GwOH8Cgfw,autor:UCylqlpsh8ENNM1LqgQ1KbxA,1
autor:UC650pRT-OYzny3GwOH8Cgfw,autor:UCYwpX26TrCxq8TvbKGRYLXA,1
autor:UC650pRT-OYzny3GwOH8Cgfw,autor:UCHTGCgY2l-DQJIvlA_cpa_Q,1
autor:UC650pRT-OYzny3GwOH8Cgfw,autor:UCwO2SXr0ggzwg6QWWrr01nQ,1
autor:UC650pRT-OYzny3GwOH8Cgfw,autor:UCXgr7vXlRrsaskPdo097kGA,1
autor:UC650pRT-OYzny3GwOH8Cgfw,autor:UCL1MT278vSaQ83ZDkVWn1gw,1
autor:UC650pRT-OYzny3GwOH8Cgfw,autor:UCsSXdJct-nsS8DsABoEsaYA,1
autor:UC650pRT-OYzny3GwOH8Cgfw,autor:UCDQaQv0hr2SS_PO-CMEwVHg,1
autor:UC650pRT-OYzny3GwOH8Cgfw,autor:UC9vMq1YF-e7C-VO0SHkbUTA,1
autor:UC650pRT-OYzny3GwOH8Cgfw,autor:UCcfdg8crmMJwEuLUsAhV7yg,1
autor:UC650pRT-OYzny3GwOH8Cgfw,autor:UCiGRBf2RNF0WRKhRVT7zFoA,1
autor:UC650pRT-OYzny3GwOH8Cgfw,autor:UCWIZUtKJ636y-4TYrNvok0g,1
autor:UC650pRT-OYzny3GwOH8Cgfw,autor:UCTD6q1nyIe3Y7HhqjaMj72w,1
autor:UC650pRT-OYzny3GwOH8Cgfw,autor:UCLggDc_a5HriXv7I1h02sOA,1
autor:UC650pRT-OYzny3GwOH8Cgfw,autor:UCLFdHr9BEbXHkoJopbEPLZw,1
autor:UC650pRT-OYzny3GwOH8Cgfw,autor:UC8r11yOugM2NuRfitQOxLLg,1
autor:UC650pRT-OYzny3GwOH8Cgfw,autor:UCplrIQtaPj6au60_f2-mOYw,1
autor:UC650pRT-OYzny3GwOH8Cgfw,autor:UCxff05WuyvwELNITi7bj7UA,1
autor:UC650pRT-OYzny3GwOH8Cgfw,autor:UCAlzM_N6xBlMYmM8EBzX86Q,1
autor:UC650pRT-OYzny3GwOH8Cgfw,autor:UCgvw7xIdGFupzpt1Y_BFkEA,1
autor:UC650pRT-OYzny3GwOH8Cgfw,autor:UCipetjeiWj4CZB6EbyYziZg,1
autor:UC650pRT-OYzny3GwOH8Cgfw,autor:UChep9kVb5gQmpodEEl10Xlg,1
autor:UC6PvO1_k5lHKGdAPo5_C6TA,autor:UCNBnKqWf4d-rS4HwJRQljmQ,1
autor:UC6PvO1_k5lHKGdAPo5_C6TA,autor:UCRelkU8JiZBytTzebJxaa-w,1
autor:UC6PvO1_k5lHKGdAPo5_C6TA,autor:UCzoL2l5H5eVlorWGH8AZfAg,1
autor:UC6PvO1_k5lHKGdAPo5_C6TA,autor:UCOLGv5Pf6BF2wFcwUzgcvHg,1
autor:UC6PvO1_k5lHKGdAPo5_C6TA,autor:UCl0ekS9Tt0jJGtOEM18S63w,1
autor:UC6PvO1_k5lHKGdAPo5_C6TA,autor:UCXSkL3ejZ8qWYyF_M7s_QKA,1
autor:UC6PvO1_k5lHKGdAPo5_C6TA,autor:UCySYJU5kUh7X8gVt9la2ISA,1
autor:UC6PvO1_k5lHKGdAPo5_C6TA,autor:UCL13XhnRzbGokEkCkEOb0-g,1
autor:UC6PvO1_k5lHKGdAPo5_C6TA,autor:UCZ51R_9Q9C0c8I3pAWhtmjQ,1
autor:UC6PvO1_k5lHKGdAPo5_C6TA,autor:UCp4iw5_5SmV9VGTFSNVGOmQ,1
autor:UC6PvO1_k5lHKGdAPo5_C6TA,autor:UCDUffaruH6dyUnUGwsTKpgg,1
autor:UC6PvO1_k5lHKGdAPo5_C6TA,autor:UCut6b9S98nv84cVX89PmKzA,1
autor:UC6PvO1_k5lHKGdAPo5_C6TA,autor:UCsUCN0Yq_UyTvKjOJLmNrnQ,1
autor:UC6PvO1_k5lHKGdAPo5_C6TA,autor:UCDIMztpVm7G27qBuiWuT6oQ,1
autor:UC6PvO1_k5lHKGdAPo5_C6TA,autor:UCZLG9qH0tUjNhEGFIUt0CYw,1
autor:UC6PvO1_k5lHKGdAPo5_C6TA,autor:UChs3tU2BcKOT0CezykvAsGw,1
autor:UC6PvO1_k5lHKGdAPo5_C6TA,autor:UCrJn_rbo_ENAdeqneS-RmRw,1
autor:UC6PvO1_k5lHKGdAPo5_C6TA,autor:UC8F2V63KZ4ZEay6opX2hAQw,1
autor:UC6PvO1_k5lHKGdAPo5_C6TA,autor:UCThW2XNsAaBKme5PUt7n-Zg,1
autor:UC6PvO1_k5lHKGdAPo5_C6TA,autor:UCmvOgzmmXbjUthHy-WJ52hQ,1
autor:UC6PvO1_k5lHKGdAPo5_C6TA,autor:UCpsKOkt5iWTbenzeuq7dsmQ,1
autor:UC6PvO1_k5lHKGdAPo5_C6TA,autor:UCFoIAE8k82D6AV-8gjjKaNg,1
autor:UC6PvO1_k5lHKGdAPo5_C6TA,autor:UCFjudnPLoaSL1BaRuLahyHg,1
autor:UC6PvO1_k5lHKGdAPo5_C6TA,autor:UCi1b_TRQfgO1Z9O2gNGGWNA,1
autor:UC6PvO1_k5lHKGdAPo5_C6TA,autor:UCfM3nrxtTQMY5jFx1v1J4Gg,1
autor:UC6PvO1_k5lHKGdAPo5_C6TA,autor:UC7VUuJr9cGh845CmTvf7TlQ,1
autor:UC6PvO1_k5lHKGdAPo5_C6TA,autor:UCjmPuazZJzscrwvk0QR9RVw,1
autor:UC6PvO1_k5lHKGdAPo5_C6TA,autor:UCtNfIBnc5S5DbbQj_yxgJTw,1
autor:UC6PvO1_k5lHKGdAPo5_C6TA,autor:UC72gBAtyb_VXQlYDcFrh6oQ,1
autor:UC6PvO1_k5lHKGdAPo5_C6TA,autor:UCmjppp6ujz3SAnULvP3sZMw,1
autor:UC6PvO1_k5lHKGdAPo5_C6TA,autor:UCzSfZlOVxBSs5ObD25ywxDQ,1
autor:UC6PvO1_k5lHKGdAPo5_C6TA,autor:UCTylKrsqkrBKIqubMu_5N0Q,1
autor:UC6PvO1_k5lHKGdAPo5_C6TA,autor:UCB5p8a5gklc80jJItP6xTHg,1
autor:UC6PvO1_k5lHKGdAPo5_C6TA,autor:UCQqetiwzzmRNTM5OWuXarGQ,1
autor:UC6PvO1_k5lHKGdAPo5_C6TA,autor:UCOS8ViEkccrTZx2w2ccxotA,1
autor:UC6PvO1_k5lHKGdAPo5_C6TA,autor:UCh5ESQvtzyHDhCA7XyekCFA,1
autor:UC6PvO1_k5lHKGdAPo5_C6TA,autor:UCNkcuy42zEwddwEcOd_HpnA,1
autor:UC6PvO1_k5lHKGdAPo5_C6TA,autor:UCjSKM9j0Q7HLDr1hD6D-TUw,1
autor:UC6PvO1_k5lHKGdAPo5_C6TA,autor:UCujPF2nBgsTD62nWE3lcpIg,1
autor:UC6PvO1_k5lHKGdAPo5_C6TA,autor:UCpIdtvoFHVLGASGB5ySqIEA,1
autor:UC6PvO1_k5lHKGdAPo5_C6TA,autor:UChZknRmJkeGeQk0-mQuhDOg,1
autor:UC6PvO1_k5lHKGdAPo5_C6TA,autor:UCQtSFINs1h6GHkpg9o5kMvg,1
autor:UC6PvO1_k5lHKGdAPo5_C6TA,autor:UCQgYjVngJRfPHDLGB5X6ZjA,1
autor:UC6PvO1_k5lHKGdAPo5_C6TA,autor:UCCaYwkkbQGcvFoUmothVdQQ,1
autor:UC6PvO1_k5lHKGdAPo5_C6TA,autor:UCHhHUjaMAZ8SiXdCUCj9DkQ,1
autor:UC6PvO1_k5lHKGdAPo5_C6TA,autor:UCDftMWXQoJ6nONfY7GVOVjg,1
autor:UC6PvO1_k5lHKGdAPo5_C6TA,autor:UCXr8_5WtGeipe4haOoQDgyQ,1
autor:UC6PvO1_k5lHKGdAPo5_C6TA,autor:UCQtICyzWmhC5woCtbNgaSmg,1
autor:UC6PvO1_k5lHKGdAPo5_C6TA,autor:UCljDbleJul41G1TzOjOZAVA,1
autor:UC6PvO1_k5lHKGdAPo5_C6TA,autor:UC6YSZqL0vEcI-niPKIMUGfw,1
autor:UC6PvO1_k5lHKGdAPo5_C6TA,autor:UCUIIIPTVDVHAXqhC_5V6lPA,1
autor:UC6PvO1_k5lHKGdAPo5_C6TA,autor:UCj-LL25XJnjxepPKCc3NGog,1
autor:UC6PvO1_k5lHKGdAPo5_C6TA,autor:UCtUR3_CAiE7fCoZHM6cMfyQ,1
autor:UC6PvO1_k5lHKGdAPo5_C6TA,autor:UC8G5cJONY8L9voMyBW8Eoug,1
autor:UC6PvO1_k5lHKGdAPo5_C6TA,autor:UCErZPJpHmLCsXs8ZWkAUupQ,1
autor:UC6PvO1_k5lHKGdAPo5_C6TA,autor:UCQ_-LPP8JAbfkc-b1Q6NvWw,1
autor:UC6PvO1_k5lHKGdAPo5_C6TA,autor:UCAmtbUiIrUIhikru0ZoTFig,1
autor:UC6PvO1_k5lHKGdAPo5_C6TA,autor:UCr1emrogPKkKTs_WTtx71xg,1
autor:UC6PvO1_k5lHKGdAPo5_C6TA,autor:UCOh6DaZC_x9HASnlRylEMfw,1
autor:UC6PvO1_k5lHKGdAPo5_C6TA,autor:UCSou6a2OuYGSvPjm5psquyA,1
autor:UC6PvO1_k5lHKGdAPo5_C6TA,autor:UCV0iizTBoOfdAFX_thfI9BA,1
autor:UC6PvO1_k5lHKGdAPo5_C6TA,autor:UCsjs5Hp_r86x1xbK6FAeqaA,1
autor:UC6PvO1_k5lHKGdAPo5_C6TA,autor:UCwha8rxULYMVtNwZWeSkE1A,1
autor:UC6PvO1_k5lHKGdAPo5_C6TA,autor:UCFxE8GbokBrBsPEKM1xrOjQ,1
autor:UC6PvO1_k5lHKGdAPo5_C6TA,autor:UCwW2OFy95P7ZBkOPxWkpvYg,1
autor:UC6PvO1_k5lHKGdAPo5_C6TA,autor:UCA93ym2TXs_Ibyxb4Vcn-6Q,1
autor:UC6PvO1_k5lHKGdAPo5_C6TA,autor:UCFUuDARXdmmIrLppEqf-rFg,1
autor:UC6PvO1_k5lHKGdAPo5_C6TA,autor:UCpl8rF8uv_8uui-QRvuJaRA,1
autor:UC6PvO1_k5lHKGdAPo5_C6TA,autor:UCRETAiYdh2dL5ZxB0_N1zDA,1
autor:UC6PvO1_k5lHKGdAPo5_C6TA,autor:UCsJJAvrVGupdmhOqgtDp8dg,1
autor:UC6PvO1_k5lHKGdAPo5_C6TA,autor:UCTP3O0rMnc8z8v8jaDQwL0w,1
autor:UC6PvO1_k5lHKGdAPo5_C6TA,autor:UCN6qbfPSzFtjhqUDZ3Cv3CQ,1
autor:UC6PvO1_k5lHKGdAPo5_C6TA,autor:UCvApqeCbLod-wejtT4CcVuA,1
autor:UC6PvO1_k5lHKGdAPo5_C6TA,autor:UCDPWkUX3sNNaCx-m1dV4glA,1
autor:UC6PvO1_k5lHKGdAPo5_C6TA,autor:UCYN4wSQ1Sx4_LurxLlW7MPg,1
autor:UC6PvO1_k5lHKGdAPo5_C6TA,autor:UCueV9cTyTDwgQSec1x2dYgA,1
autor:UC6PvO1_k5lHKGdAPo5_C6TA,autor:UChgkn5Jt5tWKYMoEOuCjz3Q,1
autor:UC6PvO1_k5lHKGdAPo5_C6TA,autor:UCEgEQmRbtL5fwr9_DqAC--g,1
autor:UC6PvO1_k5lHKGdAPo5_C6TA,autor:UC9xr9QvIcDvoZNUX5f-jaZw,1
autor:UC6PvO1_k5lHKGdAPo5_C6TA,autor:UCRlCV9zSn7avAWh-9_XFWqQ,1
autor:UC6PvO1_k5lHKGdAPo5_C6TA,autor:UCiMythXHsw7eQEMykCdmMUA,1
autor:UC6PvO1_k5lHKGdAPo5_C6TA,autor:UCz3gu01bmjNv0DpRq-K3XYg,1
autor:UC6PvO1_k5lHKGdAPo5_C6TA,autor:UCkd9W714-947dEE6ZOEBATA,1
autor:UC6PvO1_k5lHKGdAPo5_C6TA,autor:UCDlr1VadSucIZgZ171pRBjQ,1
autor:UC6PvO1_k5lHKGdAPo5_C6TA,autor:UCGzXwyCzMzGmjmCbH3Hg01Q,1
autor:UC6PvO1_k5lHKGdAPo5_C6TA,autor:UCTwSut16JyAg3mX6LVUNGqA,1
autor:UC6PvO1_k5lHKGdAPo5_C6TA,autor:UCFhxtoeARHPnXXPcDrOU3Xg,1
autor:UC6PvO1_k5lHKGdAPo5_C6TA,autor:UCKDR0f2fu2UzWL8mBv5-BHw,1
autor:UC6PvO1_k5lHKGdAPo5_C6TA,autor:UCXXh7yg5KUFIWylTiKVEFKQ,1
autor:UC6PvO1_k5lHKGdAPo5_C6TA,autor:UCylqlpsh8ENNM1LqgQ1KbxA,1
autor:UC6PvO1_k5lHKGdAPo5_C6TA,autor:UCYwpX26TrCxq8TvbKGRYLXA,1
autor:UC6PvO1_k5lHKGdAPo5_C6TA,autor:UCHTGCgY2l-DQJIvlA_cpa_Q,1
autor:UC6PvO1_k5lHKGdAPo5_C6TA,autor:UCwO2SXr0ggzwg6QWWrr01nQ,1
autor:UC6PvO1_k5lHKGdAPo5_C6TA,autor:UCXgr7vXlRrsaskPdo097kGA,1
autor:UC6PvO1_k5lHKGdAPo5_C6TA,autor:UCL1MT278vSaQ83ZDkVWn1gw,1
autor:UC6PvO1_k5lHKGdAPo5_C6TA,autor:UCsSXdJct-nsS8DsABoEsaYA,1
autor:UC6PvO1_k5lHKGdAPo5_C6TA,autor:UCDQaQv0hr2SS_PO-CMEwVHg,1
autor:UC6PvO1_k5lHKGdAPo5_C6TA,autor:UC9vMq1YF-e7C-VO0SHkbUTA,1
autor:UC6PvO1_k5lHKGdAPo5_C6TA,autor:UCcfdg8crmMJwEuLUsAhV7yg,1
autor:UC6PvO1_k5lHKGdAPo5_C6TA,autor:UCiGRBf2RNF0WRKhRVT7zFoA,1
autor:UC6PvO1_k5lHKGdAPo5_C6TA,autor:UCWIZUtKJ636y-4TYrNvok0g,1
autor:UC6PvO1_k5lHKGdAPo5_C6TA,autor:UCTD6q1nyIe3Y7HhqjaMj72w,1
autor:UC6PvO1_k5lHKGdAPo5_C6TA,autor:UCLggDc_a5HriXv7I1h02sOA,1
autor:UC6PvO1_k5lHKGdAPo5_C6TA,autor:UCLFdHr9BEbXHkoJopbEPLZw,1
autor:UC6PvO1_k5lHKGdAPo5_C6TA,autor:UC8r11yOugM2NuRfitQOxLLg,1
autor:UC6PvO1_k5lHKGdAPo5_C6TA,autor:UCplrIQtaPj6au60_f2-mOYw,1
autor:UC6PvO1_k5lHKGdAPo5_C6TA,autor:UCxff05WuyvwELNITi7bj7UA,1
autor:UC6PvO1_k5lHKGdAPo5_C6TA,autor:UCAlzM_N6xBlMYmM8EBzX86Q,1
autor:UC6PvO1_k5lHKGdAPo5_C6TA,autor:UCgvw7xIdGFupzpt1Y_BFkEA,1
autor:UC6PvO1_k5lHKGdAPo5_C6TA,autor:UCipetjeiWj4CZB6EbyYziZg,1
autor:UC6PvO1_k5lHKGdAPo5_C6TA,autor:UChep9kVb5gQmpodEEl10Xlg,1
autor:UC6Uj1FT5JjDSF8vudvDxPAA,autor:UCWoAVGVqCn4xtINCMOTM4jg,1
autor:UC6Uj1FT5JjDSF8vudvDxPAA,autor:UCDrmf9y9nLgFY5wnA2hTuGA,1
autor:UC6Uj1FT5JjDSF8vudvDxPAA,autor:UCylqlpsh8ENNM1LqgQ1KbxA,1
autor:UC6Uj1FT5JjDSF8vudvDxPAA,autor:UCQyOePccUP-fIJYzchAgZYw,1
autor:UC6Uj1FT5JjDSF8vudvDxPAA,autor:UCpe5jW3MIqkgTJ-PgkzvM6Q,1
autor:UC6Uj1FT5JjDSF8vudvDxPAA,autor:UColMq7LmaoY3MT6aIDGrGvA,1
autor:UC6Uj1FT5JjDSF8vudvDxPAA,autor:UCiC-Jn7wdgyQV4_Urk0DkWQ,1
autor:UC6Uj1FT5JjDSF8vudvDxPAA,autor:UCsGoJEvb-cFPZ2rWoJcXzEQ,1
autor:UC6Uj1FT5JjDSF8vudvDxPAA,autor:UC95PSMouTx2N5CbSq0hIyrQ,1
autor:UC6Uj1FT5JjDSF8vudvDxPAA,autor:UCRAquv8el-tQ30bN7MlmySQ,1
autor:UC6Uj1FT5JjDSF8vudvDxPAA,autor:UCgJNFj5dnxXpcMvmuhZDPxA,1
autor:UC6Uj1FT5JjDSF8vudvDxPAA,autor:UClqA491Xa5fQcXcJJa-vTWw,1
autor:UC6Uj1FT5JjDSF8vudvDxPAA,autor:UCkbsS_3D-pvg1iHOld9uvIg,1
autor:UC6Uj1FT5JjDSF8vudvDxPAA,autor:UCRvPToDkkumha7WJAfCDk1A,1
autor:UC6Uj1FT5JjDSF8vudvDxPAA,autor:UCdFlugHJJa4l3YqWuNRmvXw,1
autor:UC6Uj1FT5JjDSF8vudvDxPAA,autor:UCu8_3-Wg-YzNyvHYQDEscfw,1
autor:UC6Uj1FT5JjDSF8vudvDxPAA,autor:UCZeIIQrGAedW8tCbKWmGY-A,1
autor:UC6Uj1FT5JjDSF8vudvDxPAA,autor:UC_LYoGs5C3mbZKZuKuqYCvw,1
autor:UC6Uj1FT5JjDSF8vudvDxPAA,autor:UCqCrvuoJpC-aVb0f4logQRQ,1
autor:UC6Uj1FT5JjDSF8vudvDxPAA,autor:UClhMWQ7XKWywYvbRnuf8QsA,1
autor:UC6Uj1FT5JjDSF8vudvDxPAA,autor:UCOcUI5XkTYNMSFhZNMIPpGg,1
autor:UC6Uj1FT5JjDSF8vudvDxPAA,autor:UCgQw_Sbq3ugruDUKsq1e0-A,1
autor:UC6Uj1FT5JjDSF8vudvDxPAA,autor:UCaKAjTW9MVub_clgr4DRYjQ,1
autor:UC6Uj1FT5JjDSF8vudvDxPAA,autor:UCCBYcToQ2dwkd6TJh0FSyDg,1
autor:UC6Uj1FT5JjDSF8vudvDxPAA,autor:UCQqlPPUGqAfWjd-FSh_qn7Q,1
autor:UC6Uj1FT5JjDSF8vudvDxPAA,autor:UCwjUvRseNtJoItylIyIez7Q,1
autor:UC6Uj1FT5JjDSF8vudvDxPAA,autor:UCe8JZoYkX5oKUZyivHYdXhw,1
autor:UC6Uj1FT5JjDSF8vudvDxPAA,autor:UCNpt5CQlTzNjlAKY6CJtClQ,1
autor:UC6Uj1FT5JjDSF8vudvDxPAA,autor:UCkVtmkK07b2zaVVNssX4lOg,1
autor:UC6Uj1FT5JjDSF8vudvDxPAA,autor:UCHbwIx9pmQuf7i-4_xO2EpA,1
autor:UC6Uj1FT5JjDSF8vudvDxPAA,autor:UCW-JC6lebVmf2P1dmY_L94g,1
autor:UC6Uj1FT5JjDSF8vudvDxPAA,autor:UCW80DaMjQlEUibC98Cot-Dg,1
autor:UC6Uj1FT5JjDSF8vudvDxPAA,autor:UCpsKOkt5iWTbenzeuq7dsmQ,1
autor:UC6Uj1FT5JjDSF8vudvDxPAA,autor:UCeDNEtI8_a42bZ47wJiJMwQ,1
autor:UC6Uj1FT5JjDSF8vudvDxPAA,autor:UCAKuKvcbfnBD3kF5njNu-IA,1
autor:UC6Uj1FT5JjDSF8vudvDxPAA,autor:UCUoYsrx1oZnCZ0usbBJn4fA,1
autor:UC6Uj1FT5JjDSF8vudvDxPAA,autor:UC7dadZG7kkGYnsNu6td0FbA,1
autor:UC6Uj1FT5JjDSF8vudvDxPAA,autor:UCwgCc9Jd_gG-uLE_SY-FfPg,1
autor:UC6Uj1FT5JjDSF8vudvDxPAA,autor:UCGGHbtfbbe0o68etrOf0qxw,1
autor:UC6Uj1FT5JjDSF8vudvDxPAA,autor:UC816IGbFCZinfYS1LRDaaHg,1
autor:UC6Uj1FT5JjDSF8vudvDxPAA,autor:UCuXmOjxC-htcprLgeVXz6Tg,1
autor:UC6Uj1FT5JjDSF8vudvDxPAA,autor:UCV0lM03g5fg5pbPj97-sAtA,1
autor:UC6YSZqL0vEcI-niPKIMUGfw,autor:UCNBnKqWf4d-rS4HwJRQljmQ,1
autor:UC6YSZqL0vEcI-niPKIMUGfw,autor:UCRelkU8JiZBytTzebJxaa-w,1
autor:UC6YSZqL0vEcI-niPKIMUGfw,autor:UCzoL2l5H5eVlorWGH8AZfAg,1
autor:UC6YSZqL0vEcI-niPKIMUGfw,autor:UCOLGv5Pf6BF2wFcwUzgcvHg,1
autor:UC6YSZqL0vEcI-niPKIMUGfw,autor:UCl0ekS9Tt0jJGtOEM18S63w,1
autor:UC6YSZqL0vEcI-niPKIMUGfw,autor:UCXSkL3ejZ8qWYyF_M7s_QKA,1
autor:UC6YSZqL0vEcI-niPKIMUGfw,autor:UCySYJU5kUh7X8gVt9la2ISA,1
autor:UC6YSZqL0vEcI-niPKIMUGfw,autor:UCL13XhnRzbGokEkCkEOb0-g,1
autor:UC6YSZqL0vEcI-niPKIMUGfw,autor:UCZ51R_9Q9C0c8I3pAWhtmjQ,1
autor:UC6YSZqL0vEcI-niPKIMUGfw,autor:UCp4iw5_5SmV9VGTFSNVGOmQ,1
autor:UC6YSZqL0vEcI-niPKIMUGfw,autor:UCDUffaruH6dyUnUGwsTKpgg,1
autor:UC6YSZqL0vEcI-niPKIMUGfw,autor:UCut6b9S98nv84cVX89PmKzA,1
autor:UC6YSZqL0vEcI-niPKIMUGfw,autor:UCsUCN0Yq_UyTvKjOJLmNrnQ,1
autor:UC6YSZqL0vEcI-niPKIMUGfw,autor:UCDIMztpVm7G27qBuiWuT6oQ,1
autor:UC6YSZqL0vEcI-niPKIMUGfw,autor:UCZLG9qH0tUjNhEGFIUt0CYw,1
autor:UC6YSZqL0vEcI-niPKIMUGfw,autor:UChs3tU2BcKOT0CezykvAsGw,1
autor:UC6YSZqL0vEcI-niPKIMUGfw,autor:UCrJn_rbo_ENAdeqneS-RmRw,1
autor:UC6YSZqL0vEcI-niPKIMUGfw,autor:UC8F2V63KZ4ZEay6opX2hAQw,1
autor:UC6YSZqL0vEcI-niPKIMUGfw,autor:UCThW2XNsAaBKme5PUt7n-Zg,1
autor:UC6YSZqL0vEcI-niPKIMUGfw,autor:UCmvOgzmmXbjUthHy-WJ52hQ,1
autor:UC6YSZqL0vEcI-niPKIMUGfw,autor:UCpsKOkt5iWTbenzeuq7dsmQ,1
autor:UC6YSZqL0vEcI-niPKIMUGfw,autor:UCFoIAE8k82D6AV-8gjjKaNg,1
autor:UC6YSZqL0vEcI-niPKIMUGfw,autor:UCFjudnPLoaSL1BaRuLahyHg,1
autor:UC6YSZqL0vEcI-niPKIMUGfw,autor:UCi1b_TRQfgO1Z9O2gNGGWNA,1
autor:UC6YSZqL0vEcI-niPKIMUGfw,autor:UCfM3nrxtTQMY5jFx1v1J4Gg,1
autor:UC6YSZqL0vEcI-niPKIMUGfw,autor:UC7VUuJr9cGh845CmTvf7TlQ,1
autor:UC6YSZqL0vEcI-niPKIMUGfw,autor:UCjmPuazZJzscrwvk0QR9RVw,1
autor:UC6YSZqL0vEcI-niPKIMUGfw,autor:UCtNfIBnc5S5DbbQj_yxgJTw,1
autor:UC6YSZqL0vEcI-niPKIMUGfw,autor:UC72gBAtyb_VXQlYDcFrh6oQ,1
autor:UC6YSZqL0vEcI-niPKIMUGfw,autor:UCmjppp6ujz3SAnULvP3sZMw,1
autor:UC6YSZqL0vEcI-niPKIMUGfw,autor:UCzSfZlOVxBSs5ObD25ywxDQ,1
autor:UC6YSZqL0vEcI-niPKIMUGfw,autor:UCTylKrsqkrBKIqubMu_5N0Q,1
autor:UC6YSZqL0vEcI-niPKIMUGfw,autor:UCB5p8a5gklc80jJItP6xTHg,1
autor:UC6YSZqL0vEcI-niPKIMUGfw,autor:UCQqetiwzzmRNTM5OWuXarGQ,1
autor:UC6YSZqL0vEcI-niPKIMUGfw,autor:UCOS8ViEkccrTZx2w2ccxotA,1
autor:UC6YSZqL0vEcI-niPKIMUGfw,autor:UCh5ESQvtzyHDhCA7XyekCFA,1
autor:UC6YSZqL0vEcI-niPKIMUGfw,autor:UCNkcuy42zEwddwEcOd_HpnA,1
autor:UC6YSZqL0vEcI-niPKIMUGfw,autor:UCjSKM9j0Q7HLDr1hD6D-TUw,1
autor:UC6YSZqL0vEcI-niPKIMUGfw,autor:UCujPF2nBgsTD62nWE3lcpIg,1
autor:UC6YSZqL0vEcI-niPKIMUGfw,autor:UCpIdtvoFHVLGASGB5ySqIEA,1
autor:UC6YSZqL0vEcI-niPKIMUGfw,autor:UChZknRmJkeGeQk0-mQuhDOg,1
autor:UC6YSZqL0vEcI-niPKIMUGfw,autor:UCQtSFINs1h6GHkpg9o5kMvg,1
autor:UC6YSZqL0vEcI-niPKIMUGfw,autor:UCQgYjVngJRfPHDLGB5X6ZjA,1
autor:UC6YSZqL0vEcI-niPKIMUGfw,autor:UCCaYwkkbQGcvFoUmothVdQQ,1
autor:UC6YSZqL0vEcI-niPKIMUGfw,autor:UCHhHUjaMAZ8SiXdCUCj9DkQ,1
autor:UC6YSZqL0vEcI-niPKIMUGfw,autor:UCDftMWXQoJ6nONfY7GVOVjg,1
autor:UC6YSZqL0vEcI-niPKIMUGfw,autor:UCXr8_5WtGeipe4haOoQDgyQ,1
autor:UC6YSZqL0vEcI-niPKIMUGfw,autor:UCQtICyzWmhC5woCtbNgaSmg,1
autor:UC6YSZqL0vEcI-niPKIMUGfw,autor:UCljDbleJul41G1TzOjOZAVA,1
autor:UC6YSZqL0vEcI-niPKIMUGfw,autor:UCUIIIPTVDVHAXqhC_5V6lPA,1
autor:UC6YSZqL0vEcI-niPKIMUGfw,autor:UCj-LL25XJnjxepPKCc3NGog,1
autor:UC6YSZqL0vEcI-niPKIMUGfw,autor:UCtUR3_CAiE7fCoZHM6cMfyQ,1
autor:UC6YSZqL0vEcI-niPKIMUGfw,autor:UC8G5cJONY8L9voMyBW8Eoug,1
autor:UC6YSZqL0vEcI-niPKIMUGfw,autor:UCErZPJpHmLCsXs8ZWkAUupQ,1
autor:UC6YSZqL0vEcI-niPKIMUGfw,autor:UCQ_-LPP8JAbfkc-b1Q6NvWw,1
autor:UC6YSZqL0vEcI-niPKIMUGfw,autor:UCAmtbUiIrUIhikru0ZoTFig,1
autor:UC6YSZqL0vEcI-niPKIMUGfw,autor:UCr1emrogPKkKTs_WTtx71xg,1
autor:UC6YSZqL0vEcI-niPKIMUGfw,autor:UCOh6DaZC_x9HASnlRylEMfw,1
autor:UC6YSZqL0vEcI-niPKIMUGfw,autor:UCSou6a2OuYGSvPjm5psquyA,1
autor:UC6YSZqL0vEcI-niPKIMUGfw,autor:UCV0iizTBoOfdAFX_thfI9BA,1
autor:UC6YSZqL0vEcI-niPKIMUGfw,autor:UCsjs5Hp_r86x1xbK6FAeqaA,1
autor:UC6YSZqL0vEcI-niPKIMUGfw,autor:UCwha8rxULYMVtNwZWeSkE1A,1
autor:UC6YSZqL0vEcI-niPKIMUGfw,autor:UCFxE8GbokBrBsPEKM1xrOjQ,1
autor:UC6YSZqL0vEcI-niPKIMUGfw,autor:UCwW2OFy95P7ZBkOPxWkpvYg,1
autor:UC6YSZqL0vEcI-niPKIMUGfw,autor:UCA93ym2TXs_Ibyxb4Vcn-6Q,1
autor:UC6YSZqL0vEcI-niPKIMUGfw,autor:UCFUuDARXdmmIrLppEqf-rFg,1
autor:UC6YSZqL0vEcI-niPKIMUGfw,autor:UCpl8rF8uv_8uui-QRvuJaRA,1
autor:UC6YSZqL0vEcI-niPKIMUGfw,autor:UCRETAiYdh2dL5ZxB0_N1zDA,1
autor:UC6YSZqL0vEcI-niPKIMUGfw,autor:UCsJJAvrVGupdmhOqgtDp8dg,1
autor:UC6YSZqL0vEcI-niPKIMUGfw,autor:UCTP3O0rMnc8z8v8jaDQwL0w,1
autor:UC6YSZqL0vEcI-niPKIMUGfw,autor:UCN6qbfPSzFtjhqUDZ3Cv3CQ,1
autor:UC6YSZqL0vEcI-niPKIMUGfw,autor:UCvApqeCbLod-wejtT4CcVuA,1
autor:UC6YSZqL0vEcI-niPKIMUGfw,autor:UCDPWkUX3sNNaCx-m1dV4glA,1
autor:UC6YSZqL0vEcI-niPKIMUGfw,autor:UCYN4wSQ1Sx4_LurxLlW7MPg,1
autor:UC6YSZqL0vEcI-niPKIMUGfw,autor:UCueV9cTyTDwgQSec1x2dYgA,1
autor:UC6YSZqL0vEcI-niPKIMUGfw,autor:UChgkn5Jt5tWKYMoEOuCjz3Q,1
autor:UC6YSZqL0vEcI-niPKIMUGfw,autor:UCEgEQmRbtL5fwr9_DqAC--g,1
autor:UC6YSZqL0vEcI-niPKIMUGfw,autor:UC9xr9QvIcDvoZNUX5f-jaZw,1
autor:UC6YSZqL0vEcI-niPKIMUGfw,autor:UCRlCV9zSn7avAWh-9_XFWqQ,1
autor:UC6YSZqL0vEcI-niPKIMUGfw,autor:UCiMythXHsw7eQEMykCdmMUA,1
autor:UC6YSZqL0vEcI-niPKIMUGfw,autor:UCz3gu01bmjNv0DpRq-K3XYg,1
autor:UC6YSZqL0vEcI-niPKIMUGfw,autor:UCkd9W714-947dEE6ZOEBATA,1
autor:UC6YSZqL0vEcI-niPKIMUGfw,autor:UCDlr1VadSucIZgZ171pRBjQ,1
autor:UC6YSZqL0vEcI-niPKIMUGfw,autor:UCGzXwyCzMzGmjmCbH3Hg01Q,1
autor:UC6YSZqL0vEcI-niPKIMUGfw,autor:UCTwSut16JyAg3mX6LVUNGqA,1
autor:UC6YSZqL0vEcI-niPKIMUGfw,autor:UCFhxtoeARHPnXXPcDrOU3Xg,1
autor:UC6YSZqL0vEcI-niPKIMUGfw,autor:UCKDR0f2fu2UzWL8mBv5-BHw,1
autor:UC6YSZqL0vEcI-niPKIMUGfw,autor:UCXXh7yg5KUFIWylTiKVEFKQ,1
autor:UC6YSZqL0vEcI-niPKIMUGfw,autor:UCylqlpsh8ENNM1LqgQ1KbxA,1
autor:UC6YSZqL0vEcI-niPKIMUGfw,autor:UCYwpX26TrCxq8TvbKGRYLXA,1
autor:UC6YSZqL0vEcI-niPKIMUGfw,autor:UCHTGCgY2l-DQJIvlA_cpa_Q,1
autor:UC6YSZqL0vEcI-niPKIMUGfw,autor:UCwO2SXr0ggzwg6QWWrr01nQ,1
autor:UC6YSZqL0vEcI-niPKIMUGfw,autor:UCXgr7vXlRrsaskPdo097kGA,1
autor:UC6YSZqL0vEcI-niPKIMUGfw,autor:UCL1MT278vSaQ83ZDkVWn1gw,1
autor:UC6YSZqL0vEcI-niPKIMUGfw,autor:UCsSXdJct-nsS8DsABoEsaYA,1
autor:UC6YSZqL0vEcI-niPKIMUGfw,autor:UCDQaQv0hr2SS_PO-CMEwVHg,1
autor:UC6YSZqL0vEcI-niPKIMUGfw,autor:UC9vMq1YF-e7C-VO0SHkbUTA,1
autor:UC6YSZqL0vEcI-niPKIMUGfw,autor:UCcfdg8crmMJwEuLUsAhV7yg,1
autor:UC6YSZqL0vEcI-niPKIMUGfw,autor:UCiGRBf2RNF0WRKhRVT7zFoA,1
autor:UC6YSZqL0vEcI-niPKIMUGfw,autor:UCWIZUtKJ636y-4TYrNvok0g,1
autor:UC6YSZqL0vEcI-niPKIMUGfw,autor:UCTD6q1nyIe3Y7HhqjaMj72w,1
autor:UC6YSZqL0vEcI-niPKIMUGfw,autor:UCLggDc_a5HriXv7I1h02sOA,1
autor:UC6YSZqL0vEcI-niPKIMUGfw,autor:UCLFdHr9BEbXHkoJopbEPLZw,1
autor:UC6YSZqL0vEcI-niPKIMUGfw,autor:UC8r11yOugM2NuRfitQOxLLg,1
autor:UC6YSZqL0vEcI-niPKIMUGfw,autor:UCplrIQtaPj6au60_f2-mOYw,1
autor:UC6YSZqL0vEcI-niPKIMUGfw,autor:UCxff05WuyvwELNITi7bj7UA,1
autor:UC6YSZqL0vEcI-niPKIMUGfw,autor:UCAlzM_N6xBlMYmM8EBzX86Q,1
autor:UC6YSZqL0vEcI-niPKIMUGfw,autor:UCgvw7xIdGFupzpt1Y_BFkEA,1
autor:UC6YSZqL0vEcI-niPKIMUGfw,autor:UCipetjeiWj4CZB6EbyYziZg,1
autor:UC6YSZqL0vEcI-niPKIMUGfw,autor:UChep9kVb5gQmpodEEl10Xlg,1
autor:UC72gBAtyb_VXQlYDcFrh6oQ,autor:UCNBnKqWf4d-rS4HwJRQljmQ,1
autor:UC72gBAtyb_VXQlYDcFrh6oQ,autor:UCRelkU8JiZBytTzebJxaa-w,1
autor:UC72gBAtyb_VXQlYDcFrh6oQ,autor:UCzoL2l5H5eVlorWGH8AZfAg,1
autor:UC72gBAtyb_VXQlYDcFrh6oQ,autor:UCOLGv5Pf6BF2wFcwUzgcvHg,1
autor:UC72gBAtyb_VXQlYDcFrh6oQ,autor:UCl0ekS9Tt0jJGtOEM18S63w,1
autor:UC72gBAtyb_VXQlYDcFrh6oQ,autor:UCXSkL3ejZ8qWYyF_M7s_QKA,1
autor:UC72gBAtyb_VXQlYDcFrh6oQ,autor:UCySYJU5kUh7X8gVt9la2ISA,1
autor:UC72gBAtyb_VXQlYDcFrh6oQ,autor:UCL13XhnRzbGokEkCkEOb0-g,1
autor:UC72gBAtyb_VXQlYDcFrh6oQ,autor:UCZ51R_9Q9C0c8I3pAWhtmjQ,1
autor:UC72gBAtyb_VXQlYDcFrh6oQ,autor:UCp4iw5_5SmV9VGTFSNVGOmQ,1
autor:UC72gBAtyb_VXQlYDcFrh6oQ,autor:UCDUffaruH6dyUnUGwsTKpgg,1
autor:UC72gBAtyb_VXQlYDcFrh6oQ,autor:UCut6b9S98nv84cVX89PmKzA,1
autor:UC72gBAtyb_VXQlYDcFrh6oQ,autor:UCsUCN0Yq_UyTvKjOJLmNrnQ,1
autor:UC72gBAtyb_VXQlYDcFrh6oQ,autor:UCDIMztpVm7G27qBuiWuT6oQ,1
autor:UC72gBAtyb_VXQlYDcFrh6oQ,autor:UCZLG9qH0tUjNhEGFIUt0CYw,1
autor:UC72gBAtyb_VXQlYDcFrh6oQ,autor:UChs3tU2BcKOT0CezykvAsGw,1
autor:UC72gBAtyb_VXQlYDcFrh6oQ,autor:UCrJn_rbo_ENAdeqneS-RmRw,1
autor:UC72gBAtyb_VXQlYDcFrh6oQ,autor:UC8F2V63KZ4ZEay6opX2hAQw,1
autor:UC72gBAtyb_VXQlYDcFrh6oQ,autor:UCThW2XNsAaBKme5PUt7n-Zg,1
autor:UC72gBAtyb_VXQlYDcFrh6oQ,autor:UCmvOgzmmXbjUthHy-WJ52hQ,1
autor:UC72gBAtyb_VXQlYDcFrh6oQ,autor:UCpsKOkt5iWTbenzeuq7dsmQ,1
autor:UC72gBAtyb_VXQlYDcFrh6oQ,autor:UCFoIAE8k82D6AV-8gjjKaNg,1
autor:UC72gBAtyb_VXQlYDcFrh6oQ,autor:UCFjudnPLoaSL1BaRuLahyHg,1
autor:UC72gBAtyb_VXQlYDcFrh6oQ,autor:UCi1b_TRQfgO1Z9O2gNGGWNA,1
autor:UC72gBAtyb_VXQlYDcFrh6oQ,autor:UCfM3nrxtTQMY5jFx1v1J4Gg,1
autor:UC72gBAtyb_VXQlYDcFrh6oQ,autor:UC7VUuJr9cGh845CmTvf7TlQ,1
autor:UC72gBAtyb_VXQlYDcFrh6oQ,autor:UCjmPuazZJzscrwvk0QR9RVw,1
autor:UC72gBAtyb_VXQlYDcFrh6oQ,autor:UCtNfIBnc5S5DbbQj_yxgJTw,1
autor:UC72gBAtyb_VXQlYDcFrh6oQ,autor:UCmjppp6ujz3SAnULvP3sZMw,1
autor:UC72gBAtyb_VXQlYDcFrh6oQ,autor:UCzSfZlOVxBSs5ObD25ywxDQ,1
autor:UC72gBAtyb_VXQlYDcFrh6oQ,autor:UCTylKrsqkrBKIqubMu_5N0Q,1
autor:UC72gBAtyb_VXQlYDcFrh6oQ,autor:UCB5p8a5gklc80jJItP6xTHg,1
autor:UC72gBAtyb_VXQlYDcFrh6oQ,autor:UCQqetiwzzmRNTM5OWuXarGQ,1
autor:UC72gBAtyb_VXQlYDcFrh6oQ,autor:UCOS8ViEkccrTZx2w2ccxotA,1
autor:UC72gBAtyb_VXQlYDcFrh6oQ,autor:UCh5ESQvtzyHDhCA7XyekCFA,1
autor:UC72gBAtyb_VXQlYDcFrh6oQ,autor:UCNkcuy42zEwddwEcOd_HpnA,1
autor:UC72gBAtyb_VXQlYDcFrh6oQ,autor:UCjSKM9j0Q7HLDr1hD6D-TUw,1
autor:UC72gBAtyb_VXQlYDcFrh6oQ,autor:UCujPF2nBgsTD62nWE3lcpIg,1
autor:UC72gBAtyb_VXQlYDcFrh6oQ,autor:UCpIdtvoFHVLGASGB5ySqIEA,1
autor:UC72gBAtyb_VXQlYDcFrh6oQ,autor:UChZknRmJkeGeQk0-mQuhDOg,1
autor:UC72gBAtyb_VXQlYDcFrh6oQ,autor:UCQtSFINs1h6GHkpg9o5kMvg,1
autor:UC72gBAtyb_VXQlYDcFrh6oQ,autor:UCQgYjVngJRfPHDLGB5X6ZjA,1
autor:UC72gBAtyb_VXQlYDcFrh6oQ,autor:UCCaYwkkbQGcvFoUmothVdQQ,1
autor:UC72gBAtyb_VXQlYDcFrh6oQ,autor:UCHhHUjaMAZ8SiXdCUCj9DkQ,1
autor:UC72gBAtyb_VXQlYDcFrh6oQ,autor:UCDftMWXQoJ6nONfY7GVOVjg,1
autor:UC72gBAtyb_VXQlYDcFrh6oQ,autor:UCXr8_5WtGeipe4haOoQDgyQ,1
autor:UC72gBAtyb_VXQlYDcFrh6oQ,autor:UCQtICyzWmhC5woCtbNgaSmg,1
autor:UC72gBAtyb_VXQlYDcFrh6oQ,autor:UCljDbleJul41G1TzOjOZAVA,1
autor:UC72gBAtyb_VXQlYDcFrh6oQ,autor:UCUIIIPTVDVHAXqhC_5V6lPA,1
autor:UC72gBAtyb_VXQlYDcFrh6oQ,autor:UCj-LL25XJnjxepPKCc3NGog,1
autor:UC72gBAtyb_VXQlYDcFrh6oQ,autor:UCtUR3_CAiE7fCoZHM6cMfyQ,1
autor:UC72gBAtyb_VXQlYDcFrh6oQ,autor:UC8G5cJONY8L9voMyBW8Eoug,1
autor:UC72gBAtyb_VXQlYDcFrh6oQ,autor:UCErZPJpHmLCsXs8ZWkAUupQ,1
autor:UC72gBAtyb_VXQlYDcFrh6oQ,autor:UCQ_-LPP8JAbfkc-b1Q6NvWw,1
autor:UC72gBAtyb_VXQlYDcFrh6oQ,autor:UCAmtbUiIrUIhikru0ZoTFig,1
autor:UC72gBAtyb_VXQlYDcFrh6oQ,autor:UCr1emrogPKkKTs_WTtx71xg,1
autor:UC72gBAtyb_VXQlYDcFrh6oQ,autor:UCOh6DaZC_x9HASnlRylEMfw,1
autor:UC72gBAtyb_VXQlYDcFrh6oQ,autor:UCSou6a2OuYGSvPjm5psquyA,1
autor:UC72gBAtyb_VXQlYDcFrh6oQ,autor:UCV0iizTBoOfdAFX_thfI9BA,1
autor:UC72gBAtyb_VXQlYDcFrh6oQ,autor:UCsjs5Hp_r86x1xbK6FAeqaA,1
autor:UC72gBAtyb_VXQlYDcFrh6oQ,autor:UCwha8rxULYMVtNwZWeSkE1A,1
autor:UC72gBAtyb_VXQlYDcFrh6oQ,autor:UCFxE8GbokBrBsPEKM1xrOjQ,1
autor:UC72gBAtyb_VXQlYDcFrh6oQ,autor:UCwW2OFy95P7ZBkOPxWkpvYg,1
autor:UC72gBAtyb_VXQlYDcFrh6oQ,autor:UCA93ym2TXs_Ibyxb4Vcn-6Q,1
autor:UC72gBAtyb_VXQlYDcFrh6oQ,autor:UCFUuDARXdmmIrLppEqf-rFg,1
autor:UC72gBAtyb_VXQlYDcFrh6oQ,autor:UCpl8rF8uv_8uui-QRvuJaRA,1
autor:UC72gBAtyb_VXQlYDcFrh6oQ,autor:UCRETAiYdh2dL5ZxB0_N1zDA,1
autor:UC72gBAtyb_VXQlYDcFrh6oQ,autor:UCsJJAvrVGupdmhOqgtDp8dg,1
autor:UC72gBAtyb_VXQlYDcFrh6oQ,autor:UCTP3O0rMnc8z8v8jaDQwL0w,1
autor:UC72gBAtyb_VXQlYDcFrh6oQ,autor:UCN6qbfPSzFtjhqUDZ3Cv3CQ,1
autor:UC72gBAtyb_VXQlYDcFrh6oQ,autor:UCvApqeCbLod-wejtT4CcVuA,1
autor:UC72gBAtyb_VXQlYDcFrh6oQ,autor:UCDPWkUX3sNNaCx-m1dV4glA,1
autor:UC72gBAtyb_VXQlYDcFrh6oQ,autor:UCYN4wSQ1Sx4_LurxLlW7MPg,1
autor:UC72gBAtyb_VXQlYDcFrh6oQ,autor:UCueV9cTyTDwgQSec1x2dYgA,1
autor:UC72gBAtyb_VXQlYDcFrh6oQ,autor:UChgkn5Jt5tWKYMoEOuCjz3Q,1
autor:UC72gBAtyb_VXQlYDcFrh6oQ,autor:UCEgEQmRbtL5fwr9_DqAC--g,1
autor:UC72gBAtyb_VXQlYDcFrh6oQ,autor:UC9xr9QvIcDvoZNUX5f-jaZw,1
autor:UC72gBAtyb_VXQlYDcFrh6oQ,autor:UCRlCV9zSn7avAWh-9_XFWqQ,1
autor:UC72gBAtyb_VXQlYDcFrh6oQ,autor:UCiMythXHsw7eQEMykCdmMUA,1
autor:UC72gBAtyb_VXQlYDcFrh6oQ,autor:UCz3gu01bmjNv0DpRq-K3XYg,1
autor:UC72gBAtyb_VXQlYDcFrh6oQ,autor:UCkd9W714-947dEE6ZOEBATA,1
autor:UC72gBAtyb_VXQlYDcFrh6oQ,autor:UCDlr1VadSucIZgZ171pRBjQ,1
autor:UC72gBAtyb_VXQlYDcFrh6oQ,autor:UCGzXwyCzMzGmjmCbH3Hg01Q,1
autor:UC72gBAtyb_VXQlYDcFrh6oQ,autor:UCTwSut16JyAg3mX6LVUNGqA,1
autor:UC72gBAtyb_VXQlYDcFrh6oQ,autor:UCFhxtoeARHPnXXPcDrOU3Xg,1
autor:UC72gBAtyb_VXQlYDcFrh6oQ,autor:UCKDR0f2fu2UzWL8mBv5-BHw,1
autor:UC72gBAtyb_VXQlYDcFrh6oQ,autor:UCXXh7yg5KUFIWylTiKVEFKQ,1
autor:UC72gBAtyb_VXQlYDcFrh6oQ,autor:UCylqlpsh8ENNM1LqgQ1KbxA,1
autor:UC72gBAtyb_VXQlYDcFrh6oQ,autor:UCYwpX26TrCxq8TvbKGRYLXA,1
autor:UC72gBAtyb_VXQlYDcFrh6oQ,autor:UCHTGCgY2l-DQJIvlA_cpa_Q,1
autor:UC72gBAtyb_VXQlYDcFrh6oQ,autor:UCwO2SXr0ggzwg6QWWrr01nQ,1
autor:UC72gBAtyb_VXQlYDcFrh6oQ,autor:UCXgr7vXlRrsaskPdo097kGA,1
autor:UC72gBAtyb_VXQlYDcFrh6oQ,autor:UCL1MT278vSaQ83ZDkVWn1gw,1
autor:UC72gBAtyb_VXQlYDcFrh6oQ,autor:UCsSXdJct-nsS8DsABoEsaYA,1
autor:UC72gBAtyb_VXQlYDcFrh6oQ,autor:UCDQaQv0hr2SS_PO-CMEwVHg,1
autor:UC72gBAtyb_VXQlYDcFrh6oQ,autor:UC9vMq1YF-e7C-VO0SHkbUTA,1
autor:UC72gBAtyb_VXQlYDcFrh6oQ,autor:UCcfdg8crmMJwEuLUsAhV7yg,1
autor:UC72gBAtyb_VXQlYDcFrh6oQ,autor:UCiGRBf2RNF0WRKhRVT7zFoA,1
autor:UC72gBAtyb_VXQlYDcFrh6oQ,autor:UCWIZUtKJ636y-4TYrNvok0g,1
autor:UC72gBAtyb_VXQlYDcFrh6oQ,autor:UCTD6q1nyIe3Y7HhqjaMj72w,1
autor:UC72gBAtyb_VXQlYDcFrh6oQ,autor:UCLggDc_a5HriXv7I1h02sOA,1
autor:UC72gBAtyb_VXQlYDcFrh6oQ,autor:UCLFdHr9BEbXHkoJopbEPLZw,1
autor:UC72gBAtyb_VXQlYDcFrh6oQ,autor:UC8r11yOugM2NuRfitQOxLLg,1
autor:UC72gBAtyb_VXQlYDcFrh6oQ,autor:UCplrIQtaPj6au60_f2-mOYw,1
autor:UC72gBAtyb_VXQlYDcFrh6oQ,autor:UCxff05WuyvwELNITi7bj7UA,1
autor:UC72gBAtyb_VXQlYDcFrh6oQ,autor:UCAlzM_N6xBlMYmM8EBzX86Q,1
autor:UC72gBAtyb_VXQlYDcFrh6oQ,autor:UCgvw7xIdGFupzpt1Y_BFkEA,1
autor:UC72gBAtyb_VXQlYDcFrh6oQ,autor:UCipetjeiWj4CZB6EbyYziZg,1
autor:UC72gBAtyb_VXQlYDcFrh6oQ,autor:UChep9kVb5gQmpodEEl10Xlg,1
autor:UC7IMsCxfZyWN7YQo8-JYa6Q,autor:UCPZueDLrCS4BmTBRMA4q0fA,1
autor:UC7IMsCxfZyWN7YQo8-JYa6Q,autor:UCVQf0tzL7xRzFJsABVVULpg,1
autor:UC7IMsCxfZyWN7YQo8-JYa6Q,autor:UCAV7QIjYhbDJaycQycM_0eQ,1
autor:UC7IMsCxfZyWN7YQo8-JYa6Q,autor:UCg3eIfd7BrsLEqS0BLkftHA,1
autor:UC7IMsCxfZyWN7YQo8-JYa6Q,autor:UCN2N_wYOw6fMwCeSzdXLPIw,1
autor:UC7IMsCxfZyWN7YQo8-JYa6Q,autor:UC8xlJWNHz1V_W6q3fbuQH8g,1
autor:UC7IMsCxfZyWN7YQo8-JYa6Q,autor:UClsrFGJKWPxxw7MiaEdKLXw,1
autor:UC7IMsCxfZyWN7YQo8-JYa6Q,autor:UCusjriFsDHEc2AOjqk-p5ig,1
autor:UC7IMsCxfZyWN7YQo8-JYa6Q,autor:UCHTGCgY2l-DQJIvlA_cpa_Q,1
autor:UC7IMsCxfZyWN7YQo8-JYa6Q,autor:UCzZ6dDCEsLMXbc5pCFXIprw,1
autor:UC7IMsCxfZyWN7YQo8-JYa6Q,autor:UCbYoNG5J3Au5BqtbXogfEFw,1
autor:UC7IMsCxfZyWN7YQo8-JYa6Q,autor:UCGX_UbAQOXGZknv5iqklwTA,1
autor:UC7IMsCxfZyWN7YQo8-JYa6Q,autor:UCf5lnNZF7Qrtli9v4N_23WQ,1
autor:UC7IMsCxfZyWN7YQo8-JYa6Q,autor:UCtNyHmRZtvGF2hSvI2dUBWw,1
autor:UC7IMsCxfZyWN7YQo8-JYa6Q,autor:UCNIeXbV_mEwpa412h1aqUWw,1
autor:UC7IMsCxfZyWN7YQo8-JYa6Q,autor:UCgQJgI9vu1FI2dnC9mrFthw,1
autor:UC7IMsCxfZyWN7YQo8-JYa6Q,autor:UCuP4UK33HKtJE_S39ksmaTw,1
autor:UC7VUuJr9cGh845CmTvf7TlQ,autor:UCNBnKqWf4d-rS4HwJRQljmQ,1
autor:UC7VUuJr9cGh845CmTvf7TlQ,autor:UCRelkU8JiZBytTzebJxaa-w,1
autor:UC7VUuJr9cGh845CmTvf7TlQ,autor:UCzoL2l5H5eVlorWGH8AZfAg,1
autor:UC7VUuJr9cGh845CmTvf7TlQ,autor:UCOLGv5Pf6BF2wFcwUzgcvHg,1
autor:UC7VUuJr9cGh845CmTvf7TlQ,autor:UCl0ekS9Tt0jJGtOEM18S63w,1
autor:UC7VUuJr9cGh845CmTvf7TlQ,autor:UCXSkL3ejZ8qWYyF_M7s_QKA,1
autor:UC7VUuJr9cGh845CmTvf7TlQ,autor:UCySYJU5kUh7X8gVt9la2ISA,1
autor:UC7VUuJr9cGh845CmTvf7TlQ,autor:UCL13XhnRzbGokEkCkEOb0-g,1
autor:UC7VUuJr9cGh845CmTvf7TlQ,autor:UCZ51R_9Q9C0c8I3pAWhtmjQ,1
autor:UC7VUuJr9cGh845CmTvf7TlQ,autor:UCp4iw5_5SmV9VGTFSNVGOmQ,1
autor:UC7VUuJr9cGh845CmTvf7TlQ,autor:UCDUffaruH6dyUnUGwsTKpgg,1
autor:UC7VUuJr9cGh845CmTvf7TlQ,autor:UCut6b9S98nv84cVX89PmKzA,1
autor:UC7VUuJr9cGh845CmTvf7TlQ,autor:UCsUCN0Yq_UyTvKjOJLmNrnQ,1
autor:UC7VUuJr9cGh845CmTvf7TlQ,autor:UCDIMztpVm7G27qBuiWuT6oQ,1
autor:UC7VUuJr9cGh845CmTvf7TlQ,autor:UCZLG9qH0tUjNhEGFIUt0CYw,1
autor:UC7VUuJr9cGh845CmTvf7TlQ,autor:UChs3tU2BcKOT0CezykvAsGw,1
autor:UC7VUuJr9cGh845CmTvf7TlQ,autor:UCrJn_rbo_ENAdeqneS-RmRw,1
autor:UC7VUuJr9cGh845CmTvf7TlQ,autor:UC8F2V63KZ4ZEay6opX2hAQw,1
autor:UC7VUuJr9cGh845CmTvf7TlQ,autor:UCThW2XNsAaBKme5PUt7n-Zg,1
autor:UC7VUuJr9cGh845CmTvf7TlQ,autor:UCmvOgzmmXbjUthHy-WJ52hQ,1
autor:UC7VUuJr9cGh845CmTvf7TlQ,autor:UCpsKOkt5iWTbenzeuq7dsmQ,1
autor:UC7VUuJr9cGh845CmTvf7TlQ,autor:UCFoIAE8k82D6AV-8gjjKaNg,1
autor:UC7VUuJr9cGh845CmTvf7TlQ,autor:UCFjudnPLoaSL1BaRuLahyHg,1
autor:UC7VUuJr9cGh845CmTvf7TlQ,autor:UCi1b_TRQfgO1Z9O2gNGGWNA,1
autor:UC7VUuJr9cGh845CmTvf7TlQ,autor:UCfM3nrxtTQMY5jFx1v1J4Gg,1
autor:UC7VUuJr9cGh845CmTvf7TlQ,autor:UCjmPuazZJzscrwvk0QR9RVw,1
autor:UC7VUuJr9cGh845CmTvf7TlQ,autor:UCtNfIBnc5S5DbbQj_yxgJTw,1
autor:UC7VUuJr9cGh845CmTvf7TlQ,autor:UCmjppp6ujz3SAnULvP3sZMw,1
autor:UC7VUuJr9cGh845CmTvf7TlQ,autor:UCzSfZlOVxBSs5ObD25ywxDQ,1
autor:UC7VUuJr9cGh845CmTvf7TlQ,autor:UCTylKrsqkrBKIqubMu_5N0Q,1
autor:UC7VUuJr9cGh845CmTvf7TlQ,autor:UCB5p8a5gklc80jJItP6xTHg,1
autor:UC7VUuJr9cGh845CmTvf7TlQ,autor:UCQqetiwzzmRNTM5OWuXarGQ,1
autor:UC7VUuJr9cGh845CmTvf7TlQ,autor:UCOS8ViEkccrTZx2w2ccxotA,1
autor:UC7VUuJr9cGh845CmTvf7TlQ,autor:UCh5ESQvtzyHDhCA7XyekCFA,1
autor:UC7VUuJr9cGh845CmTvf7TlQ,autor:UCNkcuy42zEwddwEcOd_HpnA,1
autor:UC7VUuJr9cGh845CmTvf7TlQ,autor:UCjSKM9j0Q7HLDr1hD6D-TUw,1
autor:UC7VUuJr9cGh845CmTvf7TlQ,autor:UCujPF2nBgsTD62nWE3lcpIg,1
autor:UC7VUuJr9cGh845CmTvf7TlQ,autor:UCpIdtvoFHVLGASGB5ySqIEA,1
autor:UC7VUuJr9cGh845CmTvf7TlQ,autor:UChZknRmJkeGeQk0-mQuhDOg,1
autor:UC7VUuJr9cGh845CmTvf7TlQ,autor:UCQtSFINs1h6GHkpg9o5kMvg,1
autor:UC7VUuJr9cGh845CmTvf7TlQ,autor:UCQgYjVngJRfPHDLGB5X6ZjA,1
autor:UC7VUuJr9cGh845CmTvf7TlQ,autor:UCCaYwkkbQGcvFoUmothVdQQ,1
autor:UC7VUuJr9cGh845CmTvf7TlQ,autor:UCHhHUjaMAZ8SiXdCUCj9DkQ,1
autor:UC7VUuJr9cGh845CmTvf7TlQ,autor:UCDftMWXQoJ6nONfY7GVOVjg,1
autor:UC7VUuJr9cGh845CmTvf7TlQ,autor:UCXr8_5WtGeipe4haOoQDgyQ,1
autor:UC7VUuJr9cGh845CmTvf7TlQ,autor:UCQtICyzWmhC5woCtbNgaSmg,1
autor:UC7VUuJr9cGh845CmTvf7TlQ,autor:UCljDbleJul41G1TzOjOZAVA,1
autor:UC7VUuJr9cGh845CmTvf7TlQ,autor:UCUIIIPTVDVHAXqhC_5V6lPA,1
autor:UC7VUuJr9cGh845CmTvf7TlQ,autor:UCj-LL25XJnjxepPKCc3NGog,1
autor:UC7VUuJr9cGh845CmTvf7TlQ,autor:UCtUR3_CAiE7fCoZHM6cMfyQ,1
autor:UC7VUuJr9cGh845CmTvf7TlQ,autor:UC8G5cJONY8L9voMyBW8Eoug,1
autor:UC7VUuJr9cGh845CmTvf7TlQ,autor:UCErZPJpHmLCsXs8ZWkAUupQ,1
autor:UC7VUuJr9cGh845CmTvf7TlQ,autor:UCQ_-LPP8JAbfkc-b1Q6NvWw,1
autor:UC7VUuJr9cGh845CmTvf7TlQ,autor:UCAmtbUiIrUIhikru0ZoTFig,1
autor:UC7VUuJr9cGh845CmTvf7TlQ,autor:UCr1emrogPKkKTs_WTtx71xg,1
autor:UC7VUuJr9cGh845CmTvf7TlQ,autor:UCOh6DaZC_x9HASnlRylEMfw,1
autor:UC7VUuJr9cGh845CmTvf7TlQ,autor:UCSou6a2OuYGSvPjm5psquyA,1
autor:UC7VUuJr9cGh845CmTvf7TlQ,autor:UCV0iizTBoOfdAFX_thfI9BA,1
autor:UC7VUuJr9cGh845CmTvf7TlQ,autor:UCsjs5Hp_r86x1xbK6FAeqaA,1
autor:UC7VUuJr9cGh845CmTvf7TlQ,autor:UCwha8rxULYMVtNwZWeSkE1A,1
autor:UC7VUuJr9cGh845CmTvf7TlQ,autor:UCFxE8GbokBrBsPEKM1xrOjQ,1
autor:UC7VUuJr9cGh845CmTvf7TlQ,autor:UCwW2OFy95P7ZBkOPxWkpvYg,1
autor:UC7VUuJr9cGh845CmTvf7TlQ,autor:UCA93ym2TXs_Ibyxb4Vcn-6Q,1
autor:UC7VUuJr9cGh845CmTvf7TlQ,autor:UCFUuDARXdmmIrLppEqf-rFg,1
autor:UC7VUuJr9cGh845CmTvf7TlQ,autor:UCpl8rF8uv_8uui-QRvuJaRA,1
autor:UC7VUuJr9cGh845CmTvf7TlQ,autor:UCRETAiYdh2dL5ZxB0_N1zDA,1
autor:UC7VUuJr9cGh845CmTvf7TlQ,autor:UCsJJAvrVGupdmhOqgtDp8dg,1
autor:UC7VUuJr9cGh845CmTvf7TlQ,autor:UCTP3O0rMnc8z8v8jaDQwL0w,1
autor:UC7VUuJr9cGh845CmTvf7TlQ,autor:UCN6qbfPSzFtjhqUDZ3Cv3CQ,1
autor:UC7VUuJr9cGh845CmTvf7TlQ,autor:UCvApqeCbLod-wejtT4CcVuA,1
autor:UC7VUuJr9cGh845CmTvf7TlQ,autor:UCDPWkUX3sNNaCx-m1dV4glA,1
autor:UC7VUuJr9cGh845CmTvf7TlQ,autor:UCYN4wSQ1Sx4_LurxLlW7MPg,1
autor:UC7VUuJr9cGh845CmTvf7TlQ,autor:UCueV9cTyTDwgQSec1x2dYgA,1
autor:UC7VUuJr9cGh845CmTvf7TlQ,autor:UChgkn5Jt5tWKYMoEOuCjz3Q,1
autor:UC7VUuJr9cGh845CmTvf7TlQ,autor:UCEgEQmRbtL5fwr9_DqAC--g,1
autor:UC7VUuJr9cGh845CmTvf7TlQ,autor:UC9xr9QvIcDvoZNUX5f-jaZw,1
autor:UC7VUuJr9cGh845CmTvf7TlQ,autor:UCRlCV9zSn7avAWh-9_XFWqQ,1
autor:UC7VUuJr9cGh845CmTvf7TlQ,autor:UCiMythXHsw7eQEMykCdmMUA,1
autor:UC7VUuJr9cGh845CmTvf7TlQ,autor:UCz3gu01bmjNv0DpRq-K3XYg,1
autor:UC7VUuJr9cGh845CmTvf7TlQ,autor:UCkd9W714-947dEE6ZOEBATA,1
autor:UC7VUuJr9cGh845CmTvf7TlQ,autor:UCDlr1VadSucIZgZ171pRBjQ,1
autor:UC7VUuJr9cGh845CmTvf7TlQ,autor:UCGzXwyCzMzGmjmCbH3Hg01Q,1
autor:UC7VUuJr9cGh845CmTvf7TlQ,autor:UCTwSut16JyAg3mX6LVUNGqA,1
autor:UC7VUuJr9cGh845CmTvf7TlQ,autor:UCFhxtoeARHPnXXPcDrOU3Xg,1
autor:UC7VUuJr9cGh845CmTvf7TlQ,autor:UCKDR0f2fu2UzWL8mBv5-BHw,1
autor:UC7VUuJr9cGh845CmTvf7TlQ,autor:UCXXh7yg5KUFIWylTiKVEFKQ,1
autor:UC7VUuJr9cGh845CmTvf7TlQ,autor:UCylqlpsh8ENNM1LqgQ1KbxA,1
autor:UC7VUuJr9cGh845CmTvf7TlQ,autor:UCYwpX26TrCxq8TvbKGRYLXA,1
autor:UC7VUuJr9cGh845CmTvf7TlQ,autor:UCHTGCgY2l-DQJIvlA_cpa_Q,1
autor:UC7VUuJr9cGh845CmTvf7TlQ,autor:UCwO2SXr0ggzwg6QWWrr01nQ,1
autor:UC7VUuJr9cGh845CmTvf7TlQ,autor:UCXgr7vXlRrsaskPdo097kGA,1
autor:UC7VUuJr9cGh845CmTvf7TlQ,autor:UCL1MT278vSaQ83ZDkVWn1gw,1
autor:UC7VUuJr9cGh845CmTvf7TlQ,autor:UCsSXdJct-nsS8DsABoEsaYA,1
autor:UC7VUuJr9cGh845CmTvf7TlQ,autor:UCDQaQv0hr2SS_PO-CMEwVHg,1
autor:UC7VUuJr9cGh845CmTvf7TlQ,autor:UC9vMq1YF-e7C-VO0SHkbUTA,1
autor:UC7VUuJr9cGh845CmTvf7TlQ,autor:UCcfdg8crmMJwEuLUsAhV7yg,1
autor:UC7VUuJr9cGh845CmTvf7TlQ,autor:UCiGRBf2RNF0WRKhRVT7zFoA,1
autor:UC7VUuJr9cGh845CmTvf7TlQ,autor:UCWIZUtKJ636y-4TYrNvok0g,1
autor:UC7VUuJr9cGh845CmTvf7TlQ,autor:UCTD6q1nyIe3Y7HhqjaMj72w,1
autor:UC7VUuJr9cGh845CmTvf7TlQ,autor:UCLggDc_a5HriXv7I1h02sOA,1
autor:UC7VUuJr9cGh845CmTvf7TlQ,autor:UCLFdHr9BEbXHkoJopbEPLZw,1
autor:UC7VUuJr9cGh845CmTvf7TlQ,autor:UC8r11yOugM2NuRfitQOxLLg,1
autor:UC7VUuJr9cGh845CmTvf7TlQ,autor:UCplrIQtaPj6au60_f2-mOYw,1
autor:UC7VUuJr9cGh845CmTvf7TlQ,autor:UCxff05WuyvwELNITi7bj7UA,1
autor:UC7VUuJr9cGh845CmTvf7TlQ,autor:UCAlzM_N6xBlMYmM8EBzX86Q,1
autor:UC7VUuJr9cGh845CmTvf7TlQ,autor:UCgvw7xIdGFupzpt1Y_BFkEA,1
autor:UC7VUuJr9cGh845CmTvf7TlQ,autor:UCipetjeiWj4CZB6EbyYziZg,1
autor:UC7VUuJr9cGh845CmTvf7TlQ,autor:UChep9kVb5gQmpodEEl10Xlg,1
autor:UC7dadZG7kkGYnsNu6td0FbA,autor:UCWoAVGVqCn4xtINCMOTM4jg,1
autor:UC7dadZG7kkGYnsNu6td0FbA,autor:UCDrmf9y9nLgFY5wnA2hTuGA,1
autor:UC7dadZG7kkGYnsNu6td0FbA,autor:UCylqlpsh8ENNM1LqgQ1KbxA,1
autor:UC7dadZG7kkGYnsNu6td0FbA,autor:UCQyOePccUP-fIJYzchAgZYw,1
autor:UC7dadZG7kkGYnsNu6td0FbA,autor:UCpe5jW3MIqkgTJ-PgkzvM6Q,1
autor:UC7dadZG7kkGYnsNu6td0FbA,autor:UColMq7LmaoY3MT6aIDGrGvA,1
autor:UC7dadZG7kkGYnsNu6td0FbA,autor:UCiC-Jn7wdgyQV4_Urk0DkWQ,1
autor:UC7dadZG7kkGYnsNu6td0FbA,autor:UCsGoJEvb-cFPZ2rWoJcXzEQ,1
autor:UC7dadZG7kkGYnsNu6td0FbA,autor:UC95PSMouTx2N5CbSq0hIyrQ,1
autor:UC7dadZG7kkGYnsNu6td0FbA,autor:UCRAquv8el-tQ30bN7MlmySQ,1
autor:UC7dadZG7kkGYnsNu6td0FbA,autor:UCgJNFj5dnxXpcMvmuhZDPxA,1
autor:UC7dadZG7kkGYnsNu6td0FbA,autor:UClqA491Xa5fQcXcJJa-vTWw,1
autor:UC7dadZG7kkGYnsNu6td0FbA,autor:UCkbsS_3D-pvg1iHOld9uvIg,1
autor:UC7dadZG7kkGYnsNu6td0FbA,autor:UCRvPToDkkumha7WJAfCDk1A,1
autor:UC7dadZG7kkGYnsNu6td0FbA,autor:UCdFlugHJJa4l3YqWuNRmvXw,1
autor:UC7dadZG7kkGYnsNu6td0FbA,autor:UCu8_3-Wg-YzNyvHYQDEscfw,1
autor:UC7dadZG7kkGYnsNu6td0FbA,autor:UCZeIIQrGAedW8tCbKWmGY-A,1
autor:UC7dadZG7kkGYnsNu6td0FbA,autor:UC_LYoGs5C3mbZKZuKuqYCvw,1
autor:UC7dadZG7kkGYnsNu6td0FbA,autor:UCqCrvuoJpC-aVb0f4logQRQ,1
autor:UC7dadZG7kkGYnsNu6td0FbA,autor:UClhMWQ7XKWywYvbRnuf8QsA,1
autor:UC7dadZG7kkGYnsNu6td0FbA,autor:UCOcUI5XkTYNMSFhZNMIPpGg,1
autor:UC7dadZG7kkGYnsNu6td0FbA,autor:UCgQw_Sbq3ugruDUKsq1e0-A,1
autor:UC7dadZG7kkGYnsNu6td0FbA,autor:UCaKAjTW9MVub_clgr4DRYjQ,1
autor:UC7dadZG7kkGYnsNu6td0FbA,autor:UCCBYcToQ2dwkd6TJh0FSyDg,1
autor:UC7dadZG7kkGYnsNu6td0FbA,autor:UCQqlPPUGqAfWjd-FSh_qn7Q,1
autor:UC7dadZG7kkGYnsNu6td0FbA,autor:UCwjUvRseNtJoItylIyIez7Q,1
autor:UC7dadZG7kkGYnsNu6td0FbA,autor:UCe8JZoYkX5oKUZyivHYdXhw,1
autor:UC7dadZG7kkGYnsNu6td0FbA,autor:UCNpt5CQlTzNjlAKY6CJtClQ,1
autor:UC7dadZG7kkGYnsNu6td0FbA,autor:UCkVtmkK07b2zaVVNssX4lOg,1
autor:UC7dadZG7kkGYnsNu6td0FbA,autor:UCHbwIx9pmQuf7i-4_xO2EpA,1
autor:UC7dadZG7kkGYnsNu6td0FbA,autor:UCW-JC6lebVmf2P1dmY_L94g,1
autor:UC7dadZG7kkGYnsNu6td0FbA,autor:UCW80DaMjQlEUibC98Cot-Dg,1
autor:UC7dadZG7kkGYnsNu6td0FbA,autor:UCpsKOkt5iWTbenzeuq7dsmQ,1
autor:UC7dadZG7kkGYnsNu6td0FbA,autor:UCeDNEtI8_a42bZ47wJiJMwQ,1
autor:UC7dadZG7kkGYnsNu6td0FbA,autor:UCAKuKvcbfnBD3kF5njNu-IA,1
autor:UC7dadZG7kkGYnsNu6td0FbA,autor:UCUoYsrx1oZnCZ0usbBJn4fA,1
autor:UC7dadZG7kkGYnsNu6td0FbA,autor:UCwgCc9Jd_gG-uLE_SY-FfPg,1
autor:UC7dadZG7kkGYnsNu6td0FbA,autor:UCGGHbtfbbe0o68etrOf0qxw,1
autor:UC7dadZG7kkGYnsNu6td0FbA,autor:UC816IGbFCZinfYS1LRDaaHg,1
autor:UC7dadZG7kkGYnsNu6td0FbA,autor:UCuXmOjxC-htcprLgeVXz6Tg,1
autor:UC7dadZG7kkGYnsNu6td0FbA,autor:UCV0lM03g5fg5pbPj97-sAtA,1
autor:UC816IGbFCZinfYS1LRDaaHg,autor:UCWoAVGVqCn4xtINCMOTM4jg,1
autor:UC816IGbFCZinfYS1LRDaaHg,autor:UCDrmf9y9nLgFY5wnA2hTuGA,1
autor:UC816IGbFCZinfYS1LRDaaHg,autor:UCylqlpsh8ENNM1LqgQ1KbxA,1
autor:UC816IGbFCZinfYS1LRDaaHg,autor:UCQyOePccUP-fIJYzchAgZYw,1
autor:UC816IGbFCZinfYS1LRDaaHg,autor:UCpe5jW3MIqkgTJ-PgkzvM6Q,1
autor:UC816IGbFCZinfYS1LRDaaHg,autor:UColMq7LmaoY3MT6aIDGrGvA,1
autor:UC816IGbFCZinfYS1LRDaaHg,autor:UCiC-Jn7wdgyQV4_Urk0DkWQ,1
autor:UC816IGbFCZinfYS1LRDaaHg,autor:UCsGoJEvb-cFPZ2rWoJcXzEQ,1
autor:UC816IGbFCZinfYS1LRDaaHg,autor:UC95PSMouTx2N5CbSq0hIyrQ,1
autor:UC816IGbFCZinfYS1LRDaaHg,autor:UCRAquv8el-tQ30bN7MlmySQ,1
autor:UC816IGbFCZinfYS1LRDaaHg,autor:UCgJNFj5dnxXpcMvmuhZDPxA,1
autor:UC816IGbFCZinfYS1LRDaaHg,autor:UClqA491Xa5fQcXcJJa-vTWw,1
autor:UC816IGbFCZinfYS1LRDaaHg,autor:UCkbsS_3D-pvg1iHOld9uvIg,1
autor:UC816IGbFCZinfYS1LRDaaHg,autor:UCRvPToDkkumha7WJAfCDk1A,1
autor:UC816IGbFCZinfYS1LRDaaHg,autor:UCdFlugHJJa4l3YqWuNRmvXw,1
autor:UC816IGbFCZinfYS1LRDaaHg,autor:UCu8_3-Wg-YzNyvHYQDEscfw,1
autor:UC816IGbFCZinfYS1LRDaaHg,autor:UCZeIIQrGAedW8tCbKWmGY-A,1
autor:UC816IGbFCZinfYS1LRDaaHg,autor:UC_LYoGs5C3mbZKZuKuqYCvw,1
autor:UC816IGbFCZinfYS1LRDaaHg,autor:UCqCrvuoJpC-aVb0f4logQRQ,1
autor:UC816IGbFCZinfYS1LRDaaHg,autor:UClhMWQ7XKWywYvbRnuf8QsA,1
autor:UC816IGbFCZinfYS1LRDaaHg,autor:UCOcUI5XkTYNMSFhZNMIPpGg,1
autor:UC816IGbFCZinfYS1LRDaaHg,autor:UCgQw_Sbq3ugruDUKsq1e0-A,1
autor:UC816IGbFCZinfYS1LRDaaHg,autor:UCaKAjTW9MVub_clgr4DRYjQ,1
autor:UC816IGbFCZinfYS1LRDaaHg,autor:UCCBYcToQ2dwkd6TJh0FSyDg,1
autor:UC816IGbFCZinfYS1LRDaaHg,autor:UCQqlPPUGqAfWjd-FSh_qn7Q,1
autor:UC816IGbFCZinfYS1LRDaaHg,autor:UCwjUvRseNtJoItylIyIez7Q,1
autor:UC816IGbFCZinfYS1LRDaaHg,autor:UCe8JZoYkX5oKUZyivHYdXhw,1
autor:UC816IGbFCZinfYS1LRDaaHg,autor:UCNpt5CQlTzNjlAKY6CJtClQ,1
autor:UC816IGbFCZinfYS1LRDaaHg,autor:UCkVtmkK07b2zaVVNssX4lOg,1
autor:UC816IGbFCZinfYS1LRDaaHg,autor:UCHbwIx9pmQuf7i-4_xO2EpA,1
autor:UC816IGbFCZinfYS1LRDaaHg,autor:UCW-JC6lebVmf2P1dmY_L94g,1
autor:UC816IGbFCZinfYS1LRDaaHg,autor:UCW80DaMjQlEUibC98Cot-Dg,1
autor:UC816IGbFCZinfYS1LRDaaHg,autor:UCpsKOkt5iWTbenzeuq7dsmQ,1
autor:UC816IGbFCZinfYS1LRDaaHg,autor:UCeDNEtI8_a42bZ47wJiJMwQ,1
autor:UC816IGbFCZinfYS1LRDaaHg,autor:UCAKuKvcbfnBD3kF5njNu-IA,1
autor:UC816IGbFCZinfYS1LRDaaHg,autor:UCUoYsrx1oZnCZ0usbBJn4fA,1
autor:UC816IGbFCZinfYS1LRDaaHg,autor:UCwgCc9Jd_gG-uLE_SY-FfPg,1
autor:UC816IGbFCZinfYS1LRDaaHg,autor:UCGGHbtfbbe0o68etrOf0qxw,1
autor:UC816IGbFCZinfYS1LRDaaHg,autor:UCuXmOjxC-htcprLgeVXz6Tg,1
autor:UC816IGbFCZinfYS1LRDaaHg,autor:UCV0lM03g5fg5pbPj97-sAtA,1
autor:UC8F2V63KZ4ZEay6opX2hAQw,autor:UCNBnKqWf4d-rS4HwJRQljmQ,1
autor:UC8F2V63KZ4ZEay6opX2hAQw,autor:UCRelkU8JiZBytTzebJxaa-w,1
autor:UC8F2V63KZ4ZEay6opX2hAQw,autor:UCzoL2l5H5eVlorWGH8AZfAg,1
autor:UC8F2V63KZ4ZEay6opX2hAQw,autor:UCOLGv5Pf6BF2wFcwUzgcvHg,1
autor:UC8F2V63KZ4ZEay6opX2hAQw,autor:UCl0ekS9Tt0jJGtOEM18S63w,1
autor:UC8F2V63KZ4ZEay6opX2hAQw,autor:UCXSkL3ejZ8qWYyF_M7s_QKA,1
autor:UC8F2V63KZ4ZEay6opX2hAQw,autor:UCySYJU5kUh7X8gVt9la2ISA,1
autor:UC8F2V63KZ4ZEay6opX2hAQw,autor:UCL13XhnRzbGokEkCkEOb0-g,1
autor:UC8F2V63KZ4ZEay6opX2hAQw,autor:UCZ51R_9Q9C0c8I3pAWhtmjQ,1
autor:UC8F2V63KZ4ZEay6opX2hAQw,autor:UCp4iw5_5SmV9VGTFSNVGOmQ,1
autor:UC8F2V63KZ4ZEay6opX2hAQw,autor:UCDUffaruH6dyUnUGwsTKpgg,1
autor:UC8F2V63KZ4ZEay6opX2hAQw,autor:UCut6b9S98nv84cVX89PmKzA,1
autor:UC8F2V63KZ4ZEay6opX2hAQw,autor:UCsUCN0Yq_UyTvKjOJLmNrnQ,1
autor:UC8F2V63KZ4ZEay6opX2hAQw,autor:UCDIMztpVm7G27qBuiWuT6oQ,1
autor:UC8F2V63KZ4ZEay6opX2hAQw,autor:UCZLG9qH0tUjNhEGFIUt0CYw,1
autor:UC8F2V63KZ4ZEay6opX2hAQw,autor:UChs3tU2BcKOT0CezykvAsGw,1
autor:UC8F2V63KZ4ZEay6opX2hAQw,autor:UCrJn_rbo_ENAdeqneS-RmRw,1
autor:UC8F2V63KZ4ZEay6opX2hAQw,autor:UCThW2XNsAaBKme5PUt7n-Zg,1
autor:UC8F2V63KZ4ZEay6opX2hAQw,autor:UCmvOgzmmXbjUthHy-WJ52hQ,1
autor:UC8F2V63KZ4ZEay6opX2hAQw,autor:UCpsKOkt5iWTbenzeuq7dsmQ,1
autor:UC8F2V63KZ4ZEay6opX2hAQw,autor:UCFoIAE8k82D6AV-8gjjKaNg,1
autor:UC8F2V63KZ4ZEay6opX2hAQw,autor:UCFjudnPLoaSL1BaRuLahyHg,1
autor:UC8F2V63KZ4ZEay6opX2hAQw,autor:UCi1b_TRQfgO1Z9O2gNGGWNA,1
autor:UC8F2V63KZ4ZEay6opX2hAQw,autor:UCfM3nrxtTQMY5jFx1v1J4Gg,1
autor:UC8F2V63KZ4ZEay6opX2hAQw,autor:UCjmPuazZJzscrwvk0QR9RVw,1
autor:UC8F2V63KZ4ZEay6opX2hAQw,autor:UCtNfIBnc5S5DbbQj_yxgJTw,1
autor:UC8F2V63KZ4ZEay6opX2hAQw,autor:UCmjppp6ujz3SAnULvP3sZMw,1
autor:UC8F2V63KZ4ZEay6opX2hAQw,autor:UCzSfZlOVxBSs5ObD25ywxDQ,1
autor:UC8F2V63KZ4ZEay6opX2hAQw,autor:UCTylKrsqkrBKIqubMu_5N0Q,1
autor:UC8F2V63KZ4ZEay6opX2hAQw,autor:UCB5p8a5gklc80jJItP6xTHg,1
autor:UC8F2V63KZ4ZEay6opX2hAQw,autor:UCQqetiwzzmRNTM5OWuXarGQ,1
autor:UC8F2V63KZ4ZEay6opX2hAQw,autor:UCOS8ViEkccrTZx2w2ccxotA,1
autor:UC8F2V63KZ4ZEay6opX2hAQw,autor:UCh5ESQvtzyHDhCA7XyekCFA,1
autor:UC8F2V63KZ4ZEay6opX2hAQw,autor:UCNkcuy42zEwddwEcOd_HpnA,1
autor:UC8F2V63KZ4ZEay6opX2hAQw,autor:UCjSKM9j0Q7HLDr1hD6D-TUw,1
autor:UC8F2V63KZ4ZEay6opX2hAQw,autor:UCujPF2nBgsTD62nWE3lcpIg,1
autor:UC8F2V63KZ4ZEay6opX2hAQw,autor:UCpIdtvoFHVLGASGB5ySqIEA,1
autor:UC8F2V63KZ4ZEay6opX2hAQw,autor:UChZknRmJkeGeQk0-mQuhDOg,1
autor:UC8F2V63KZ4ZEay6opX2hAQw,autor:UCQtSFINs1h6GHkpg9o5kMvg,1
autor:UC8F2V63KZ4ZEay6opX2hAQw,autor:UCQgYjVngJRfPHDLGB5X6ZjA,1
autor:UC8F2V63KZ4ZEay6opX2hAQw,autor:UCCaYwkkbQGcvFoUmothVdQQ,1
autor:UC8F2V63KZ4ZEay6opX2hAQw,autor:UCHhHUjaMAZ8SiXdCUCj9DkQ,1
autor:UC8F2V63KZ4ZEay6opX2hAQw,autor:UCDftMWXQoJ6nONfY7GVOVjg,1
autor:UC8F2V63KZ4ZEay6opX2hAQw,autor:UCXr8_5WtGeipe4haOoQDgyQ,1
autor:UC8F2V63KZ4ZEay6opX2hAQw,autor:UCQtICyzWmhC5woCtbNgaSmg,1
autor:UC8F2V63KZ4ZEay6opX2hAQw,autor:UCljDbleJul41G1TzOjOZAVA,1
autor:UC8F2V63KZ4ZEay6opX2hAQw,autor:UCUIIIPTVDVHAXqhC_5V6lPA,1
autor:UC8F2V63KZ4ZEay6opX2hAQw,autor:UCj-LL25XJnjxepPKCc3NGog,1
autor:UC8F2V63KZ4ZEay6opX2hAQw,autor:UCtUR3_CAiE7fCoZHM6cMfyQ,1
autor:UC8F2V63KZ4ZEay6opX2hAQw,autor:UC8G5cJONY8L9voMyBW8Eoug,1
autor:UC8F2V63KZ4ZEay6opX2hAQw,autor:UCErZPJpHmLCsXs8ZWkAUupQ,1
autor:UC8F2V63KZ4ZEay6opX2hAQw,autor:UCQ_-LPP8JAbfkc-b1Q6NvWw,1
autor:UC8F2V63KZ4ZEay6opX2hAQw,autor:UCAmtbUiIrUIhikru0ZoTFig,1
autor:UC8F2V63KZ4ZEay6opX2hAQw,autor:UCr1emrogPKkKTs_WTtx71xg,1
autor:UC8F2V63KZ4ZEay6opX2hAQw,autor:UCOh6DaZC_x9HASnlRylEMfw,1
autor:UC8F2V63KZ4ZEay6opX2hAQw,autor:UCSou6a2OuYGSvPjm5psquyA,1
autor:UC8F2V63KZ4ZEay6opX2hAQw,autor:UCV0iizTBoOfdAFX_thfI9BA,1
autor:UC8F2V63KZ4ZEay6opX2hAQw,autor:UCsjs5Hp_r86x1xbK6FAeqaA,1
autor:UC8F2V63KZ4ZEay6opX2hAQw,autor:UCwha8rxULYMVtNwZWeSkE1A,1
autor:UC8F2V63KZ4ZEay6opX2hAQw,autor:UCFxE8GbokBrBsPEKM1xrOjQ,1
autor:UC8F2V63KZ4ZEay6opX2hAQw,autor:UCwW2OFy95P7ZBkOPxWkpvYg,1
autor:UC8F2V63KZ4ZEay6opX2hAQw,autor:UCA93ym2TXs_Ibyxb4Vcn-6Q,1
autor:UC8F2V63KZ4ZEay6opX2hAQw,autor:UCFUuDARXdmmIrLppEqf-rFg,1
autor:UC8F2V63KZ4ZEay6opX2hAQw,autor:UCpl8rF8uv_8uui-QRvuJaRA,1
autor:UC8F2V63KZ4ZEay6opX2hAQw,autor:UCRETAiYdh2dL5ZxB0_N1zDA,1
autor:UC8F2V63KZ4ZEay6opX2hAQw,autor:UCsJJAvrVGupdmhOqgtDp8dg,1
autor:UC8F2V63KZ4ZEay6opX2hAQw,autor:UCTP3O0rMnc8z8v8jaDQwL0w,1
autor:UC8F2V63KZ4ZEay6opX2hAQw,autor:UCN6qbfPSzFtjhqUDZ3Cv3CQ,1
autor:UC8F2V63KZ4ZEay6opX2hAQw,autor:UCvApqeCbLod-wejtT4CcVuA,1
autor:UC8F2V63KZ4ZEay6opX2hAQw,autor:UCDPWkUX3sNNaCx-m1dV4glA,1
autor:UC8F2V63KZ4ZEay6opX2hAQw,autor:UCYN4wSQ1Sx4_LurxLlW7MPg,1
autor:UC8F2V63KZ4ZEay6opX2hAQw,autor:UCueV9cTyTDwgQSec1x2dYgA,1
autor:UC8F2V63KZ4ZEay6opX2hAQw,autor:UChgkn5Jt5tWKYMoEOuCjz3Q,1
autor:UC8F2V63KZ4ZEay6opX2hAQw,autor:UCEgEQmRbtL5fwr9_DqAC--g,1
autor:UC8F2V63KZ4ZEay6opX2hAQw,autor:UC9xr9QvIcDvoZNUX5f-jaZw,1
autor:UC8F2V63KZ4ZEay6opX2hAQw,autor:UCRlCV9zSn7avAWh-9_XFWqQ,1
autor:UC8F2V63KZ4ZEay6opX2hAQw,autor:UCiMythXHsw7eQEMykCdmMUA,1
autor:UC8F2V63KZ4ZEay6opX2hAQw,autor:UCz3gu01bmjNv0DpRq-K3XYg,1
autor:UC8F2V63KZ4ZEay6opX2hAQw,autor:UCkd9W714-947dEE6ZOEBATA,1
autor:UC8F2V63KZ4ZEay6opX2hAQw,autor:UCDlr1VadSucIZgZ171pRBjQ,1
autor:UC8F2V63KZ4ZEay6opX2hAQw,autor:UCGzXwyCzMzGmjmCbH3Hg01Q,1
autor:UC8F2V63KZ4ZEay6opX2hAQw,autor:UCTwSut16JyAg3mX6LVUNGqA,1
autor:UC8F2V63KZ4ZEay6opX2hAQw,autor:UCFhxtoeARHPnXXPcDrOU3Xg,1
autor:UC8F2V63KZ4ZEay6opX2hAQw,autor:UCKDR0f2fu2UzWL8mBv5-BHw,1
autor:UC8F2V63KZ4ZEay6opX2hAQw,autor:UCXXh7yg5KUFIWylTiKVEFKQ,1
autor:UC8F2V63KZ4ZEay6opX2hAQw,autor:UCylqlpsh8ENNM1LqgQ1KbxA,1
autor:UC8F2V63KZ4ZEay6opX2hAQw,autor:UCYwpX26TrCxq8TvbKGRYLXA,1
autor:UC8F2V63KZ4ZEay6opX2hAQw,autor:UCHTGCgY2l-DQJIvlA_cpa_Q,1
autor:UC8F2V63KZ4ZEay6opX2hAQw,autor:UCwO2SXr0ggzwg6QWWrr01nQ,1
autor:UC8F2V63KZ4ZEay6opX2hAQw,autor:UCXgr7vXlRrsaskPdo097kGA,1
autor:UC8F2V63KZ4ZEay6opX2hAQw,autor:UCL1MT278vSaQ83ZDkVWn1gw,1
autor:UC8F2V63KZ4ZEay6opX2hAQw,autor:UCsSXdJct-nsS8DsABoEsaYA,1
autor:UC8F2V63KZ4ZEay6opX2hAQw,autor:UCDQaQv0hr2SS_PO-CMEwVHg,1
autor:UC8F2V63KZ4ZEay6opX2hAQw,autor:UC9vMq1YF-e7C-VO0SHkbUTA,1
autor:UC8F2V63KZ4ZEay6opX2hAQw,autor:UCcfdg8crmMJwEuLUsAhV7yg,1
autor:UC8F2V63KZ4ZEay6opX2hAQw,autor:UCiGRBf2RNF0WRKhRVT7zFoA,1
autor:UC8F2V63KZ4ZEay6opX2hAQw,autor:UCWIZUtKJ636y-4TYrNvok0g,1
autor:UC8F2V63KZ4ZEay6opX2hAQw,autor:UCTD6q1nyIe3Y7HhqjaMj72w,1
autor:UC8F2V63KZ4ZEay6opX2hAQw,autor:UCLggDc_a5HriXv7I1h02sOA,1
autor:UC8F2V63KZ4ZEay6opX2hAQw,autor:UCLFdHr9BEbXHkoJopbEPLZw,1
autor:UC8F2V63KZ4ZEay6opX2hAQw,autor:UC8r11yOugM2NuRfitQOxLLg,1
autor:UC8F2V63KZ4ZEay6opX2hAQw,autor:UCplrIQtaPj6au60_f2-mOYw,1
autor:UC8F2V63KZ4ZEay6opX2hAQw,autor:UCxff05WuyvwELNITi7bj7UA,1
autor:UC8F2V63KZ4ZEay6opX2hAQw,autor:UCAlzM_N6xBlMYmM8EBzX86Q,1
autor:UC8F2V63KZ4ZEay6opX2hAQw,autor:UCgvw7xIdGFupzpt1Y_BFkEA,1
autor:UC8F2V63KZ4ZEay6opX2hAQw,autor:UCipetjeiWj4CZB6EbyYziZg,1
autor:UC8F2V63KZ4ZEay6opX2hAQw,autor:UChep9kVb5gQmpodEEl10Xlg,1
autor:UC8G5cJONY8L9voMyBW8Eoug,autor:UCNBnKqWf4d-rS4HwJRQljmQ,1
autor:UC8G5cJONY8L9voMyBW8Eoug,autor:UCRelkU8JiZBytTzebJxaa-w,1
autor:UC8G5cJONY8L9voMyBW8Eoug,autor:UCzoL2l5H5eVlorWGH8AZfAg,1
autor:UC8G5cJONY8L9voMyBW8Eoug,autor:UCOLGv5Pf6BF2wFcwUzgcvHg,1
autor:UC8G5cJONY8L9voMyBW8Eoug,autor:UCl0ekS9Tt0jJGtOEM18S63w,1
autor:UC8G5cJONY8L9voMyBW8Eoug,autor:UCXSkL3ejZ8qWYyF_M7s_QKA,1
autor:UC8G5cJONY8L9voMyBW8Eoug,autor:UCySYJU5kUh7X8gVt9la2ISA,1
autor:UC8G5cJONY8L9voMyBW8Eoug,autor:UCL13XhnRzbGokEkCkEOb0-g,1
autor:UC8G5cJONY8L9voMyBW8Eoug,autor:UCZ51R_9Q9C0c8I3pAWhtmjQ,1
autor:UC8G5cJONY8L9voMyBW8Eoug,autor:UCp4iw5_5SmV9VGTFSNVGOmQ,1
autor:UC8G5cJONY8L9voMyBW8Eoug,autor:UCDUffaruH6dyUnUGwsTKpgg,1
autor:UC8G5cJONY8L9voMyBW8Eoug,autor:UCut6b9S98nv84cVX89PmKzA,1
autor:UC8G5cJONY8L9voMyBW8Eoug,autor:UCsUCN0Yq_UyTvKjOJLmNrnQ,1
autor:UC8G5cJONY8L9voMyBW8Eoug,autor:UCDIMztpVm7G27qBuiWuT6oQ,1
autor:UC8G5cJONY8L9voMyBW8Eoug,autor:UCZLG9qH0tUjNhEGFIUt0CYw,1
autor:UC8G5cJONY8L9voMyBW8Eoug,autor:UChs3tU2BcKOT0CezykvAsGw,1
autor:UC8G5cJONY8L9voMyBW8Eoug,autor:UCrJn_rbo_ENAdeqneS-RmRw,1
autor:UC8G5cJONY8L9voMyBW8Eoug,autor:UCThW2XNsAaBKme5PUt7n-Zg,1
autor:UC8G5cJONY8L9voMyBW8Eoug,autor:UCmvOgzmmXbjUthHy-WJ52hQ,1
autor:UC8G5cJONY8L9voMyBW8Eoug,autor:UCpsKOkt5iWTbenzeuq7dsmQ,1
autor:UC8G5cJONY8L9voMyBW8Eoug,autor:UCFoIAE8k82D6AV-8gjjKaNg,1
autor:UC8G5cJONY8L9voMyBW8Eoug,autor:UCFjudnPLoaSL1BaRuLahyHg,1
autor:UC8G5cJONY8L9voMyBW8Eoug,autor:UCi1b_TRQfgO1Z9O2gNGGWNA,1
autor:UC8G5cJONY8L9voMyBW8Eoug,autor:UCfM3nrxtTQMY5jFx1v1J4Gg,1
autor:UC8G5cJONY8L9voMyBW8Eoug,autor:UCjmPuazZJzscrwvk0QR9RVw,1
autor:UC8G5cJONY8L9voMyBW8Eoug,autor:UCtNfIBnc5S5DbbQj_yxgJTw,1
autor:UC8G5cJONY8L9voMyBW8Eoug,autor:UCmjppp6ujz3SAnULvP3sZMw,1
autor:UC8G5cJONY8L9voMyBW8Eoug,autor:UCzSfZlOVxBSs5ObD25ywxDQ,1
autor:UC8G5cJONY8L9voMyBW8Eoug,autor:UCTylKrsqkrBKIqubMu_5N0Q,1
autor:UC8G5cJONY8L9voMyBW8Eoug,autor:UCB5p8a5gklc80jJItP6xTHg,1
autor:UC8G5cJONY8L9voMyBW8Eoug,autor:UCQqetiwzzmRNTM5OWuXarGQ,1
autor:UC8G5cJONY8L9voMyBW8Eoug,autor:UCOS8ViEkccrTZx2w2ccxotA,1
autor:UC8G5cJONY8L9voMyBW8Eoug,autor:UCh5ESQvtzyHDhCA7XyekCFA,1
autor:UC8G5cJONY8L9voMyBW8Eoug,autor:UCNkcuy42zEwddwEcOd_HpnA,1
autor:UC8G5cJONY8L9voMyBW8Eoug,autor:UCjSKM9j0Q7HLDr1hD6D-TUw,1
autor:UC8G5cJONY8L9voMyBW8Eoug,autor:UCujPF2nBgsTD62nWE3lcpIg,1
autor:UC8G5cJONY8L9voMyBW8Eoug,autor:UCpIdtvoFHVLGASGB5ySqIEA,1
autor:UC8G5cJONY8L9voMyBW8Eoug,autor:UChZknRmJkeGeQk0-mQuhDOg,1
autor:UC8G5cJONY8L9voMyBW8Eoug,autor:UCQtSFINs1h6GHkpg9o5kMvg,1
autor:UC8G5cJONY8L9voMyBW8Eoug,autor:UCQgYjVngJRfPHDLGB5X6ZjA,1
autor:UC8G5cJONY8L9voMyBW8Eoug,autor:UCCaYwkkbQGcvFoUmothVdQQ,1
autor:UC8G5cJONY8L9voMyBW8Eoug,autor:UCHhHUjaMAZ8SiXdCUCj9DkQ,1
autor:UC8G5cJONY8L9voMyBW8Eoug,autor:UCDftMWXQoJ6nONfY7GVOVjg,1
autor:UC8G5cJONY8L9voMyBW8Eoug,autor:UCXr8_5WtGeipe4haOoQDgyQ,1
autor:UC8G5cJONY8L9voMyBW8Eoug,autor:UCQtICyzWmhC5woCtbNgaSmg,1
autor:UC8G5cJONY8L9voMyBW8Eoug,autor:UCljDbleJul41G1TzOjOZAVA,1
autor:UC8G5cJONY8L9voMyBW8Eoug,autor:UCUIIIPTVDVHAXqhC_5V6lPA,1
autor:UC8G5cJONY8L9voMyBW8Eoug,autor:UCj-LL25XJnjxepPKCc3NGog,1
autor:UC8G5cJONY8L9voMyBW8Eoug,autor:UCtUR3_CAiE7fCoZHM6cMfyQ,1
autor:UC8G5cJONY8L9voMyBW8Eoug,autor:UCErZPJpHmLCsXs8ZWkAUupQ,1
autor:UC8G5cJONY8L9voMyBW8Eoug,autor:UCQ_-LPP8JAbfkc-b1Q6NvWw,1
autor:UC8G5cJONY8L9voMyBW8Eoug,autor:UCAmtbUiIrUIhikru0ZoTFig,1
autor:UC8G5cJONY8L9voMyBW8Eoug,autor:UCr1emrogPKkKTs_WTtx71xg,1
autor:UC8G5cJONY8L9voMyBW8Eoug,autor:UCOh6DaZC_x9HASnlRylEMfw,1
autor:UC8G5cJONY8L9voMyBW8Eoug,autor:UCSou6a2OuYGSvPjm5psquyA,1
autor:UC8G5cJONY8L9voMyBW8Eoug,autor:UCV0iizTBoOfdAFX_thfI9BA,1
autor:UC8G5cJONY8L9voMyBW8Eoug,autor:UCsjs5Hp_r86x1xbK6FAeqaA,1
autor:UC8G5cJONY8L9voMyBW8Eoug,autor:UCwha8rxULYMVtNwZWeSkE1A,1
autor:UC8G5cJONY8L9voMyBW8Eoug,autor:UCFxE8GbokBrBsPEKM1xrOjQ,1
autor:UC8G5cJONY8L9voMyBW8Eoug,autor:UCwW2OFy95P7ZBkOPxWkpvYg,1
autor:UC8G5cJONY8L9voMyBW8Eoug,autor:UCA93ym2TXs_Ibyxb4Vcn-6Q,1
autor:UC8G5cJONY8L9voMyBW8Eoug,autor:UCFUuDARXdmmIrLppEqf-rFg,1
autor:UC8G5cJONY8L9voMyBW8Eoug,autor:UCpl8rF8uv_8uui-QRvuJaRA,1
autor:UC8G5cJONY8L9voMyBW8Eoug,autor:UCRETAiYdh2dL5ZxB0_N1zDA,1
autor:UC8G5cJONY8L9voMyBW8Eoug,autor:UCsJJAvrVGupdmhOqgtDp8dg,1
autor:UC8G5cJONY8L9voMyBW8Eoug,autor:UCTP3O0rMnc8z8v8jaDQwL0w,1
autor:UC8G5cJONY8L9voMyBW8Eoug,autor:UCN6qbfPSzFtjhqUDZ3Cv3CQ,1
autor:UC8G5cJONY8L9voMyBW8Eoug,autor:UCvApqeCbLod-wejtT4CcVuA,1
autor:UC8G5cJONY8L9voMyBW8Eoug,autor:UCDPWkUX3sNNaCx-m1dV4glA,1
autor:UC8G5cJONY8L9voMyBW8Eoug,autor:UCYN4wSQ1Sx4_LurxLlW7MPg,1
autor:UC8G5cJONY8L9voMyBW8Eoug,autor:UCueV9cTyTDwgQSec1x2dYgA,1
autor:UC8G5cJONY8L9voMyBW8Eoug,autor:UChgkn5Jt5tWKYMoEOuCjz3Q,1
autor:UC8G5cJONY8L9voMyBW8Eoug,autor:UCEgEQmRbtL5fwr9_DqAC--g,1
autor:UC8G5cJONY8L9voMyBW8Eoug,autor:UC9xr9QvIcDvoZNUX5f-jaZw,1
autor:UC8G5cJONY8L9voMyBW8Eoug,autor:UCRlCV9zSn7avAWh-9_XFWqQ,1
autor:UC8G5cJONY8L9voMyBW8Eoug,autor:UCiMythXHsw7eQEMykCdmMUA,1
autor:UC8G5cJONY8L9voMyBW8Eoug,autor:UCz3gu01bmjNv0DpRq-K3XYg,1
autor:UC8G5cJONY8L9voMyBW8Eoug,autor:UCkd9W714-947dEE6ZOEBATA,1
autor:UC8G5cJONY8L9voMyBW8Eoug,autor:UCDlr1VadSucIZgZ171pRBjQ,1
autor:UC8G5cJONY8L9voMyBW8Eoug,autor:UCGzXwyCzMzGmjmCbH3Hg01Q,1
autor:UC8G5cJONY8L9voMyBW8Eoug,autor:UCTwSut16JyAg3mX6LVUNGqA,1
autor:UC8G5cJONY8L9voMyBW8Eoug,autor:UCFhxtoeARHPnXXPcDrOU3Xg,1
autor:UC8G5cJONY8L9voMyBW8Eoug,autor:UCKDR0f2fu2UzWL8mBv5-BHw,1
autor:UC8G5cJONY8L9voMyBW8Eoug,autor:UCXXh7yg5KUFIWylTiKVEFKQ,1
autor:UC8G5cJONY8L9voMyBW8Eoug,autor:UCylqlpsh8ENNM1LqgQ1KbxA,1
autor:UC8G5cJONY8L9voMyBW8Eoug,autor:UCYwpX26TrCxq8TvbKGRYLXA,1
autor:UC8G5cJONY8L9voMyBW8Eoug,autor:UCHTGCgY2l-DQJIvlA_cpa_Q,1
autor:UC8G5cJONY8L9voMyBW8Eoug,autor:UCwO2SXr0ggzwg6QWWrr01nQ,1
autor:UC8G5cJONY8L9voMyBW8Eoug,autor:UCXgr7vXlRrsaskPdo097kGA,1
autor:UC8G5cJONY8L9voMyBW8Eoug,autor:UCL1MT278vSaQ83ZDkVWn1gw,1
autor:UC8G5cJONY8L9voMyBW8Eoug,autor:UCsSXdJct-nsS8DsABoEsaYA,1
autor:UC8G5cJONY8L9voMyBW8Eoug,autor:UCDQaQv0hr2SS_PO-CMEwVHg,1
autor:UC8G5cJONY8L9voMyBW8Eoug,autor:UC9vMq1YF-e7C-VO0SHkbUTA,1
autor:UC8G5cJONY8L9voMyBW8Eoug,autor:UCcfdg8crmMJwEuLUsAhV7yg,1
autor:UC8G5cJONY8L9voMyBW8Eoug,autor:UCiGRBf2RNF0WRKhRVT7zFoA,1
autor:UC8G5cJONY8L9voMyBW8Eoug,autor:UCWIZUtKJ636y-4TYrNvok0g,1
autor:UC8G5cJONY8L9voMyBW8Eoug,autor:UCTD6q1nyIe3Y7HhqjaMj72w,1
autor:UC8G5cJONY8L9voMyBW8Eoug,autor:UCLggDc_a5HriXv7I1h02sOA,1
autor:UC8G5cJONY8L9voMyBW8Eoug,autor:UCLFdHr9BEbXHkoJopbEPLZw,1
autor:UC8G5cJONY8L9voMyBW8Eoug,autor:UC8r11yOugM2NuRfitQOxLLg,1
autor:UC8G5cJONY8L9voMyBW8Eoug,autor:UCplrIQtaPj6au60_f2-mOYw,1
autor:UC8G5cJONY8L9voMyBW8Eoug,autor:UCxff05WuyvwELNITi7bj7UA,1
autor:UC8G5cJONY8L9voMyBW8Eoug,autor:UCAlzM_N6xBlMYmM8EBzX86Q,1
autor:UC8G5cJONY8L9voMyBW8Eoug,autor:UCgvw7xIdGFupzpt1Y_BFkEA,1
autor:UC8G5cJONY8L9voMyBW8Eoug,autor:UCipetjeiWj4CZB6EbyYziZg,1
autor:UC8G5cJONY8L9voMyBW8Eoug,autor:UChep9kVb5gQmpodEEl10Xlg,1
autor:UC8r11yOugM2NuRfitQOxLLg,autor:UCNBnKqWf4d-rS4HwJRQljmQ,1
autor:UC8r11yOugM2NuRfitQOxLLg,autor:UCRelkU8JiZBytTzebJxaa-w,1
autor:UC8r11yOugM2NuRfitQOxLLg,autor:UCzoL2l5H5eVlorWGH8AZfAg,1
autor:UC8r11yOugM2NuRfitQOxLLg,autor:UCOLGv5Pf6BF2wFcwUzgcvHg,1
autor:UC8r11yOugM2NuRfitQOxLLg,autor:UCl0ekS9Tt0jJGtOEM18S63w,1
autor:UC8r11yOugM2NuRfitQOxLLg,autor:UCXSkL3ejZ8qWYyF_M7s_QKA,1
autor:UC8r11yOugM2NuRfitQOxLLg,autor:UCySYJU5kUh7X8gVt9la2ISA,1
autor:UC8r11yOugM2NuRfitQOxLLg,autor:UCL13XhnRzbGokEkCkEOb0-g,1
autor:UC8r11yOugM2NuRfitQOxLLg,autor:UCZ51R_9Q9C0c8I3pAWhtmjQ,1
autor:UC8r11yOugM2NuRfitQOxLLg,autor:UCp4iw5_5SmV9VGTFSNVGOmQ,1
autor:UC8r11yOugM2NuRfitQOxLLg,autor:UCDUffaruH6dyUnUGwsTKpgg,1
autor:UC8r11yOugM2NuRfitQOxLLg,autor:UCut6b9S98nv84cVX89PmKzA,1
autor:UC8r11yOugM2NuRfitQOxLLg,autor:UCsUCN0Yq_UyTvKjOJLmNrnQ,1
autor:UC8r11yOugM2NuRfitQOxLLg,autor:UCDIMztpVm7G27qBuiWuT6oQ,1
autor:UC8r11yOugM2NuRfitQOxLLg,autor:UCZLG9qH0tUjNhEGFIUt0CYw,1
autor:UC8r11yOugM2NuRfitQOxLLg,autor:UChs3tU2BcKOT0CezykvAsGw,1
autor:UC8r11yOugM2NuRfitQOxLLg,autor:UCrJn_rbo_ENAdeqneS-RmRw,1
autor:UC8r11yOugM2NuRfitQOxLLg,autor:UCThW2XNsAaBKme5PUt7n-Zg,1
autor:UC8r11yOugM2NuRfitQOxLLg,autor:UCmvOgzmmXbjUthHy-WJ52hQ,1
autor:UC8r11yOugM2NuRfitQOxLLg,autor:UCpsKOkt5iWTbenzeuq7dsmQ,1
autor:UC8r11yOugM2NuRfitQOxLLg,autor:UCFoIAE8k82D6AV-8gjjKaNg,1
autor:UC8r11yOugM2NuRfitQOxLLg,autor:UCFjudnPLoaSL1BaRuLahyHg,1
autor:UC8r11yOugM2NuRfitQOxLLg,autor:UCi1b_TRQfgO1Z9O2gNGGWNA,1
autor:UC8r11yOugM2NuRfitQOxLLg,autor:UCfM3nrxtTQMY5jFx1v1J4Gg,1
autor:UC8r11yOugM2NuRfitQOxLLg,autor:UCjmPuazZJzscrwvk0QR9RVw,1
autor:UC8r11yOugM2NuRfitQOxLLg,autor:UCtNfIBnc5S5DbbQj_yxgJTw,1
autor:UC8r11yOugM2NuRfitQOxLLg,autor:UCmjppp6ujz3SAnULvP3sZMw,1
autor:UC8r11yOugM2NuRfitQOxLLg,autor:UCzSfZlOVxBSs5ObD25ywxDQ,1
autor:UC8r11yOugM2NuRfitQOxLLg,autor:UCTylKrsqkrBKIqubMu_5N0Q,1
autor:UC8r11yOugM2NuRfitQOxLLg,autor:UCB5p8a5gklc80jJItP6xTHg,1
autor:UC8r11yOugM2NuRfitQOxLLg,autor:UCQqetiwzzmRNTM5OWuXarGQ,1
autor:UC8r11yOugM2NuRfitQOxLLg,autor:UCOS8ViEkccrTZx2w2ccxotA,1
autor:UC8r11yOugM2NuRfitQOxLLg,autor:UCh5ESQvtzyHDhCA7XyekCFA,1
autor:UC8r11yOugM2NuRfitQOxLLg,autor:UCNkcuy42zEwddwEcOd_HpnA,1
autor:UC8r11yOugM2NuRfitQOxLLg,autor:UCjSKM9j0Q7HLDr1hD6D-TUw,1
autor:UC8r11yOugM2NuRfitQOxLLg,autor:UCujPF2nBgsTD62nWE3lcpIg,1
autor:UC8r11yOugM2NuRfitQOxLLg,autor:UCpIdtvoFHVLGASGB5ySqIEA,1
autor:UC8r11yOugM2NuRfitQOxLLg,autor:UChZknRmJkeGeQk0-mQuhDOg,1
autor:UC8r11yOugM2NuRfitQOxLLg,autor:UCQtSFINs1h6GHkpg9o5kMvg,1
autor:UC8r11yOugM2NuRfitQOxLLg,autor:UCQgYjVngJRfPHDLGB5X6ZjA,1
autor:UC8r11yOugM2NuRfitQOxLLg,autor:UCCaYwkkbQGcvFoUmothVdQQ,1
autor:UC8r11yOugM2NuRfitQOxLLg,autor:UCHhHUjaMAZ8SiXdCUCj9DkQ,1
autor:UC8r11yOugM2NuRfitQOxLLg,autor:UCDftMWXQoJ6nONfY7GVOVjg,1
autor:UC8r11yOugM2NuRfitQOxLLg,autor:UCXr8_5WtGeipe4haOoQDgyQ,1
autor:UC8r11yOugM2NuRfitQOxLLg,autor:UCQtICyzWmhC5woCtbNgaSmg,1
autor:UC8r11yOugM2NuRfitQOxLLg,autor:UCljDbleJul41G1TzOjOZAVA,1
autor:UC8r11yOugM2NuRfitQOxLLg,autor:UCUIIIPTVDVHAXqhC_5V6lPA,1
autor:UC8r11yOugM2NuRfitQOxLLg,autor:UCj-LL25XJnjxepPKCc3NGog,1
autor:UC8r11yOugM2NuRfitQOxLLg,autor:UCtUR3_CAiE7fCoZHM6cMfyQ,1
autor:UC8r11yOugM2NuRfitQOxLLg,autor:UCErZPJpHmLCsXs8ZWkAUupQ,1
autor:UC8r11yOugM2NuRfitQOxLLg,autor:UCQ_-LPP8JAbfkc-b1Q6NvWw,1
autor:UC8r11yOugM2NuRfitQOxLLg,autor:UCAmtbUiIrUIhikru0ZoTFig,1
autor:UC8r11yOugM2NuRfitQOxLLg,autor:UCr1emrogPKkKTs_WTtx71xg,1
autor:UC8r11yOugM2NuRfitQOxLLg,autor:UCOh6DaZC_x9HASnlRylEMfw,1
autor:UC8r11yOugM2NuRfitQOxLLg,autor:UCSou6a2OuYGSvPjm5psquyA,1
autor:UC8r11yOugM2NuRfitQOxLLg,autor:UCV0iizTBoOfdAFX_thfI9BA,1
autor:UC8r11yOugM2NuRfitQOxLLg,autor:UCsjs5Hp_r86x1xbK6FAeqaA,1
autor:UC8r11yOugM2NuRfitQOxLLg,autor:UCwha8rxULYMVtNwZWeSkE1A,1
autor:UC8r11yOugM2NuRfitQOxLLg,autor:UCFxE8GbokBrBsPEKM1xrOjQ,1
autor:UC8r11yOugM2NuRfitQOxLLg,autor:UCwW2OFy95P7ZBkOPxWkpvYg,1
autor:UC8r11yOugM2NuRfitQOxLLg,autor:UCA93ym2TXs_Ibyxb4Vcn-6Q,1
autor:UC8r11yOugM2NuRfitQOxLLg,autor:UCFUuDARXdmmIrLppEqf-rFg,1
autor:UC8r11yOugM2NuRfitQOxLLg,autor:UCpl8rF8uv_8uui-QRvuJaRA,1
autor:UC8r11yOugM2NuRfitQOxLLg,autor:UCRETAiYdh2dL5ZxB0_N1zDA,1
autor:UC8r11yOugM2NuRfitQOxLLg,autor:UCsJJAvrVGupdmhOqgtDp8dg,1
autor:UC8r11yOugM2NuRfitQOxLLg,autor:UCTP3O0rMnc8z8v8jaDQwL0w,1
autor:UC8r11yOugM2NuRfitQOxLLg,autor:UCN6qbfPSzFtjhqUDZ3Cv3CQ,1
autor:UC8r11yOugM2NuRfitQOxLLg,autor:UCvApqeCbLod-wejtT4CcVuA,1
autor:UC8r11yOugM2NuRfitQOxLLg,autor:UCDPWkUX3sNNaCx-m1dV4glA,1
autor:UC8r11yOugM2NuRfitQOxLLg,autor:UCYN4wSQ1Sx4_LurxLlW7MPg,1
autor:UC8r11yOugM2NuRfitQOxLLg,autor:UCueV9cTyTDwgQSec1x2dYgA,1
autor:UC8r11yOugM2NuRfitQOxLLg,autor:UChgkn5Jt5tWKYMoEOuCjz3Q,1
autor:UC8r11yOugM2NuRfitQOxLLg,autor:UCEgEQmRbtL5fwr9_DqAC--g,1
autor:UC8r11yOugM2NuRfitQOxLLg,autor:UC9xr9QvIcDvoZNUX5f-jaZw,1
autor:UC8r11yOugM2NuRfitQOxLLg,autor:UCRlCV9zSn7avAWh-9_XFWqQ,1
autor:UC8r11yOugM2NuRfitQOxLLg,autor:UCiMythXHsw7eQEMykCdmMUA,1
autor:UC8r11yOugM2NuRfitQOxLLg,autor:UCz3gu01bmjNv0DpRq-K3XYg,1
autor:UC8r11yOugM2NuRfitQOxLLg,autor:UCkd9W714-947dEE6ZOEBATA,1
autor:UC8r11yOugM2NuRfitQOxLLg,autor:UCDlr1VadSucIZgZ171pRBjQ,1
autor:UC8r11yOugM2NuRfitQOxLLg,autor:UCGzXwyCzMzGmjmCbH3Hg01Q,1
autor:UC8r11yOugM2NuRfitQOxLLg,autor:UCTwSut16JyAg3mX6LVUNGqA,1
autor:UC8r11yOugM2NuRfitQOxLLg,autor:UCFhxtoeARHPnXXPcDrOU3Xg,1
autor:UC8r11yOugM2NuRfitQOxLLg,autor:UCKDR0f2fu2UzWL8mBv5-BHw,1
autor:UC8r11yOugM2NuRfitQOxLLg,autor:UCXXh7yg5KUFIWylTiKVEFKQ,1
autor:UC8r11yOugM2NuRfitQOxLLg,autor:UCylqlpsh8ENNM1LqgQ1KbxA,1
autor:UC8r11yOugM2NuRfitQOxLLg,autor:UCYwpX26TrCxq8TvbKGRYLXA,1
autor:UC8r11yOugM2NuRfitQOxLLg,autor:UCHTGCgY2l-DQJIvlA_cpa_Q,1
autor:UC8r11yOugM2NuRfitQOxLLg,autor:UCwO2SXr0ggzwg6QWWrr01nQ,1
autor:UC8r11yOugM2NuRfitQOxLLg,autor:UCXgr7vXlRrsaskPdo097kGA,1
autor:UC8r11yOugM2NuRfitQOxLLg,autor:UCL1MT278vSaQ83ZDkVWn1gw,1
autor:UC8r11yOugM2NuRfitQOxLLg,autor:UCsSXdJct-nsS8DsABoEsaYA,1
autor:UC8r11yOugM2NuRfitQOxLLg,autor:UCDQaQv0hr2SS_PO-CMEwVHg,1
autor:UC8r11yOugM2NuRfitQOxLLg,autor:UC9vMq1YF-e7C-VO0SHkbUTA,1
autor:UC8r11yOugM2NuRfitQOxLLg,autor:UCcfdg8crmMJwEuLUsAhV7yg,1
autor:UC8r11yOugM2NuRfitQOxLLg,autor:UCiGRBf2RNF0WRKhRVT7zFoA,1
autor:UC8r11yOugM2NuRfitQOxLLg,autor:UCWIZUtKJ636y-4TYrNvok0g,1
autor:UC8r11yOugM2NuRfitQOxLLg,autor:UCTD6q1nyIe3Y7HhqjaMj72w,1
autor:UC8r11yOugM2NuRfitQOxLLg,autor:UCLggDc_a5HriXv7I1h02sOA,1
autor:UC8r11yOugM2NuRfitQOxLLg,autor:UCLFdHr9BEbXHkoJopbEPLZw,1
autor:UC8r11yOugM2NuRfitQOxLLg,autor:UCplrIQtaPj6au60_f2-mOYw,1
autor:UC8r11yOugM2NuRfitQOxLLg,autor:UCxff05WuyvwELNITi7bj7UA,1
autor:UC8r11yOugM2NuRfitQOxLLg,autor:UCAlzM_N6xBlMYmM8EBzX86Q,1
autor:UC8r11yOugM2NuRfitQOxLLg,autor:UCgvw7xIdGFupzpt1Y_BFkEA,1
autor:UC8r11yOugM2NuRfitQOxLLg,autor:UCipetjeiWj4CZB6EbyYziZg,1
autor:UC8r11yOugM2NuRfitQOxLLg,autor:UChep9kVb5gQmpodEEl10Xlg,1
autor:UC8xlJWNHz1V_W6q3fbuQH8g,autor:UCPZueDLrCS4BmTBRMA4q0fA,1
autor:UC8xlJWNHz1V_W6q3fbuQH8g,autor:UCVQf0tzL7xRzFJsABVVULpg,1
autor:UC8xlJWNHz1V_W6q3fbuQH8g,autor:UCAV7QIjYhbDJaycQycM_0eQ,1
autor:UC8xlJWNHz1V_W6q3fbuQH8g,autor:UCg3eIfd7BrsLEqS0BLkftHA,1
autor:UC8xlJWNHz1V_W6q3fbuQH8g,autor:UCN2N_wYOw6fMwCeSzdXLPIw,1
autor:UC8xlJWNHz1V_W6q3fbuQH8g,autor:UClsrFGJKWPxxw7MiaEdKLXw,1
autor:UC8xlJWNHz1V_W6q3fbuQH8g,autor:UCusjriFsDHEc2AOjqk-p5ig,1
autor:UC8xlJWNHz1V_W6q3fbuQH8g,autor:UCHTGCgY2l-DQJIvlA_cpa_Q,1
autor:UC8xlJWNHz1V_W6q3fbuQH8g,autor:UCzZ6dDCEsLMXbc5pCFXIprw,1
autor:UC8xlJWNHz1V_W6q3fbuQH8g,autor:UCbYoNG5J3Au5BqtbXogfEFw,1
autor:UC8xlJWNHz1V_W6q3fbuQH8g,autor:UCGX_UbAQOXGZknv5iqklwTA,1
autor:UC8xlJWNHz1V_W6q3fbuQH8g,autor:UCf5lnNZF7Qrtli9v4N_23WQ,1
autor:UC8xlJWNHz1V_W6q3fbuQH8g,autor:UCtNyHmRZtvGF2hSvI2dUBWw,1
autor:UC8xlJWNHz1V_W6q3fbuQH8g,autor:UCNIeXbV_mEwpa412h1aqUWw,1
autor:UC8xlJWNHz1V_W6q3fbuQH8g,autor:UCgQJgI9vu1FI2dnC9mrFthw,1
autor:UC8xlJWNHz1V_W6q3fbuQH8g,autor:UCuP4UK33HKtJE_S39ksmaTw,1
autor:UC95PSMouTx2N5CbSq0hIyrQ,autor:UCWoAVGVqCn4xtINCMOTM4jg,1
autor:UC95PSMouTx2N5CbSq0hIyrQ,autor:UCDrmf9y9nLgFY5wnA2hTuGA,1
autor:UC95PSMouTx2N5CbSq0hIyrQ,autor:UCylqlpsh8ENNM1LqgQ1KbxA,1
autor:UC95PSMouTx2N5CbSq0hIyrQ,autor:UCQyOePccUP-fIJYzchAgZYw,1
autor:UC95PSMouTx2N5CbSq0hIyrQ,autor:UCpe5jW3MIqkgTJ-PgkzvM6Q,1
autor:UC95PSMouTx2N5CbSq0hIyrQ,autor:UColMq7LmaoY3MT6aIDGrGvA,1
autor:UC95PSMouTx2N5CbSq0hIyrQ,autor:UCiC-Jn7wdgyQV4_Urk0DkWQ,1
autor:UC95PSMouTx2N5CbSq0hIyrQ,autor:UCsGoJEvb-cFPZ2rWoJcXzEQ,1
autor:UC95PSMouTx2N5CbSq0hIyrQ,autor:UCRAquv8el-tQ30bN7MlmySQ,1
autor:UC95PSMouTx2N5CbSq0hIyrQ,autor:UCgJNFj5dnxXpcMvmuhZDPxA,1
autor:UC95PSMouTx2N5CbSq0hIyrQ,autor:UClqA491Xa5fQcXcJJa-vTWw,1
autor:UC95PSMouTx2N5CbSq0hIyrQ,autor:UCkbsS_3D-pvg1iHOld9uvIg,1
autor:UC95PSMouTx2N5CbSq0hIyrQ,autor:UCRvPToDkkumha7WJAfCDk1A,1
autor:UC95PSMouTx2N5CbSq0hIyrQ,autor:UCdFlugHJJa4l3YqWuNRmvXw,1
autor:UC95PSMouTx2N5CbSq0hIyrQ,autor:UCu8_3-Wg-YzNyvHYQDEscfw,1
autor:UC95PSMouTx2N5CbSq0hIyrQ,autor:UCZeIIQrGAedW8tCbKWmGY-A,1
autor:UC95PSMouTx2N5CbSq0hIyrQ,autor:UC_LYoGs5C3mbZKZuKuqYCvw,1
autor:UC95PSMouTx2N5CbSq0hIyrQ,autor:UCqCrvuoJpC-aVb0f4logQRQ,1
autor:UC95PSMouTx2N5CbSq0hIyrQ,autor:UClhMWQ7XKWywYvbRnuf8QsA,1
autor:UC95PSMouTx2N5CbSq0hIyrQ,autor:UCOcUI5XkTYNMSFhZNMIPpGg,1
autor:UC95PSMouTx2N5CbSq0hIyrQ,autor:UCgQw_Sbq3ugruDUKsq1e0-A,1
autor:UC95PSMouTx2N5CbSq0hIyrQ,autor:UCaKAjTW9MVub_clgr4DRYjQ,1
autor:UC95PSMouTx2N5CbSq0hIyrQ,autor:UCCBYcToQ2dwkd6TJh0FSyDg,1
autor:UC95PSMouTx2N5CbSq0hIyrQ,autor:UCQqlPPUGqAfWjd-FSh_qn7Q,1
autor:UC95PSMouTx2N5CbSq0hIyrQ,autor:UCwjUvRseNtJoItylIyIez7Q,1
autor:UC95PSMouTx2N5CbSq0hIyrQ,autor:UCe8JZoYkX5oKUZyivHYdXhw,1
autor:UC95PSMouTx2N5CbSq0hIyrQ,autor:UCNpt5CQlTzNjlAKY6CJtClQ,1
autor:UC95PSMouTx2N5CbSq0hIyrQ,autor:UCkVtmkK07b2zaVVNssX4lOg,1
autor:UC95PSMouTx2N5CbSq0hIyrQ,autor:UCHbwIx9pmQuf7i-4_xO2EpA,1
autor:UC95PSMouTx2N5CbSq0hIyrQ,autor:UCW-JC6lebVmf2P1dmY_L94g,1
autor:UC95PSMouTx2N5CbSq0hIyrQ,autor:UCW80DaMjQlEUibC98Cot-Dg,1
autor:UC95PSMouTx2N5CbSq0hIyrQ,autor:UCpsKOkt5iWTbenzeuq7dsmQ,1
autor:UC95PSMouTx2N5CbSq0hIyrQ,autor:UCeDNEtI8_a42bZ47wJiJMwQ,1
autor:UC95PSMouTx2N5CbSq0hIyrQ,autor:UCAKuKvcbfnBD3kF5njNu-IA,1
autor:UC95PSMouTx2N5CbSq0hIyrQ,autor:UCUoYsrx1oZnCZ0usbBJn4fA,1
autor:UC95PSMouTx2N5CbSq0hIyrQ,autor:UCwgCc9Jd_gG-uLE_SY-FfPg,1
autor:UC95PSMouTx2N5CbSq0hIyrQ,autor:UCGGHbtfbbe0o68etrOf0qxw,1
autor:UC95PSMouTx2N5CbSq0hIyrQ,autor:UCuXmOjxC-htcprLgeVXz6Tg,1
autor:UC95PSMouTx2N5CbSq0hIyrQ,autor:UCV0lM03g5fg5pbPj97-sAtA,1
autor:UC9Wp6vL5oCU37qC3Aj94WZA,autor:UCGm3gRBEHGRJYmtCryZLtDw,1
autor:UC9Wp6vL5oCU37qC3Aj94WZA,autor:UCsUCN0Yq_UyTvKjOJLmNrnQ,1
autor:UC9Wp6vL5oCU37qC3Aj94WZA,autor:UCHu8x4MVkayU6VgwVKd--MQ,1
autor:UC9vMq1YF-e7C-VO0SHkbUTA,autor:UCNBnKqWf4d-rS4HwJRQljmQ,1
autor:UC9vMq1YF-e7C-VO0SHkbUTA,autor:UCRelkU8JiZBytTzebJxaa-w,1
autor:UC9vMq1YF-e7C-VO0SHkbUTA,autor:UCzoL2l5H5eVlorWGH8AZfAg,1
autor:UC9vMq1YF-e7C-VO0SHkbUTA,autor:UCOLGv5Pf6BF2wFcwUzgcvHg,1
autor:UC9vMq1YF-e7C-VO0SHkbUTA,autor:UCl0ekS9Tt0jJGtOEM18S63w,1
autor:UC9vMq1YF-e7C-VO0SHkbUTA,autor:UCXSkL3ejZ8qWYyF_M7s_QKA,1
autor:UC9vMq1YF-e7C-VO0SHkbUTA,autor:UCySYJU5kUh7X8gVt9la2ISA,1
autor:UC9vMq1YF-e7C-VO0SHkbUTA,autor:UCL13XhnRzbGokEkCkEOb0-g,1
autor:UC9vMq1YF-e7C-VO0SHkbUTA,autor:UCZ51R_9Q9C0c8I3pAWhtmjQ,1
autor:UC9vMq1YF-e7C-VO0SHkbUTA,autor:UCp4iw5_5SmV9VGTFSNVGOmQ,1
autor:UC9vMq1YF-e7C-VO0SHkbUTA,autor:UCDUffaruH6dyUnUGwsTKpgg,1
autor:UC9vMq1YF-e7C-VO0SHkbUTA,autor:UCut6b9S98nv84cVX89PmKzA,1
autor:UC9vMq1YF-e7C-VO0SHkbUTA,autor:UCsUCN0Yq_UyTvKjOJLmNrnQ,1
autor:UC9vMq1YF-e7C-VO0SHkbUTA,autor:UCDIMztpVm7G27qBuiWuT6oQ,1
autor:UC9vMq1YF-e7C-VO0SHkbUTA,autor:UCZLG9qH0tUjNhEGFIUt0CYw,1
autor:UC9vMq1YF-e7C-VO0SHkbUTA,autor:UChs3tU2BcKOT0CezykvAsGw,1
autor:UC9vMq1YF-e7C-VO0SHkbUTA,autor:UCrJn_rbo_ENAdeqneS-RmRw,1
autor:UC9vMq1YF-e7C-VO0SHkbUTA,autor:UCThW2XNsAaBKme5PUt7n-Zg,1
autor:UC9vMq1YF-e7C-VO0SHkbUTA,autor:UCmvOgzmmXbjUthHy-WJ52hQ,1
autor:UC9vMq1YF-e7C-VO0SHkbUTA,autor:UCpsKOkt5iWTbenzeuq7dsmQ,1
autor:UC9vMq1YF-e7C-VO0SHkbUTA,autor:UCFoIAE8k82D6AV-8gjjKaNg,1
autor:UC9vMq1YF-e7C-VO0SHkbUTA,autor:UCFjudnPLoaSL1BaRuLahyHg,1
autor:UC9vMq1YF-e7C-VO0SHkbUTA,autor:UCi1b_TRQfgO1Z9O2gNGGWNA,1
autor:UC9vMq1YF-e7C-VO0SHkbUTA,autor:UCfM3nrxtTQMY5jFx1v1J4Gg,1
autor:UC9vMq1YF-e7C-VO0SHkbUTA,autor:UCjmPuazZJzscrwvk0QR9RVw,1
autor:UC9vMq1YF-e7C-VO0SHkbUTA,autor:UCtNfIBnc5S5DbbQj_yxgJTw,1
autor:UC9vMq1YF-e7C-VO0SHkbUTA,autor:UCmjppp6ujz3SAnULvP3sZMw,1
autor:UC9vMq1YF-e7C-VO0SHkbUTA,autor:UCzSfZlOVxBSs5ObD25ywxDQ,1
autor:UC9vMq1YF-e7C-VO0SHkbUTA,autor:UCTylKrsqkrBKIqubMu_5N0Q,1
autor:UC9vMq1YF-e7C-VO0SHkbUTA,autor:UCB5p8a5gklc80jJItP6xTHg,1
autor:UC9vMq1YF-e7C-VO0SHkbUTA,autor:UCQqetiwzzmRNTM5OWuXarGQ,1
autor:UC9vMq1YF-e7C-VO0SHkbUTA,autor:UCOS8ViEkccrTZx2w2ccxotA,1
autor:UC9vMq1YF-e7C-VO0SHkbUTA,autor:UCh5ESQvtzyHDhCA7XyekCFA,1
autor:UC9vMq1YF-e7C-VO0SHkbUTA,autor:UCNkcuy42zEwddwEcOd_HpnA,1
autor:UC9vMq1YF-e7C-VO0SHkbUTA,autor:UCjSKM9j0Q7HLDr1hD6D-TUw,1
autor:UC9vMq1YF-e7C-VO0SHkbUTA,autor:UCujPF2nBgsTD62nWE3lcpIg,1
autor:UC9vMq1YF-e7C-VO0SHkbUTA,autor:UCpIdtvoFHVLGASGB5ySqIEA,1
autor:UC9vMq1YF-e7C-VO0SHkbUTA,autor:UChZknRmJkeGeQk0-mQuhDOg,1
autor:UC9vMq1YF-e7C-VO0SHkbUTA,autor:UCQtSFINs1h6GHkpg9o5kMvg,1
autor:UC9vMq1YF-e7C-VO0SHkbUTA,autor:UCQgYjVngJRfPHDLGB5X6ZjA,1
autor:UC9vMq1YF-e7C-VO0SHkbUTA,autor:UCCaYwkkbQGcvFoUmothVdQQ,1
autor:UC9vMq1YF-e7C-VO0SHkbUTA,autor:UCHhHUjaMAZ8SiXdCUCj9DkQ,1
autor:UC9vMq1YF-e7C-VO0SHkbUTA,autor:UCDftMWXQoJ6nONfY7GVOVjg,1
autor:UC9vMq1YF-e7C-VO0SHkbUTA,autor:UCXr8_5WtGeipe4haOoQDgyQ,1
autor:UC9vMq1YF-e7C-VO0SHkbUTA,autor:UCQtICyzWmhC5woCtbNgaSmg,1
autor:UC9vMq1YF-e7C-VO0SHkbUTA,autor:UCljDbleJul41G1TzOjOZAVA,1
autor:UC9vMq1YF-e7C-VO0SHkbUTA,autor:UCUIIIPTVDVHAXqhC_5V6lPA,1
autor:UC9vMq1YF-e7C-VO0SHkbUTA,autor:UCj-LL25XJnjxepPKCc3NGog,1
autor:UC9vMq1YF-e7C-VO0SHkbUTA,autor:UCtUR3_CAiE7fCoZHM6cMfyQ,1
autor:UC9vMq1YF-e7C-VO0SHkbUTA,autor:UCErZPJpHmLCsXs8ZWkAUupQ,1
autor:UC9vMq1YF-e7C-VO0SHkbUTA,autor:UCQ_-LPP8JAbfkc-b1Q6NvWw,1
autor:UC9vMq1YF-e7C-VO0SHkbUTA,autor:UCAmtbUiIrUIhikru0ZoTFig,1
autor:UC9vMq1YF-e7C-VO0SHkbUTA,autor:UCr1emrogPKkKTs_WTtx71xg,1
autor:UC9vMq1YF-e7C-VO0SHkbUTA,autor:UCOh6DaZC_x9HASnlRylEMfw,1
autor:UC9vMq1YF-e7C-VO0SHkbUTA,autor:UCSou6a2OuYGSvPjm5psquyA,1
autor:UC9vMq1YF-e7C-VO0SHkbUTA,autor:UCV0iizTBoOfdAFX_thfI9BA,1
autor:UC9vMq1YF-e7C-VO0SHkbUTA,autor:UCsjs5Hp_r86x1xbK6FAeqaA,1
autor:UC9vMq1YF-e7C-VO0SHkbUTA,autor:UCwha8rxULYMVtNwZWeSkE1A,1
autor:UC9vMq1YF-e7C-VO0SHkbUTA,autor:UCFxE8GbokBrBsPEKM1xrOjQ,1
autor:UC9vMq1YF-e7C-VO0SHkbUTA,autor:UCwW2OFy95P7ZBkOPxWkpvYg,1
autor:UC9vMq1YF-e7C-VO0SHkbUTA,autor:UCA93ym2TXs_Ibyxb4Vcn-6Q,1
autor:UC9vMq1YF-e7C-VO0SHkbUTA,autor:UCFUuDARXdmmIrLppEqf-rFg,1
autor:UC9vMq1YF-e7C-VO0SHkbUTA,autor:UCpl8rF8uv_8uui-QRvuJaRA,1
autor:UC9vMq1YF-e7C-VO0SHkbUTA,autor:UCRETAiYdh2dL5ZxB0_N1zDA,1
autor:UC9vMq1YF-e7C-VO0SHkbUTA,autor:UCsJJAvrVGupdmhOqgtDp8dg,1
autor:UC9vMq1YF-e7C-VO0SHkbUTA,autor:UCTP3O0rMnc8z8v8jaDQwL0w,1
autor:UC9vMq1YF-e7C-VO0SHkbUTA,autor:UCN6qbfPSzFtjhqUDZ3Cv3CQ,1
autor:UC9vMq1YF-e7C-VO0SHkbUTA,autor:UCvApqeCbLod-wejtT4CcVuA,1
autor:UC9vMq1YF-e7C-VO0SHkbUTA,autor:UCDPWkUX3sNNaCx-m1dV4glA,1
autor:UC9vMq1YF-e7C-VO0SHkbUTA,autor:UCYN4wSQ1Sx4_LurxLlW7MPg,1
autor:UC9vMq1YF-e7C-VO0SHkbUTA,autor:UCueV9cTyTDwgQSec1x2dYgA,1
autor:UC9vMq1YF-e7C-VO0SHkbUTA,autor:UChgkn5Jt5tWKYMoEOuCjz3Q,1
autor:UC9vMq1YF-e7C-VO0SHkbUTA,autor:UCEgEQmRbtL5fwr9_DqAC--g,1
autor:UC9vMq1YF-e7C-VO0SHkbUTA,autor:UC9xr9QvIcDvoZNUX5f-jaZw,1
autor:UC9vMq1YF-e7C-VO0SHkbUTA,autor:UCRlCV9zSn7avAWh-9_XFWqQ,1
autor:UC9vMq1YF-e7C-VO0SHkbUTA,autor:UCiMythXHsw7eQEMykCdmMUA,1
autor:UC9vMq1YF-e7C-VO0SHkbUTA,autor:UCz3gu01bmjNv0DpRq-K3XYg,1
autor:UC9vMq1YF-e7C-VO0SHkbUTA,autor:UCkd9W714-947dEE6ZOEBATA,1
autor:UC9vMq1YF-e7C-VO0SHkbUTA,autor:UCDlr1VadSucIZgZ171pRBjQ,1
autor:UC9vMq1YF-e7C-VO0SHkbUTA,autor:UCGzXwyCzMzGmjmCbH3Hg01Q,1
autor:UC9vMq1YF-e7C-VO0SHkbUTA,autor:UCTwSut16JyAg3mX6LVUNGqA,1
autor:UC9vMq1YF-e7C-VO0SHkbUTA,autor:UCFhxtoeARHPnXXPcDrOU3Xg,1
autor:UC9vMq1YF-e7C-VO0SHkbUTA,autor:UCKDR0f2fu2UzWL8mBv5-BHw,1
autor:UC9vMq1YF-e7C-VO0SHkbUTA,autor:UCXXh7yg5KUFIWylTiKVEFKQ,1
autor:UC9vMq1YF-e7C-VO0SHkbUTA,autor:UCylqlpsh8ENNM1LqgQ1KbxA,1
autor:UC9vMq1YF-e7C-VO0SHkbUTA,autor:UCYwpX26TrCxq8TvbKGRYLXA,1
autor:UC9vMq1YF-e7C-VO0SHkbUTA,autor:UCHTGCgY2l-DQJIvlA_cpa_Q,1
autor:UC9vMq1YF-e7C-VO0SHkbUTA,autor:UCwO2SXr0ggzwg6QWWrr01nQ,1
autor:UC9vMq1YF-e7C-VO0SHkbUTA,autor:UCXgr7vXlRrsaskPdo097kGA,1
autor:UC9vMq1YF-e7C-VO0SHkbUTA,autor:UCL1MT278vSaQ83ZDkVWn1gw,1
autor:UC9vMq1YF-e7C-VO0SHkbUTA,autor:UCsSXdJct-nsS8DsABoEsaYA,1
autor:UC9vMq1YF-e7C-VO0SHkbUTA,autor:UCDQaQv0hr2SS_PO-CMEwVHg,1
autor:UC9vMq1YF-e7C-VO0SHkbUTA,autor:UCcfdg8crmMJwEuLUsAhV7yg,1
autor:UC9vMq1YF-e7C-VO0SHkbUTA,autor:UCiGRBf2RNF0WRKhRVT7zFoA,1
autor:UC9vMq1YF-e7C-VO0SHkbUTA,autor:UCWIZUtKJ636y-4TYrNvok0g,1
autor:UC9vMq1YF-e7C-VO0SHkbUTA,autor:UCTD6q1nyIe3Y7HhqjaMj72w,1
autor:UC9vMq1YF-e7C-VO0SHkbUTA,autor:UCLggDc_a5HriXv7I1h02sOA,1
autor:UC9vMq1YF-e7C-VO0SHkbUTA,autor:UCLFdHr9BEbXHkoJopbEPLZw,1
autor:UC9vMq1YF-e7C-VO0SHkbUTA,autor:UCplrIQtaPj6au60_f2-mOYw,1
autor:UC9vMq1YF-e7C-VO0SHkbUTA,autor:UCxff05WuyvwELNITi7bj7UA,1
autor:UC9vMq1YF-e7C-VO0SHkbUTA,autor:UCAlzM_N6xBlMYmM8EBzX86Q,1
autor:UC9vMq1YF-e7C-VO0SHkbUTA,autor:UCgvw7xIdGFupzpt1Y_BFkEA,1
autor:UC9vMq1YF-e7C-VO0SHkbUTA,autor:UCipetjeiWj4CZB6EbyYziZg,1
autor:UC9vMq1YF-e7C-VO0SHkbUTA,autor:UChep9kVb5gQmpodEEl10Xlg,1
autor:UC9xr9QvIcDvoZNUX5f-jaZw,autor:UCNBnKqWf4d-rS4HwJRQljmQ,1
autor:UC9xr9QvIcDvoZNUX5f-jaZw,autor:UCRelkU8JiZBytTzebJxaa-w,1
autor:UC9xr9QvIcDvoZNUX5f-jaZw,autor:UCzoL2l5H5eVlorWGH8AZfAg,1
autor:UC9xr9QvIcDvoZNUX5f-jaZw,autor:UCOLGv5Pf6BF2wFcwUzgcvHg,1
autor:UC9xr9QvIcDvoZNUX5f-jaZw,autor:UCl0ekS9Tt0jJGtOEM18S63w,1
autor:UC9xr9QvIcDvoZNUX5f-jaZw,autor:UCXSkL3ejZ8qWYyF_M7s_QKA,1
autor:UC9xr9QvIcDvoZNUX5f-jaZw,autor:UCySYJU5kUh7X8gVt9la2ISA,1
autor:UC9xr9QvIcDvoZNUX5f-jaZw,autor:UCL13XhnRzbGokEkCkEOb0-g,1
autor:UC9xr9QvIcDvoZNUX5f-jaZw,autor:UCZ51R_9Q9C0c8I3pAWhtmjQ,1
autor:UC9xr9QvIcDvoZNUX5f-jaZw,autor:UCp4iw5_5SmV9VGTFSNVGOmQ,1
autor:UC9xr9QvIcDvoZNUX5f-jaZw,autor:UCDUffaruH6dyUnUGwsTKpgg,1
autor:UC9xr9QvIcDvoZNUX5f-jaZw,autor:UCut6b9S98nv84cVX89PmKzA,1
autor:UC9xr9QvIcDvoZNUX5f-jaZw,autor:UCsUCN0Yq_UyTvKjOJLmNrnQ,1
autor:UC9xr9QvIcDvoZNUX5f-jaZw,autor:UCDIMztpVm7G27qBuiWuT6oQ,1
autor:UC9xr9QvIcDvoZNUX5f-jaZw,autor:UCZLG9qH0tUjNhEGFIUt0CYw,1
autor:UC9xr9QvIcDvoZNUX5f-jaZw,autor:UChs3tU2BcKOT0CezykvAsGw,1
autor:UC9xr9QvIcDvoZNUX5f-jaZw,autor:UCrJn_rbo_ENAdeqneS-RmRw,1
autor:UC9xr9QvIcDvoZNUX5f-jaZw,autor:UCThW2XNsAaBKme5PUt7n-Zg,1
autor:UC9xr9QvIcDvoZNUX5f-jaZw,autor:UCmvOgzmmXbjUthHy-WJ52hQ,1
autor:UC9xr9QvIcDvoZNUX5f-jaZw,autor:UCpsKOkt5iWTbenzeuq7dsmQ,1
autor:UC9xr9QvIcDvoZNUX5f-jaZw,autor:UCFoIAE8k82D6AV-8gjjKaNg,1
autor:UC9xr9QvIcDvoZNUX5f-jaZw,autor:UCFjudnPLoaSL1BaRuLahyHg,1
autor:UC9xr9QvIcDvoZNUX5f-jaZw,autor:UCi1b_TRQfgO1Z9O2gNGGWNA,1
autor:UC9xr9QvIcDvoZNUX5f-jaZw,autor:UCfM3nrxtTQMY5jFx1v1J4Gg,1
autor:UC9xr9QvIcDvoZNUX5f-jaZw,autor:UCjmPuazZJzscrwvk0QR9RVw,1
autor:UC9xr9QvIcDvoZNUX5f-jaZw,autor:UCtNfIBnc5S5DbbQj_yxgJTw,1
autor:UC9xr9QvIcDvoZNUX5f-jaZw,autor:UCmjppp6ujz3SAnULvP3sZMw,1
autor:UC9xr9QvIcDvoZNUX5f-jaZw,autor:UCzSfZlOVxBSs5ObD25ywxDQ,1
autor:UC9xr9QvIcDvoZNUX5f-jaZw,autor:UCTylKrsqkrBKIqubMu_5N0Q,1
autor:UC9xr9QvIcDvoZNUX5f-jaZw,autor:UCB5p8a5gklc80jJItP6xTHg,1
autor:UC9xr9QvIcDvoZNUX5f-jaZw,autor:UCQqetiwzzmRNTM5OWuXarGQ,1
autor:UC9xr9QvIcDvoZNUX5f-jaZw,autor:UCOS8ViEkccrTZx2w2ccxotA,1
autor:UC9xr9QvIcDvoZNUX5f-jaZw,autor:UCh5ESQvtzyHDhCA7XyekCFA,1
autor:UC9xr9QvIcDvoZNUX5f-jaZw,autor:UCNkcuy42zEwddwEcOd_HpnA,1
autor:UC9xr9QvIcDvoZNUX5f-jaZw,autor:UCjSKM9j0Q7HLDr1hD6D-TUw,1
autor:UC9xr9QvIcDvoZNUX5f-jaZw,autor:UCujPF2nBgsTD62nWE3lcpIg,1
autor:UC9xr9QvIcDvoZNUX5f-jaZw,autor:UCpIdtvoFHVLGASGB5ySqIEA,1
autor:UC9xr9QvIcDvoZNUX5f-jaZw,autor:UChZknRmJkeGeQk0-mQuhDOg,1
autor:UC9xr9QvIcDvoZNUX5f-jaZw,autor:UCQtSFINs1h6GHkpg9o5kMvg,1
autor:UC9xr9QvIcDvoZNUX5f-jaZw,autor:UCQgYjVngJRfPHDLGB5X6ZjA,1
autor:UC9xr9QvIcDvoZNUX5f-jaZw,autor:UCCaYwkkbQGcvFoUmothVdQQ,1
autor:UC9xr9QvIcDvoZNUX5f-jaZw,autor:UCHhHUjaMAZ8SiXdCUCj9DkQ,1
autor:UC9xr9QvIcDvoZNUX5f-jaZw,autor:UCDftMWXQoJ6nONfY7GVOVjg,1
autor:UC9xr9QvIcDvoZNUX5f-jaZw,autor:UCXr8_5WtGeipe4haOoQDgyQ,1
autor:UC9xr9QvIcDvoZNUX5f-jaZw,autor:UCQtICyzWmhC5woCtbNgaSmg,1
autor:UC9xr9QvIcDvoZNUX5f-jaZw,autor:UCljDbleJul41G1TzOjOZAVA,1
autor:UC9xr9QvIcDvoZNUX5f-jaZw,autor:UCUIIIPTVDVHAXqhC_5V6lPA,1
autor:UC9xr9QvIcDvoZNUX5f-jaZw,autor:UCj-LL25XJnjxepPKCc3NGog,1
autor:UC9xr9QvIcDvoZNUX5f-jaZw,autor:UCtUR3_CAiE7fCoZHM6cMfyQ,1
autor:UC9xr9QvIcDvoZNUX5f-jaZw,autor:UCErZPJpHmLCsXs8ZWkAUupQ,1
autor:UC9xr9QvIcDvoZNUX5f-jaZw,autor:UCQ_-LPP8JAbfkc-b1Q6NvWw,1
autor:UC9xr9QvIcDvoZNUX5f-jaZw,autor:UCAmtbUiIrUIhikru0ZoTFig,1
autor:UC9xr9QvIcDvoZNUX5f-jaZw,autor:UCr1emrogPKkKTs_WTtx71xg,1
autor:UC9xr9QvIcDvoZNUX5f-jaZw,autor:UCOh6DaZC_x9HASnlRylEMfw,1
autor:UC9xr9QvIcDvoZNUX5f-jaZw,autor:UCSou6a2OuYGSvPjm5psquyA,1
autor:UC9xr9QvIcDvoZNUX5f-jaZw,autor:UCV0iizTBoOfdAFX_thfI9BA,1
autor:UC9xr9QvIcDvoZNUX5f-jaZw,autor:UCsjs5Hp_r86x1xbK6FAeqaA,1
autor:UC9xr9QvIcDvoZNUX5f-jaZw,autor:UCwha8rxULYMVtNwZWeSkE1A,1
autor:UC9xr9QvIcDvoZNUX5f-jaZw,autor:UCFxE8GbokBrBsPEKM1xrOjQ,1
autor:UC9xr9QvIcDvoZNUX5f-jaZw,autor:UCwW2OFy95P7ZBkOPxWkpvYg,1
autor:UC9xr9QvIcDvoZNUX5f-jaZw,autor:UCA93ym2TXs_Ibyxb4Vcn-6Q,1
autor:UC9xr9QvIcDvoZNUX5f-jaZw,autor:UCFUuDARXdmmIrLppEqf-rFg,1
autor:UC9xr9QvIcDvoZNUX5f-jaZw,autor:UCpl8rF8uv_8uui-QRvuJaRA,1
autor:UC9xr9QvIcDvoZNUX5f-jaZw,autor:UCRETAiYdh2dL5ZxB0_N1zDA,1
autor:UC9xr9QvIcDvoZNUX5f-jaZw,autor:UCsJJAvrVGupdmhOqgtDp8dg,1
autor:UC9xr9QvIcDvoZNUX5f-jaZw,autor:UCTP3O0rMnc8z8v8jaDQwL0w,1
autor:UC9xr9QvIcDvoZNUX5f-jaZw,autor:UCN6qbfPSzFtjhqUDZ3Cv3CQ,1
autor:UC9xr9QvIcDvoZNUX5f-jaZw,autor:UCvApqeCbLod-wejtT4CcVuA,1
autor:UC9xr9QvIcDvoZNUX5f-jaZw,autor:UCDPWkUX3sNNaCx-m1dV4glA,1
autor:UC9xr9QvIcDvoZNUX5f-jaZw,autor:UCYN4wSQ1Sx4_LurxLlW7MPg,1
autor:UC9xr9QvIcDvoZNUX5f-jaZw,autor:UCueV9cTyTDwgQSec1x2dYgA,1
autor:UC9xr9QvIcDvoZNUX5f-jaZw,autor:UChgkn5Jt5tWKYMoEOuCjz3Q,1
autor:UC9xr9QvIcDvoZNUX5f-jaZw,autor:UCEgEQmRbtL5fwr9_DqAC--g,1
autor:UC9xr9QvIcDvoZNUX5f-jaZw,autor:UCRlCV9zSn7avAWh-9_XFWqQ,1
autor:UC9xr9QvIcDvoZNUX5f-jaZw,autor:UCiMythXHsw7eQEMykCdmMUA,1
autor:UC9xr9QvIcDvoZNUX5f-jaZw,autor:UCz3gu01bmjNv0DpRq-K3XYg,1
autor:UC9xr9QvIcDvoZNUX5f-jaZw,autor:UCkd9W714-947dEE6ZOEBATA,1
autor:UC9xr9QvIcDvoZNUX5f-jaZw,autor:UCDlr1VadSucIZgZ171pRBjQ,1
autor:UC9xr9QvIcDvoZNUX5f-jaZw,autor:UCGzXwyCzMzGmjmCbH3Hg01Q,1
autor:UC9xr9QvIcDvoZNUX5f-jaZw,autor:UCTwSut16JyAg3mX6LVUNGqA,1
autor:UC9xr9QvIcDvoZNUX5f-jaZw,autor:UCFhxtoeARHPnXXPcDrOU3Xg,1
autor:UC9xr9QvIcDvoZNUX5f-jaZw,autor:UCKDR0f2fu2UzWL8mBv5-BHw,1
autor:UC9xr9QvIcDvoZNUX5f-jaZw,autor:UCXXh7yg5KUFIWylTiKVEFKQ,1
autor:UC9xr9QvIcDvoZNUX5f-jaZw,autor:UCylqlpsh8ENNM1LqgQ1KbxA,1
autor:UC9xr9QvIcDvoZNUX5f-jaZw,autor:UCYwpX26TrCxq8TvbKGRYLXA,1
autor:UC9xr9QvIcDvoZNUX5f-jaZw,autor:UCHTGCgY2l-DQJIvlA_cpa_Q,1
autor:UC9xr9QvIcDvoZNUX5f-jaZw,autor:UCwO2SXr0ggzwg6QWWrr01nQ,1
autor:UC9xr9QvIcDvoZNUX5f-jaZw,autor:UCXgr7vXlRrsaskPdo097kGA,1
autor:UC9xr9QvIcDvoZNUX5f-jaZw,autor:UCL1MT278vSaQ83ZDkVWn1gw,1
autor:UC9xr9QvIcDvoZNUX5f-jaZw,autor:UCsSXdJct-nsS8DsABoEsaYA,1
autor:UC9xr9QvIcDvoZNUX5f-jaZw,autor:UCDQaQv0hr2SS_PO-CMEwVHg,1
autor:UC9xr9QvIcDvoZNUX5f-jaZw,autor:UCcfdg8crmMJwEuLUsAhV7yg,1
autor:UC9xr9QvIcDvoZNUX5f-jaZw,autor:UCiGRBf2RNF0WRKhRVT7zFoA,1
autor:UC9xr9QvIcDvoZNUX5f-jaZw,autor:UCWIZUtKJ636y-4TYrNvok0g,1
autor:UC9xr9QvIcDvoZNUX5f-jaZw,autor:UCTD6q1nyIe3Y7HhqjaMj72w,1
autor:UC9xr9QvIcDvoZNUX5f-jaZw,autor:UCLggDc_a5HriXv7I1h02sOA,1
autor:UC9xr9QvIcDvoZNUX5f-jaZw,autor:UCLFdHr9BEbXHkoJopbEPLZw,1
autor:UC9xr9QvIcDvoZNUX5f-jaZw,autor:UCplrIQtaPj6au60_f2-mOYw,1
autor:UC9xr9QvIcDvoZNUX5f-jaZw,autor:UCxff05WuyvwELNITi7bj7UA,1
autor:UC9xr9QvIcDvoZNUX5f-jaZw,autor:UCAlzM_N6xBlMYmM8EBzX86Q,1
autor:UC9xr9QvIcDvoZNUX5f-jaZw,autor:UCgvw7xIdGFupzpt1Y_BFkEA,1
autor:UC9xr9QvIcDvoZNUX5f-jaZw,autor:UCipetjeiWj4CZB6EbyYziZg,1
autor:UC9xr9QvIcDvoZNUX5f-jaZw,autor:UChep9kVb5gQmpodEEl10Xlg,1
autor:UCA93ym2TXs_Ibyxb4Vcn-6Q,autor:UCNBnKqWf4d-rS4HwJRQljmQ,1
autor:UCA93ym2TXs_Ibyxb4Vcn-6Q,autor:UCRelkU8JiZBytTzebJxaa-w,1
autor:UCA93ym2TXs_Ibyxb4Vcn-6Q,autor:UCzoL2l5H5eVlorWGH8AZfAg,1
autor:UCA93ym2TXs_Ibyxb4Vcn-6Q,autor:UCOLGv5Pf6BF2wFcwUzgcvHg,1
autor:UCA93ym2TXs_Ibyxb4Vcn-6Q,autor:UCl0ekS9Tt0jJGtOEM18S63w,1
autor:UCA93ym2TXs_Ibyxb4Vcn-6Q,autor:UCXSkL3ejZ8qWYyF_M7s_QKA,1
autor:UCA93ym2TXs_Ibyxb4Vcn-6Q,autor:UCySYJU5kUh7X8gVt9la2ISA,1
autor:UCA93ym2TXs_Ibyxb4Vcn-6Q,autor:UCL13XhnRzbGokEkCkEOb0-g,1
autor:UCA93ym2TXs_Ibyxb4Vcn-6Q,autor:UCZ51R_9Q9C0c8I3pAWhtmjQ,1
autor:UCA93ym2TXs_Ibyxb4Vcn-6Q,autor:UCp4iw5_5SmV9VGTFSNVGOmQ,1
autor:UCA93ym2TXs_Ibyxb4Vcn-6Q,autor:UCDUffaruH6dyUnUGwsTKpgg,1
autor:UCA93ym2TXs_Ibyxb4Vcn-6Q,autor:UCut6b9S98nv84cVX89PmKzA,1
autor:UCA93ym2TXs_Ibyxb4Vcn-6Q,autor:UCsUCN0Yq_UyTvKjOJLmNrnQ,1
autor:UCA93ym2TXs_Ibyxb4Vcn-6Q,autor:UCDIMztpVm7G27qBuiWuT6oQ,1
autor:UCA93ym2TXs_Ibyxb4Vcn-6Q,autor:UCZLG9qH0tUjNhEGFIUt0CYw,1
autor:UCA93ym2TXs_Ibyxb4Vcn-6Q,autor:UChs3tU2BcKOT0CezykvAsGw,1
autor:UCA93ym2TXs_Ibyxb4Vcn-6Q,autor:UCrJn_rbo_ENAdeqneS-RmRw,1
autor:UCA93ym2TXs_Ibyxb4Vcn-6Q,autor:UCThW2XNsAaBKme5PUt7n-Zg,1
autor:UCA93ym2TXs_Ibyxb4Vcn-6Q,autor:UCmvOgzmmXbjUthHy-WJ52hQ,1
autor:UCA93ym2TXs_Ibyxb4Vcn-6Q,autor:UCpsKOkt5iWTbenzeuq7dsmQ,1
autor:UCA93ym2TXs_Ibyxb4Vcn-6Q,autor:UCFoIAE8k82D6AV-8gjjKaNg,1
autor:UCA93ym2TXs_Ibyxb4Vcn-6Q,autor:UCFjudnPLoaSL1BaRuLahyHg,1
autor:UCA93ym2TXs_Ibyxb4Vcn-6Q,autor:UCi1b_TRQfgO1Z9O2gNGGWNA,1
autor:UCA93ym2TXs_Ibyxb4Vcn-6Q,autor:UCfM3nrxtTQMY5jFx1v1J4Gg,1
autor:UCA93ym2TXs_Ibyxb4Vcn-6Q,autor:UCjmPuazZJzscrwvk0QR9RVw,1
autor:UCA93ym2TXs_Ibyxb4Vcn-6Q,autor:UCtNfIBnc5S5DbbQj_yxgJTw,1
autor:UCA93ym2TXs_Ibyxb4Vcn-6Q,autor:UCmjppp6ujz3SAnULvP3sZMw,1
autor:UCA93ym2TXs_Ibyxb4Vcn-6Q,autor:UCzSfZlOVxBSs5ObD25ywxDQ,1
autor:UCA93ym2TXs_Ibyxb4Vcn-6Q,autor:UCTylKrsqkrBKIqubMu_5N0Q,1
autor:UCA93ym2TXs_Ibyxb4Vcn-6Q,autor:UCB5p8a5gklc80jJItP6xTHg,1
autor:UCA93ym2TXs_Ibyxb4Vcn-6Q,autor:UCQqetiwzzmRNTM5OWuXarGQ,1
autor:UCA93ym2TXs_Ibyxb4Vcn-6Q,autor:UCOS8ViEkccrTZx2w2ccxotA,1
autor:UCA93ym2TXs_Ibyxb4Vcn-6Q,autor:UCh5ESQvtzyHDhCA7XyekCFA,1
autor:UCA93ym2TXs_Ibyxb4Vcn-6Q,autor:UCNkcuy42zEwddwEcOd_HpnA,1
autor:UCA93ym2TXs_Ibyxb4Vcn-6Q,autor:UCjSKM9j0Q7HLDr1hD6D-TUw,1
autor:UCA93ym2TXs_Ibyxb4Vcn-6Q,autor:UCujPF2nBgsTD62nWE3lcpIg,1
autor:UCA93ym2TXs_Ibyxb4Vcn-6Q,autor:UCpIdtvoFHVLGASGB5ySqIEA,1
autor:UCA93ym2TXs_Ibyxb4Vcn-6Q,autor:UChZknRmJkeGeQk0-mQuhDOg,1
autor:UCA93ym2TXs_Ibyxb4Vcn-6Q,autor:UCQtSFINs1h6GHkpg9o5kMvg,1
autor:UCA93ym2TXs_Ibyxb4Vcn-6Q,autor:UCQgYjVngJRfPHDLGB5X6ZjA,1
autor:UCA93ym2TXs_Ibyxb4Vcn-6Q,autor:UCCaYwkkbQGcvFoUmothVdQQ,1
autor:UCA93ym2TXs_Ibyxb4Vcn-6Q,autor:UCHhHUjaMAZ8SiXdCUCj9DkQ,1
autor:UCA93ym2TXs_Ibyxb4Vcn-6Q,autor:UCDftMWXQoJ6nONfY7GVOVjg,1
autor:UCA93ym2TXs_Ibyxb4Vcn-6Q,autor:UCXr8_5WtGeipe4haOoQDgyQ,1
autor:UCA93ym2TXs_Ibyxb4Vcn-6Q,autor:UCQtICyzWmhC5woCtbNgaSmg,1
autor:UCA93ym2TXs_Ibyxb4Vcn-6Q,autor:UCljDbleJul41G1TzOjOZAVA,1
autor:UCA93ym2TXs_Ibyxb4Vcn-6Q,autor:UCUIIIPTVDVHAXqhC_5V6lPA,1
autor:UCA93ym2TXs_Ibyxb4Vcn-6Q,autor:UCj-LL25XJnjxepPKCc3NGog,1
autor:UCA93ym2TXs_Ibyxb4Vcn-6Q,autor:UCtUR3_CAiE7fCoZHM6cMfyQ,1
autor:UCA93ym2TXs_Ibyxb4Vcn-6Q,autor:UCErZPJpHmLCsXs8ZWkAUupQ,1
autor:UCA93ym2TXs_Ibyxb4Vcn-6Q,autor:UCQ_-LPP8JAbfkc-b1Q6NvWw,1
autor:UCA93ym2TXs_Ibyxb4Vcn-6Q,autor:UCAmtbUiIrUIhikru0ZoTFig,1
autor:UCA93ym2TXs_Ibyxb4Vcn-6Q,autor:UCr1emrogPKkKTs_WTtx71xg,1
autor:UCA93ym2TXs_Ibyxb4Vcn-6Q,autor:UCOh6DaZC_x9HASnlRylEMfw,1
autor:UCA93ym2TXs_Ibyxb4Vcn-6Q,autor:UCSou6a2OuYGSvPjm5psquyA,1
autor:UCA93ym2TXs_Ibyxb4Vcn-6Q,autor:UCV0iizTBoOfdAFX_thfI9BA,1
autor:UCA93ym2TXs_Ibyxb4Vcn-6Q,autor:UCsjs5Hp_r86x1xbK6FAeqaA,1
autor:UCA93ym2TXs_Ibyxb4Vcn-6Q,autor:UCwha8rxULYMVtNwZWeSkE1A,1
autor:UCA93ym2TXs_Ibyxb4Vcn-6Q,autor:UCFxE8GbokBrBsPEKM1xrOjQ,1
autor:UCA93ym2TXs_Ibyxb4Vcn-6Q,autor:UCwW2OFy95P7ZBkOPxWkpvYg,1
autor:UCA93ym2TXs_Ibyxb4Vcn-6Q,autor:UCFUuDARXdmmIrLppEqf-rFg,1
autor:UCA93ym2TXs_Ibyxb4Vcn-6Q,autor:UCpl8rF8uv_8uui-QRvuJaRA,1
autor:UCA93ym2TXs_Ibyxb4Vcn-6Q,autor:UCRETAiYdh2dL5ZxB0_N1zDA,1
autor:UCA93ym2TXs_Ibyxb4Vcn-6Q,autor:UCsJJAvrVGupdmhOqgtDp8dg,1
autor:UCA93ym2TXs_Ibyxb4Vcn-6Q,autor:UCTP3O0rMnc8z8v8jaDQwL0w,1
autor:UCA93ym2TXs_Ibyxb4Vcn-6Q,autor:UCN6qbfPSzFtjhqUDZ3Cv3CQ,1
autor:UCA93ym2TXs_Ibyxb4Vcn-6Q,autor:UCvApqeCbLod-wejtT4CcVuA,1
autor:UCA93ym2TXs_Ibyxb4Vcn-6Q,autor:UCDPWkUX3sNNaCx-m1dV4glA,1
autor:UCA93ym2TXs_Ibyxb4Vcn-6Q,autor:UCYN4wSQ1Sx4_LurxLlW7MPg,1
autor:UCA93ym2TXs_Ibyxb4Vcn-6Q,autor:UCueV9cTyTDwgQSec1x2dYgA,1
autor:UCA93ym2TXs_Ibyxb4Vcn-6Q,autor:UChgkn5Jt5tWKYMoEOuCjz3Q,1
autor:UCA93ym2TXs_Ibyxb4Vcn-6Q,autor:UCEgEQmRbtL5fwr9_DqAC--g,1
autor:UCA93ym2TXs_Ibyxb4Vcn-6Q,autor:UCRlCV9zSn7avAWh-9_XFWqQ,1
autor:UCA93ym2TXs_Ibyxb4Vcn-6Q,autor:UCiMythXHsw7eQEMykCdmMUA,1
autor:UCA93ym2TXs_Ibyxb4Vcn-6Q,autor:UCz3gu01bmjNv0DpRq-K3XYg,1
autor:UCA93ym2TXs_Ibyxb4Vcn-6Q,autor:UCkd9W714-947dEE6ZOEBATA,1
autor:UCA93ym2TXs_Ibyxb4Vcn-6Q,autor:UCDlr1VadSucIZgZ171pRBjQ,1
autor:UCA93ym2TXs_Ibyxb4Vcn-6Q,autor:UCGzXwyCzMzGmjmCbH3Hg01Q,1
autor:UCA93ym2TXs_Ibyxb4Vcn-6Q,autor:UCTwSut16JyAg3mX6LVUNGqA,1
autor:UCA93ym2TXs_Ibyxb4Vcn-6Q,autor:UCFhxtoeARHPnXXPcDrOU3Xg,1
autor:UCA93ym2TXs_Ibyxb4Vcn-6Q,autor:UCKDR0f2fu2UzWL8mBv5-BHw,1
autor:UCA93ym2TXs_Ibyxb4Vcn-6Q,autor:UCXXh7yg5KUFIWylTiKVEFKQ,1
autor:UCA93ym2TXs_Ibyxb4Vcn-6Q,autor:UCylqlpsh8ENNM1LqgQ1KbxA,1
autor:UCA93ym2TXs_Ibyxb4Vcn-6Q,autor:UCYwpX26TrCxq8TvbKGRYLXA,1
autor:UCA93ym2TXs_Ibyxb4Vcn-6Q,autor:UCHTGCgY2l-DQJIvlA_cpa_Q,1
autor:UCA93ym2TXs_Ibyxb4Vcn-6Q,autor:UCwO2SXr0ggzwg6QWWrr01nQ,1
autor:UCA93ym2TXs_Ibyxb4Vcn-6Q,autor:UCXgr7vXlRrsaskPdo097kGA,1
autor:UCA93ym2TXs_Ibyxb4Vcn-6Q,autor:UCL1MT278vSaQ83ZDkVWn1gw,1
autor:UCA93ym2TXs_Ibyxb4Vcn-6Q,autor:UCsSXdJct-nsS8DsABoEsaYA,1
autor:UCA93ym2TXs_Ibyxb4Vcn-6Q,autor:UCDQaQv0hr2SS_PO-CMEwVHg,1
autor:UCA93ym2TXs_Ibyxb4Vcn-6Q,autor:UCcfdg8crmMJwEuLUsAhV7yg,1
autor:UCA93ym2TXs_Ibyxb4Vcn-6Q,autor:UCiGRBf2RNF0WRKhRVT7zFoA,1
autor:UCA93ym2TXs_Ibyxb4Vcn-6Q,autor:UCWIZUtKJ636y-4TYrNvok0g,1
autor:UCA93ym2TXs_Ibyxb4Vcn-6Q,autor:UCTD6q1nyIe3Y7HhqjaMj72w,1
autor:UCA93ym2TXs_Ibyxb4Vcn-6Q,autor:UCLggDc_a5HriXv7I1h02sOA,1
autor:UCA93ym2TXs_Ibyxb4Vcn-6Q,autor:UCLFdHr9BEbXHkoJopbEPLZw,1
autor:UCA93ym2TXs_Ibyxb4Vcn-6Q,autor:UCplrIQtaPj6au60_f2-mOYw,1
autor:UCA93ym2TXs_Ibyxb4Vcn-6Q,autor:UCxff05WuyvwELNITi7bj7UA,1
autor:UCA93ym2TXs_Ibyxb4Vcn-6Q,autor:UCAlzM_N6xBlMYmM8EBzX86Q,1
autor:UCA93ym2TXs_Ibyxb4Vcn-6Q,autor:UCgvw7xIdGFupzpt1Y_BFkEA,1
autor:UCA93ym2TXs_Ibyxb4Vcn-6Q,autor:UCipetjeiWj4CZB6EbyYziZg,1
autor:UCA93ym2TXs_Ibyxb4Vcn-6Q,autor:UChep9kVb5gQmpodEEl10Xlg,1
autor:UCAKuKvcbfnBD3kF5njNu-IA,autor:UCWoAVGVqCn4xtINCMOTM4jg,1
autor:UCAKuKvcbfnBD3kF5njNu-IA,autor:UCDrmf9y9nLgFY5wnA2hTuGA,1
autor:UCAKuKvcbfnBD3kF5njNu-IA,autor:UCylqlpsh8ENNM1LqgQ1KbxA,1
autor:UCAKuKvcbfnBD3kF5njNu-IA,autor:UCQyOePccUP-fIJYzchAgZYw,1
autor:UCAKuKvcbfnBD3kF5njNu-IA,autor:UCpe5jW3MIqkgTJ-PgkzvM6Q,1
autor:UCAKuKvcbfnBD3kF5njNu-IA,autor:UColMq7LmaoY3MT6aIDGrGvA,1
autor:UCAKuKvcbfnBD3kF5njNu-IA,autor:UCiC-Jn7wdgyQV4_Urk0DkWQ,1
autor:UCAKuKvcbfnBD3kF5njNu-IA,autor:UCsGoJEvb-cFPZ2rWoJcXzEQ,1
autor:UCAKuKvcbfnBD3kF5njNu-IA,autor:UCRAquv8el-tQ30bN7MlmySQ,1
autor:UCAKuKvcbfnBD3kF5njNu-IA,autor:UCgJNFj5dnxXpcMvmuhZDPxA,1
autor:UCAKuKvcbfnBD3kF5njNu-IA,autor:UClqA491Xa5fQcXcJJa-vTWw,1
autor:UCAKuKvcbfnBD3kF5njNu-IA,autor:UCkbsS_3D-pvg1iHOld9uvIg,1
autor:UCAKuKvcbfnBD3kF5njNu-IA,autor:UCRvPToDkkumha7WJAfCDk1A,1
autor:UCAKuKvcbfnBD3kF5njNu-IA,autor:UCdFlugHJJa4l3YqWuNRmvXw,1
autor:UCAKuKvcbfnBD3kF5njNu-IA,autor:UCu8_3-Wg-YzNyvHYQDEscfw,1
autor:UCAKuKvcbfnBD3kF5njNu-IA,autor:UCZeIIQrGAedW8tCbKWmGY-A,1
autor:UCAKuKvcbfnBD3kF5njNu-IA,autor:UC_LYoGs5C3mbZKZuKuqYCvw,1
autor:UCAKuKvcbfnBD3kF5njNu-IA,autor:UCqCrvuoJpC-aVb0f4logQRQ,1
autor:UCAKuKvcbfnBD3kF5njNu-IA,autor:UClhMWQ7XKWywYvbRnuf8QsA,1
autor:UCAKuKvcbfnBD3kF5njNu-IA,autor:UCOcUI5XkTYNMSFhZNMIPpGg,1
autor:UCAKuKvcbfnBD3kF5njNu-IA,autor:UCgQw_Sbq3ugruDUKsq1e0-A,1
autor:UCAKuKvcbfnBD3kF5njNu-IA,autor:UCaKAjTW9MVub_clgr4DRYjQ,1
autor:UCAKuKvcbfnBD3kF5njNu-IA,autor:UCCBYcToQ2dwkd6TJh0FSyDg,1
autor:UCAKuKvcbfnBD3kF5njNu-IA,autor:UCQqlPPUGqAfWjd-FSh_qn7Q,1
autor:UCAKuKvcbfnBD3kF5njNu-IA,autor:UCwjUvRseNtJoItylIyIez7Q,1
autor:UCAKuKvcbfnBD3kF5njNu-IA,autor:UCe8JZoYkX5oKUZyivHYdXhw,1
autor:UCAKuKvcbfnBD3kF5njNu-IA,autor:UCNpt5CQlTzNjlAKY6CJtClQ,1
autor:UCAKuKvcbfnBD3kF5njNu-IA,autor:UCkVtmkK07b2zaVVNssX4lOg,1
autor:UCAKuKvcbfnBD3kF5njNu-IA,autor:UCHbwIx9pmQuf7i-4_xO2EpA,1
autor:UCAKuKvcbfnBD3kF5njNu-IA,autor:UCW-JC6lebVmf2P1dmY_L94g,1
autor:UCAKuKvcbfnBD3kF5njNu-IA,autor:UCW80DaMjQlEUibC98Cot-Dg,1
autor:UCAKuKvcbfnBD3kF5njNu-IA,autor:UCpsKOkt5iWTbenzeuq7dsmQ,1
autor:UCAKuKvcbfnBD3kF5njNu-IA,autor:UCeDNEtI8_a42bZ47wJiJMwQ,1
autor:UCAKuKvcbfnBD3kF5njNu-IA,autor:UCUoYsrx1oZnCZ0usbBJn4fA,1
autor:UCAKuKvcbfnBD3kF5njNu-IA,autor:UCwgCc9Jd_gG-uLE_SY-FfPg,1
autor:UCAKuKvcbfnBD3kF5njNu-IA,autor:UCGGHbtfbbe0o68etrOf0qxw,1
autor:UCAKuKvcbfnBD3kF5njNu-IA,autor:UCuXmOjxC-htcprLgeVXz6Tg,1
autor:UCAKuKvcbfnBD3kF5njNu-IA,autor:UCV0lM03g5fg5pbPj97-sAtA,1
autor:UCAV7QIjYhbDJaycQycM_0eQ,autor:UCPZueDLrCS4BmTBRMA4q0fA,1
autor:UCAV7QIjYhbDJaycQycM_0eQ,autor:UCVQf0tzL7xRzFJsABVVULpg,1
autor:UCAV7QIjYhbDJaycQycM_0eQ,autor:UCg3eIfd7BrsLEqS0BLkftHA,1
autor:UCAV7QIjYhbDJaycQycM_0eQ,autor:UCN2N_wYOw6fMwCeSzdXLPIw,1
autor:UCAV7QIjYhbDJaycQycM_0eQ,autor:UClsrFGJKWPxxw7MiaEdKLXw,1
autor:UCAV7QIjYhbDJaycQycM_0eQ,autor:UCusjriFsDHEc2AOjqk-p5ig,1
autor:UCAV7QIjYhbDJaycQycM_0eQ,autor:UCHTGCgY2l-DQJIvlA_cpa_Q,1
autor:UCAV7QIjYhbDJaycQycM_0eQ,autor:UCzZ6dDCEsLMXbc5pCFXIprw,1
autor:UCAV7QIjYhbDJaycQycM_0eQ,autor:UCbYoNG5J3Au5BqtbXogfEFw,1
autor:UCAV7QIjYhbDJaycQycM_0eQ,autor:UCGX_UbAQOXGZknv5iqklwTA,1
autor:UCAV7QIjYhbDJaycQycM_0eQ,autor:UCf5lnNZF7Qrtli9v4N_23WQ,1
autor:UCAV7QIjYhbDJaycQycM_0eQ,autor:UCtNyHmRZtvGF2hSvI2dUBWw,1
autor:UCAV7QIjYhbDJaycQycM_0eQ,autor:UCNIeXbV_mEwpa412h1aqUWw,1
autor:UCAV7QIjYhbDJaycQycM_0eQ,autor:UCgQJgI9vu1FI2dnC9mrFthw,1
autor:UCAV7QIjYhbDJaycQycM_0eQ,autor:UCuP4UK33HKtJE_S39ksmaTw,1
autor:UCAlzM_N6xBlMYmM8EBzX86Q,autor:UCNBnKqWf4d-rS4HwJRQljmQ,1
autor:UCAlzM_N6xBlMYmM8EBzX86Q,autor:UCRelkU8JiZBytTzebJxaa-w,1
autor:UCAlzM_N6xBlMYmM8EBzX86Q,autor:UCzoL2l5H5eVlorWGH8AZfAg,1
autor:UCAlzM_N6xBlMYmM8EBzX86Q,autor:UCOLGv5Pf6BF2wFcwUzgcvHg,1
autor:UCAlzM_N6xBlMYmM8EBzX86Q,autor:UCl0ekS9Tt0jJGtOEM18S63w,1
autor:UCAlzM_N6xBlMYmM8EBzX86Q,autor:UCXSkL3ejZ8qWYyF_M7s_QKA,1
autor:UCAlzM_N6xBlMYmM8EBzX86Q,autor:UCySYJU5kUh7X8gVt9la2ISA,1
autor:UCAlzM_N6xBlMYmM8EBzX86Q,autor:UCL13XhnRzbGokEkCkEOb0-g,1
autor:UCAlzM_N6xBlMYmM8EBzX86Q,autor:UCZ51R_9Q9C0c8I3pAWhtmjQ,1
autor:UCAlzM_N6xBlMYmM8EBzX86Q,autor:UCp4iw5_5SmV9VGTFSNVGOmQ,1
autor:UCAlzM_N6xBlMYmM8EBzX86Q,autor:UCDUffaruH6dyUnUGwsTKpgg,1
autor:UCAlzM_N6xBlMYmM8EBzX86Q,autor:UCut6b9S98nv84cVX89PmKzA,1
autor:UCAlzM_N6xBlMYmM8EBzX86Q,autor:UCsUCN0Yq_UyTvKjOJLmNrnQ,1
autor:UCAlzM_N6xBlMYmM8EBzX86Q,autor:UCDIMztpVm7G27qBuiWuT6oQ,1
autor:UCAlzM_N6xBlMYmM8EBzX86Q,autor:UCZLG9qH0tUjNhEGFIUt0CYw,1
autor:UCAlzM_N6xBlMYmM8EBzX86Q,autor:UChs3tU2BcKOT0CezykvAsGw,1
autor:UCAlzM_N6xBlMYmM8EBzX86Q,autor:UCrJn_rbo_ENAdeqneS-RmRw,1
autor:UCAlzM_N6xBlMYmM8EBzX86Q,autor:UCThW2XNsAaBKme5PUt7n-Zg,1
autor:UCAlzM_N6xBlMYmM8EBzX86Q,autor:UCmvOgzmmXbjUthHy-WJ52hQ,1
autor:UCAlzM_N6xBlMYmM8EBzX86Q,autor:UCpsKOkt5iWTbenzeuq7dsmQ,1
autor:UCAlzM_N6xBlMYmM8EBzX86Q,autor:UCFoIAE8k82D6AV-8gjjKaNg,1
autor:UCAlzM_N6xBlMYmM8EBzX86Q,autor:UCFjudnPLoaSL1BaRuLahyHg,1
autor:UCAlzM_N6xBlMYmM8EBzX86Q,autor:UCi1b_TRQfgO1Z9O2gNGGWNA,1
autor:UCAlzM_N6xBlMYmM8EBzX86Q,autor:UCfM3nrxtTQMY5jFx1v1J4Gg,1
autor:UCAlzM_N6xBlMYmM8EBzX86Q,autor:UCjmPuazZJzscrwvk0QR9RVw,1
autor:UCAlzM_N6xBlMYmM8EBzX86Q,autor:UCtNfIBnc5S5DbbQj_yxgJTw,1
autor:UCAlzM_N6xBlMYmM8EBzX86Q,autor:UCmjppp6ujz3SAnULvP3sZMw,1
autor:UCAlzM_N6xBlMYmM8EBzX86Q,autor:UCzSfZlOVxBSs5ObD25ywxDQ,1
autor:UCAlzM_N6xBlMYmM8EBzX86Q,autor:UCTylKrsqkrBKIqubMu_5N0Q,1
autor:UCAlzM_N6xBlMYmM8EBzX86Q,autor:UCB5p8a5gklc80jJItP6xTHg,1
autor:UCAlzM_N6xBlMYmM8EBzX86Q,autor:UCQqetiwzzmRNTM5OWuXarGQ,1
autor:UCAlzM_N6xBlMYmM8EBzX86Q,autor:UCOS8ViEkccrTZx2w2ccxotA,1
autor:UCAlzM_N6xBlMYmM8EBzX86Q,autor:UCh5ESQvtzyHDhCA7XyekCFA,1
autor:UCAlzM_N6xBlMYmM8EBzX86Q,autor:UCNkcuy42zEwddwEcOd_HpnA,1
autor:UCAlzM_N6xBlMYmM8EBzX86Q,autor:UCjSKM9j0Q7HLDr1hD6D-TUw,1
autor:UCAlzM_N6xBlMYmM8EBzX86Q,autor:UCujPF2nBgsTD62nWE3lcpIg,1
autor:UCAlzM_N6xBlMYmM8EBzX86Q,autor:UCpIdtvoFHVLGASGB5ySqIEA,1
autor:UCAlzM_N6xBlMYmM8EBzX86Q,autor:UChZknRmJkeGeQk0-mQuhDOg,1
autor:UCAlzM_N6xBlMYmM8EBzX86Q,autor:UCQtSFINs1h6GHkpg9o5kMvg,1
autor:UCAlzM_N6xBlMYmM8EBzX86Q,autor:UCQgYjVngJRfPHDLGB5X6ZjA,1
autor:UCAlzM_N6xBlMYmM8EBzX86Q,autor:UCCaYwkkbQGcvFoUmothVdQQ,1
autor:UCAlzM_N6xBlMYmM8EBzX86Q,autor:UCHhHUjaMAZ8SiXdCUCj9DkQ,1
autor:UCAlzM_N6xBlMYmM8EBzX86Q,autor:UCDftMWXQoJ6nONfY7GVOVjg,1
autor:UCAlzM_N6xBlMYmM8EBzX86Q,autor:UCXr8_5WtGeipe4haOoQDgyQ,1
autor:UCAlzM_N6xBlMYmM8EBzX86Q,autor:UCQtICyzWmhC5woCtbNgaSmg,1
autor:UCAlzM_N6xBlMYmM8EBzX86Q,autor:UCljDbleJul41G1TzOjOZAVA,1
autor:UCAlzM_N6xBlMYmM8EBzX86Q,autor:UCUIIIPTVDVHAXqhC_5V6lPA,1
autor:UCAlzM_N6xBlMYmM8EBzX86Q,autor:UCj-LL25XJnjxepPKCc3NGog,1
autor:UCAlzM_N6xBlMYmM8EBzX86Q,autor:UCtUR3_CAiE7fCoZHM6cMfyQ,1
autor:UCAlzM_N6xBlMYmM8EBzX86Q,autor:UCErZPJpHmLCsXs8ZWkAUupQ,1
autor:UCAlzM_N6xBlMYmM8EBzX86Q,autor:UCQ_-LPP8JAbfkc-b1Q6NvWw,1
autor:UCAlzM_N6xBlMYmM8EBzX86Q,autor:UCAmtbUiIrUIhikru0ZoTFig,1
autor:UCAlzM_N6xBlMYmM8EBzX86Q,autor:UCr1emrogPKkKTs_WTtx71xg,1
autor:UCAlzM_N6xBlMYmM8EBzX86Q,autor:UCOh6DaZC_x9HASnlRylEMfw,1
autor:UCAlzM_N6xBlMYmM8EBzX86Q,autor:UCSou6a2OuYGSvPjm5psquyA,1
autor:UCAlzM_N6xBlMYmM8EBzX86Q,autor:UCV0iizTBoOfdAFX_thfI9BA,1
autor:UCAlzM_N6xBlMYmM8EBzX86Q,autor:UCsjs5Hp_r86x1xbK6FAeqaA,1
autor:UCAlzM_N6xBlMYmM8EBzX86Q,autor:UCwha8rxULYMVtNwZWeSkE1A,1
autor:UCAlzM_N6xBlMYmM8EBzX86Q,autor:UCFxE8GbokBrBsPEKM1xrOjQ,1
autor:UCAlzM_N6xBlMYmM8EBzX86Q,autor:UCwW2OFy95P7ZBkOPxWkpvYg,1
autor:UCAlzM_N6xBlMYmM8EBzX86Q,autor:UCFUuDARXdmmIrLppEqf-rFg,1
autor:UCAlzM_N6xBlMYmM8EBzX86Q,autor:UCpl8rF8uv_8uui-QRvuJaRA,1
autor:UCAlzM_N6xBlMYmM8EBzX86Q,autor:UCRETAiYdh2dL5ZxB0_N1zDA,1
autor:UCAlzM_N6xBlMYmM8EBzX86Q,autor:UCsJJAvrVGupdmhOqgtDp8dg,1
autor:UCAlzM_N6xBlMYmM8EBzX86Q,autor:UCTP3O0rMnc8z8v8jaDQwL0w,1
autor:UCAlzM_N6xBlMYmM8EBzX86Q,autor:UCN6qbfPSzFtjhqUDZ3Cv3CQ,1
autor:UCAlzM_N6xBlMYmM8EBzX86Q,autor:UCvApqeCbLod-wejtT4CcVuA,1
autor:UCAlzM_N6xBlMYmM8EBzX86Q,autor:UCDPWkUX3sNNaCx-m1dV4glA,1
autor:UCAlzM_N6xBlMYmM8EBzX86Q,autor:UCYN4wSQ1Sx4_LurxLlW7MPg,1
autor:UCAlzM_N6xBlMYmM8EBzX86Q,autor:UCueV9cTyTDwgQSec1x2dYgA,1
autor:UCAlzM_N6xBlMYmM8EBzX86Q,autor:UChgkn5Jt5tWKYMoEOuCjz3Q,1
autor:UCAlzM_N6xBlMYmM8EBzX86Q,autor:UCEgEQmRbtL5fwr9_DqAC--g,1
autor:UCAlzM_N6xBlMYmM8EBzX86Q,autor:UCRlCV9zSn7avAWh-9_XFWqQ,1
autor:UCAlzM_N6xBlMYmM8EBzX86Q,autor:UCiMythXHsw7eQEMykCdmMUA,1
autor:UCAlzM_N6xBlMYmM8EBzX86Q,autor:UCz3gu01bmjNv0DpRq-K3XYg,1
autor:UCAlzM_N6xBlMYmM8EBzX86Q,autor:UCkd9W714-947dEE6ZOEBATA,1
autor:UCAlzM_N6xBlMYmM8EBzX86Q,autor:UCDlr1VadSucIZgZ171pRBjQ,1
autor:UCAlzM_N6xBlMYmM8EBzX86Q,autor:UCGzXwyCzMzGmjmCbH3Hg01Q,1
autor:UCAlzM_N6xBlMYmM8EBzX86Q,autor:UCTwSut16JyAg3mX6LVUNGqA,1
autor:UCAlzM_N6xBlMYmM8EBzX86Q,autor:UCFhxtoeARHPnXXPcDrOU3Xg,1
autor:UCAlzM_N6xBlMYmM8EBzX86Q,autor:UCKDR0f2fu2UzWL8mBv5-BHw,1
autor:UCAlzM_N6xBlMYmM8EBzX86Q,autor:UCXXh7yg5KUFIWylTiKVEFKQ,1
autor:UCAlzM_N6xBlMYmM8EBzX86Q,autor:UCylqlpsh8ENNM1LqgQ1KbxA,1
autor:UCAlzM_N6xBlMYmM8EBzX86Q,autor:UCYwpX26TrCxq8TvbKGRYLXA,1
autor:UCAlzM_N6xBlMYmM8EBzX86Q,autor:UCHTGCgY2l-DQJIvlA_cpa_Q,1
autor:UCAlzM_N6xBlMYmM8EBzX86Q,autor:UCwO2SXr0ggzwg6QWWrr01nQ,1
autor:UCAlzM_N6xBlMYmM8EBzX86Q,autor:UCXgr7vXlRrsaskPdo097kGA,1
autor:UCAlzM_N6xBlMYmM8EBzX86Q,autor:UCL1MT278vSaQ83ZDkVWn1gw,1
autor:UCAlzM_N6xBlMYmM8EBzX86Q,autor:UCsSXdJct-nsS8DsABoEsaYA,1
autor:UCAlzM_N6xBlMYmM8EBzX86Q,autor:UCDQaQv0hr2SS_PO-CMEwVHg,1
autor:UCAlzM_N6xBlMYmM8EBzX86Q,autor:UCcfdg8crmMJwEuLUsAhV7yg,1
autor:UCAlzM_N6xBlMYmM8EBzX86Q,autor:UCiGRBf2RNF0WRKhRVT7zFoA,1
autor:UCAlzM_N6xBlMYmM8EBzX86Q,autor:UCWIZUtKJ636y-4TYrNvok0g,1
autor:UCAlzM_N6xBlMYmM8EBzX86Q,autor:UCTD6q1nyIe3Y7HhqjaMj72w,1
autor:UCAlzM_N6xBlMYmM8EBzX86Q,autor:UCLggDc_a5HriXv7I1h02sOA,1
autor:UCAlzM_N6xBlMYmM8EBzX86Q,autor:UCLFdHr9BEbXHkoJopbEPLZw,1
autor:UCAlzM_N6xBlMYmM8EBzX86Q,autor:UCplrIQtaPj6au60_f2-mOYw,1
autor:UCAlzM_N6xBlMYmM8EBzX86Q,autor:UCxff05WuyvwELNITi7bj7UA,1
autor:UCAlzM_N6xBlMYmM8EBzX86Q,autor:UCgvw7xIdGFupzpt1Y_BFkEA,1
autor:UCAlzM_N6xBlMYmM8EBzX86Q,autor:UCipetjeiWj4CZB6EbyYziZg,1
autor:UCAlzM_N6xBlMYmM8EBzX86Q,autor:UChep9kVb5gQmpodEEl10Xlg,1
autor:UCAmtbUiIrUIhikru0ZoTFig,autor:UCNBnKqWf4d-rS4HwJRQljmQ,1
autor:UCAmtbUiIrUIhikru0ZoTFig,autor:UCRelkU8JiZBytTzebJxaa-w,1
autor:UCAmtbUiIrUIhikru0ZoTFig,autor:UCzoL2l5H5eVlorWGH8AZfAg,1
autor:UCAmtbUiIrUIhikru0ZoTFig,autor:UCOLGv5Pf6BF2wFcwUzgcvHg,1
autor:UCAmtbUiIrUIhikru0ZoTFig,autor:UCl0ekS9Tt0jJGtOEM18S63w,1
autor:UCAmtbUiIrUIhikru0ZoTFig,autor:UCXSkL3ejZ8qWYyF_M7s_QKA,1
autor:UCAmtbUiIrUIhikru0ZoTFig,autor:UCySYJU5kUh7X8gVt9la2ISA,1
autor:UCAmtbUiIrUIhikru0ZoTFig,autor:UCL13XhnRzbGokEkCkEOb0-g,1
autor:UCAmtbUiIrUIhikru0ZoTFig,autor:UCZ51R_9Q9C0c8I3pAWhtmjQ,1
autor:UCAmtbUiIrUIhikru0ZoTFig,autor:UCp4iw5_5SmV9VGTFSNVGOmQ,1
autor:UCAmtbUiIrUIhikru0ZoTFig,autor:UCDUffaruH6dyUnUGwsTKpgg,1
autor:UCAmtbUiIrUIhikru0ZoTFig,autor:UCut6b9S98nv84cVX89PmKzA,1
autor:UCAmtbUiIrUIhikru0ZoTFig,autor:UCsUCN0Yq_UyTvKjOJLmNrnQ,1
autor:UCAmtbUiIrUIhikru0ZoTFig,autor:UCDIMztpVm7G27qBuiWuT6oQ,1
autor:UCAmtbUiIrUIhikru0ZoTFig,autor:UCZLG9qH0tUjNhEGFIUt0CYw,1
autor:UCAmtbUiIrUIhikru0ZoTFig,autor:UChs3tU2BcKOT0CezykvAsGw,1
autor:UCAmtbUiIrUIhikru0ZoTFig,autor:UCrJn_rbo_ENAdeqneS-RmRw,1
autor:UCAmtbUiIrUIhikru0ZoTFig,autor:UCThW2XNsAaBKme5PUt7n-Zg,1
autor:UCAmtbUiIrUIhikru0ZoTFig,autor:UCmvOgzmmXbjUthHy-WJ52hQ,1
autor:UCAmtbUiIrUIhikru0ZoTFig,autor:UCpsKOkt5iWTbenzeuq7dsmQ,1
autor:UCAmtbUiIrUIhikru0ZoTFig,autor:UCFoIAE8k82D6AV-8gjjKaNg,1
autor:UCAmtbUiIrUIhikru0ZoTFig,autor:UCFjudnPLoaSL1BaRuLahyHg,1
autor:UCAmtbUiIrUIhikru0ZoTFig,autor:UCi1b_TRQfgO1Z9O2gNGGWNA,1
autor:UCAmtbUiIrUIhikru0ZoTFig,autor:UCfM3nrxtTQMY5jFx1v1J4Gg,1
autor:UCAmtbUiIrUIhikru0ZoTFig,autor:UCjmPuazZJzscrwvk0QR9RVw,1
autor:UCAmtbUiIrUIhikru0ZoTFig,autor:UCtNfIBnc5S5DbbQj_yxgJTw,1
autor:UCAmtbUiIrUIhikru0ZoTFig,autor:UCmjppp6ujz3SAnULvP3sZMw,1
autor:UCAmtbUiIrUIhikru0ZoTFig,autor:UCzSfZlOVxBSs5ObD25ywxDQ,1
autor:UCAmtbUiIrUIhikru0ZoTFig,autor:UCTylKrsqkrBKIqubMu_5N0Q,1
autor:UCAmtbUiIrUIhikru0ZoTFig,autor:UCB5p8a5gklc80jJItP6xTHg,1
autor:UCAmtbUiIrUIhikru0ZoTFig,autor:UCQqetiwzzmRNTM5OWuXarGQ,1
autor:UCAmtbUiIrUIhikru0ZoTFig,autor:UCOS8ViEkccrTZx2w2ccxotA,1
autor:UCAmtbUiIrUIhikru0ZoTFig,autor:UCh5ESQvtzyHDhCA7XyekCFA,1
autor:UCAmtbUiIrUIhikru0ZoTFig,autor:UCNkcuy42zEwddwEcOd_HpnA,1
autor:UCAmtbUiIrUIhikru0ZoTFig,autor:UCjSKM9j0Q7HLDr1hD6D-TUw,1
autor:UCAmtbUiIrUIhikru0ZoTFig,autor:UCujPF2nBgsTD62nWE3lcpIg,1
autor:UCAmtbUiIrUIhikru0ZoTFig,autor:UCpIdtvoFHVLGASGB5ySqIEA,1
autor:UCAmtbUiIrUIhikru0ZoTFig,autor:UChZknRmJkeGeQk0-mQuhDOg,1
autor:UCAmtbUiIrUIhikru0ZoTFig,autor:UCQtSFINs1h6GHkpg9o5kMvg,1
autor:UCAmtbUiIrUIhikru0ZoTFig,autor:UCQgYjVngJRfPHDLGB5X6ZjA,1
autor:UCAmtbUiIrUIhikru0ZoTFig,autor:UCCaYwkkbQGcvFoUmothVdQQ,1
autor:UCAmtbUiIrUIhikru0ZoTFig,autor:UCHhHUjaMAZ8SiXdCUCj9DkQ,1
autor:UCAmtbUiIrUIhikru0ZoTFig,autor:UCDftMWXQoJ6nONfY7GVOVjg,1
autor:UCAmtbUiIrUIhikru0ZoTFig,autor:UCXr8_5WtGeipe4haOoQDgyQ,1
autor:UCAmtbUiIrUIhikru0ZoTFig,autor:UCQtICyzWmhC5woCtbNgaSmg,1
autor:UCAmtbUiIrUIhikru0ZoTFig,autor:UCljDbleJul41G1TzOjOZAVA,1
autor:UCAmtbUiIrUIhikru0ZoTFig,autor:UCUIIIPTVDVHAXqhC_5V6lPA,1
autor:UCAmtbUiIrUIhikru0ZoTFig,autor:UCj-LL25XJnjxepPKCc3NGog,1
autor:UCAmtbUiIrUIhikru0ZoTFig,autor:UCtUR3_CAiE7fCoZHM6cMfyQ,1
autor:UCAmtbUiIrUIhikru0ZoTFig,autor:UCErZPJpHmLCsXs8ZWkAUupQ,1
autor:UCAmtbUiIrUIhikru0ZoTFig,autor:UCQ_-LPP8JAbfkc-b1Q6NvWw,1
autor:UCAmtbUiIrUIhikru0ZoTFig,autor:UCr1emrogPKkKTs_WTtx71xg,1
autor:UCAmtbUiIrUIhikru0ZoTFig,autor:UCOh6DaZC_x9HASnlRylEMfw,1
autor:UCAmtbUiIrUIhikru0ZoTFig,autor:UCSou6a2OuYGSvPjm5psquyA,1
autor:UCAmtbUiIrUIhikru0ZoTFig,autor:UCV0iizTBoOfdAFX_thfI9BA,1
autor:UCAmtbUiIrUIhikru0ZoTFig,autor:UCsjs5Hp_r86x1xbK6FAeqaA,1
autor:UCAmtbUiIrUIhikru0ZoTFig,autor:UCwha8rxULYMVtNwZWeSkE1A,1
autor:UCAmtbUiIrUIhikru0ZoTFig,autor:UCFxE8GbokBrBsPEKM1xrOjQ,1
autor:UCAmtbUiIrUIhikru0ZoTFig,autor:UCwW2OFy95P7ZBkOPxWkpvYg,1
autor:UCAmtbUiIrUIhikru0ZoTFig,autor:UCFUuDARXdmmIrLppEqf-rFg,1
autor:UCAmtbUiIrUIhikru0ZoTFig,autor:UCpl8rF8uv_8uui-QRvuJaRA,1
autor:UCAmtbUiIrUIhikru0ZoTFig,autor:UCRETAiYdh2dL5ZxB0_N1zDA,1
autor:UCAmtbUiIrUIhikru0ZoTFig,autor:UCsJJAvrVGupdmhOqgtDp8dg,1
autor:UCAmtbUiIrUIhikru0ZoTFig,autor:UCTP3O0rMnc8z8v8jaDQwL0w,1
autor:UCAmtbUiIrUIhikru0ZoTFig,autor:UCN6qbfPSzFtjhqUDZ3Cv3CQ,1
autor:UCAmtbUiIrUIhikru0ZoTFig,autor:UCvApqeCbLod-wejtT4CcVuA,1
autor:UCAmtbUiIrUIhikru0ZoTFig,autor:UCDPWkUX3sNNaCx-m1dV4glA,1
autor:UCAmtbUiIrUIhikru0ZoTFig,autor:UCYN4wSQ1Sx4_LurxLlW7MPg,1
autor:UCAmtbUiIrUIhikru0ZoTFig,autor:UCueV9cTyTDwgQSec1x2dYgA,1
autor:UCAmtbUiIrUIhikru0ZoTFig,autor:UChgkn5Jt5tWKYMoEOuCjz3Q,1
autor:UCAmtbUiIrUIhikru0ZoTFig,autor:UCEgEQmRbtL5fwr9_DqAC--g,1
autor:UCAmtbUiIrUIhikru0ZoTFig,autor:UCRlCV9zSn7avAWh-9_XFWqQ,1
autor:UCAmtbUiIrUIhikru0ZoTFig,autor:UCiMythXHsw7eQEMykCdmMUA,1
autor:UCAmtbUiIrUIhikru0ZoTFig,autor:UCz3gu01bmjNv0DpRq-K3XYg,1
autor:UCAmtbUiIrUIhikru0ZoTFig,autor:UCkd9W714-947dEE6ZOEBATA,1
autor:UCAmtbUiIrUIhikru0ZoTFig,autor:UCDlr1VadSucIZgZ171pRBjQ,1
autor:UCAmtbUiIrUIhikru0ZoTFig,autor:UCGzXwyCzMzGmjmCbH3Hg01Q,1
autor:UCAmtbUiIrUIhikru0ZoTFig,autor:UCTwSut16JyAg3mX6LVUNGqA,1
autor:UCAmtbUiIrUIhikru0ZoTFig,autor:UCFhxtoeARHPnXXPcDrOU3Xg,1
autor:UCAmtbUiIrUIhikru0ZoTFig,autor:UCKDR0f2fu2UzWL8mBv5-BHw,1
autor:UCAmtbUiIrUIhikru0ZoTFig,autor:UCXXh7yg5KUFIWylTiKVEFKQ,1
autor:UCAmtbUiIrUIhikru0ZoTFig,autor:UCylqlpsh8ENNM1LqgQ1KbxA,1
autor:UCAmtbUiIrUIhikru0ZoTFig,autor:UCYwpX26TrCxq8TvbKGRYLXA,1
autor:UCAmtbUiIrUIhikru0ZoTFig,autor:UCHTGCgY2l-DQJIvlA_cpa_Q,1
autor:UCAmtbUiIrUIhikru0ZoTFig,autor:UCwO2SXr0ggzwg6QWWrr01nQ,1
autor:UCAmtbUiIrUIhikru0ZoTFig,autor:UCXgr7vXlRrsaskPdo097kGA,1
autor:UCAmtbUiIrUIhikru0ZoTFig,autor:UCL1MT278vSaQ83ZDkVWn1gw,1
autor:UCAmtbUiIrUIhikru0ZoTFig,autor:UCsSXdJct-nsS8DsABoEsaYA,1
autor:UCAmtbUiIrUIhikru0ZoTFig,autor:UCDQaQv0hr2SS_PO-CMEwVHg,1
autor:UCAmtbUiIrUIhikru0ZoTFig,autor:UCcfdg8crmMJwEuLUsAhV7yg,1
autor:UCAmtbUiIrUIhikru0ZoTFig,autor:UCiGRBf2RNF0WRKhRVT7zFoA,1
autor:UCAmtbUiIrUIhikru0ZoTFig,autor:UCWIZUtKJ636y-4TYrNvok0g,1
autor:UCAmtbUiIrUIhikru0ZoTFig,autor:UCTD6q1nyIe3Y7HhqjaMj72w,1
autor:UCAmtbUiIrUIhikru0ZoTFig,autor:UCLggDc_a5HriXv7I1h02sOA,1
autor:UCAmtbUiIrUIhikru0ZoTFig,autor:UCLFdHr9BEbXHkoJopbEPLZw,1
autor:UCAmtbUiIrUIhikru0ZoTFig,autor:UCplrIQtaPj6au60_f2-mOYw,1
autor:UCAmtbUiIrUIhikru0ZoTFig,autor:UCxff05WuyvwELNITi7bj7UA,1
autor:UCAmtbUiIrUIhikru0ZoTFig,autor:UCgvw7xIdGFupzpt1Y_BFkEA,1
autor:UCAmtbUiIrUIhikru0ZoTFig,autor:UCipetjeiWj4CZB6EbyYziZg,1
autor:UCAmtbUiIrUIhikru0ZoTFig,autor:UChep9kVb5gQmpodEEl10Xlg,1
autor:UCAxvOOHQk7dYPOajzFEVtbA,autor:UCfjhejO7LZy4doXURa7LZCQ,1
autor:UCAxvOOHQk7dYPOajzFEVtbA,autor:UCvl1tzQeBeGy6efPTRJXSCw,1
autor:UCAxvOOHQk7dYPOajzFEVtbA,autor:UCjZgFEowMBrsjodqfovzdKw,1
autor:UCAxvOOHQk7dYPOajzFEVtbA,autor:UCwCfs-2zbD5k0lG-UVg_JBw,1
autor:UCAxvOOHQk7dYPOajzFEVtbA,autor:UC_3xuTXvMIWU5MYP9HkJ3vQ,1
autor:UCAxvOOHQk7dYPOajzFEVtbA,autor:UCq3mDTTRZnUybct5M9OSXbg,1
autor:UCAxvOOHQk7dYPOajzFEVtbA,autor:UCLXYp1Cvc5DLtq5UQL5D9vw,1
autor:UCAxvOOHQk7dYPOajzFEVtbA,autor:UCXN2s7DwTJm33xO-pNkAdaA,1
autor:UCAxvOOHQk7dYPOajzFEVtbA,autor:UCfXykdbSU97rj987LDUGfvg,1
autor:UCAxvOOHQk7dYPOajzFEVtbA,autor:UCIXLDYqR_syskKRJy_x9W9Q,1
autor:UCAxvOOHQk7dYPOajzFEVtbA,autor:UCO0zwwLWGyDgQmWPJ5Qrr1w,1
autor:UCB5p8a5gklc80jJItP6xTHg,autor:UCNBnKqWf4d-rS4HwJRQljmQ,1
autor:UCB5p8a5gklc80jJItP6xTHg,autor:UCRelkU8JiZBytTzebJxaa-w,1
autor:UCB5p8a5gklc80jJItP6xTHg,autor:UCzoL2l5H5eVlorWGH8AZfAg,1
autor:UCB5p8a5gklc80jJItP6xTHg,autor:UCOLGv5Pf6BF2wFcwUzgcvHg,1
autor:UCB5p8a5gklc80jJItP6xTHg,autor:UCl0ekS9Tt0jJGtOEM18S63w,1
autor:UCB5p8a5gklc80jJItP6xTHg,autor:UCXSkL3ejZ8qWYyF_M7s_QKA,1
autor:UCB5p8a5gklc80jJItP6xTHg,autor:UCySYJU5kUh7X8gVt9la2ISA,1
autor:UCB5p8a5gklc80jJItP6xTHg,autor:UCL13XhnRzbGokEkCkEOb0-g,1
autor:UCB5p8a5gklc80jJItP6xTHg,autor:UCZ51R_9Q9C0c8I3pAWhtmjQ,1
autor:UCB5p8a5gklc80jJItP6xTHg,autor:UCp4iw5_5SmV9VGTFSNVGOmQ,1
autor:UCB5p8a5gklc80jJItP6xTHg,autor:UCDUffaruH6dyUnUGwsTKpgg,1
autor:UCB5p8a5gklc80jJItP6xTHg,autor:UCut6b9S98nv84cVX89PmKzA,1
autor:UCB5p8a5gklc80jJItP6xTHg,autor:UCsUCN0Yq_UyTvKjOJLmNrnQ,1
autor:UCB5p8a5gklc80jJItP6xTHg,autor:UCDIMztpVm7G27qBuiWuT6oQ,1
autor:UCB5p8a5gklc80jJItP6xTHg,autor:UCZLG9qH0tUjNhEGFIUt0CYw,1
autor:UCB5p8a5gklc80jJItP6xTHg,autor:UChs3tU2BcKOT0CezykvAsGw,1
autor:UCB5p8a5gklc80jJItP6xTHg,autor:UCrJn_rbo_ENAdeqneS-RmRw,1
autor:UCB5p8a5gklc80jJItP6xTHg,autor:UCThW2XNsAaBKme5PUt7n-Zg,1
autor:UCB5p8a5gklc80jJItP6xTHg,autor:UCmvOgzmmXbjUthHy-WJ52hQ,1
autor:UCB5p8a5gklc80jJItP6xTHg,autor:UCpsKOkt5iWTbenzeuq7dsmQ,1
autor:UCB5p8a5gklc80jJItP6xTHg,autor:UCFoIAE8k82D6AV-8gjjKaNg,1
autor:UCB5p8a5gklc80jJItP6xTHg,autor:UCFjudnPLoaSL1BaRuLahyHg,1
autor:UCB5p8a5gklc80jJItP6xTHg,autor:UCi1b_TRQfgO1Z9O2gNGGWNA,1
autor:UCB5p8a5gklc80jJItP6xTHg,autor:UCfM3nrxtTQMY5jFx1v1J4Gg,1
autor:UCB5p8a5gklc80jJItP6xTHg,autor:UCjmPuazZJzscrwvk0QR9RVw,1
autor:UCB5p8a5gklc80jJItP6xTHg,autor:UCtNfIBnc5S5DbbQj_yxgJTw,1
autor:UCB5p8a5gklc80jJItP6xTHg,autor:UCmjppp6ujz3SAnULvP3sZMw,1
autor:UCB5p8a5gklc80jJItP6xTHg,autor:UCzSfZlOVxBSs5ObD25ywxDQ,1
autor:UCB5p8a5gklc80jJItP6xTHg,autor:UCTylKrsqkrBKIqubMu_5N0Q,1
autor:UCB5p8a5gklc80jJItP6xTHg,autor:UCQqetiwzzmRNTM5OWuXarGQ,1
autor:UCB5p8a5gklc80jJItP6xTHg,autor:UCOS8ViEkccrTZx2w2ccxotA,1
autor:UCB5p8a5gklc80jJItP6xTHg,autor:UCh5ESQvtzyHDhCA7XyekCFA,1
autor:UCB5p8a5gklc80jJItP6xTHg,autor:UCNkcuy42zEwddwEcOd_HpnA,1
autor:UCB5p8a5gklc80jJItP6xTHg,autor:UCjSKM9j0Q7HLDr1hD6D-TUw,1
autor:UCB5p8a5gklc80jJItP6xTHg,autor:UCujPF2nBgsTD62nWE3lcpIg,1
autor:UCB5p8a5gklc80jJItP6xTHg,autor:UCpIdtvoFHVLGASGB5ySqIEA,1
autor:UCB5p8a5gklc80jJItP6xTHg,autor:UChZknRmJkeGeQk0-mQuhDOg,1
autor:UCB5p8a5gklc80jJItP6xTHg,autor:UCQtSFINs1h6GHkpg9o5kMvg,1
autor:UCB5p8a5gklc80jJItP6xTHg,autor:UCQgYjVngJRfPHDLGB5X6ZjA,1
autor:UCB5p8a5gklc80jJItP6xTHg,autor:UCCaYwkkbQGcvFoUmothVdQQ,1
autor:UCB5p8a5gklc80jJItP6xTHg,autor:UCHhHUjaMAZ8SiXdCUCj9DkQ,1
autor:UCB5p8a5gklc80jJItP6xTHg,autor:UCDftMWXQoJ6nONfY7GVOVjg,1
autor:UCB5p8a5gklc80jJItP6xTHg,autor:UCXr8_5WtGeipe4haOoQDgyQ,1
autor:UCB5p8a5gklc80jJItP6xTHg,autor:UCQtICyzWmhC5woCtbNgaSmg,1
autor:UCB5p8a5gklc80jJItP6xTHg,autor:UCljDbleJul41G1TzOjOZAVA,1
autor:UCB5p8a5gklc80jJItP6xTHg,autor:UCUIIIPTVDVHAXqhC_5V6lPA,1
autor:UCB5p8a5gklc80jJItP6xTHg,autor:UCj-LL25XJnjxepPKCc3NGog,1
autor:UCB5p8a5gklc80jJItP6xTHg,autor:UCtUR3_CAiE7fCoZHM6cMfyQ,1
autor:UCB5p8a5gklc80jJItP6xTHg,autor:UCErZPJpHmLCsXs8ZWkAUupQ,1
autor:UCB5p8a5gklc80jJItP6xTHg,autor:UCQ_-LPP8JAbfkc-b1Q6NvWw,1
autor:UCB5p8a5gklc80jJItP6xTHg,autor:UCr1emrogPKkKTs_WTtx71xg,1
autor:UCB5p8a5gklc80jJItP6xTHg,autor:UCOh6DaZC_x9HASnlRylEMfw,1
autor:UCB5p8a5gklc80jJItP6xTHg,autor:UCSou6a2OuYGSvPjm5psquyA,1
autor:UCB5p8a5gklc80jJItP6xTHg,autor:UCV0iizTBoOfdAFX_thfI9BA,1
autor:UCB5p8a5gklc80jJItP6xTHg,autor:UCsjs5Hp_r86x1xbK6FAeqaA,1
autor:UCB5p8a5gklc80jJItP6xTHg,autor:UCwha8rxULYMVtNwZWeSkE1A,1
autor:UCB5p8a5gklc80jJItP6xTHg,autor:UCFxE8GbokBrBsPEKM1xrOjQ,1
autor:UCB5p8a5gklc80jJItP6xTHg,autor:UCwW2OFy95P7ZBkOPxWkpvYg,1
autor:UCB5p8a5gklc80jJItP6xTHg,autor:UCFUuDARXdmmIrLppEqf-rFg,1
autor:UCB5p8a5gklc80jJItP6xTHg,autor:UCpl8rF8uv_8uui-QRvuJaRA,1
autor:UCB5p8a5gklc80jJItP6xTHg,autor:UCRETAiYdh2dL5ZxB0_N1zDA,1
autor:UCB5p8a5gklc80jJItP6xTHg,autor:UCsJJAvrVGupdmhOqgtDp8dg,1
autor:UCB5p8a5gklc80jJItP6xTHg,autor:UCTP3O0rMnc8z8v8jaDQwL0w,1
autor:UCB5p8a5gklc80jJItP6xTHg,autor:UCN6qbfPSzFtjhqUDZ3Cv3CQ,1
autor:UCB5p8a5gklc80jJItP6xTHg,autor:UCvApqeCbLod-wejtT4CcVuA,1
autor:UCB5p8a5gklc80jJItP6xTHg,autor:UCDPWkUX3sNNaCx-m1dV4glA,1
autor:UCB5p8a5gklc80jJItP6xTHg,autor:UCYN4wSQ1Sx4_LurxLlW7MPg,1
autor:UCB5p8a5gklc80jJItP6xTHg,autor:UCueV9cTyTDwgQSec1x2dYgA,1
autor:UCB5p8a5gklc80jJItP6xTHg,autor:UChgkn5Jt5tWKYMoEOuCjz3Q,1
autor:UCB5p8a5gklc80jJItP6xTHg,autor:UCEgEQmRbtL5fwr9_DqAC--g,1
autor:UCB5p8a5gklc80jJItP6xTHg,autor:UCRlCV9zSn7avAWh-9_XFWqQ,1
autor:UCB5p8a5gklc80jJItP6xTHg,autor:UCiMythXHsw7eQEMykCdmMUA,1
autor:UCB5p8a5gklc80jJItP6xTHg,autor:UCz3gu01bmjNv0DpRq-K3XYg,1
autor:UCB5p8a5gklc80jJItP6xTHg,autor:UCkd9W714-947dEE6ZOEBATA,1
autor:UCB5p8a5gklc80jJItP6xTHg,autor:UCDlr1VadSucIZgZ171pRBjQ,1
autor:UCB5p8a5gklc80jJItP6xTHg,autor:UCGzXwyCzMzGmjmCbH3Hg01Q,1
autor:UCB5p8a5gklc80jJItP6xTHg,autor:UCTwSut16JyAg3mX6LVUNGqA,1
autor:UCB5p8a5gklc80jJItP6xTHg,autor:UCFhxtoeARHPnXXPcDrOU3Xg,1
autor:UCB5p8a5gklc80jJItP6xTHg,autor:UCKDR0f2fu2UzWL8mBv5-BHw,1
autor:UCB5p8a5gklc80jJItP6xTHg,autor:UCXXh7yg5KUFIWylTiKVEFKQ,1
autor:UCB5p8a5gklc80jJItP6xTHg,autor:UCylqlpsh8ENNM1LqgQ1KbxA,1
autor:UCB5p8a5gklc80jJItP6xTHg,autor:UCYwpX26TrCxq8TvbKGRYLXA,1
autor:UCB5p8a5gklc80jJItP6xTHg,autor:UCHTGCgY2l-DQJIvlA_cpa_Q,1
autor:UCB5p8a5gklc80jJItP6xTHg,autor:UCwO2SXr0ggzwg6QWWrr01nQ,1
autor:UCB5p8a5gklc80jJItP6xTHg,autor:UCXgr7vXlRrsaskPdo097kGA,1
autor:UCB5p8a5gklc80jJItP6xTHg,autor:UCL1MT278vSaQ83ZDkVWn1gw,1
autor:UCB5p8a5gklc80jJItP6xTHg,autor:UCsSXdJct-nsS8DsABoEsaYA,1
autor:UCB5p8a5gklc80jJItP6xTHg,autor:UCDQaQv0hr2SS_PO-CMEwVHg,1
autor:UCB5p8a5gklc80jJItP6xTHg,autor:UCcfdg8crmMJwEuLUsAhV7yg,1
autor:UCB5p8a5gklc80jJItP6xTHg,autor:UCiGRBf2RNF0WRKhRVT7zFoA,1
autor:UCB5p8a5gklc80jJItP6xTHg,autor:UCWIZUtKJ636y-4TYrNvok0g,1
autor:UCB5p8a5gklc80jJItP6xTHg,autor:UCTD6q1nyIe3Y7HhqjaMj72w,1
autor:UCB5p8a5gklc80jJItP6xTHg,autor:UCLggDc_a5HriXv7I1h02sOA,1
autor:UCB5p8a5gklc80jJItP6xTHg,autor:UCLFdHr9BEbXHkoJopbEPLZw,1
autor:UCB5p8a5gklc80jJItP6xTHg,autor:UCplrIQtaPj6au60_f2-mOYw,1
autor:UCB5p8a5gklc80jJItP6xTHg,autor:UCxff05WuyvwELNITi7bj7UA,1
autor:UCB5p8a5gklc80jJItP6xTHg,autor:UCgvw7xIdGFupzpt1Y_BFkEA,1
autor:UCB5p8a5gklc80jJItP6xTHg,autor:UCipetjeiWj4CZB6EbyYziZg,1
autor:UCB5p8a5gklc80jJItP6xTHg,autor:UChep9kVb5gQmpodEEl10Xlg,1
autor:UCBlm80VQ4YoV3bUJR_XhkaQ,autor:UCQMMuADgqWUOcJpLwHOzC-g,1
autor:UCBlm80VQ4YoV3bUJR_XhkaQ,autor:UCp_dAUfv8i3LW3zWc24dLaQ,1
autor:UCBlm80VQ4YoV3bUJR_XhkaQ,autor:UCrqXyRsg-_hTosURZ-uvoKg,1
autor:UCBlm80VQ4YoV3bUJR_XhkaQ,autor:UCxhtlxPV8AYWaNNyU6S9H8Q,1
autor:UCBlm80VQ4YoV3bUJR_XhkaQ,autor:UCGZMgmM92E3njyXNe9-kjAQ,1
autor:UCBlm80VQ4YoV3bUJR_XhkaQ,autor:UCat2qkYvqmtDNEmo2PVuhXw,1
autor:UCBlm80VQ4YoV3bUJR_XhkaQ,autor:UCbNanjFI51cwGqMAb2rOrBw,1
autor:UCBlm80VQ4YoV3bUJR_XhkaQ,autor:UCVdjCrh4tQoX3haNAZv-n5A,1
autor:UCBlm80VQ4YoV3bUJR_XhkaQ,autor:UCtiHFjFu7d5v2XxHnKFUYig,1
autor:UCBlm80VQ4YoV3bUJR_XhkaQ,autor:UCozFYHN0e_-vlQbX3wQGOug,1
autor:UCBlm80VQ4YoV3bUJR_XhkaQ,autor:UCOLHH4ZpMxPYF-Q6e6wvn5A,1
autor:UCBlm80VQ4YoV3bUJR_XhkaQ,autor:UCPNXmbOBVeC4HS-xemvcPtQ,1
autor:UCBlm80VQ4YoV3bUJR_XhkaQ,autor:UCi2KiZq63sRq8Mfbcp-MelQ,1
autor:UCBlm80VQ4YoV3bUJR_XhkaQ,autor:UCIgoiXdIKJyUGmUoH2Lxdzg,1
autor:UCBlm80VQ4YoV3bUJR_XhkaQ,autor:UCZjm6U576nX8WOiLhmMR3bw,1
autor:UCBtB5dIyx-C16UN8ClUD2UA,autor:UCLh1Kde4_vI1sTZBkTNP7RQ,1
autor:UCBtB5dIyx-C16UN8ClUD2UA,autor:UCFFrEmn6lPYiWyElpfzTy5Q,1
autor:UCBtB5dIyx-C16UN8ClUD2UA,autor:UCk4O-J1BhoqPmig1KLGJePA,1
autor:UCBtB5dIyx-C16UN8ClUD2UA,autor:UCfRqgt2O-vjzUDMZY_tnxQw,1
autor:UCBtB5dIyx-C16UN8ClUD2UA,autor:UCdFlugHJJa4l3YqWuNRmvXw,1
autor:UCCBYcToQ2dwkd6TJh0FSyDg,autor:UCWoAVGVqCn4xtINCMOTM4jg,1
autor:UCCBYcToQ2dwkd6TJh0FSyDg,autor:UCDrmf9y9nLgFY5wnA2hTuGA,1
autor:UCCBYcToQ2dwkd6TJh0FSyDg,autor:UCylqlpsh8ENNM1LqgQ1KbxA,1
autor:UCCBYcToQ2dwkd6TJh0FSyDg,autor:UCQyOePccUP-fIJYzchAgZYw,1
autor:UCCBYcToQ2dwkd6TJh0FSyDg,autor:UCpe5jW3MIqkgTJ-PgkzvM6Q,1
autor:UCCBYcToQ2dwkd6TJh0FSyDg,autor:UColMq7LmaoY3MT6aIDGrGvA,1
autor:UCCBYcToQ2dwkd6TJh0FSyDg,autor:UCiC-Jn7wdgyQV4_Urk0DkWQ,1
autor:UCCBYcToQ2dwkd6TJh0FSyDg,autor:UCsGoJEvb-cFPZ2rWoJcXzEQ,1
autor:UCCBYcToQ2dwkd6TJh0FSyDg,autor:UCRAquv8el-tQ30bN7MlmySQ,1
autor:UCCBYcToQ2dwkd6TJh0FSyDg,autor:UCgJNFj5dnxXpcMvmuhZDPxA,1
autor:UCCBYcToQ2dwkd6TJh0FSyDg,autor:UClqA491Xa5fQcXcJJa-vTWw,1
autor:UCCBYcToQ2dwkd6TJh0FSyDg,autor:UCkbsS_3D-pvg1iHOld9uvIg,1
autor:UCCBYcToQ2dwkd6TJh0FSyDg,autor:UCRvPToDkkumha7WJAfCDk1A,1
autor:UCCBYcToQ2dwkd6TJh0FSyDg,autor:UCdFlugHJJa4l3YqWuNRmvXw,1
autor:UCCBYcToQ2dwkd6TJh0FSyDg,autor:UCu8_3-Wg-YzNyvHYQDEscfw,1
autor:UCCBYcToQ2dwkd6TJh0FSyDg,autor:UCZeIIQrGAedW8tCbKWmGY-A,1
autor:UCCBYcToQ2dwkd6TJh0FSyDg,autor:UC_LYoGs5C3mbZKZuKuqYCvw,1
autor:UCCBYcToQ2dwkd6TJh0FSyDg,autor:UCqCrvuoJpC-aVb0f4logQRQ,1
autor:UCCBYcToQ2dwkd6TJh0FSyDg,autor:UClhMWQ7XKWywYvbRnuf8QsA,1
autor:UCCBYcToQ2dwkd6TJh0FSyDg,autor:UCOcUI5XkTYNMSFhZNMIPpGg,1
autor:UCCBYcToQ2dwkd6TJh0FSyDg,autor:UCgQw_Sbq3ugruDUKsq1e0-A,1
autor:UCCBYcToQ2dwkd6TJh0FSyDg,autor:UCaKAjTW9MVub_clgr4DRYjQ,1
autor:UCCBYcToQ2dwkd6TJh0FSyDg,autor:UCQqlPPUGqAfWjd-FSh_qn7Q,1
autor:UCCBYcToQ2dwkd6TJh0FSyDg,autor:UCwjUvRseNtJoItylIyIez7Q,1
autor:UCCBYcToQ2dwkd6TJh0FSyDg,autor:UCe8JZoYkX5oKUZyivHYdXhw,1
autor:UCCBYcToQ2dwkd6TJh0FSyDg,autor:UCNpt5CQlTzNjlAKY6CJtClQ,1
autor:UCCBYcToQ2dwkd6TJh0FSyDg,autor:UCkVtmkK07b2zaVVNssX4lOg,1
autor:UCCBYcToQ2dwkd6TJh0FSyDg,autor:UCHbwIx9pmQuf7i-4_xO2EpA,1
autor:UCCBYcToQ2dwkd6TJh0FSyDg,autor:UCW-JC6lebVmf2P1dmY_L94g,1
autor:UCCBYcToQ2dwkd6TJh0FSyDg,autor:UCW80DaMjQlEUibC98Cot-Dg,1
autor:UCCBYcToQ2dwkd6TJh0FSyDg,autor:UCpsKOkt5iWTbenzeuq7dsmQ,1
autor:UCCBYcToQ2dwkd6TJh0FSyDg,autor:UCeDNEtI8_a42bZ47wJiJMwQ,1
autor:UCCBYcToQ2dwkd6TJh0FSyDg,autor:UCUoYsrx1oZnCZ0usbBJn4fA,1
autor:UCCBYcToQ2dwkd6TJh0FSyDg,autor:UCwgCc9Jd_gG-uLE_SY-FfPg,1
autor:UCCBYcToQ2dwkd6TJh0FSyDg,autor:UCGGHbtfbbe0o68etrOf0qxw,1
autor:UCCBYcToQ2dwkd6TJh0FSyDg,autor:UCuXmOjxC-htcprLgeVXz6Tg,1
autor:UCCBYcToQ2dwkd6TJh0FSyDg,autor:UCV0lM03g5fg5pbPj97-sAtA,1
autor:UCCUmP4PlbwgikVFpYwbtRTg,autor:UCbrtvygfRT6QXqWDNrOf-cA,1
autor:UCCUmP4PlbwgikVFpYwbtRTg,autor:UCc_F88PzGWtA1OPNUEASulA,1
autor:UCCUmP4PlbwgikVFpYwbtRTg,autor:UCXVLc8CmAO813ubM-fLvCDw,1
autor:UCCUmP4PlbwgikVFpYwbtRTg,autor:UCvcu1kR8xMYy_I1Ty-2mV2Q,1
autor:UCCUmP4PlbwgikVFpYwbtRTg,autor:UCXl30Y_upRqbti52fmjK4YA,1
autor:UCCUmP4PlbwgikVFpYwbtRTg,autor:UCxcoDvP-g2_KTZDmVZtvb3w,1
autor:UCCUmP4PlbwgikVFpYwbtRTg,autor:UCTTILH6QCIxbTnEWxwRqs1g,1
autor:UCCUmP4PlbwgikVFpYwbtRTg,autor:UCwEe1RKlEv1UpNWmWYfSh4w,1
autor:UCCUmP4PlbwgikVFpYwbtRTg,autor:UCXO1BBohNWXkK9SBDAG2ySg,1
autor:UCCUmP4PlbwgikVFpYwbtRTg,autor:UChT7pzGytNd92Nmvi-zuWog,1
autor:UCCUmP4PlbwgikVFpYwbtRTg,autor:UCdQAuWwyC99MB7Y02Umj26Q,1
autor:UCCUmP4PlbwgikVFpYwbtRTg,autor:UCefAH1MbvADWUjE9WVcB9EQ,1
autor:UCCUmP4PlbwgikVFpYwbtRTg,autor:UCkxdJ_yGN2gghOMo2ybQtXQ,1
autor:UCCUmP4PlbwgikVFpYwbtRTg,autor:UCOY3XpD9qMCRSA8AA8c4CAw,1
autor:UCCUmP4PlbwgikVFpYwbtRTg,autor:UCcFIBN-rtC3d3hXeuN5TfWw,1
autor:UCCaYwkkbQGcvFoUmothVdQQ,autor:UCNBnKqWf4d-rS4HwJRQljmQ,1
autor:UCCaYwkkbQGcvFoUmothVdQQ,autor:UCRelkU8JiZBytTzebJxaa-w,1
autor:UCCaYwkkbQGcvFoUmothVdQQ,autor:UCzoL2l5H5eVlorWGH8AZfAg,1
autor:UCCaYwkkbQGcvFoUmothVdQQ,autor:UCOLGv5Pf6BF2wFcwUzgcvHg,1
autor:UCCaYwkkbQGcvFoUmothVdQQ,autor:UCl0ekS9Tt0jJGtOEM18S63w,1
autor:UCCaYwkkbQGcvFoUmothVdQQ,autor:UCXSkL3ejZ8qWYyF_M7s_QKA,1
autor:UCCaYwkkbQGcvFoUmothVdQQ,autor:UCySYJU5kUh7X8gVt9la2ISA,1
autor:UCCaYwkkbQGcvFoUmothVdQQ,autor:UCL13XhnRzbGokEkCkEOb0-g,1
autor:UCCaYwkkbQGcvFoUmothVdQQ,autor:UCZ51R_9Q9C0c8I3pAWhtmjQ,1
autor:UCCaYwkkbQGcvFoUmothVdQQ,autor:UCp4iw5_5SmV9VGTFSNVGOmQ,1
autor:UCCaYwkkbQGcvFoUmothVdQQ,autor:UCDUffaruH6dyUnUGwsTKpgg,1
autor:UCCaYwkkbQGcvFoUmothVdQQ,autor:UCut6b9S98nv84cVX89PmKzA,1
autor:UCCaYwkkbQGcvFoUmothVdQQ,autor:UCsUCN0Yq_UyTvKjOJLmNrnQ,1
autor:UCCaYwkkbQGcvFoUmothVdQQ,autor:UCDIMztpVm7G27qBuiWuT6oQ,1
autor:UCCaYwkkbQGcvFoUmothVdQQ,autor:UCZLG9qH0tUjNhEGFIUt0CYw,1
autor:UCCaYwkkbQGcvFoUmothVdQQ,autor:UChs3tU2BcKOT0CezykvAsGw,1
autor:UCCaYwkkbQGcvFoUmothVdQQ,autor:UCrJn_rbo_ENAdeqneS-RmRw,1
autor:UCCaYwkkbQGcvFoUmothVdQQ,autor:UCThW2XNsAaBKme5PUt7n-Zg,1
autor:UCCaYwkkbQGcvFoUmothVdQQ,autor:UCmvOgzmmXbjUthHy-WJ52hQ,1
autor:UCCaYwkkbQGcvFoUmothVdQQ,autor:UCpsKOkt5iWTbenzeuq7dsmQ,1
autor:UCCaYwkkbQGcvFoUmothVdQQ,autor:UCFoIAE8k82D6AV-8gjjKaNg,1
autor:UCCaYwkkbQGcvFoUmothVdQQ,autor:UCFjudnPLoaSL1BaRuLahyHg,1
autor:UCCaYwkkbQGcvFoUmothVdQQ,autor:UCi1b_TRQfgO1Z9O2gNGGWNA,1
autor:UCCaYwkkbQGcvFoUmothVdQQ,autor:UCfM3nrxtTQMY5jFx1v1J4Gg,1
autor:UCCaYwkkbQGcvFoUmothVdQQ,autor:UCjmPuazZJzscrwvk0QR9RVw,1
autor:UCCaYwkkbQGcvFoUmothVdQQ,autor:UCtNfIBnc5S5DbbQj_yxgJTw,1
autor:UCCaYwkkbQGcvFoUmothVdQQ,autor:UCmjppp6ujz3SAnULvP3sZMw,1
autor:UCCaYwkkbQGcvFoUmothVdQQ,autor:UCzSfZlOVxBSs5ObD25ywxDQ,1
autor:UCCaYwkkbQGcvFoUmothVdQQ,autor:UCTylKrsqkrBKIqubMu_5N0Q,1
autor:UCCaYwkkbQGcvFoUmothVdQQ,autor:UCQqetiwzzmRNTM5OWuXarGQ,1
autor:UCCaYwkkbQGcvFoUmothVdQQ,autor:UCOS8ViEkccrTZx2w2ccxotA,1
autor:UCCaYwkkbQGcvFoUmothVdQQ,autor:UCh5ESQvtzyHDhCA7XyekCFA,1
autor:UCCaYwkkbQGcvFoUmothVdQQ,autor:UCNkcuy42zEwddwEcOd_HpnA,1
autor:UCCaYwkkbQGcvFoUmothVdQQ,autor:UCjSKM9j0Q7HLDr1hD6D-TUw,1
autor:UCCaYwkkbQGcvFoUmothVdQQ,autor:UCujPF2nBgsTD62nWE3lcpIg,1
autor:UCCaYwkkbQGcvFoUmothVdQQ,autor:UCpIdtvoFHVLGASGB5ySqIEA,1
autor:UCCaYwkkbQGcvFoUmothVdQQ,autor:UChZknRmJkeGeQk0-mQuhDOg,1
autor:UCCaYwkkbQGcvFoUmothVdQQ,autor:UCQtSFINs1h6GHkpg9o5kMvg,1
autor:UCCaYwkkbQGcvFoUmothVdQQ,autor:UCQgYjVngJRfPHDLGB5X6ZjA,1
autor:UCCaYwkkbQGcvFoUmothVdQQ,autor:UCHhHUjaMAZ8SiXdCUCj9DkQ,1
autor:UCCaYwkkbQGcvFoUmothVdQQ,autor:UCDftMWXQoJ6nONfY7GVOVjg,1
autor:UCCaYwkkbQGcvFoUmothVdQQ,autor:UCXr8_5WtGeipe4haOoQDgyQ,1
autor:UCCaYwkkbQGcvFoUmothVdQQ,autor:UCQtICyzWmhC5woCtbNgaSmg,1
autor:UCCaYwkkbQGcvFoUmothVdQQ,autor:UCljDbleJul41G1TzOjOZAVA,1
autor:UCCaYwkkbQGcvFoUmothVdQQ,autor:UCUIIIPTVDVHAXqhC_5V6lPA,1
autor:UCCaYwkkbQGcvFoUmothVdQQ,autor:UCj-LL25XJnjxepPKCc3NGog,1
autor:UCCaYwkkbQGcvFoUmothVdQQ,autor:UCtUR3_CAiE7fCoZHM6cMfyQ,1
autor:UCCaYwkkbQGcvFoUmothVdQQ,autor:UCErZPJpHmLCsXs8ZWkAUupQ,1
autor:UCCaYwkkbQGcvFoUmothVdQQ,autor:UCQ_-LPP8JAbfkc-b1Q6NvWw,1
autor:UCCaYwkkbQGcvFoUmothVdQQ,autor:UCr1emrogPKkKTs_WTtx71xg,1
autor:UCCaYwkkbQGcvFoUmothVdQQ,autor:UCOh6DaZC_x9HASnlRylEMfw,1
autor:UCCaYwkkbQGcvFoUmothVdQQ,autor:UCSou6a2OuYGSvPjm5psquyA,1
autor:UCCaYwkkbQGcvFoUmothVdQQ,autor:UCV0iizTBoOfdAFX_thfI9BA,1
autor:UCCaYwkkbQGcvFoUmothVdQQ,autor:UCsjs5Hp_r86x1xbK6FAeqaA,1
autor:UCCaYwkkbQGcvFoUmothVdQQ,autor:UCwha8rxULYMVtNwZWeSkE1A,1
autor:UCCaYwkkbQGcvFoUmothVdQQ,autor:UCFxE8GbokBrBsPEKM1xrOjQ,1
autor:UCCaYwkkbQGcvFoUmothVdQQ,autor:UCwW2OFy95P7ZBkOPxWkpvYg,1
autor:UCCaYwkkbQGcvFoUmothVdQQ,autor:UCFUuDARXdmmIrLppEqf-rFg,1
autor:UCCaYwkkbQGcvFoUmothVdQQ,autor:UCpl8rF8uv_8uui-QRvuJaRA,1
autor:UCCaYwkkbQGcvFoUmothVdQQ,autor:UCRETAiYdh2dL5ZxB0_N1zDA,1
autor:UCCaYwkkbQGcvFoUmothVdQQ,autor:UCsJJAvrVGupdmhOqgtDp8dg,1
autor:UCCaYwkkbQGcvFoUmothVdQQ,autor:UCTP3O0rMnc8z8v8jaDQwL0w,1
autor:UCCaYwkkbQGcvFoUmothVdQQ,autor:UCN6qbfPSzFtjhqUDZ3Cv3CQ,1
autor:UCCaYwkkbQGcvFoUmothVdQQ,autor:UCvApqeCbLod-wejtT4CcVuA,1
autor:UCCaYwkkbQGcvFoUmothVdQQ,autor:UCDPWkUX3sNNaCx-m1dV4glA,1
autor:UCCaYwkkbQGcvFoUmothVdQQ,autor:UCYN4wSQ1Sx4_LurxLlW7MPg,1
autor:UCCaYwkkbQGcvFoUmothVdQQ,autor:UCueV9cTyTDwgQSec1x2dYgA,1
autor:UCCaYwkkbQGcvFoUmothVdQQ,autor:UChgkn5Jt5tWKYMoEOuCjz3Q,1
autor:UCCaYwkkbQGcvFoUmothVdQQ,autor:UCEgEQmRbtL5fwr9_DqAC--g,1
autor:UCCaYwkkbQGcvFoUmothVdQQ,autor:UCRlCV9zSn7avAWh-9_XFWqQ,1
autor:UCCaYwkkbQGcvFoUmothVdQQ,autor:UCiMythXHsw7eQEMykCdmMUA,1
autor:UCCaYwkkbQGcvFoUmothVdQQ,autor:UCz3gu01bmjNv0DpRq-K3XYg,1
autor:UCCaYwkkbQGcvFoUmothVdQQ,autor:UCkd9W714-947dEE6ZOEBATA,1
autor:UCCaYwkkbQGcvFoUmothVdQQ,autor:UCDlr1VadSucIZgZ171pRBjQ,1
autor:UCCaYwkkbQGcvFoUmothVdQQ,autor:UCGzXwyCzMzGmjmCbH3Hg01Q,1
autor:UCCaYwkkbQGcvFoUmothVdQQ,autor:UCTwSut16JyAg3mX6LVUNGqA,1
autor:UCCaYwkkbQGcvFoUmothVdQQ,autor:UCFhxtoeARHPnXXPcDrOU3Xg,1
autor:UCCaYwkkbQGcvFoUmothVdQQ,autor:UCKDR0f2fu2UzWL8mBv5-BHw,1
autor:UCCaYwkkbQGcvFoUmothVdQQ,autor:UCXXh7yg5KUFIWylTiKVEFKQ,1
autor:UCCaYwkkbQGcvFoUmothVdQQ,autor:UCylqlpsh8ENNM1LqgQ1KbxA,1
autor:UCCaYwkkbQGcvFoUmothVdQQ,autor:UCYwpX26TrCxq8TvbKGRYLXA,1
autor:UCCaYwkkbQGcvFoUmothVdQQ,autor:UCHTGCgY2l-DQJIvlA_cpa_Q,1
autor:UCCaYwkkbQGcvFoUmothVdQQ,autor:UCwO2SXr0ggzwg6QWWrr01nQ,1
autor:UCCaYwkkbQGcvFoUmothVdQQ,autor:UCXgr7vXlRrsaskPdo097kGA,1
autor:UCCaYwkkbQGcvFoUmothVdQQ,autor:UCL1MT278vSaQ83ZDkVWn1gw,1
autor:UCCaYwkkbQGcvFoUmothVdQQ,autor:UCsSXdJct-nsS8DsABoEsaYA,1
autor:UCCaYwkkbQGcvFoUmothVdQQ,autor:UCDQaQv0hr2SS_PO-CMEwVHg,1
autor:UCCaYwkkbQGcvFoUmothVdQQ,autor:UCcfdg8crmMJwEuLUsAhV7yg,1
autor:UCCaYwkkbQGcvFoUmothVdQQ,autor:UCiGRBf2RNF0WRKhRVT7zFoA,1
autor:UCCaYwkkbQGcvFoUmothVdQQ,autor:UCWIZUtKJ636y-4TYrNvok0g,1
autor:UCCaYwkkbQGcvFoUmothVdQQ,autor:UCTD6q1nyIe3Y7HhqjaMj72w,1
autor:UCCaYwkkbQGcvFoUmothVdQQ,autor:UCLggDc_a5HriXv7I1h02sOA,1
autor:UCCaYwkkbQGcvFoUmothVdQQ,autor:UCLFdHr9BEbXHkoJopbEPLZw,1
autor:UCCaYwkkbQGcvFoUmothVdQQ,autor:UCplrIQtaPj6au60_f2-mOYw,1
autor:UCCaYwkkbQGcvFoUmothVdQQ,autor:UCxff05WuyvwELNITi7bj7UA,1
autor:UCCaYwkkbQGcvFoUmothVdQQ,autor:UCgvw7xIdGFupzpt1Y_BFkEA,1
autor:UCCaYwkkbQGcvFoUmothVdQQ,autor:UCipetjeiWj4CZB6EbyYziZg,1
autor:UCCaYwkkbQGcvFoUmothVdQQ,autor:UChep9kVb5gQmpodEEl10Xlg,1
autor:UCDIMztpVm7G27qBuiWuT6oQ,autor:UCNBnKqWf4d-rS4HwJRQljmQ,1
autor:UCDIMztpVm7G27qBuiWuT6oQ,autor:UCRelkU8JiZBytTzebJxaa-w,1
autor:UCDIMztpVm7G27qBuiWuT6oQ,autor:UCzoL2l5H5eVlorWGH8AZfAg,1
autor:UCDIMztpVm7G27qBuiWuT6oQ,autor:UCOLGv5Pf6BF2wFcwUzgcvHg,1
autor:UCDIMztpVm7G27qBuiWuT6oQ,autor:UCl0ekS9Tt0jJGtOEM18S63w,1
autor:UCDIMztpVm7G27qBuiWuT6oQ,autor:UCXSkL3ejZ8qWYyF_M7s_QKA,1
autor:UCDIMztpVm7G27qBuiWuT6oQ,autor:UCySYJU5kUh7X8gVt9la2ISA,1
autor:UCDIMztpVm7G27qBuiWuT6oQ,autor:UCL13XhnRzbGokEkCkEOb0-g,1
autor:UCDIMztpVm7G27qBuiWuT6oQ,autor:UCZ51R_9Q9C0c8I3pAWhtmjQ,1
autor:UCDIMztpVm7G27qBuiWuT6oQ,autor:UCp4iw5_5SmV9VGTFSNVGOmQ,1
autor:UCDIMztpVm7G27qBuiWuT6oQ,autor:UCDUffaruH6dyUnUGwsTKpgg,1
autor:UCDIMztpVm7G27qBuiWuT6oQ,autor:UCut6b9S98nv84cVX89PmKzA,1
autor:UCDIMztpVm7G27qBuiWuT6oQ,autor:UCsUCN0Yq_UyTvKjOJLmNrnQ,1
autor:UCDIMztpVm7G27qBuiWuT6oQ,autor:UCZLG9qH0tUjNhEGFIUt0CYw,1
autor:UCDIMztpVm7G27qBuiWuT6oQ,autor:UChs3tU2BcKOT0CezykvAsGw,1
autor:UCDIMztpVm7G27qBuiWuT6oQ,autor:UCrJn_rbo_ENAdeqneS-RmRw,1
autor:UCDIMztpVm7G27qBuiWuT6oQ,autor:UCThW2XNsAaBKme5PUt7n-Zg,1
autor:UCDIMztpVm7G27qBuiWuT6oQ,autor:UCmvOgzmmXbjUthHy-WJ52hQ,1
autor:UCDIMztpVm7G27qBuiWuT6oQ,autor:UCpsKOkt5iWTbenzeuq7dsmQ,1
autor:UCDIMztpVm7G27qBuiWuT6oQ,autor:UCFoIAE8k82D6AV-8gjjKaNg,1
autor:UCDIMztpVm7G27qBuiWuT6oQ,autor:UCFjudnPLoaSL1BaRuLahyHg,1
autor:UCDIMztpVm7G27qBuiWuT6oQ,autor:UCi1b_TRQfgO1Z9O2gNGGWNA,1
autor:UCDIMztpVm7G27qBuiWuT6oQ,autor:UCfM3nrxtTQMY5jFx1v1J4Gg,1
autor:UCDIMztpVm7G27qBuiWuT6oQ,autor:UCjmPuazZJzscrwvk0QR9RVw,1
autor:UCDIMztpVm7G27qBuiWuT6oQ,autor:UCtNfIBnc5S5DbbQj_yxgJTw,1
autor:UCDIMztpVm7G27qBuiWuT6oQ,autor:UCmjppp6ujz3SAnULvP3sZMw,1
autor:UCDIMztpVm7G27qBuiWuT6oQ,autor:UCzSfZlOVxBSs5ObD25ywxDQ,1
autor:UCDIMztpVm7G27qBuiWuT6oQ,autor:UCTylKrsqkrBKIqubMu_5N0Q,1
autor:UCDIMztpVm7G27qBuiWuT6oQ,autor:UCQqetiwzzmRNTM5OWuXarGQ,1
autor:UCDIMztpVm7G27qBuiWuT6oQ,autor:UCOS8ViEkccrTZx2w2ccxotA,1
autor:UCDIMztpVm7G27qBuiWuT6oQ,autor:UCh5ESQvtzyHDhCA7XyekCFA,1
autor:UCDIMztpVm7G27qBuiWuT6oQ,autor:UCNkcuy42zEwddwEcOd_HpnA,1
autor:UCDIMztpVm7G27qBuiWuT6oQ,autor:UCjSKM9j0Q7HLDr1hD6D-TUw,1
autor:UCDIMztpVm7G27qBuiWuT6oQ,autor:UCujPF2nBgsTD62nWE3lcpIg,1
autor:UCDIMztpVm7G27qBuiWuT6oQ,autor:UCpIdtvoFHVLGASGB5ySqIEA,1
autor:UCDIMztpVm7G27qBuiWuT6oQ,autor:UChZknRmJkeGeQk0-mQuhDOg,1
autor:UCDIMztpVm7G27qBuiWuT6oQ,autor:UCQtSFINs1h6GHkpg9o5kMvg,1
autor:UCDIMztpVm7G27qBuiWuT6oQ,autor:UCQgYjVngJRfPHDLGB5X6ZjA,1
autor:UCDIMztpVm7G27qBuiWuT6oQ,autor:UCHhHUjaMAZ8SiXdCUCj9DkQ,1
autor:UCDIMztpVm7G27qBuiWuT6oQ,autor:UCDftMWXQoJ6nONfY7GVOVjg,1
autor:UCDIMztpVm7G27qBuiWuT6oQ,autor:UCXr8_5WtGeipe4haOoQDgyQ,1
autor:UCDIMztpVm7G27qBuiWuT6oQ,autor:UCQtICyzWmhC5woCtbNgaSmg,1
autor:UCDIMztpVm7G27qBuiWuT6oQ,autor:UCljDbleJul41G1TzOjOZAVA,1
autor:UCDIMztpVm7G27qBuiWuT6oQ,autor:UCUIIIPTVDVHAXqhC_5V6lPA,1
autor:UCDIMztpVm7G27qBuiWuT6oQ,autor:UCj-LL25XJnjxepPKCc3NGog,1
autor:UCDIMztpVm7G27qBuiWuT6oQ,autor:UCtUR3_CAiE7fCoZHM6cMfyQ,1
autor:UCDIMztpVm7G27qBuiWuT6oQ,autor:UCErZPJpHmLCsXs8ZWkAUupQ,1
autor:UCDIMztpVm7G27qBuiWuT6oQ,autor:UCQ_-LPP8JAbfkc-b1Q6NvWw,1
autor:UCDIMztpVm7G27qBuiWuT6oQ,autor:UCr1emrogPKkKTs_WTtx71xg,1
autor:UCDIMztpVm7G27qBuiWuT6oQ,autor:UCOh6DaZC_x9HASnlRylEMfw,1
autor:UCDIMztpVm7G27qBuiWuT6oQ,autor:UCSou6a2OuYGSvPjm5psquyA,1
autor:UCDIMztpVm7G27qBuiWuT6oQ,autor:UCV0iizTBoOfdAFX_thfI9BA,1
autor:UCDIMztpVm7G27qBuiWuT6oQ,autor:UCsjs5Hp_r86x1xbK6FAeqaA,1
autor:UCDIMztpVm7G27qBuiWuT6oQ,autor:UCwha8rxULYMVtNwZWeSkE1A,1
autor:UCDIMztpVm7G27qBuiWuT6oQ,autor:UCFxE8GbokBrBsPEKM1xrOjQ,1
autor:UCDIMztpVm7G27qBuiWuT6oQ,autor:UCwW2OFy95P7ZBkOPxWkpvYg,1
autor:UCDIMztpVm7G27qBuiWuT6oQ,autor:UCFUuDARXdmmIrLppEqf-rFg,1
autor:UCDIMztpVm7G27qBuiWuT6oQ,autor:UCpl8rF8uv_8uui-QRvuJaRA,1
autor:UCDIMztpVm7G27qBuiWuT6oQ,autor:UCRETAiYdh2dL5ZxB0_N1zDA,1
autor:UCDIMztpVm7G27qBuiWuT6oQ,autor:UCsJJAvrVGupdmhOqgtDp8dg,1
autor:UCDIMztpVm7G27qBuiWuT6oQ,autor:UCTP3O0rMnc8z8v8jaDQwL0w,1
autor:UCDIMztpVm7G27qBuiWuT6oQ,autor:UCN6qbfPSzFtjhqUDZ3Cv3CQ,1
autor:UCDIMztpVm7G27qBuiWuT6oQ,autor:UCvApqeCbLod-wejtT4CcVuA,1
autor:UCDIMztpVm7G27qBuiWuT6oQ,autor:UCDPWkUX3sNNaCx-m1dV4glA,1
autor:UCDIMztpVm7G27qBuiWuT6oQ,autor:UCYN4wSQ1Sx4_LurxLlW7MPg,1
autor:UCDIMztpVm7G27qBuiWuT6oQ,autor:UCueV9cTyTDwgQSec1x2dYgA,1
autor:UCDIMztpVm7G27qBuiWuT6oQ,autor:UChgkn5Jt5tWKYMoEOuCjz3Q,1
autor:UCDIMztpVm7G27qBuiWuT6oQ,autor:UCEgEQmRbtL5fwr9_DqAC--g,1
autor:UCDIMztpVm7G27qBuiWuT6oQ,autor:UCRlCV9zSn7avAWh-9_XFWqQ,1
autor:UCDIMztpVm7G27qBuiWuT6oQ,autor:UCiMythXHsw7eQEMykCdmMUA,1
autor:UCDIMztpVm7G27qBuiWuT6oQ,autor:UCz3gu01bmjNv0DpRq-K3XYg,1
autor:UCDIMztpVm7G27qBuiWuT6oQ,autor:UCkd9W714-947dEE6ZOEBATA,1
autor:UCDIMztpVm7G27qBuiWuT6oQ,autor:UCDlr1VadSucIZgZ171pRBjQ,1
autor:UCDIMztpVm7G27qBuiWuT6oQ,autor:UCGzXwyCzMzGmjmCbH3Hg01Q,1
autor:UCDIMztpVm7G27qBuiWuT6oQ,autor:UCTwSut16JyAg3mX6LVUNGqA,1
autor:UCDIMztpVm7G27qBuiWuT6oQ,autor:UCFhxtoeARHPnXXPcDrOU3Xg,1
autor:UCDIMztpVm7G27qBuiWuT6oQ,autor:UCKDR0f2fu2UzWL8mBv5-BHw,1
autor:UCDIMztpVm7G27qBuiWuT6oQ,autor:UCXXh7yg5KUFIWylTiKVEFKQ,1
autor:UCDIMztpVm7G27qBuiWuT6oQ,autor:UCylqlpsh8ENNM1LqgQ1KbxA,1
autor:UCDIMztpVm7G27qBuiWuT6oQ,autor:UCYwpX26TrCxq8TvbKGRYLXA,1
autor:UCDIMztpVm7G27qBuiWuT6oQ,autor:UCHTGCgY2l-DQJIvlA_cpa_Q,1
autor:UCDIMztpVm7G27qBuiWuT6oQ,autor:UCwO2SXr0ggzwg6QWWrr01nQ,1
autor:UCDIMztpVm7G27qBuiWuT6oQ,autor:UCXgr7vXlRrsaskPdo097kGA,1
autor:UCDIMztpVm7G27qBuiWuT6oQ,autor:UCL1MT278vSaQ83ZDkVWn1gw,1
autor:UCDIMztpVm7G27qBuiWuT6oQ,autor:UCsSXdJct-nsS8DsABoEsaYA,1
autor:UCDIMztpVm7G27qBuiWuT6oQ,autor:UCDQaQv0hr2SS_PO-CMEwVHg,1
autor:UCDIMztpVm7G27qBuiWuT6oQ,autor:UCcfdg8crmMJwEuLUsAhV7yg,1
autor:UCDIMztpVm7G27qBuiWuT6oQ,autor:UCiGRBf2RNF0WRKhRVT7zFoA,1
autor:UCDIMztpVm7G27qBuiWuT6oQ,autor:UCWIZUtKJ636y-4TYrNvok0g,1
autor:UCDIMztpVm7G27qBuiWuT6oQ,autor:UCTD6q1nyIe3Y7HhqjaMj72w,1
autor:UCDIMztpVm7G27qBuiWuT6oQ,autor:UCLggDc_a5HriXv7I1h02sOA,1
autor:UCDIMztpVm7G27qBuiWuT6oQ,autor:UCLFdHr9BEbXHkoJopbEPLZw,1
autor:UCDIMztpVm7G27qBuiWuT6oQ,autor:UCplrIQtaPj6au60_f2-mOYw,1
autor:UCDIMztpVm7G27qBuiWuT6oQ,autor:UCxff05WuyvwELNITi7bj7UA,1
autor:UCDIMztpVm7G27qBuiWuT6oQ,autor:UCgvw7xIdGFupzpt1Y_BFkEA,1
autor:UCDIMztpVm7G27qBuiWuT6oQ,autor:UCipetjeiWj4CZB6EbyYziZg,1
autor:UCDIMztpVm7G27qBuiWuT6oQ,autor:UChep9kVb5gQmpodEEl10Xlg,1
autor:UCDPWkUX3sNNaCx-m1dV4glA,autor:UCNBnKqWf4d-rS4HwJRQljmQ,1
autor:UCDPWkUX3sNNaCx-m1dV4glA,autor:UCRelkU8JiZBytTzebJxaa-w,1
autor:UCDPWkUX3sNNaCx-m1dV4glA,autor:UCzoL2l5H5eVlorWGH8AZfAg,1
autor:UCDPWkUX3sNNaCx-m1dV4glA,autor:UCOLGv5Pf6BF2wFcwUzgcvHg,1
autor:UCDPWkUX3sNNaCx-m1dV4glA,autor:UCl0ekS9Tt0jJGtOEM18S63w,1
autor:UCDPWkUX3sNNaCx-m1dV4glA,autor:UCXSkL3ejZ8qWYyF_M7s_QKA,1
autor:UCDPWkUX3sNNaCx-m1dV4glA,autor:UCySYJU5kUh7X8gVt9la2ISA,1
autor:UCDPWkUX3sNNaCx-m1dV4glA,autor:UCL13XhnRzbGokEkCkEOb0-g,1
autor:UCDPWkUX3sNNaCx-m1dV4glA,autor:UCZ51R_9Q9C0c8I3pAWhtmjQ,1
autor:UCDPWkUX3sNNaCx-m1dV4glA,autor:UCp4iw5_5SmV9VGTFSNVGOmQ,1
autor:UCDPWkUX3sNNaCx-m1dV4glA,autor:UCDUffaruH6dyUnUGwsTKpgg,1
autor:UCDPWkUX3sNNaCx-m1dV4glA,autor:UCut6b9S98nv84cVX89PmKzA,1
autor:UCDPWkUX3sNNaCx-m1dV4glA,autor:UCsUCN0Yq_UyTvKjOJLmNrnQ,1
autor:UCDPWkUX3sNNaCx-m1dV4glA,autor:UCZLG9qH0tUjNhEGFIUt0CYw,1
autor:UCDPWkUX3sNNaCx-m1dV4glA,autor:UChs3tU2BcKOT0CezykvAsGw,1
autor:UCDPWkUX3sNNaCx-m1dV4glA,autor:UCrJn_rbo_ENAdeqneS-RmRw,1
autor:UCDPWkUX3sNNaCx-m1dV4glA,autor:UCThW2XNsAaBKme5PUt7n-Zg,1
autor:UCDPWkUX3sNNaCx-m1dV4glA,autor:UCmvOgzmmXbjUthHy-WJ52hQ,1
autor:UCDPWkUX3sNNaCx-m1dV4glA,autor:UCpsKOkt5iWTbenzeuq7dsmQ,1
autor:UCDPWkUX3sNNaCx-m1dV4glA,autor:UCFoIAE8k82D6AV-8gjjKaNg,1
autor:UCDPWkUX3sNNaCx-m1dV4glA,autor:UCFjudnPLoaSL1BaRuLahyHg,1
autor:UCDPWkUX3sNNaCx-m1dV4glA,autor:UCi1b_TRQfgO1Z9O2gNGGWNA,1
autor:UCDPWkUX3sNNaCx-m1dV4glA,autor:UCfM3nrxtTQMY5jFx1v1J4Gg,1
autor:UCDPWkUX3sNNaCx-m1dV4glA,autor:UCjmPuazZJzscrwvk0QR9RVw,1
autor:UCDPWkUX3sNNaCx-m1dV4glA,autor:UCtNfIBnc5S5DbbQj_yxgJTw,1
autor:UCDPWkUX3sNNaCx-m1dV4glA,autor:UCmjppp6ujz3SAnULvP3sZMw,1
autor:UCDPWkUX3sNNaCx-m1dV4glA,autor:UCzSfZlOVxBSs5ObD25ywxDQ,1
autor:UCDPWkUX3sNNaCx-m1dV4glA,autor:UCTylKrsqkrBKIqubMu_5N0Q,1
autor:UCDPWkUX3sNNaCx-m1dV4glA,autor:UCQqetiwzzmRNTM5OWuXarGQ,1
autor:UCDPWkUX3sNNaCx-m1dV4glA,autor:UCOS8ViEkccrTZx2w2ccxotA,1
autor:UCDPWkUX3sNNaCx-m1dV4glA,autor:UCh5ESQvtzyHDhCA7XyekCFA,1
autor:UCDPWkUX3sNNaCx-m1dV4glA,autor:UCNkcuy42zEwddwEcOd_HpnA,1
autor:UCDPWkUX3sNNaCx-m1dV4glA,autor:UCjSKM9j0Q7HLDr1hD6D-TUw,1
autor:UCDPWkUX3sNNaCx-m1dV4glA,autor:UCujPF2nBgsTD62nWE3lcpIg,1
autor:UCDPWkUX3sNNaCx-m1dV4glA,autor:UCpIdtvoFHVLGASGB5ySqIEA,1
autor:UCDPWkUX3sNNaCx-m1dV4glA,autor:UChZknRmJkeGeQk0-mQuhDOg,1
autor:UCDPWkUX3sNNaCx-m1dV4glA,autor:UCQtSFINs1h6GHkpg9o5kMvg,1
autor:UCDPWkUX3sNNaCx-m1dV4glA,autor:UCQgYjVngJRfPHDLGB5X6ZjA,1
autor:UCDPWkUX3sNNaCx-m1dV4glA,autor:UCHhHUjaMAZ8SiXdCUCj9DkQ,1
autor:UCDPWkUX3sNNaCx-m1dV4glA,autor:UCDftMWXQoJ6nONfY7GVOVjg,1
autor:UCDPWkUX3sNNaCx-m1dV4glA,autor:UCXr8_5WtGeipe4haOoQDgyQ,1
autor:UCDPWkUX3sNNaCx-m1dV4glA,autor:UCQtICyzWmhC5woCtbNgaSmg,1
autor:UCDPWkUX3sNNaCx-m1dV4glA,autor:UCljDbleJul41G1TzOjOZAVA,1
autor:UCDPWkUX3sNNaCx-m1dV4glA,autor:UCUIIIPTVDVHAXqhC_5V6lPA,1
autor:UCDPWkUX3sNNaCx-m1dV4glA,autor:UCj-LL25XJnjxepPKCc3NGog,1
autor:UCDPWkUX3sNNaCx-m1dV4glA,autor:UCtUR3_CAiE7fCoZHM6cMfyQ,1
autor:UCDPWkUX3sNNaCx-m1dV4glA,autor:UCErZPJpHmLCsXs8ZWkAUupQ,1
autor:UCDPWkUX3sNNaCx-m1dV4glA,autor:UCQ_-LPP8JAbfkc-b1Q6NvWw,1
autor:UCDPWkUX3sNNaCx-m1dV4glA,autor:UCr1emrogPKkKTs_WTtx71xg,1
autor:UCDPWkUX3sNNaCx-m1dV4glA,autor:UCOh6DaZC_x9HASnlRylEMfw,1
autor:UCDPWkUX3sNNaCx-m1dV4glA,autor:UCSou6a2OuYGSvPjm5psquyA,1
autor:UCDPWkUX3sNNaCx-m1dV4glA,autor:UCV0iizTBoOfdAFX_thfI9BA,1
autor:UCDPWkUX3sNNaCx-m1dV4glA,autor:UCsjs5Hp_r86x1xbK6FAeqaA,1
autor:UCDPWkUX3sNNaCx-m1dV4glA,autor:UCwha8rxULYMVtNwZWeSkE1A,1
autor:UCDPWkUX3sNNaCx-m1dV4glA,autor:UCFxE8GbokBrBsPEKM1xrOjQ,1
autor:UCDPWkUX3sNNaCx-m1dV4glA,autor:UCwW2OFy95P7ZBkOPxWkpvYg,1
autor:UCDPWkUX3sNNaCx-m1dV4glA,autor:UCFUuDARXdmmIrLppEqf-rFg,1
autor:UCDPWkUX3sNNaCx-m1dV4glA,autor:UCpl8rF8uv_8uui-QRvuJaRA,1
autor:UCDPWkUX3sNNaCx-m1dV4glA,autor:UCRETAiYdh2dL5ZxB0_N1zDA,1
autor:UCDPWkUX3sNNaCx-m1dV4glA,autor:UCsJJAvrVGupdmhOqgtDp8dg,1
autor:UCDPWkUX3sNNaCx-m1dV4glA,autor:UCTP3O0rMnc8z8v8jaDQwL0w,1
autor:UCDPWkUX3sNNaCx-m1dV4glA,autor:UCN6qbfPSzFtjhqUDZ3Cv3CQ,1
autor:UCDPWkUX3sNNaCx-m1dV4glA,autor:UCvApqeCbLod-wejtT4CcVuA,1
autor:UCDPWkUX3sNNaCx-m1dV4glA,autor:UCYN4wSQ1Sx4_LurxLlW7MPg,1
autor:UCDPWkUX3sNNaCx-m1dV4glA,autor:UCueV9cTyTDwgQSec1x2dYgA,1
autor:UCDPWkUX3sNNaCx-m1dV4glA,autor:UChgkn5Jt5tWKYMoEOuCjz3Q,1
autor:UCDPWkUX3sNNaCx-m1dV4glA,autor:UCEgEQmRbtL5fwr9_DqAC--g,1
autor:UCDPWkUX3sNNaCx-m1dV4glA,autor:UCRlCV9zSn7avAWh-9_XFWqQ,1
autor:UCDPWkUX3sNNaCx-m1dV4glA,autor:UCiMythXHsw7eQEMykCdmMUA,1
autor:UCDPWkUX3sNNaCx-m1dV4glA,autor:UCz3gu01bmjNv0DpRq-K3XYg,1
autor:UCDPWkUX3sNNaCx-m1dV4glA,autor:UCkd9W714-947dEE6ZOEBATA,1
autor:UCDPWkUX3sNNaCx-m1dV4glA,autor:UCDlr1VadSucIZgZ171pRBjQ,1
autor:UCDPWkUX3sNNaCx-m1dV4glA,autor:UCGzXwyCzMzGmjmCbH3Hg01Q,1
autor:UCDPWkUX3sNNaCx-m1dV4glA,autor:UCTwSut16JyAg3mX6LVUNGqA,1
autor:UCDPWkUX3sNNaCx-m1dV4glA,autor:UCFhxtoeARHPnXXPcDrOU3Xg,1
autor:UCDPWkUX3sNNaCx-m1dV4glA,autor:UCKDR0f2fu2UzWL8mBv5-BHw,1
autor:UCDPWkUX3sNNaCx-m1dV4glA,autor:UCXXh7yg5KUFIWylTiKVEFKQ,1
autor:UCDPWkUX3sNNaCx-m1dV4glA,autor:UCylqlpsh8ENNM1LqgQ1KbxA,1
autor:UCDPWkUX3sNNaCx-m1dV4glA,autor:UCYwpX26TrCxq8TvbKGRYLXA,1
autor:UCDPWkUX3sNNaCx-m1dV4glA,autor:UCHTGCgY2l-DQJIvlA_cpa_Q,1
autor:UCDPWkUX3sNNaCx-m1dV4glA,autor:UCwO2SXr0ggzwg6QWWrr01nQ,1
autor:UCDPWkUX3sNNaCx-m1dV4glA,autor:UCXgr7vXlRrsaskPdo097kGA,1
autor:UCDPWkUX3sNNaCx-m1dV4glA,autor:UCL1MT278vSaQ83ZDkVWn1gw,1
autor:UCDPWkUX3sNNaCx-m1dV4glA,autor:UCsSXdJct-nsS8DsABoEsaYA,1
autor:UCDPWkUX3sNNaCx-m1dV4glA,autor:UCDQaQv0hr2SS_PO-CMEwVHg,1
autor:UCDPWkUX3sNNaCx-m1dV4glA,autor:UCcfdg8crmMJwEuLUsAhV7yg,1
autor:UCDPWkUX3sNNaCx-m1dV4glA,autor:UCiGRBf2RNF0WRKhRVT7zFoA,1
autor:UCDPWkUX3sNNaCx-m1dV4glA,autor:UCWIZUtKJ636y-4TYrNvok0g,1
autor:UCDPWkUX3sNNaCx-m1dV4glA,autor:UCTD6q1nyIe3Y7HhqjaMj72w,1
autor:UCDPWkUX3sNNaCx-m1dV4glA,autor:UCLggDc_a5HriXv7I1h02sOA,1
autor:UCDPWkUX3sNNaCx-m1dV4glA,autor:UCLFdHr9BEbXHkoJopbEPLZw,1
autor:UCDPWkUX3sNNaCx-m1dV4glA,autor:UCplrIQtaPj6au60_f2-mOYw,1
autor:UCDPWkUX3sNNaCx-m1dV4glA,autor:UCxff05WuyvwELNITi7bj7UA,1
autor:UCDPWkUX3sNNaCx-m1dV4glA,autor:UCgvw7xIdGFupzpt1Y_BFkEA,1
autor:UCDPWkUX3sNNaCx-m1dV4glA,autor:UCipetjeiWj4CZB6EbyYziZg,1
autor:UCDPWkUX3sNNaCx-m1dV4glA,autor:UChep9kVb5gQmpodEEl10Xlg,1
autor:UCDQaQv0hr2SS_PO-CMEwVHg,autor:UCNBnKqWf4d-rS4HwJRQljmQ,1
autor:UCDQaQv0hr2SS_PO-CMEwVHg,autor:UCRelkU8JiZBytTzebJxaa-w,1
autor:UCDQaQv0hr2SS_PO-CMEwVHg,autor:UCzoL2l5H5eVlorWGH8AZfAg,1
autor:UCDQaQv0hr2SS_PO-CMEwVHg,autor:UCOLGv5Pf6BF2wFcwUzgcvHg,1
autor:UCDQaQv0hr2SS_PO-CMEwVHg,autor:UCl0ekS9Tt0jJGtOEM18S63w,1
autor:UCDQaQv0hr2SS_PO-CMEwVHg,autor:UCXSkL3ejZ8qWYyF_M7s_QKA,1
autor:UCDQaQv0hr2SS_PO-CMEwVHg,autor:UCySYJU5kUh7X8gVt9la2ISA,1
autor:UCDQaQv0hr2SS_PO-CMEwVHg,autor:UCL13XhnRzbGokEkCkEOb0-g,1
autor:UCDQaQv0hr2SS_PO-CMEwVHg,autor:UCZ51R_9Q9C0c8I3pAWhtmjQ,1
autor:UCDQaQv0hr2SS_PO-CMEwVHg,autor:UCp4iw5_5SmV9VGTFSNVGOmQ,1
autor:UCDQaQv0hr2SS_PO-CMEwVHg,autor:UCDUffaruH6dyUnUGwsTKpgg,1
autor:UCDQaQv0hr2SS_PO-CMEwVHg,autor:UCut6b9S98nv84cVX89PmKzA,1
autor:UCDQaQv0hr2SS_PO-CMEwVHg,autor:UCsUCN0Yq_UyTvKjOJLmNrnQ,1
autor:UCDQaQv0hr2SS_PO-CMEwVHg,autor:UCZLG9qH0tUjNhEGFIUt0CYw,1
autor:UCDQaQv0hr2SS_PO-CMEwVHg,autor:UChs3tU2BcKOT0CezykvAsGw,1
autor:UCDQaQv0hr2SS_PO-CMEwVHg,autor:UCrJn_rbo_ENAdeqneS-RmRw,1
autor:UCDQaQv0hr2SS_PO-CMEwVHg,autor:UCThW2XNsAaBKme5PUt7n-Zg,1
autor:UCDQaQv0hr2SS_PO-CMEwVHg,autor:UCmvOgzmmXbjUthHy-WJ52hQ,1
autor:UCDQaQv0hr2SS_PO-CMEwVHg,autor:UCpsKOkt5iWTbenzeuq7dsmQ,1
autor:UCDQaQv0hr2SS_PO-CMEwVHg,autor:UCFoIAE8k82D6AV-8gjjKaNg,1
autor:UCDQaQv0hr2SS_PO-CMEwVHg,autor:UCFjudnPLoaSL1BaRuLahyHg,1
autor:UCDQaQv0hr2SS_PO-CMEwVHg,autor:UCi1b_TRQfgO1Z9O2gNGGWNA,1
autor:UCDQaQv0hr2SS_PO-CMEwVHg,autor:UCfM3nrxtTQMY5jFx1v1J4Gg,1
autor:UCDQaQv0hr2SS_PO-CMEwVHg,autor:UCjmPuazZJzscrwvk0QR9RVw,1
autor:UCDQaQv0hr2SS_PO-CMEwVHg,autor:UCtNfIBnc5S5DbbQj_yxgJTw,1
autor:UCDQaQv0hr2SS_PO-CMEwVHg,autor:UCmjppp6ujz3SAnULvP3sZMw,1
autor:UCDQaQv0hr2SS_PO-CMEwVHg,autor:UCzSfZlOVxBSs5ObD25ywxDQ,1
autor:UCDQaQv0hr2SS_PO-CMEwVHg,autor:UCTylKrsqkrBKIqubMu_5N0Q,1
autor:UCDQaQv0hr2SS_PO-CMEwVHg,autor:UCQqetiwzzmRNTM5OWuXarGQ,1
autor:UCDQaQv0hr2SS_PO-CMEwVHg,autor:UCOS8ViEkccrTZx2w2ccxotA,1
autor:UCDQaQv0hr2SS_PO-CMEwVHg,autor:UCh5ESQvtzyHDhCA7XyekCFA,1
autor:UCDQaQv0hr2SS_PO-CMEwVHg,autor:UCNkcuy42zEwddwEcOd_HpnA,1
autor:UCDQaQv0hr2SS_PO-CMEwVHg,autor:UCjSKM9j0Q7HLDr1hD6D-TUw,1
autor:UCDQaQv0hr2SS_PO-CMEwVHg,autor:UCujPF2nBgsTD62nWE3lcpIg,1
autor:UCDQaQv0hr2SS_PO-CMEwVHg,autor:UCpIdtvoFHVLGASGB5ySqIEA,1
autor:UCDQaQv0hr2SS_PO-CMEwVHg,autor:UChZknRmJkeGeQk0-mQuhDOg,1
autor:UCDQaQv0hr2SS_PO-CMEwVHg,autor:UCQtSFINs1h6GHkpg9o5kMvg,1
autor:UCDQaQv0hr2SS_PO-CMEwVHg,autor:UCQgYjVngJRfPHDLGB5X6ZjA,1
autor:UCDQaQv0hr2SS_PO-CMEwVHg,autor:UCHhHUjaMAZ8SiXdCUCj9DkQ,1
autor:UCDQaQv0hr2SS_PO-CMEwVHg,autor:UCDftMWXQoJ6nONfY7GVOVjg,1
autor:UCDQaQv0hr2SS_PO-CMEwVHg,autor:UCXr8_5WtGeipe4haOoQDgyQ,1
autor:UCDQaQv0hr2SS_PO-CMEwVHg,autor:UCQtICyzWmhC5woCtbNgaSmg,1
autor:UCDQaQv0hr2SS_PO-CMEwVHg,autor:UCljDbleJul41G1TzOjOZAVA,1
autor:UCDQaQv0hr2SS_PO-CMEwVHg,autor:UCUIIIPTVDVHAXqhC_5V6lPA,1
autor:UCDQaQv0hr2SS_PO-CMEwVHg,autor:UCj-LL25XJnjxepPKCc3NGog,1
autor:UCDQaQv0hr2SS_PO-CMEwVHg,autor:UCtUR3_CAiE7fCoZHM6cMfyQ,1
autor:UCDQaQv0hr2SS_PO-CMEwVHg,autor:UCErZPJpHmLCsXs8ZWkAUupQ,1
autor:UCDQaQv0hr2SS_PO-CMEwVHg,autor:UCQ_-LPP8JAbfkc-b1Q6NvWw,1
autor:UCDQaQv0hr2SS_PO-CMEwVHg,autor:UCr1emrogPKkKTs_WTtx71xg,1
autor:UCDQaQv0hr2SS_PO-CMEwVHg,autor:UCOh6DaZC_x9HASnlRylEMfw,1
autor:UCDQaQv0hr2SS_PO-CMEwVHg,autor:UCSou6a2OuYGSvPjm5psquyA,1
autor:UCDQaQv0hr2SS_PO-CMEwVHg,autor:UCV0iizTBoOfdAFX_thfI9BA,1
autor:UCDQaQv0hr2SS_PO-CMEwVHg,autor:UCsjs5Hp_r86x1xbK6FAeqaA,1
autor:UCDQaQv0hr2SS_PO-CMEwVHg,autor:UCwha8rxULYMVtNwZWeSkE1A,1
autor:UCDQaQv0hr2SS_PO-CMEwVHg,autor:UCFxE8GbokBrBsPEKM1xrOjQ,1
autor:UCDQaQv0hr2SS_PO-CMEwVHg,autor:UCwW2OFy95P7ZBkOPxWkpvYg,1
autor:UCDQaQv0hr2SS_PO-CMEwVHg,autor:UCFUuDARXdmmIrLppEqf-rFg,1
autor:UCDQaQv0hr2SS_PO-CMEwVHg,autor:UCpl8rF8uv_8uui-QRvuJaRA,1
autor:UCDQaQv0hr2SS_PO-CMEwVHg,autor:UCRETAiYdh2dL5ZxB0_N1zDA,1
autor:UCDQaQv0hr2SS_PO-CMEwVHg,autor:UCsJJAvrVGupdmhOqgtDp8dg,1
autor:UCDQaQv0hr2SS_PO-CMEwVHg,autor:UCTP3O0rMnc8z8v8jaDQwL0w,1
autor:UCDQaQv0hr2SS_PO-CMEwVHg,autor:UCN6qbfPSzFtjhqUDZ3Cv3CQ,1
autor:UCDQaQv0hr2SS_PO-CMEwVHg,autor:UCvApqeCbLod-wejtT4CcVuA,1
autor:UCDQaQv0hr2SS_PO-CMEwVHg,autor:UCYN4wSQ1Sx4_LurxLlW7MPg,1
autor:UCDQaQv0hr2SS_PO-CMEwVHg,autor:UCueV9cTyTDwgQSec1x2dYgA,1
autor:UCDQaQv0hr2SS_PO-CMEwVHg,autor:UChgkn5Jt5tWKYMoEOuCjz3Q,1
autor:UCDQaQv0hr2SS_PO-CMEwVHg,autor:UCEgEQmRbtL5fwr9_DqAC--g,1
autor:UCDQaQv0hr2SS_PO-CMEwVHg,autor:UCRlCV9zSn7avAWh-9_XFWqQ,1
autor:UCDQaQv0hr2SS_PO-CMEwVHg,autor:UCiMythXHsw7eQEMykCdmMUA,1
autor:UCDQaQv0hr2SS_PO-CMEwVHg,autor:UCz3gu01bmjNv0DpRq-K3XYg,1
autor:UCDQaQv0hr2SS_PO-CMEwVHg,autor:UCkd9W714-947dEE6ZOEBATA,1
autor:UCDQaQv0hr2SS_PO-CMEwVHg,autor:UCDlr1VadSucIZgZ171pRBjQ,1
autor:UCDQaQv0hr2SS_PO-CMEwVHg,autor:UCGzXwyCzMzGmjmCbH3Hg01Q,1
autor:UCDQaQv0hr2SS_PO-CMEwVHg,autor:UCTwSut16JyAg3mX6LVUNGqA,1
autor:UCDQaQv0hr2SS_PO-CMEwVHg,autor:UCFhxtoeARHPnXXPcDrOU3Xg,1
autor:UCDQaQv0hr2SS_PO-CMEwVHg,autor:UCKDR0f2fu2UzWL8mBv5-BHw,1
autor:UCDQaQv0hr2SS_PO-CMEwVHg,autor:UCXXh7yg5KUFIWylTiKVEFKQ,1
autor:UCDQaQv0hr2SS_PO-CMEwVHg,autor:UCylqlpsh8ENNM1LqgQ1KbxA,1
autor:UCDQaQv0hr2SS_PO-CMEwVHg,autor:UCYwpX26TrCxq8TvbKGRYLXA,1
autor:UCDQaQv0hr2SS_PO-CMEwVHg,autor:UCHTGCgY2l-DQJIvlA_cpa_Q,1
autor:UCDQaQv0hr2SS_PO-CMEwVHg,autor:UCwO2SXr0ggzwg6QWWrr01nQ,1
autor:UCDQaQv0hr2SS_PO-CMEwVHg,autor:UCXgr7vXlRrsaskPdo097kGA,1
autor:UCDQaQv0hr2SS_PO-CMEwVHg,autor:UCL1MT278vSaQ83ZDkVWn1gw,1
autor:UCDQaQv0hr2SS_PO-CMEwVHg,autor:UCsSXdJct-nsS8DsABoEsaYA,1
autor:UCDQaQv0hr2SS_PO-CMEwVHg,autor:UCcfdg8crmMJwEuLUsAhV7yg,1
autor:UCDQaQv0hr2SS_PO-CMEwVHg,autor:UCiGRBf2RNF0WRKhRVT7zFoA,1
autor:UCDQaQv0hr2SS_PO-CMEwVHg,autor:UCWIZUtKJ636y-4TYrNvok0g,1
autor:UCDQaQv0hr2SS_PO-CMEwVHg,autor:UCTD6q1nyIe3Y7HhqjaMj72w,1
autor:UCDQaQv0hr2SS_PO-CMEwVHg,autor:UCLggDc_a5HriXv7I1h02sOA,1
autor:UCDQaQv0hr2SS_PO-CMEwVHg,autor:UCLFdHr9BEbXHkoJopbEPLZw,1
autor:UCDQaQv0hr2SS_PO-CMEwVHg,autor:UCplrIQtaPj6au60_f2-mOYw,1
autor:UCDQaQv0hr2SS_PO-CMEwVHg,autor:UCxff05WuyvwELNITi7bj7UA,1
autor:UCDQaQv0hr2SS_PO-CMEwVHg,autor:UCgvw7xIdGFupzpt1Y_BFkEA,1
autor:UCDQaQv0hr2SS_PO-CMEwVHg,autor:UCipetjeiWj4CZB6EbyYziZg,1
autor:UCDQaQv0hr2SS_PO-CMEwVHg,autor:UChep9kVb5gQmpodEEl10Xlg,1
autor:UCDUffaruH6dyUnUGwsTKpgg,autor:UCNBnKqWf4d-rS4HwJRQljmQ,1
autor:UCDUffaruH6dyUnUGwsTKpgg,autor:UCRelkU8JiZBytTzebJxaa-w,1
autor:UCDUffaruH6dyUnUGwsTKpgg,autor:UCzoL2l5H5eVlorWGH8AZfAg,1
autor:UCDUffaruH6dyUnUGwsTKpgg,autor:UCOLGv5Pf6BF2wFcwUzgcvHg,1
autor:UCDUffaruH6dyUnUGwsTKpgg,autor:UCl0ekS9Tt0jJGtOEM18S63w,1
autor:UCDUffaruH6dyUnUGwsTKpgg,autor:UCXSkL3ejZ8qWYyF_M7s_QKA,1
autor:UCDUffaruH6dyUnUGwsTKpgg,autor:UCySYJU5kUh7X8gVt9la2ISA,1
autor:UCDUffaruH6dyUnUGwsTKpgg,autor:UCL13XhnRzbGokEkCkEOb0-g,1
autor:UCDUffaruH6dyUnUGwsTKpgg,autor:UCZ51R_9Q9C0c8I3pAWhtmjQ,1
autor:UCDUffaruH6dyUnUGwsTKpgg,autor:UCp4iw5_5SmV9VGTFSNVGOmQ,1
autor:UCDUffaruH6dyUnUGwsTKpgg,autor:UCut6b9S98nv84cVX89PmKzA,1
autor:UCDUffaruH6dyUnUGwsTKpgg,autor:UCsUCN0Yq_UyTvKjOJLmNrnQ,1
autor:UCDUffaruH6dyUnUGwsTKpgg,autor:UCZLG9qH0tUjNhEGFIUt0CYw,1
autor:UCDUffaruH6dyUnUGwsTKpgg,autor:UChs3tU2BcKOT0CezykvAsGw,1
autor:UCDUffaruH6dyUnUGwsTKpgg,autor:UCrJn_rbo_ENAdeqneS-RmRw,1
autor:UCDUffaruH6dyUnUGwsTKpgg,autor:UCThW2XNsAaBKme5PUt7n-Zg,1
autor:UCDUffaruH6dyUnUGwsTKpgg,autor:UCmvOgzmmXbjUthHy-WJ52hQ,1
autor:UCDUffaruH6dyUnUGwsTKpgg,autor:UCpsKOkt5iWTbenzeuq7dsmQ,1
autor:UCDUffaruH6dyUnUGwsTKpgg,autor:UCFoIAE8k82D6AV-8gjjKaNg,1
autor:UCDUffaruH6dyUnUGwsTKpgg,autor:UCFjudnPLoaSL1BaRuLahyHg,1
autor:UCDUffaruH6dyUnUGwsTKpgg,autor:UCi1b_TRQfgO1Z9O2gNGGWNA,1
autor:UCDUffaruH6dyUnUGwsTKpgg,autor:UCfM3nrxtTQMY5jFx1v1J4Gg,1
autor:UCDUffaruH6dyUnUGwsTKpgg,autor:UCjmPuazZJzscrwvk0QR9RVw,1
autor:UCDUffaruH6dyUnUGwsTKpgg,autor:UCtNfIBnc5S5DbbQj_yxgJTw,1
autor:UCDUffaruH6dyUnUGwsTKpgg,autor:UCmjppp6ujz3SAnULvP3sZMw,1
autor:UCDUffaruH6dyUnUGwsTKpgg,autor:UCzSfZlOVxBSs5ObD25ywxDQ,1
autor:UCDUffaruH6dyUnUGwsTKpgg,autor:UCTylKrsqkrBKIqubMu_5N0Q,1
autor:UCDUffaruH6dyUnUGwsTKpgg,autor:UCQqetiwzzmRNTM5OWuXarGQ,1
autor:UCDUffaruH6dyUnUGwsTKpgg,autor:UCOS8ViEkccrTZx2w2ccxotA,1
autor:UCDUffaruH6dyUnUGwsTKpgg,autor:UCh5ESQvtzyHDhCA7XyekCFA,1
autor:UCDUffaruH6dyUnUGwsTKpgg,autor:UCNkcuy42zEwddwEcOd_HpnA,1
autor:UCDUffaruH6dyUnUGwsTKpgg,autor:UCjSKM9j0Q7HLDr1hD6D-TUw,1
autor:UCDUffaruH6dyUnUGwsTKpgg,autor:UCujPF2nBgsTD62nWE3lcpIg,1
autor:UCDUffaruH6dyUnUGwsTKpgg,autor:UCpIdtvoFHVLGASGB5ySqIEA,1
autor:UCDUffaruH6dyUnUGwsTKpgg,autor:UChZknRmJkeGeQk0-mQuhDOg,1
autor:UCDUffaruH6dyUnUGwsTKpgg,autor:UCQtSFINs1h6GHkpg9o5kMvg,1
autor:UCDUffaruH6dyUnUGwsTKpgg,autor:UCQgYjVngJRfPHDLGB5X6ZjA,1
autor:UCDUffaruH6dyUnUGwsTKpgg,autor:UCHhHUjaMAZ8SiXdCUCj9DkQ,1
autor:UCDUffaruH6dyUnUGwsTKpgg,autor:UCDftMWXQoJ6nONfY7GVOVjg,1
autor:UCDUffaruH6dyUnUGwsTKpgg,autor:UCXr8_5WtGeipe4haOoQDgyQ,1
autor:UCDUffaruH6dyUnUGwsTKpgg,autor:UCQtICyzWmhC5woCtbNgaSmg,1
autor:UCDUffaruH6dyUnUGwsTKpgg,autor:UCljDbleJul41G1TzOjOZAVA,1
autor:UCDUffaruH6dyUnUGwsTKpgg,autor:UCUIIIPTVDVHAXqhC_5V6lPA,1
autor:UCDUffaruH6dyUnUGwsTKpgg,autor:UCj-LL25XJnjxepPKCc3NGog,1
autor:UCDUffaruH6dyUnUGwsTKpgg,autor:UCtUR3_CAiE7fCoZHM6cMfyQ,1
autor:UCDUffaruH6dyUnUGwsTKpgg,autor:UCErZPJpHmLCsXs8ZWkAUupQ,1
autor:UCDUffaruH6dyUnUGwsTKpgg,autor:UCQ_-LPP8JAbfkc-b1Q6NvWw,1
autor:UCDUffaruH6dyUnUGwsTKpgg,autor:UCr1emrogPKkKTs_WTtx71xg,1
autor:UCDUffaruH6dyUnUGwsTKpgg,autor:UCOh6DaZC_x9HASnlRylEMfw,1
autor:UCDUffaruH6dyUnUGwsTKpgg,autor:UCSou6a2OuYGSvPjm5psquyA,1
autor:UCDUffaruH6dyUnUGwsTKpgg,autor:UCV0iizTBoOfdAFX_thfI9BA,1
autor:UCDUffaruH6dyUnUGwsTKpgg,autor:UCsjs5Hp_r86x1xbK6FAeqaA,1
autor:UCDUffaruH6dyUnUGwsTKpgg,autor:UCwha8rxULYMVtNwZWeSkE1A,1
autor:UCDUffaruH6dyUnUGwsTKpgg,autor:UCFxE8GbokBrBsPEKM1xrOjQ,1
autor:UCDUffaruH6dyUnUGwsTKpgg,autor:UCwW2OFy95P7ZBkOPxWkpvYg,1
autor:UCDUffaruH6dyUnUGwsTKpgg,autor:UCFUuDARXdmmIrLppEqf-rFg,1
autor:UCDUffaruH6dyUnUGwsTKpgg,autor:UCpl8rF8uv_8uui-QRvuJaRA,1
autor:UCDUffaruH6dyUnUGwsTKpgg,autor:UCRETAiYdh2dL5ZxB0_N1zDA,1
autor:UCDUffaruH6dyUnUGwsTKpgg,autor:UCsJJAvrVGupdmhOqgtDp8dg,1
autor:UCDUffaruH6dyUnUGwsTKpgg,autor:UCTP3O0rMnc8z8v8jaDQwL0w,1
autor:UCDUffaruH6dyUnUGwsTKpgg,autor:UCN6qbfPSzFtjhqUDZ3Cv3CQ,1
autor:UCDUffaruH6dyUnUGwsTKpgg,autor:UCvApqeCbLod-wejtT4CcVuA,1
autor:UCDUffaruH6dyUnUGwsTKpgg,autor:UCYN4wSQ1Sx4_LurxLlW7MPg,1
autor:UCDUffaruH6dyUnUGwsTKpgg,autor:UCueV9cTyTDwgQSec1x2dYgA,1
autor:UCDUffaruH6dyUnUGwsTKpgg,autor:UChgkn5Jt5tWKYMoEOuCjz3Q,1
autor:UCDUffaruH6dyUnUGwsTKpgg,autor:UCEgEQmRbtL5fwr9_DqAC--g,1
autor:UCDUffaruH6dyUnUGwsTKpgg,autor:UCRlCV9zSn7avAWh-9_XFWqQ,1
autor:UCDUffaruH6dyUnUGwsTKpgg,autor:UCiMythXHsw7eQEMykCdmMUA,1
autor:UCDUffaruH6dyUnUGwsTKpgg,autor:UCz3gu01bmjNv0DpRq-K3XYg,1
autor:UCDUffaruH6dyUnUGwsTKpgg,autor:UCkd9W714-947dEE6ZOEBATA,1
autor:UCDUffaruH6dyUnUGwsTKpgg,autor:UCDlr1VadSucIZgZ171pRBjQ,1
autor:UCDUffaruH6dyUnUGwsTKpgg,autor:UCGzXwyCzMzGmjmCbH3Hg01Q,1
autor:UCDUffaruH6dyUnUGwsTKpgg,autor:UCTwSut16JyAg3mX6LVUNGqA,1
autor:UCDUffaruH6dyUnUGwsTKpgg,autor:UCFhxtoeARHPnXXPcDrOU3Xg,1
autor:UCDUffaruH6dyUnUGwsTKpgg,autor:UCKDR0f2fu2UzWL8mBv5-BHw,1
autor:UCDUffaruH6dyUnUGwsTKpgg,autor:UCXXh7yg5KUFIWylTiKVEFKQ,1
autor:UCDUffaruH6dyUnUGwsTKpgg,autor:UCylqlpsh8ENNM1LqgQ1KbxA,1
autor:UCDUffaruH6dyUnUGwsTKpgg,autor:UCYwpX26TrCxq8TvbKGRYLXA,1
autor:UCDUffaruH6dyUnUGwsTKpgg,autor:UCHTGCgY2l-DQJIvlA_cpa_Q,1
autor:UCDUffaruH6dyUnUGwsTKpgg,autor:UCwO2SXr0ggzwg6QWWrr01nQ,1
autor:UCDUffaruH6dyUnUGwsTKpgg,autor:UCXgr7vXlRrsaskPdo097kGA,1
autor:UCDUffaruH6dyUnUGwsTKpgg,autor:UCL1MT278vSaQ83ZDkVWn1gw,1
autor:UCDUffaruH6dyUnUGwsTKpgg,autor:UCsSXdJct-nsS8DsABoEsaYA,1
autor:UCDUffaruH6dyUnUGwsTKpgg,autor:UCcfdg8crmMJwEuLUsAhV7yg,1
autor:UCDUffaruH6dyUnUGwsTKpgg,autor:UCiGRBf2RNF0WRKhRVT7zFoA,1
autor:UCDUffaruH6dyUnUGwsTKpgg,autor:UCWIZUtKJ636y-4TYrNvok0g,1
autor:UCDUffaruH6dyUnUGwsTKpgg,autor:UCTD6q1nyIe3Y7HhqjaMj72w,1
autor:UCDUffaruH6dyUnUGwsTKpgg,autor:UCLggDc_a5HriXv7I1h02sOA,1
autor:UCDUffaruH6dyUnUGwsTKpgg,autor:UCLFdHr9BEbXHkoJopbEPLZw,1
autor:UCDUffaruH6dyUnUGwsTKpgg,autor:UCplrIQtaPj6au60_f2-mOYw,1
autor:UCDUffaruH6dyUnUGwsTKpgg,autor:UCxff05WuyvwELNITi7bj7UA,1
autor:UCDUffaruH6dyUnUGwsTKpgg,autor:UCgvw7xIdGFupzpt1Y_BFkEA,1
autor:UCDUffaruH6dyUnUGwsTKpgg,autor:UCipetjeiWj4CZB6EbyYziZg,1
autor:UCDUffaruH6dyUnUGwsTKpgg,autor:UChep9kVb5gQmpodEEl10Xlg,1
autor:UCDftMWXQoJ6nONfY7GVOVjg,autor:UCNBnKqWf4d-rS4HwJRQljmQ,1
autor:UCDftMWXQoJ6nONfY7GVOVjg,autor:UCRelkU8JiZBytTzebJxaa-w,1
autor:UCDftMWXQoJ6nONfY7GVOVjg,autor:UCzoL2l5H5eVlorWGH8AZfAg,1
autor:UCDftMWXQoJ6nONfY7GVOVjg,autor:UCOLGv5Pf6BF2wFcwUzgcvHg,1
autor:UCDftMWXQoJ6nONfY7GVOVjg,autor:UCl0ekS9Tt0jJGtOEM18S63w,1
autor:UCDftMWXQoJ6nONfY7GVOVjg,autor:UCXSkL3ejZ8qWYyF_M7s_QKA,1
autor:UCDftMWXQoJ6nONfY7GVOVjg,autor:UCySYJU5kUh7X8gVt9la2ISA,1
autor:UCDftMWXQoJ6nONfY7GVOVjg,autor:UCL13XhnRzbGokEkCkEOb0-g,1
autor:UCDftMWXQoJ6nONfY7GVOVjg,autor:UCZ51R_9Q9C0c8I3pAWhtmjQ,1
autor:UCDftMWXQoJ6nONfY7GVOVjg,autor:UCp4iw5_5SmV9VGTFSNVGOmQ,1
autor:UCDftMWXQoJ6nONfY7GVOVjg,autor:UCut6b9S98nv84cVX89PmKzA,1
autor:UCDftMWXQoJ6nONfY7GVOVjg,autor:UCsUCN0Yq_UyTvKjOJLmNrnQ,1
autor:UCDftMWXQoJ6nONfY7GVOVjg,autor:UCZLG9qH0tUjNhEGFIUt0CYw,1
autor:UCDftMWXQoJ6nONfY7GVOVjg,autor:UChs3tU2BcKOT0CezykvAsGw,1
autor:UCDftMWXQoJ6nONfY7GVOVjg,autor:UCrJn_rbo_ENAdeqneS-RmRw,1
autor:UCDftMWXQoJ6nONfY7GVOVjg,autor:UCThW2XNsAaBKme5PUt7n-Zg,1
autor:UCDftMWXQoJ6nONfY7GVOVjg,autor:UCmvOgzmmXbjUthHy-WJ52hQ,1
autor:UCDftMWXQoJ6nONfY7GVOVjg,autor:UCpsKOkt5iWTbenzeuq7dsmQ,1
autor:UCDftMWXQoJ6nONfY7GVOVjg,autor:UCFoIAE8k82D6AV-8gjjKaNg,1
autor:UCDftMWXQoJ6nONfY7GVOVjg,autor:UCFjudnPLoaSL1BaRuLahyHg,1
autor:UCDftMWXQoJ6nONfY7GVOVjg,autor:UCi1b_TRQfgO1Z9O2gNGGWNA,1
autor:UCDftMWXQoJ6nONfY7GVOVjg,autor:UCfM3nrxtTQMY5jFx1v1J4Gg,1
autor:UCDftMWXQoJ6nONfY7GVOVjg,autor:UCjmPuazZJzscrwvk0QR9RVw,1
autor:UCDftMWXQoJ6nONfY7GVOVjg,autor:UCtNfIBnc5S5DbbQj_yxgJTw,1
autor:UCDftMWXQoJ6nONfY7GVOVjg,autor:UCmjppp6ujz3SAnULvP3sZMw,1
autor:UCDftMWXQoJ6nONfY7GVOVjg,autor:UCzSfZlOVxBSs5ObD25ywxDQ,1
autor:UCDftMWXQoJ6nONfY7GVOVjg,autor:UCTylKrsqkrBKIqubMu_5N0Q,1
autor:UCDftMWXQoJ6nONfY7GVOVjg,autor:UCQqetiwzzmRNTM5OWuXarGQ,1
autor:UCDftMWXQoJ6nONfY7GVOVjg,autor:UCOS8ViEkccrTZx2w2ccxotA,1
autor:UCDftMWXQoJ6nONfY7GVOVjg,autor:UCh5ESQvtzyHDhCA7XyekCFA,1
autor:UCDftMWXQoJ6nONfY7GVOVjg,autor:UCNkcuy42zEwddwEcOd_HpnA,1
autor:UCDftMWXQoJ6nONfY7GVOVjg,autor:UCjSKM9j0Q7HLDr1hD6D-TUw,1
autor:UCDftMWXQoJ6nONfY7GVOVjg,autor:UCujPF2nBgsTD62nWE3lcpIg,1
autor:UCDftMWXQoJ6nONfY7GVOVjg,autor:UCpIdtvoFHVLGASGB5ySqIEA,1
autor:UCDftMWXQoJ6nONfY7GVOVjg,autor:UChZknRmJkeGeQk0-mQuhDOg,1
autor:UCDftMWXQoJ6nONfY7GVOVjg,autor:UCQtSFINs1h6GHkpg9o5kMvg,1
autor:UCDftMWXQoJ6nONfY7GVOVjg,autor:UCQgYjVngJRfPHDLGB5X6ZjA,1
autor:UCDftMWXQoJ6nONfY7GVOVjg,autor:UCHhHUjaMAZ8SiXdCUCj9DkQ,1
autor:UCDftMWXQoJ6nONfY7GVOVjg,autor:UCXr8_5WtGeipe4haOoQDgyQ,1
autor:UCDftMWXQoJ6nONfY7GVOVjg,autor:UCQtICyzWmhC5woCtbNgaSmg,1
autor:UCDftMWXQoJ6nONfY7GVOVjg,autor:UCljDbleJul41G1TzOjOZAVA,1
autor:UCDftMWXQoJ6nONfY7GVOVjg,autor:UCUIIIPTVDVHAXqhC_5V6lPA,1
autor:UCDftMWXQoJ6nONfY7GVOVjg,autor:UCj-LL25XJnjxepPKCc3NGog,1
autor:UCDftMWXQoJ6nONfY7GVOVjg,autor:UCtUR3_CAiE7fCoZHM6cMfyQ,1
autor:UCDftMWXQoJ6nONfY7GVOVjg,autor:UCErZPJpHmLCsXs8ZWkAUupQ,1
autor:UCDftMWXQoJ6nONfY7GVOVjg,autor:UCQ_-LPP8JAbfkc-b1Q6NvWw,1
autor:UCDftMWXQoJ6nONfY7GVOVjg,autor:UCr1emrogPKkKTs_WTtx71xg,1
autor:UCDftMWXQoJ6nONfY7GVOVjg,autor:UCOh6DaZC_x9HASnlRylEMfw,1
autor:UCDftMWXQoJ6nONfY7GVOVjg,autor:UCSou6a2OuYGSvPjm5psquyA,1
autor:UCDftMWXQoJ6nONfY7GVOVjg,autor:UCV0iizTBoOfdAFX_thfI9BA,1
autor:UCDftMWXQoJ6nONfY7GVOVjg,autor:UCsjs5Hp_r86x1xbK6FAeqaA,1
autor:UCDftMWXQoJ6nONfY7GVOVjg,autor:UCwha8rxULYMVtNwZWeSkE1A,1
autor:UCDftMWXQoJ6nONfY7GVOVjg,autor:UCFxE8GbokBrBsPEKM1xrOjQ,1
autor:UCDftMWXQoJ6nONfY7GVOVjg,autor:UCwW2OFy95P7ZBkOPxWkpvYg,1
autor:UCDftMWXQoJ6nONfY7GVOVjg,autor:UCFUuDARXdmmIrLppEqf-rFg,1
autor:UCDftMWXQoJ6nONfY7GVOVjg,autor:UCpl8rF8uv_8uui-QRvuJaRA,1
autor:UCDftMWXQoJ6nONfY7GVOVjg,autor:UCRETAiYdh2dL5ZxB0_N1zDA,1
autor:UCDftMWXQoJ6nONfY7GVOVjg,autor:UCsJJAvrVGupdmhOqgtDp8dg,1
autor:UCDftMWXQoJ6nONfY7GVOVjg,autor:UCTP3O0rMnc8z8v8jaDQwL0w,1
autor:UCDftMWXQoJ6nONfY7GVOVjg,autor:UCN6qbfPSzFtjhqUDZ3Cv3CQ,1
autor:UCDftMWXQoJ6nONfY7GVOVjg,autor:UCvApqeCbLod-wejtT4CcVuA,1
autor:UCDftMWXQoJ6nONfY7GVOVjg,autor:UCYN4wSQ1Sx4_LurxLlW7MPg,1
autor:UCDftMWXQoJ6nONfY7GVOVjg,autor:UCueV9cTyTDwgQSec1x2dYgA,1
autor:UCDftMWXQoJ6nONfY7GVOVjg,autor:UChgkn5Jt5tWKYMoEOuCjz3Q,1
autor:UCDftMWXQoJ6nONfY7GVOVjg,autor:UCEgEQmRbtL5fwr9_DqAC--g,1
autor:UCDftMWXQoJ6nONfY7GVOVjg,autor:UCRlCV9zSn7avAWh-9_XFWqQ,1
autor:UCDftMWXQoJ6nONfY7GVOVjg,autor:UCiMythXHsw7eQEMykCdmMUA,1
autor:UCDftMWXQoJ6nONfY7GVOVjg,autor:UCz3gu01bmjNv0DpRq-K3XYg,1
autor:UCDftMWXQoJ6nONfY7GVOVjg,autor:UCkd9W714-947dEE6ZOEBATA,1
autor:UCDftMWXQoJ6nONfY7GVOVjg,autor:UCDlr1VadSucIZgZ171pRBjQ,1
autor:UCDftMWXQoJ6nONfY7GVOVjg,autor:UCGzXwyCzMzGmjmCbH3Hg01Q,1
autor:UCDftMWXQoJ6nONfY7GVOVjg,autor:UCTwSut16JyAg3mX6LVUNGqA,1
autor:UCDftMWXQoJ6nONfY7GVOVjg,autor:UCFhxtoeARHPnXXPcDrOU3Xg,1
autor:UCDftMWXQoJ6nONfY7GVOVjg,autor:UCKDR0f2fu2UzWL8mBv5-BHw,1
autor:UCDftMWXQoJ6nONfY7GVOVjg,autor:UCXXh7yg5KUFIWylTiKVEFKQ,1
autor:UCDftMWXQoJ6nONfY7GVOVjg,autor:UCylqlpsh8ENNM1LqgQ1KbxA,1
autor:UCDftMWXQoJ6nONfY7GVOVjg,autor:UCYwpX26TrCxq8TvbKGRYLXA,1
autor:UCDftMWXQoJ6nONfY7GVOVjg,autor:UCHTGCgY2l-DQJIvlA_cpa_Q,1
autor:UCDftMWXQoJ6nONfY7GVOVjg,autor:UCwO2SXr0ggzwg6QWWrr01nQ,1
autor:UCDftMWXQoJ6nONfY7GVOVjg,autor:UCXgr7vXlRrsaskPdo097kGA,1
autor:UCDftMWXQoJ6nONfY7GVOVjg,autor:UCL1MT278vSaQ83ZDkVWn1gw,1
autor:UCDftMWXQoJ6nONfY7GVOVjg,autor:UCsSXdJct-nsS8DsABoEsaYA,1
autor:UCDftMWXQoJ6nONfY7GVOVjg,autor:UCcfdg8crmMJwEuLUsAhV7yg,1
autor:UCDftMWXQoJ6nONfY7GVOVjg,autor:UCiGRBf2RNF0WRKhRVT7zFoA,1
autor:UCDftMWXQoJ6nONfY7GVOVjg,autor:UCWIZUtKJ636y-4TYrNvok0g,1
autor:UCDftMWXQoJ6nONfY7GVOVjg,autor:UCTD6q1nyIe3Y7HhqjaMj72w,1
autor:UCDftMWXQoJ6nONfY7GVOVjg,autor:UCLggDc_a5HriXv7I1h02sOA,1
autor:UCDftMWXQoJ6nONfY7GVOVjg,autor:UCLFdHr9BEbXHkoJopbEPLZw,1
autor:UCDftMWXQoJ6nONfY7GVOVjg,autor:UCplrIQtaPj6au60_f2-mOYw,1
autor:UCDftMWXQoJ6nONfY7GVOVjg,autor:UCxff05WuyvwELNITi7bj7UA,1
autor:UCDftMWXQoJ6nONfY7GVOVjg,autor:UCgvw7xIdGFupzpt1Y_BFkEA,1
autor:UCDftMWXQoJ6nONfY7GVOVjg,autor:UCipetjeiWj4CZB6EbyYziZg,1
autor:UCDftMWXQoJ6nONfY7GVOVjg,autor:UChep9kVb5gQmpodEEl10Xlg,1
autor:UCDlr1VadSucIZgZ171pRBjQ,autor:UCNBnKqWf4d-rS4HwJRQljmQ,1
autor:UCDlr1VadSucIZgZ171pRBjQ,autor:UCRelkU8JiZBytTzebJxaa-w,1
autor:UCDlr1VadSucIZgZ171pRBjQ,autor:UCzoL2l5H5eVlorWGH8AZfAg,1
autor:UCDlr1VadSucIZgZ171pRBjQ,autor:UCOLGv5Pf6BF2wFcwUzgcvHg,1
autor:UCDlr1VadSucIZgZ171pRBjQ,autor:UCl0ekS9Tt0jJGtOEM18S63w,1
autor:UCDlr1VadSucIZgZ171pRBjQ,autor:UCXSkL3ejZ8qWYyF_M7s_QKA,1
autor:UCDlr1VadSucIZgZ171pRBjQ,autor:UCySYJU5kUh7X8gVt9la2ISA,1
autor:UCDlr1VadSucIZgZ171pRBjQ,autor:UCL13XhnRzbGokEkCkEOb0-g,1
autor:UCDlr1VadSucIZgZ171pRBjQ,autor:UCZ51R_9Q9C0c8I3pAWhtmjQ,1
autor:UCDlr1VadSucIZgZ171pRBjQ,autor:UCp4iw5_5SmV9VGTFSNVGOmQ,1
autor:UCDlr1VadSucIZgZ171pRBjQ,autor:UCut6b9S98nv84cVX89PmKzA,1
autor:UCDlr1VadSucIZgZ171pRBjQ,autor:UCsUCN0Yq_UyTvKjOJLmNrnQ,1
autor:UCDlr1VadSucIZgZ171pRBjQ,autor:UCZLG9qH0tUjNhEGFIUt0CYw,1
autor:UCDlr1VadSucIZgZ171pRBjQ,autor:UChs3tU2BcKOT0CezykvAsGw,1
autor:UCDlr1VadSucIZgZ171pRBjQ,autor:UCrJn_rbo_ENAdeqneS-RmRw,1
autor:UCDlr1VadSucIZgZ171pRBjQ,autor:UCThW2XNsAaBKme5PUt7n-Zg,1
autor:UCDlr1VadSucIZgZ171pRBjQ,autor:UCmvOgzmmXbjUthHy-WJ52hQ,1
autor:UCDlr1VadSucIZgZ171pRBjQ,autor:UCpsKOkt5iWTbenzeuq7dsmQ,1
autor:UCDlr1VadSucIZgZ171pRBjQ,autor:UCFoIAE8k82D6AV-8gjjKaNg,1
autor:UCDlr1VadSucIZgZ171pRBjQ,autor:UCFjudnPLoaSL1BaRuLahyHg,1
autor:UCDlr1VadSucIZgZ171pRBjQ,autor:UCi1b_TRQfgO1Z9O2gNGGWNA,1
autor:UCDlr1VadSucIZgZ171pRBjQ,autor:UCfM3nrxtTQMY5jFx1v1J4Gg,1
autor:UCDlr1VadSucIZgZ171pRBjQ,autor:UCjmPuazZJzscrwvk0QR9RVw,1
autor:UCDlr1VadSucIZgZ171pRBjQ,autor:UCtNfIBnc5S5DbbQj_yxgJTw,1
autor:UCDlr1VadSucIZgZ171pRBjQ,autor:UCmjppp6ujz3SAnULvP3sZMw,1
autor:UCDlr1VadSucIZgZ171pRBjQ,autor:UCzSfZlOVxBSs5ObD25ywxDQ,1
autor:UCDlr1VadSucIZgZ171pRBjQ,autor:UCTylKrsqkrBKIqubMu_5N0Q,1
autor:UCDlr1VadSucIZgZ171pRBjQ,autor:UCQqetiwzzmRNTM5OWuXarGQ,1
autor:UCDlr1VadSucIZgZ171pRBjQ,autor:UCOS8ViEkccrTZx2w2ccxotA,1
autor:UCDlr1VadSucIZgZ171pRBjQ,autor:UCh5ESQvtzyHDhCA7XyekCFA,1
autor:UCDlr1VadSucIZgZ171pRBjQ,autor:UCNkcuy42zEwddwEcOd_HpnA,1
autor:UCDlr1VadSucIZgZ171pRBjQ,autor:UCjSKM9j0Q7HLDr1hD6D-TUw,1
autor:UCDlr1VadSucIZgZ171pRBjQ,autor:UCujPF2nBgsTD62nWE3lcpIg,1
autor:UCDlr1VadSucIZgZ171pRBjQ,autor:UCpIdtvoFHVLGASGB5ySqIEA,1
autor:UCDlr1VadSucIZgZ171pRBjQ,autor:UChZknRmJkeGeQk0-mQuhDOg,1
autor:UCDlr1VadSucIZgZ171pRBjQ,autor:UCQtSFINs1h6GHkpg9o5kMvg,1
autor:UCDlr1VadSucIZgZ171pRBjQ,autor:UCQgYjVngJRfPHDLGB5X6ZjA,1
autor:UCDlr1VadSucIZgZ171pRBjQ,autor:UCHhHUjaMAZ8SiXdCUCj9DkQ,1
autor:UCDlr1VadSucIZgZ171pRBjQ,autor:UCXr8_5WtGeipe4haOoQDgyQ,1
autor:UCDlr1VadSucIZgZ171pRBjQ,autor:UCQtICyzWmhC5woCtbNgaSmg,1
autor:UCDlr1VadSucIZgZ171pRBjQ,autor:UCljDbleJul41G1TzOjOZAVA,1
autor:UCDlr1VadSucIZgZ171pRBjQ,autor:UCUIIIPTVDVHAXqhC_5V6lPA,1
autor:UCDlr1VadSucIZgZ171pRBjQ,autor:UCj-LL25XJnjxepPKCc3NGog,1
autor:UCDlr1VadSucIZgZ171pRBjQ,autor:UCtUR3_CAiE7fCoZHM6cMfyQ,1
autor:UCDlr1VadSucIZgZ171pRBjQ,autor:UCErZPJpHmLCsXs8ZWkAUupQ,1
autor:UCDlr1VadSucIZgZ171pRBjQ,autor:UCQ_-LPP8JAbfkc-b1Q6NvWw,1
autor:UCDlr1VadSucIZgZ171pRBjQ,autor:UCr1emrogPKkKTs_WTtx71xg,1
autor:UCDlr1VadSucIZgZ171pRBjQ,autor:UCOh6DaZC_x9HASnlRylEMfw,1
autor:UCDlr1VadSucIZgZ171pRBjQ,autor:UCSou6a2OuYGSvPjm5psquyA,1
autor:UCDlr1VadSucIZgZ171pRBjQ,autor:UCV0iizTBoOfdAFX_thfI9BA,1
autor:UCDlr1VadSucIZgZ171pRBjQ,autor:UCsjs5Hp_r86x1xbK6FAeqaA,1
autor:UCDlr1VadSucIZgZ171pRBjQ,autor:UCwha8rxULYMVtNwZWeSkE1A,1
autor:UCDlr1VadSucIZgZ171pRBjQ,autor:UCFxE8GbokBrBsPEKM1xrOjQ,1
autor:UCDlr1VadSucIZgZ171pRBjQ,autor:UCwW2OFy95P7ZBkOPxWkpvYg,1
autor:UCDlr1VadSucIZgZ171pRBjQ,autor:UCFUuDARXdmmIrLppEqf-rFg,1
autor:UCDlr1VadSucIZgZ171pRBjQ,autor:UCpl8rF8uv_8uui-QRvuJaRA,1
autor:UCDlr1VadSucIZgZ171pRBjQ,autor:UCRETAiYdh2dL5ZxB0_N1zDA,1
autor:UCDlr1VadSucIZgZ171pRBjQ,autor:UCsJJAvrVGupdmhOqgtDp8dg,1
autor:UCDlr1VadSucIZgZ171pRBjQ,autor:UCTP3O0rMnc8z8v8jaDQwL0w,1
autor:UCDlr1VadSucIZgZ171pRBjQ,autor:UCN6qbfPSzFtjhqUDZ3Cv3CQ,1
autor:UCDlr1VadSucIZgZ171pRBjQ,autor:UCvApqeCbLod-wejtT4CcVuA,1
autor:UCDlr1VadSucIZgZ171pRBjQ,autor:UCYN4wSQ1Sx4_LurxLlW7MPg,1
autor:UCDlr1VadSucIZgZ171pRBjQ,autor:UCueV9cTyTDwgQSec1x2dYgA,1
autor:UCDlr1VadSucIZgZ171pRBjQ,autor:UChgkn5Jt5tWKYMoEOuCjz3Q,1
autor:UCDlr1VadSucIZgZ171pRBjQ,autor:UCEgEQmRbtL5fwr9_DqAC--g,1
autor:UCDlr1VadSucIZgZ171pRBjQ,autor:UCRlCV9zSn7avAWh-9_XFWqQ,1
autor:UCDlr1VadSucIZgZ171pRBjQ,autor:UCiMythXHsw7eQEMykCdmMUA,1
autor:UCDlr1VadSucIZgZ171pRBjQ,autor:UCz3gu01bmjNv0DpRq-K3XYg,1
autor:UCDlr1VadSucIZgZ171pRBjQ,autor:UCkd9W714-947dEE6ZOEBATA,1
autor:UCDlr1VadSucIZgZ171pRBjQ,autor:UCGzXwyCzMzGmjmCbH3Hg01Q,1
autor:UCDlr1VadSucIZgZ171pRBjQ,autor:UCTwSut16JyAg3mX6LVUNGqA,1
autor:UCDlr1VadSucIZgZ171pRBjQ,autor:UCFhxtoeARHPnXXPcDrOU3Xg,1
autor:UCDlr1VadSucIZgZ171pRBjQ,autor:UCKDR0f2fu2UzWL8mBv5-BHw,1
autor:UCDlr1VadSucIZgZ171pRBjQ,autor:UCXXh7yg5KUFIWylTiKVEFKQ,1
autor:UCDlr1VadSucIZgZ171pRBjQ,autor:UCylqlpsh8ENNM1LqgQ1KbxA,1
autor:UCDlr1VadSucIZgZ171pRBjQ,autor:UCYwpX26TrCxq8TvbKGRYLXA,1
autor:UCDlr1VadSucIZgZ171pRBjQ,autor:UCHTGCgY2l-DQJIvlA_cpa_Q,1
autor:UCDlr1VadSucIZgZ171pRBjQ,autor:UCwO2SXr0ggzwg6QWWrr01nQ,1
autor:UCDlr1VadSucIZgZ171pRBjQ,autor:UCXgr7vXlRrsaskPdo097kGA,1
autor:UCDlr1VadSucIZgZ171pRBjQ,autor:UCL1MT278vSaQ83ZDkVWn1gw,1
autor:UCDlr1VadSucIZgZ171pRBjQ,autor:UCsSXdJct-nsS8DsABoEsaYA,1
autor:UCDlr1VadSucIZgZ171pRBjQ,autor:UCcfdg8crmMJwEuLUsAhV7yg,1
autor:UCDlr1VadSucIZgZ171pRBjQ,autor:UCiGRBf2RNF0WRKhRVT7zFoA,1
autor:UCDlr1VadSucIZgZ171pRBjQ,autor:UCWIZUtKJ636y-4TYrNvok0g,1
autor:UCDlr1VadSucIZgZ171pRBjQ,autor:UCTD6q1nyIe3Y7HhqjaMj72w,1
autor:UCDlr1VadSucIZgZ171pRBjQ,autor:UCLggDc_a5HriXv7I1h02sOA,1
autor:UCDlr1VadSucIZgZ171pRBjQ,autor:UCLFdHr9BEbXHkoJopbEPLZw,1
autor:UCDlr1VadSucIZgZ171pRBjQ,autor:UCplrIQtaPj6au60_f2-mOYw,1
autor:UCDlr1VadSucIZgZ171pRBjQ,autor:UCxff05WuyvwELNITi7bj7UA,1
autor:UCDlr1VadSucIZgZ171pRBjQ,autor:UCgvw7xIdGFupzpt1Y_BFkEA,1
autor:UCDlr1VadSucIZgZ171pRBjQ,autor:UCipetjeiWj4CZB6EbyYziZg,1
autor:UCDlr1VadSucIZgZ171pRBjQ,autor:UChep9kVb5gQmpodEEl10Xlg,1
autor:UCDrmf9y9nLgFY5wnA2hTuGA,autor:UCWoAVGVqCn4xtINCMOTM4jg,1
autor:UCDrmf9y9nLgFY5wnA2hTuGA,autor:UCylqlpsh8ENNM1LqgQ1KbxA,1
autor:UCDrmf9y9nLgFY5wnA2hTuGA,autor:UCQyOePccUP-fIJYzchAgZYw,1
autor:UCDrmf9y9nLgFY5wnA2hTuGA,autor:UCpe5jW3MIqkgTJ-PgkzvM6Q,1
autor:UCDrmf9y9nLgFY5wnA2hTuGA,autor:UColMq7LmaoY3MT6aIDGrGvA,1
autor:UCDrmf9y9nLgFY5wnA2hTuGA,autor:UCiC-Jn7wdgyQV4_Urk0DkWQ,1
autor:UCDrmf9y9nLgFY5wnA2hTuGA,autor:UCsGoJEvb-cFPZ2rWoJcXzEQ,1
autor:UCDrmf9y9nLgFY5wnA2hTuGA,autor:UCRAquv8el-tQ30bN7MlmySQ,1
autor:UCDrmf9y9nLgFY5wnA2hTuGA,autor:UCgJNFj5dnxXpcMvmuhZDPxA,1
autor:UCDrmf9y9nLgFY5wnA2hTuGA,autor:UClqA491Xa5fQcXcJJa-vTWw,1
autor:UCDrmf9y9nLgFY5wnA2hTuGA,autor:UCkbsS_3D-pvg1iHOld9uvIg,1
autor:UCDrmf9y9nLgFY5wnA2hTuGA,autor:UCRvPToDkkumha7WJAfCDk1A,1
autor:UCDrmf9y9nLgFY5wnA2hTuGA,autor:UCdFlugHJJa4l3YqWuNRmvXw,1
autor:UCDrmf9y9nLgFY5wnA2hTuGA,autor:UCu8_3-Wg-YzNyvHYQDEscfw,1
autor:UCDrmf9y9nLgFY5wnA2hTuGA,autor:UCZeIIQrGAedW8tCbKWmGY-A,1
autor:UCDrmf9y9nLgFY5wnA2hTuGA,autor:UC_LYoGs5C3mbZKZuKuqYCvw,1
autor:UCDrmf9y9nLgFY5wnA2hTuGA,autor:UCqCrvuoJpC-aVb0f4logQRQ,1
autor:UCDrmf9y9nLgFY5wnA2hTuGA,autor:UClhMWQ7XKWywYvbRnuf8QsA,1
autor:UCDrmf9y9nLgFY5wnA2hTuGA,autor:UCOcUI5XkTYNMSFhZNMIPpGg,1
autor:UCDrmf9y9nLgFY5wnA2hTuGA,autor:UCgQw_Sbq3ugruDUKsq1e0-A,1
autor:UCDrmf9y9nLgFY5wnA2hTuGA,autor:UCaKAjTW9MVub_clgr4DRYjQ,1
autor:UCDrmf9y9nLgFY5wnA2hTuGA,autor:UCQqlPPUGqAfWjd-FSh_qn7Q,1
autor:UCDrmf9y9nLgFY5wnA2hTuGA,autor:UCwjUvRseNtJoItylIyIez7Q,1
autor:UCDrmf9y9nLgFY5wnA2hTuGA,autor:UCe8JZoYkX5oKUZyivHYdXhw,1
autor:UCDrmf9y9nLgFY5wnA2hTuGA,autor:UCNpt5CQlTzNjlAKY6CJtClQ,1
autor:UCDrmf9y9nLgFY5wnA2hTuGA,autor:UCkVtmkK07b2zaVVNssX4lOg,1
autor:UCDrmf9y9nLgFY5wnA2hTuGA,autor:UCHbwIx9pmQuf7i-4_xO2EpA,1
autor:UCDrmf9y9nLgFY5wnA2hTuGA,autor:UCW-JC6lebVmf2P1dmY_L94g,1
autor:UCDrmf9y9nLgFY5wnA2hTuGA,autor:UCW80DaMjQlEUibC98Cot-Dg,1
autor:UCDrmf9y9nLgFY5wnA2hTuGA,autor:UCpsKOkt5iWTbenzeuq7dsmQ,1
autor:UCDrmf9y9nLgFY5wnA2hTuGA,autor:UCeDNEtI8_a42bZ47wJiJMwQ,1
autor:UCDrmf9y9nLgFY5wnA2hTuGA,autor:UCUoYsrx1oZnCZ0usbBJn4fA,1
autor:UCDrmf9y9nLgFY5wnA2hTuGA,autor:UCwgCc9Jd_gG-uLE_SY-FfPg,1
autor:UCDrmf9y9nLgFY5wnA2hTuGA,autor:UCGGHbtfbbe0o68etrOf0qxw,1
autor:UCDrmf9y9nLgFY5wnA2hTuGA,autor:UCuXmOjxC-htcprLgeVXz6Tg,1
autor:UCDrmf9y9nLgFY5wnA2hTuGA,autor:UCV0lM03g5fg5pbPj97-sAtA,1
autor:UCEHXl4VvvVpq-_4xC5tsbhg,autor:UCeQk-WfEA-cJRq4EKeE7TOw,1
autor:UCEHXl4VvvVpq-_4xC5tsbhg,autor:UCWaRixDdpgllTBf4V0jPnKQ,1
autor:UCEHXl4VvvVpq-_4xC5tsbhg,autor:UCjZgFEowMBrsjodqfovzdKw,1
autor:UCEHXl4VvvVpq-_4xC5tsbhg,autor:UCRfkkatKrNtAARnXMMYBGlA,1
autor:UCEHXl4VvvVpq-_4xC5tsbhg,autor:UChyps3dqY-VY1_wLeq-2lhw,1
autor:UCEHXl4VvvVpq-_4xC5tsbhg,autor:UCp29O_C7cchZV8IxV7Crdag,1
autor:UCEHXl4VvvVpq-_4xC5tsbhg,autor:UCV3fr-YOixFKCZBbJP1-X4w,1
autor:UCEHXl4VvvVpq-_4xC5tsbhg,autor:UCWvntqPQx99k_Z_skWKqNSA,1
autor:UCEHXl4VvvVpq-_4xC5tsbhg,autor:UCa36MjQLoPAmgJo-R3G8WQA,1
autor:UCEHXl4VvvVpq-_4xC5tsbhg,autor:UCzZ6dDCEsLMXbc5pCFXIprw,1
autor:UCEHXl4VvvVpq-_4xC5tsbhg,autor:UCwxoKK59nGCeBqB2sXfDBIw,1
autor:UCEHXl4VvvVpq-_4xC5tsbhg,autor:UCvDwJBBY1mHK70aTEYl6rsA,1
autor:UCEHXl4VvvVpq-_4xC5tsbhg,autor:UCiOZX__1gahg1ypIj0_XG_w,1
autor:UCEHXl4VvvVpq-_4xC5tsbhg,autor:UCFybmWapGvBKcQod7cPPH9w,1
autor:UCEHXl4VvvVpq-_4xC5tsbhg,autor:UCoGdCoJg2Lh0OX_jv6cG16g,1
autor:UCEHXl4VvvVpq-_4xC5tsbhg,autor:UCaT4saRcyqCLE657Rq2hhZQ,1
autor:UCEHXl4VvvVpq-_4xC5tsbhg,autor:UCZFQwqh90apuL8eFhvRBkUg,1
autor:UCEHXl4VvvVpq-_4xC5tsbhg,autor:UCfo_yUPzy1f1POwwZxhZ06Q,1
autor:UCEHXl4VvvVpq-_4xC5tsbhg,autor:UCtsxPYw8VUsH_FfnKg-0lmw,1
autor:UCEHXl4VvvVpq-_4xC5tsbhg,autor:UCgGqw4aqMdMVSGkKiMgrJRQ,1
autor:UCEHXl4VvvVpq-_4xC5tsbhg,autor:UCtCtts20bW6F9CSohau51Iw,1
autor:UCEHXl4VvvVpq-_4xC5tsbhg,autor:UCheEJ5GZuIvV0fj-nXyVwXw,1
autor:UCEHXl4VvvVpq-_4xC5tsbhg,autor:UCql1n3Ey6ULMSOACjMe-fxQ,1
autor:UCEHXl4VvvVpq-_4xC5tsbhg,autor:UCyJhqmMbsvjpoarBBStA2kg,1
autor:UCEgEQmRbtL5fwr9_DqAC--g,autor:UCNBnKqWf4d-rS4HwJRQljmQ,1
autor:UCEgEQmRbtL5fwr9_DqAC--g,autor:UCRelkU8JiZBytTzebJxaa-w,1
autor:UCEgEQmRbtL5fwr9_DqAC--g,autor:UCzoL2l5H5eVlorWGH8AZfAg,1
autor:UCEgEQmRbtL5fwr9_DqAC--g,autor:UCOLGv5Pf6BF2wFcwUzgcvHg,1
autor:UCEgEQmRbtL5fwr9_DqAC--g,autor:UCl0ekS9Tt0jJGtOEM18S63w,1
autor:UCEgEQmRbtL5fwr9_DqAC--g,autor:UCXSkL3ejZ8qWYyF_M7s_QKA,1
autor:UCEgEQmRbtL5fwr9_DqAC--g,autor:UCySYJU5kUh7X8gVt9la2ISA,1
autor:UCEgEQmRbtL5fwr9_DqAC--g,autor:UCL13XhnRzbGokEkCkEOb0-g,1
autor:UCEgEQmRbtL5fwr9_DqAC--g,autor:UCZ51R_9Q9C0c8I3pAWhtmjQ,1
autor:UCEgEQmRbtL5fwr9_DqAC--g,autor:UCp4iw5_5SmV9VGTFSNVGOmQ,1
autor:UCEgEQmRbtL5fwr9_DqAC--g,autor:UCut6b9S98nv84cVX89PmKzA,1
autor:UCEgEQmRbtL5fwr9_DqAC--g,autor:UCsUCN0Yq_UyTvKjOJLmNrnQ,1
autor:UCEgEQmRbtL5fwr9_DqAC--g,autor:UCZLG9qH0tUjNhEGFIUt0CYw,1
autor:UCEgEQmRbtL5fwr9_DqAC--g,autor:UChs3tU2BcKOT0CezykvAsGw,1
autor:UCEgEQmRbtL5fwr9_DqAC--g,autor:UCrJn_rbo_ENAdeqneS-RmRw,1
autor:UCEgEQmRbtL5fwr9_DqAC--g,autor:UCThW2XNsAaBKme5PUt7n-Zg,1
autor:UCEgEQmRbtL5fwr9_DqAC--g,autor:UCmvOgzmmXbjUthHy-WJ52hQ,1
autor:UCEgEQmRbtL5fwr9_DqAC--g,autor:UCpsKOkt5iWTbenzeuq7dsmQ,1
autor:UCEgEQmRbtL5fwr9_DqAC--g,autor:UCFoIAE8k82D6AV-8gjjKaNg,1
autor:UCEgEQmRbtL5fwr9_DqAC--g,autor:UCFjudnPLoaSL1BaRuLahyHg,1
autor:UCEgEQmRbtL5fwr9_DqAC--g,autor:UCi1b_TRQfgO1Z9O2gNGGWNA,1
autor:UCEgEQmRbtL5fwr9_DqAC--g,autor:UCfM3nrxtTQMY5jFx1v1J4Gg,1
autor:UCEgEQmRbtL5fwr9_DqAC--g,autor:UCjmPuazZJzscrwvk0QR9RVw,1
autor:UCEgEQmRbtL5fwr9_DqAC--g,autor:UCtNfIBnc5S5DbbQj_yxgJTw,1
autor:UCEgEQmRbtL5fwr9_DqAC--g,autor:UCmjppp6ujz3SAnULvP3sZMw,1
autor:UCEgEQmRbtL5fwr9_DqAC--g,autor:UCzSfZlOVxBSs5ObD25ywxDQ,1
autor:UCEgEQmRbtL5fwr9_DqAC--g,autor:UCTylKrsqkrBKIqubMu_5N0Q,1
autor:UCEgEQmRbtL5fwr9_DqAC--g,autor:UCQqetiwzzmRNTM5OWuXarGQ,1
autor:UCEgEQmRbtL5fwr9_DqAC--g,autor:UCOS8ViEkccrTZx2w2ccxotA,1
autor:UCEgEQmRbtL5fwr9_DqAC--g,autor:UCh5ESQvtzyHDhCA7XyekCFA,1
autor:UCEgEQmRbtL5fwr9_DqAC--g,autor:UCNkcuy42zEwddwEcOd_HpnA,1
autor:UCEgEQmRbtL5fwr9_DqAC--g,autor:UCjSKM9j0Q7HLDr1hD6D-TUw,1
autor:UCEgEQmRbtL5fwr9_DqAC--g,autor:UCujPF2nBgsTD62nWE3lcpIg,1
autor:UCEgEQmRbtL5fwr9_DqAC--g,autor:UCpIdtvoFHVLGASGB5ySqIEA,1
autor:UCEgEQmRbtL5fwr9_DqAC--g,autor:UChZknRmJkeGeQk0-mQuhDOg,1
autor:UCEgEQmRbtL5fwr9_DqAC--g,autor:UCQtSFINs1h6GHkpg9o5kMvg,1
autor:UCEgEQmRbtL5fwr9_DqAC--g,autor:UCQgYjVngJRfPHDLGB5X6ZjA,1
autor:UCEgEQmRbtL5fwr9_DqAC--g,autor:UCHhHUjaMAZ8SiXdCUCj9DkQ,1
autor:UCEgEQmRbtL5fwr9_DqAC--g,autor:UCXr8_5WtGeipe4haOoQDgyQ,1
autor:UCEgEQmRbtL5fwr9_DqAC--g,autor:UCQtICyzWmhC5woCtbNgaSmg,1
autor:UCEgEQmRbtL5fwr9_DqAC--g,autor:UCljDbleJul41G1TzOjOZAVA,1
autor:UCEgEQmRbtL5fwr9_DqAC--g,autor:UCUIIIPTVDVHAXqhC_5V6lPA,1
autor:UCEgEQmRbtL5fwr9_DqAC--g,autor:UCj-LL25XJnjxepPKCc3NGog,1
autor:UCEgEQmRbtL5fwr9_DqAC--g,autor:UCtUR3_CAiE7fCoZHM6cMfyQ,1
autor:UCEgEQmRbtL5fwr9_DqAC--g,autor:UCErZPJpHmLCsXs8ZWkAUupQ,1
autor:UCEgEQmRbtL5fwr9_DqAC--g,autor:UCQ_-LPP8JAbfkc-b1Q6NvWw,1
autor:UCEgEQmRbtL5fwr9_DqAC--g,autor:UCr1emrogPKkKTs_WTtx71xg,1
autor:UCEgEQmRbtL5fwr9_DqAC--g,autor:UCOh6DaZC_x9HASnlRylEMfw,1
autor:UCEgEQmRbtL5fwr9_DqAC--g,autor:UCSou6a2OuYGSvPjm5psquyA,1
autor:UCEgEQmRbtL5fwr9_DqAC--g,autor:UCV0iizTBoOfdAFX_thfI9BA,1
autor:UCEgEQmRbtL5fwr9_DqAC--g,autor:UCsjs5Hp_r86x1xbK6FAeqaA,1
autor:UCEgEQmRbtL5fwr9_DqAC--g,autor:UCwha8rxULYMVtNwZWeSkE1A,1
autor:UCEgEQmRbtL5fwr9_DqAC--g,autor:UCFxE8GbokBrBsPEKM1xrOjQ,1
autor:UCEgEQmRbtL5fwr9_DqAC--g,autor:UCwW2OFy95P7ZBkOPxWkpvYg,1
autor:UCEgEQmRbtL5fwr9_DqAC--g,autor:UCFUuDARXdmmIrLppEqf-rFg,1
autor:UCEgEQmRbtL5fwr9_DqAC--g,autor:UCpl8rF8uv_8uui-QRvuJaRA,1
autor:UCEgEQmRbtL5fwr9_DqAC--g,autor:UCRETAiYdh2dL5ZxB0_N1zDA,1
autor:UCEgEQmRbtL5fwr9_DqAC--g,autor:UCsJJAvrVGupdmhOqgtDp8dg,1
autor:UCEgEQmRbtL5fwr9_DqAC--g,autor:UCTP3O0rMnc8z8v8jaDQwL0w,1
autor:UCEgEQmRbtL5fwr9_DqAC--g,autor:UCN6qbfPSzFtjhqUDZ3Cv3CQ,1
autor:UCEgEQmRbtL5fwr9_DqAC--g,autor:UCvApqeCbLod-wejtT4CcVuA,1
autor:UCEgEQmRbtL5fwr9_DqAC--g,autor:UCYN4wSQ1Sx4_LurxLlW7MPg,1
autor:UCEgEQmRbtL5fwr9_DqAC--g,autor:UCueV9cTyTDwgQSec1x2dYgA,1
autor:UCEgEQmRbtL5fwr9_DqAC--g,autor:UChgkn5Jt5tWKYMoEOuCjz3Q,1
autor:UCEgEQmRbtL5fwr9_DqAC--g,autor:UCRlCV9zSn7avAWh-9_XFWqQ,1
autor:UCEgEQmRbtL5fwr9_DqAC--g,autor:UCiMythXHsw7eQEMykCdmMUA,1
autor:UCEgEQmRbtL5fwr9_DqAC--g,autor:UCz3gu01bmjNv0DpRq-K3XYg,1
autor:UCEgEQmRbtL5fwr9_DqAC--g,autor:UCkd9W714-947dEE6ZOEBATA,1
autor:UCEgEQmRbtL5fwr9_DqAC--g,autor:UCGzXwyCzMzGmjmCbH3Hg01Q,1
autor:UCEgEQmRbtL5fwr9_DqAC--g,autor:UCTwSut16JyAg3mX6LVUNGqA,1
autor:UCEgEQmRbtL5fwr9_DqAC--g,autor:UCFhxtoeARHPnXXPcDrOU3Xg,1
autor:UCEgEQmRbtL5fwr9_DqAC--g,autor:UCKDR0f2fu2UzWL8mBv5-BHw,1
autor:UCEgEQmRbtL5fwr9_DqAC--g,autor:UCXXh7yg5KUFIWylTiKVEFKQ,1
autor:UCEgEQmRbtL5fwr9_DqAC--g,autor:UCylqlpsh8ENNM1LqgQ1KbxA,1
autor:UCEgEQmRbtL5fwr9_DqAC--g,autor:UCYwpX26TrCxq8TvbKGRYLXA,1
autor:UCEgEQmRbtL5fwr9_DqAC--g,autor:UCHTGCgY2l-DQJIvlA_cpa_Q,1
autor:UCEgEQmRbtL5fwr9_DqAC--g,autor:UCwO2SXr0ggzwg6QWWrr01nQ,1
autor:UCEgEQmRbtL5fwr9_DqAC--g,autor:UCXgr7vXlRrsaskPdo097kGA,1
autor:UCEgEQmRbtL5fwr9_DqAC--g,autor:UCL1MT278vSaQ83ZDkVWn1gw,1
autor:UCEgEQmRbtL5fwr9_DqAC--g,autor:UCsSXdJct-nsS8DsABoEsaYA,1
autor:UCEgEQmRbtL5fwr9_DqAC--g,autor:UCcfdg8crmMJwEuLUsAhV7yg,1
autor:UCEgEQmRbtL5fwr9_DqAC--g,autor:UCiGRBf2RNF0WRKhRVT7zFoA,1
autor:UCEgEQmRbtL5fwr9_DqAC--g,autor:UCWIZUtKJ636y-4TYrNvok0g,1
autor:UCEgEQmRbtL5fwr9_DqAC--g,autor:UCTD6q1nyIe3Y7HhqjaMj72w,1
autor:UCEgEQmRbtL5fwr9_DqAC--g,autor:UCLggDc_a5HriXv7I1h02sOA,1
autor:UCEgEQmRbtL5fwr9_DqAC--g,autor:UCLFdHr9BEbXHkoJopbEPLZw,1
autor:UCEgEQmRbtL5fwr9_DqAC--g,autor:UCplrIQtaPj6au60_f2-mOYw,1
autor:UCEgEQmRbtL5fwr9_DqAC--g,autor:UCxff05WuyvwELNITi7bj7UA,1
autor:UCEgEQmRbtL5fwr9_DqAC--g,autor:UCgvw7xIdGFupzpt1Y_BFkEA,1
autor:UCEgEQmRbtL5fwr9_DqAC--g,autor:UCipetjeiWj4CZB6EbyYziZg,1
autor:UCEgEQmRbtL5fwr9_DqAC--g,autor:UChep9kVb5gQmpodEEl10Xlg,1
autor:UCErZPJpHmLCsXs8ZWkAUupQ,autor:UCNBnKqWf4d-rS4HwJRQljmQ,1
autor:UCErZPJpHmLCsXs8ZWkAUupQ,autor:UCRelkU8JiZBytTzebJxaa-w,1
autor:UCErZPJpHmLCsXs8ZWkAUupQ,autor:UCzoL2l5H5eVlorWGH8AZfAg,1
autor:UCErZPJpHmLCsXs8ZWkAUupQ,autor:UCOLGv5Pf6BF2wFcwUzgcvHg,1
autor:UCErZPJpHmLCsXs8ZWkAUupQ,autor:UCl0ekS9Tt0jJGtOEM18S63w,1
autor:UCErZPJpHmLCsXs8ZWkAUupQ,autor:UCXSkL3ejZ8qWYyF_M7s_QKA,1
autor:UCErZPJpHmLCsXs8ZWkAUupQ,autor:UCySYJU5kUh7X8gVt9la2ISA,1
autor:UCErZPJpHmLCsXs8ZWkAUupQ,autor:UCL13XhnRzbGokEkCkEOb0-g,1
autor:UCErZPJpHmLCsXs8ZWkAUupQ,autor:UCZ51R_9Q9C0c8I3pAWhtmjQ,1
autor:UCErZPJpHmLCsXs8ZWkAUupQ,autor:UCp4iw5_5SmV9VGTFSNVGOmQ,1
autor:UCErZPJpHmLCsXs8ZWkAUupQ,autor:UCut6b9S98nv84cVX89PmKzA,1
autor:UCErZPJpHmLCsXs8ZWkAUupQ,autor:UCsUCN0Yq_UyTvKjOJLmNrnQ,1
autor:UCErZPJpHmLCsXs8ZWkAUupQ,autor:UCZLG9qH0tUjNhEGFIUt0CYw,1
autor:UCErZPJpHmLCsXs8ZWkAUupQ,autor:UChs3tU2BcKOT0CezykvAsGw,1
autor:UCErZPJpHmLCsXs8ZWkAUupQ,autor:UCrJn_rbo_ENAdeqneS-RmRw,1
autor:UCErZPJpHmLCsXs8ZWkAUupQ,autor:UCThW2XNsAaBKme5PUt7n-Zg,1
autor:UCErZPJpHmLCsXs8ZWkAUupQ,autor:UCmvOgzmmXbjUthHy-WJ52hQ,1
autor:UCErZPJpHmLCsXs8ZWkAUupQ,autor:UCpsKOkt5iWTbenzeuq7dsmQ,1
autor:UCErZPJpHmLCsXs8ZWkAUupQ,autor:UCFoIAE8k82D6AV-8gjjKaNg,1
autor:UCErZPJpHmLCsXs8ZWkAUupQ,autor:UCFjudnPLoaSL1BaRuLahyHg,1
autor:UCErZPJpHmLCsXs8ZWkAUupQ,autor:UCi1b_TRQfgO1Z9O2gNGGWNA,1
autor:UCErZPJpHmLCsXs8ZWkAUupQ,autor:UCfM3nrxtTQMY5jFx1v1J4Gg,1
autor:UCErZPJpHmLCsXs8ZWkAUupQ,autor:UCjmPuazZJzscrwvk0QR9RVw,1
autor:UCErZPJpHmLCsXs8ZWkAUupQ,autor:UCtNfIBnc5S5DbbQj_yxgJTw,1
autor:UCErZPJpHmLCsXs8ZWkAUupQ,autor:UCmjppp6ujz3SAnULvP3sZMw,1
autor:UCErZPJpHmLCsXs8ZWkAUupQ,autor:UCzSfZlOVxBSs5ObD25ywxDQ,1
autor:UCErZPJpHmLCsXs8ZWkAUupQ,autor:UCTylKrsqkrBKIqubMu_5N0Q,1
autor:UCErZPJpHmLCsXs8ZWkAUupQ,autor:UCQqetiwzzmRNTM5OWuXarGQ,1
autor:UCErZPJpHmLCsXs8ZWkAUupQ,autor:UCOS8ViEkccrTZx2w2ccxotA,1
autor:UCErZPJpHmLCsXs8ZWkAUupQ,autor:UCh5ESQvtzyHDhCA7XyekCFA,1
autor:UCErZPJpHmLCsXs8ZWkAUupQ,autor:UCNkcuy42zEwddwEcOd_HpnA,1
autor:UCErZPJpHmLCsXs8ZWkAUupQ,autor:UCjSKM9j0Q7HLDr1hD6D-TUw,1
autor:UCErZPJpHmLCsXs8ZWkAUupQ,autor:UCujPF2nBgsTD62nWE3lcpIg,1
autor:UCErZPJpHmLCsXs8ZWkAUupQ,autor:UCpIdtvoFHVLGASGB5ySqIEA,1
autor:UCErZPJpHmLCsXs8ZWkAUupQ,autor:UChZknRmJkeGeQk0-mQuhDOg,1
autor:UCErZPJpHmLCsXs8ZWkAUupQ,autor:UCQtSFINs1h6GHkpg9o5kMvg,1
autor:UCErZPJpHmLCsXs8ZWkAUupQ,autor:UCQgYjVngJRfPHDLGB5X6ZjA,1
autor:UCErZPJpHmLCsXs8ZWkAUupQ,autor:UCHhHUjaMAZ8SiXdCUCj9DkQ,1
autor:UCErZPJpHmLCsXs8ZWkAUupQ,autor:UCXr8_5WtGeipe4haOoQDgyQ,1
autor:UCErZPJpHmLCsXs8ZWkAUupQ,autor:UCQtICyzWmhC5woCtbNgaSmg,1
autor:UCErZPJpHmLCsXs8ZWkAUupQ,autor:UCljDbleJul41G1TzOjOZAVA,1
autor:UCErZPJpHmLCsXs8ZWkAUupQ,autor:UCUIIIPTVDVHAXqhC_5V6lPA,1
autor:UCErZPJpHmLCsXs8ZWkAUupQ,autor:UCj-LL25XJnjxepPKCc3NGog,1
autor:UCErZPJpHmLCsXs8ZWkAUupQ,autor:UCtUR3_CAiE7fCoZHM6cMfyQ,1
autor:UCErZPJpHmLCsXs8ZWkAUupQ,autor:UCQ_-LPP8JAbfkc-b1Q6NvWw,1
autor:UCErZPJpHmLCsXs8ZWkAUupQ,autor:UCr1emrogPKkKTs_WTtx71xg,1
autor:UCErZPJpHmLCsXs8ZWkAUupQ,autor:UCOh6DaZC_x9HASnlRylEMfw,1
autor:UCErZPJpHmLCsXs8ZWkAUupQ,autor:UCSou6a2OuYGSvPjm5psquyA,1
autor:UCErZPJpHmLCsXs8ZWkAUupQ,autor:UCV0iizTBoOfdAFX_thfI9BA,1
autor:UCErZPJpHmLCsXs8ZWkAUupQ,autor:UCsjs5Hp_r86x1xbK6FAeqaA,1
autor:UCErZPJpHmLCsXs8ZWkAUupQ,autor:UCwha8rxULYMVtNwZWeSkE1A,1
autor:UCErZPJpHmLCsXs8ZWkAUupQ,autor:UCFxE8GbokBrBsPEKM1xrOjQ,1
autor:UCErZPJpHmLCsXs8ZWkAUupQ,autor:UCwW2OFy95P7ZBkOPxWkpvYg,1
autor:UCErZPJpHmLCsXs8ZWkAUupQ,autor:UCFUuDARXdmmIrLppEqf-rFg,1
autor:UCErZPJpHmLCsXs8ZWkAUupQ,autor:UCpl8rF8uv_8uui-QRvuJaRA,1
autor:UCErZPJpHmLCsXs8ZWkAUupQ,autor:UCRETAiYdh2dL5ZxB0_N1zDA,1
autor:UCErZPJpHmLCsXs8ZWkAUupQ,autor:UCsJJAvrVGupdmhOqgtDp8dg,1
autor:UCErZPJpHmLCsXs8ZWkAUupQ,autor:UCTP3O0rMnc8z8v8jaDQwL0w,1
autor:UCErZPJpHmLCsXs8ZWkAUupQ,autor:UCN6qbfPSzFtjhqUDZ3Cv3CQ,1
autor:UCErZPJpHmLCsXs8ZWkAUupQ,autor:UCvApqeCbLod-wejtT4CcVuA,1
autor:UCErZPJpHmLCsXs8ZWkAUupQ,autor:UCYN4wSQ1Sx4_LurxLlW7MPg,1
autor:UCErZPJpHmLCsXs8ZWkAUupQ,autor:UCueV9cTyTDwgQSec1x2dYgA,1
autor:UCErZPJpHmLCsXs8ZWkAUupQ,autor:UChgkn5Jt5tWKYMoEOuCjz3Q,1
autor:UCErZPJpHmLCsXs8ZWkAUupQ,autor:UCRlCV9zSn7avAWh-9_XFWqQ,1
autor:UCErZPJpHmLCsXs8ZWkAUupQ,autor:UCiMythXHsw7eQEMykCdmMUA,1
autor:UCErZPJpHmLCsXs8ZWkAUupQ,autor:UCz3gu01bmjNv0DpRq-K3XYg,1
autor:UCErZPJpHmLCsXs8ZWkAUupQ,autor:UCkd9W714-947dEE6ZOEBATA,1
autor:UCErZPJpHmLCsXs8ZWkAUupQ,autor:UCGzXwyCzMzGmjmCbH3Hg01Q,1
autor:UCErZPJpHmLCsXs8ZWkAUupQ,autor:UCTwSut16JyAg3mX6LVUNGqA,1
autor:UCErZPJpHmLCsXs8ZWkAUupQ,autor:UCFhxtoeARHPnXXPcDrOU3Xg,1
autor:UCErZPJpHmLCsXs8ZWkAUupQ,autor:UCKDR0f2fu2UzWL8mBv5-BHw,1
autor:UCErZPJpHmLCsXs8ZWkAUupQ,autor:UCXXh7yg5KUFIWylTiKVEFKQ,1
autor:UCErZPJpHmLCsXs8ZWkAUupQ,autor:UCylqlpsh8ENNM1LqgQ1KbxA,1
autor:UCErZPJpHmLCsXs8ZWkAUupQ,autor:UCYwpX26TrCxq8TvbKGRYLXA,1
autor:UCErZPJpHmLCsXs8ZWkAUupQ,autor:UCHTGCgY2l-DQJIvlA_cpa_Q,1
autor:UCErZPJpHmLCsXs8ZWkAUupQ,autor:UCwO2SXr0ggzwg6QWWrr01nQ,1
autor:UCErZPJpHmLCsXs8ZWkAUupQ,autor:UCXgr7vXlRrsaskPdo097kGA,1
autor:UCErZPJpHmLCsXs8ZWkAUupQ,autor:UCL1MT278vSaQ83ZDkVWn1gw,1
autor:UCErZPJpHmLCsXs8ZWkAUupQ,autor:UCsSXdJct-nsS8DsABoEsaYA,1
autor:UCErZPJpHmLCsXs8ZWkAUupQ,autor:UCcfdg8crmMJwEuLUsAhV7yg,1
autor:UCErZPJpHmLCsXs8ZWkAUupQ,autor:UCiGRBf2RNF0WRKhRVT7zFoA,1
autor:UCErZPJpHmLCsXs8ZWkAUupQ,autor:UCWIZUtKJ636y-4TYrNvok0g,1
autor:UCErZPJpHmLCsXs8ZWkAUupQ,autor:UCTD6q1nyIe3Y7HhqjaMj72w,1
autor:UCErZPJpHmLCsXs8ZWkAUupQ,autor:UCLggDc_a5HriXv7I1h02sOA,1
autor:UCErZPJpHmLCsXs8ZWkAUupQ,autor:UCLFdHr9BEbXHkoJopbEPLZw,1
autor:UCErZPJpHmLCsXs8ZWkAUupQ,autor:UCplrIQtaPj6au60_f2-mOYw,1
autor:UCErZPJpHmLCsXs8ZWkAUupQ,autor:UCxff05WuyvwELNITi7bj7UA,1
autor:UCErZPJpHmLCsXs8ZWkAUupQ,autor:UCgvw7xIdGFupzpt1Y_BFkEA,1
autor:UCErZPJpHmLCsXs8ZWkAUupQ,autor:UCipetjeiWj4CZB6EbyYziZg,1
autor:UCErZPJpHmLCsXs8ZWkAUupQ,autor:UChep9kVb5gQmpodEEl10Xlg,1
autor:UCFFrEmn6lPYiWyElpfzTy5Q,autor:UCLh1Kde4_vI1sTZBkTNP7RQ,1
autor:UCFFrEmn6lPYiWyElpfzTy5Q,autor:UCk4O-J1BhoqPmig1KLGJePA,1
autor:UCFFrEmn6lPYiWyElpfzTy5Q,autor:UCfRqgt2O-vjzUDMZY_tnxQw,1
autor:UCFFrEmn6lPYiWyElpfzTy5Q,autor:UCdFlugHJJa4l3YqWuNRmvXw,1
autor:UCFOxCyF926Y9eHhMeVoWLzw,autor:UCtMBF_1O2jY2INlb_luuB_A,1
autor:UCFOxCyF926Y9eHhMeVoWLzw,autor:UCSTAUWVc1_82DHYeqOsqEFA,1
autor:UCFOxCyF926Y9eHhMeVoWLzw,autor:UCyzf29IYjNw67gGIfsjgtxA,1
autor:UCFOxCyF926Y9eHhMeVoWLzw,autor:UCIp19h9igblA2YKfSLPDAug,1
autor:UCFOxCyF926Y9eHhMeVoWLzw,autor:UCgLurCo-e019HGODcjXHWCw,1
autor:UCFOxCyF926Y9eHhMeVoWLzw,autor:UCRcSR3Lvn9DZAmJpVPANfZQ,1
autor:UCFOxCyF926Y9eHhMeVoWLzw,autor:UCxKR3RA8T-kxMgq_2WWhRcQ,1
autor:UCFOxCyF926Y9eHhMeVoWLzw,autor:UCXmrpc6Li0spcKxtS0Q_ptg,1
autor:UCFOxCyF926Y9eHhMeVoWLzw,autor:UC_ljZ1hZXR9pzexFz87P5ZA,1
autor:UCFOxCyF926Y9eHhMeVoWLzw,autor:UCGqKxQS-z3NZzZF-2w338AA,1
autor:UCFOxCyF926Y9eHhMeVoWLzw,autor:UCs_5qeqdku9tGAq22y3OcuQ,1
autor:UCFOxCyF926Y9eHhMeVoWLzw,autor:UCwUAv3_LpWVtTIi7lkmTL7A,1
autor:UCFOxCyF926Y9eHhMeVoWLzw,autor:UCaT6M2zp7X6r6Whd8Vv3kHQ,1
autor:UCFOxCyF926Y9eHhMeVoWLzw,autor:UCRznz9-N3Qc1w-qNdLSIY2Q,1
autor:UCFOxCyF926Y9eHhMeVoWLzw,autor:UCIUhbSCy3-SGRe5UtqM4fzQ,1
autor:UCFOxCyF926Y9eHhMeVoWLzw,autor:UCqilIa8r7iek5sGYg_q6ofA,1
autor:UCFOxCyF926Y9eHhMeVoWLzw,autor:UCY7Hq7F9Lnucf-Yr6JkHZNw,1
autor:UCFOxCyF926Y9eHhMeVoWLzw,autor:UCgLrWFdYitoP-b7-PxtUr-w,1
autor:UCFOxCyF926Y9eHhMeVoWLzw,autor:UCi-vPdnpQreC7BkFs40mJGA,1
autor:UCFOxCyF926Y9eHhMeVoWLzw,autor:UCHMQ_lDhibZ-XZ_3fo6oxwg,1
autor:UCFUuDARXdmmIrLppEqf-rFg,autor:UCNBnKqWf4d-rS4HwJRQljmQ,1
autor:UCFUuDARXdmmIrLppEqf-rFg,autor:UCRelkU8JiZBytTzebJxaa-w,1
autor:UCFUuDARXdmmIrLppEqf-rFg,autor:UCzoL2l5H5eVlorWGH8AZfAg,1
autor:UCFUuDARXdmmIrLppEqf-rFg,autor:UCOLGv5Pf6BF2wFcwUzgcvHg,1
autor:UCFUuDARXdmmIrLppEqf-rFg,autor:UCl0ekS9Tt0jJGtOEM18S63w,1
autor:UCFUuDARXdmmIrLppEqf-rFg,autor:UCXSkL3ejZ8qWYyF_M7s_QKA,1
autor:UCFUuDARXdmmIrLppEqf-rFg,autor:UCySYJU5kUh7X8gVt9la2ISA,1
autor:UCFUuDARXdmmIrLppEqf-rFg,autor:UCL13XhnRzbGokEkCkEOb0-g,1
autor:UCFUuDARXdmmIrLppEqf-rFg,autor:UCZ51R_9Q9C0c8I3pAWhtmjQ,1
autor:UCFUuDARXdmmIrLppEqf-rFg,autor:UCp4iw5_5SmV9VGTFSNVGOmQ,1
autor:UCFUuDARXdmmIrLppEqf-rFg,autor:UCut6b9S98nv84cVX89PmKzA,1
autor:UCFUuDARXdmmIrLppEqf-rFg,autor:UCsUCN0Yq_UyTvKjOJLmNrnQ,1
autor:UCFUuDARXdmmIrLppEqf-rFg,autor:UCZLG9qH0tUjNhEGFIUt0CYw,1
autor:UCFUuDARXdmmIrLppEqf-rFg,autor:UChs3tU2BcKOT0CezykvAsGw,1
autor:UCFUuDARXdmmIrLppEqf-rFg,autor:UCrJn_rbo_ENAdeqneS-RmRw,1
autor:UCFUuDARXdmmIrLppEqf-rFg,autor:UCThW2XNsAaBKme5PUt7n-Zg,1
autor:UCFUuDARXdmmIrLppEqf-rFg,autor:UCmvOgzmmXbjUthHy-WJ52hQ,1
autor:UCFUuDARXdmmIrLppEqf-rFg,autor:UCpsKOkt5iWTbenzeuq7dsmQ,1
autor:UCFUuDARXdmmIrLppEqf-rFg,autor:UCFoIAE8k82D6AV-8gjjKaNg,1
autor:UCFUuDARXdmmIrLppEqf-rFg,autor:UCFjudnPLoaSL1BaRuLahyHg,1
autor:UCFUuDARXdmmIrLppEqf-rFg,autor:UCi1b_TRQfgO1Z9O2gNGGWNA,1
autor:UCFUuDARXdmmIrLppEqf-rFg,autor:UCfM3nrxtTQMY5jFx1v1J4Gg,1
autor:UCFUuDARXdmmIrLppEqf-rFg,autor:UCjmPuazZJzscrwvk0QR9RVw,1
autor:UCFUuDARXdmmIrLppEqf-rFg,autor:UCtNfIBnc5S5DbbQj_yxgJTw,1
autor:UCFUuDARXdmmIrLppEqf-rFg,autor:UCmjppp6ujz3SAnULvP3sZMw,1
autor:UCFUuDARXdmmIrLppEqf-rFg,autor:UCzSfZlOVxBSs5ObD25ywxDQ,1
autor:UCFUuDARXdmmIrLppEqf-rFg,autor:UCTylKrsqkrBKIqubMu_5N0Q,1
autor:UCFUuDARXdmmIrLppEqf-rFg,autor:UCQqetiwzzmRNTM5OWuXarGQ,1
autor:UCFUuDARXdmmIrLppEqf-rFg,autor:UCOS8ViEkccrTZx2w2ccxotA,1
autor:UCFUuDARXdmmIrLppEqf-rFg,autor:UCh5ESQvtzyHDhCA7XyekCFA,1
autor:UCFUuDARXdmmIrLppEqf-rFg,autor:UCNkcuy42zEwddwEcOd_HpnA,1
autor:UCFUuDARXdmmIrLppEqf-rFg,autor:UCjSKM9j0Q7HLDr1hD6D-TUw,1
autor:UCFUuDARXdmmIrLppEqf-rFg,autor:UCujPF2nBgsTD62nWE3lcpIg,1
autor:UCFUuDARXdmmIrLppEqf-rFg,autor:UCpIdtvoFHVLGASGB5ySqIEA,1
autor:UCFUuDARXdmmIrLppEqf-rFg,autor:UChZknRmJkeGeQk0-mQuhDOg,1
autor:UCFUuDARXdmmIrLppEqf-rFg,autor:UCQtSFINs1h6GHkpg9o5kMvg,1
autor:UCFUuDARXdmmIrLppEqf-rFg,autor:UCQgYjVngJRfPHDLGB5X6ZjA,1
autor:UCFUuDARXdmmIrLppEqf-rFg,autor:UCHhHUjaMAZ8SiXdCUCj9DkQ,1
autor:UCFUuDARXdmmIrLppEqf-rFg,autor:UCXr8_5WtGeipe4haOoQDgyQ,1
autor:UCFUuDARXdmmIrLppEqf-rFg,autor:UCQtICyzWmhC5woCtbNgaSmg,1
autor:UCFUuDARXdmmIrLppEqf-rFg,autor:UCljDbleJul41G1TzOjOZAVA,1
autor:UCFUuDARXdmmIrLppEqf-rFg,autor:UCUIIIPTVDVHAXqhC_5V6lPA,1
autor:UCFUuDARXdmmIrLppEqf-rFg,autor:UCj-LL25XJnjxepPKCc3NGog,1
autor:UCFUuDARXdmmIrLppEqf-rFg,autor:UCtUR3_CAiE7fCoZHM6cMfyQ,1
autor:UCFUuDARXdmmIrLppEqf-rFg,autor:UCQ_-LPP8JAbfkc-b1Q6NvWw,1
autor:UCFUuDARXdmmIrLppEqf-rFg,autor:UCr1emrogPKkKTs_WTtx71xg,1
autor:UCFUuDARXdmmIrLppEqf-rFg,autor:UCOh6DaZC_x9HASnlRylEMfw,1
autor:UCFUuDARXdmmIrLppEqf-rFg,autor:UCSou6a2OuYGSvPjm5psquyA,1
autor:UCFUuDARXdmmIrLppEqf-rFg,autor:UCV0iizTBoOfdAFX_thfI9BA,1
autor:UCFUuDARXdmmIrLppEqf-rFg,autor:UCsjs5Hp_r86x1xbK6FAeqaA,1
autor:UCFUuDARXdmmIrLppEqf-rFg,autor:UCwha8rxULYMVtNwZWeSkE1A,1
autor:UCFUuDARXdmmIrLppEqf-rFg,autor:UCFxE8GbokBrBsPEKM1xrOjQ,1
autor:UCFUuDARXdmmIrLppEqf-rFg,autor:UCwW2OFy95P7ZBkOPxWkpvYg,1
autor:UCFUuDARXdmmIrLppEqf-rFg,autor:UCpl8rF8uv_8uui-QRvuJaRA,1
autor:UCFUuDARXdmmIrLppEqf-rFg,autor:UCRETAiYdh2dL5ZxB0_N1zDA,1
autor:UCFUuDARXdmmIrLppEqf-rFg,autor:UCsJJAvrVGupdmhOqgtDp8dg,1
autor:UCFUuDARXdmmIrLppEqf-rFg,autor:UCTP3O0rMnc8z8v8jaDQwL0w,1
autor:UCFUuDARXdmmIrLppEqf-rFg,autor:UCN6qbfPSzFtjhqUDZ3Cv3CQ,1
autor:UCFUuDARXdmmIrLppEqf-rFg,autor:UCvApqeCbLod-wejtT4CcVuA,1
autor:UCFUuDARXdmmIrLppEqf-rFg,autor:UCYN4wSQ1Sx4_LurxLlW7MPg,1
autor:UCFUuDARXdmmIrLppEqf-rFg,autor:UCueV9cTyTDwgQSec1x2dYgA,1
autor:UCFUuDARXdmmIrLppEqf-rFg,autor:UChgkn5Jt5tWKYMoEOuCjz3Q,1
autor:UCFUuDARXdmmIrLppEqf-rFg,autor:UCRlCV9zSn7avAWh-9_XFWqQ,1
autor:UCFUuDARXdmmIrLppEqf-rFg,autor:UCiMythXHsw7eQEMykCdmMUA,1
autor:UCFUuDARXdmmIrLppEqf-rFg,autor:UCz3gu01bmjNv0DpRq-K3XYg,1
autor:UCFUuDARXdmmIrLppEqf-rFg,autor:UCkd9W714-947dEE6ZOEBATA,1
autor:UCFUuDARXdmmIrLppEqf-rFg,autor:UCGzXwyCzMzGmjmCbH3Hg01Q,1
autor:UCFUuDARXdmmIrLppEqf-rFg,autor:UCTwSut16JyAg3mX6LVUNGqA,1
autor:UCFUuDARXdmmIrLppEqf-rFg,autor:UCFhxtoeARHPnXXPcDrOU3Xg,1
autor:UCFUuDARXdmmIrLppEqf-rFg,autor:UCKDR0f2fu2UzWL8mBv5-BHw,1
autor:UCFUuDARXdmmIrLppEqf-rFg,autor:UCXXh7yg5KUFIWylTiKVEFKQ,1
autor:UCFUuDARXdmmIrLppEqf-rFg,autor:UCylqlpsh8ENNM1LqgQ1KbxA,1
autor:UCFUuDARXdmmIrLppEqf-rFg,autor:UCYwpX26TrCxq8TvbKGRYLXA,1
autor:UCFUuDARXdmmIrLppEqf-rFg,autor:UCHTGCgY2l-DQJIvlA_cpa_Q,1
autor:UCFUuDARXdmmIrLppEqf-rFg,autor:UCwO2SXr0ggzwg6QWWrr01nQ,1
autor:UCFUuDARXdmmIrLppEqf-rFg,autor:UCXgr7vXlRrsaskPdo097kGA,1
autor:UCFUuDARXdmmIrLppEqf-rFg,autor:UCL1MT278vSaQ83ZDkVWn1gw,1
autor:UCFUuDARXdmmIrLppEqf-rFg,autor:UCsSXdJct-nsS8DsABoEsaYA,1
autor:UCFUuDARXdmmIrLppEqf-rFg,autor:UCcfdg8crmMJwEuLUsAhV7yg,1
autor:UCFUuDARXdmmIrLppEqf-rFg,autor:UCiGRBf2RNF0WRKhRVT7zFoA,1
autor:UCFUuDARXdmmIrLppEqf-rFg,autor:UCWIZUtKJ636y-4TYrNvok0g,1
autor:UCFUuDARXdmmIrLppEqf-rFg,autor:UCTD6q1nyIe3Y7HhqjaMj72w,1
autor:UCFUuDARXdmmIrLppEqf-rFg,autor:UCLggDc_a5HriXv7I1h02sOA,1
autor:UCFUuDARXdmmIrLppEqf-rFg,autor:UCLFdHr9BEbXHkoJopbEPLZw,1
autor:UCFUuDARXdmmIrLppEqf-rFg,autor:UCplrIQtaPj6au60_f2-mOYw,1
autor:UCFUuDARXdmmIrLppEqf-rFg,autor:UCxff05WuyvwELNITi7bj7UA,1
autor:UCFUuDARXdmmIrLppEqf-rFg,autor:UCgvw7xIdGFupzpt1Y_BFkEA,1
autor:UCFUuDARXdmmIrLppEqf-rFg,autor:UCipetjeiWj4CZB6EbyYziZg,1
autor:UCFUuDARXdmmIrLppEqf-rFg,autor:UChep9kVb5gQmpodEEl10Xlg,1
autor:UCFhxtoeARHPnXXPcDrOU3Xg,autor:UCNBnKqWf4d-rS4HwJRQljmQ,1
autor:UCFhxtoeARHPnXXPcDrOU3Xg,autor:UCRelkU8JiZBytTzebJxaa-w,1
autor:UCFhxtoeARHPnXXPcDrOU3Xg,autor:UCzoL2l5H5eVlorWGH8AZfAg,1
autor:UCFhxtoeARHPnXXPcDrOU3Xg,autor:UCOLGv5Pf6BF2wFcwUzgcvHg,1
autor:UCFhxtoeARHPnXXPcDrOU3Xg,autor:UCl0ekS9Tt0jJGtOEM18S63w,1
autor:UCFhxtoeARHPnXXPcDrOU3Xg,autor:UCXSkL3ejZ8qWYyF_M7s_QKA,1
autor:UCFhxtoeARHPnXXPcDrOU3Xg,autor:UCySYJU5kUh7X8gVt9la2ISA,1
autor:UCFhxtoeARHPnXXPcDrOU3Xg,autor:UCL13XhnRzbGokEkCkEOb0-g,1
autor:UCFhxtoeARHPnXXPcDrOU3Xg,autor:UCZ51R_9Q9C0c8I3pAWhtmjQ,1
autor:UCFhxtoeARHPnXXPcDrOU3Xg,autor:UCp4iw5_5SmV9VGTFSNVGOmQ,1
autor:UCFhxtoeARHPnXXPcDrOU3Xg,autor:UCut6b9S98nv84cVX89PmKzA,1
autor:UCFhxtoeARHPnXXPcDrOU3Xg,autor:UCsUCN0Yq_UyTvKjOJLmNrnQ,1
autor:UCFhxtoeARHPnXXPcDrOU3Xg,autor:UCZLG9qH0tUjNhEGFIUt0CYw,1
autor:UCFhxtoeARHPnXXPcDrOU3Xg,autor:UChs3tU2BcKOT0CezykvAsGw,1
autor:UCFhxtoeARHPnXXPcDrOU3Xg,autor:UCrJn_rbo_ENAdeqneS-RmRw,1
autor:UCFhxtoeARHPnXXPcDrOU3Xg,autor:UCThW2XNsAaBKme5PUt7n-Zg,1
autor:UCFhxtoeARHPnXXPcDrOU3Xg,autor:UCmvOgzmmXbjUthHy-WJ52hQ,1
autor:UCFhxtoeARHPnXXPcDrOU3Xg,autor:UCpsKOkt5iWTbenzeuq7dsmQ,1
autor:UCFhxtoeARHPnXXPcDrOU3Xg,autor:UCFoIAE8k82D6AV-8gjjKaNg,1
autor:UCFhxtoeARHPnXXPcDrOU3Xg,autor:UCFjudnPLoaSL1BaRuLahyHg,1
autor:UCFhxtoeARHPnXXPcDrOU3Xg,autor:UCi1b_TRQfgO1Z9O2gNGGWNA,1
autor:UCFhxtoeARHPnXXPcDrOU3Xg,autor:UCfM3nrxtTQMY5jFx1v1J4Gg,1
autor:UCFhxtoeARHPnXXPcDrOU3Xg,autor:UCjmPuazZJzscrwvk0QR9RVw,1
autor:UCFhxtoeARHPnXXPcDrOU3Xg,autor:UCtNfIBnc5S5DbbQj_yxgJTw,1
autor:UCFhxtoeARHPnXXPcDrOU3Xg,autor:UCmjppp6ujz3SAnULvP3sZMw,1
autor:UCFhxtoeARHPnXXPcDrOU3Xg,autor:UCzSfZlOVxBSs5ObD25ywxDQ,1
autor:UCFhxtoeARHPnXXPcDrOU3Xg,autor:UCTylKrsqkrBKIqubMu_5N0Q,1
autor:UCFhxtoeARHPnXXPcDrOU3Xg,autor:UCQqetiwzzmRNTM5OWuXarGQ,1
autor:UCFhxtoeARHPnXXPcDrOU3Xg,autor:UCOS8ViEkccrTZx2w2ccxotA,1
autor:UCFhxtoeARHPnXXPcDrOU3Xg,autor:UCh5ESQvtzyHDhCA7XyekCFA,1
autor:UCFhxtoeARHPnXXPcDrOU3Xg,autor:UCNkcuy42zEwddwEcOd_HpnA,1
autor:UCFhxtoeARHPnXXPcDrOU3Xg,autor:UCjSKM9j0Q7HLDr1hD6D-TUw,1
autor:UCFhxtoeARHPnXXPcDrOU3Xg,autor:UCujPF2nBgsTD62nWE3lcpIg,1
autor:UCFhxtoeARHPnXXPcDrOU3Xg,autor:UCpIdtvoFHVLGASGB5ySqIEA,1
autor:UCFhxtoeARHPnXXPcDrOU3Xg,autor:UChZknRmJkeGeQk0-mQuhDOg,1
autor:UCFhxtoeARHPnXXPcDrOU3Xg,autor:UCQtSFINs1h6GHkpg9o5kMvg,1
autor:UCFhxtoeARHPnXXPcDrOU3Xg,autor:UCQgYjVngJRfPHDLGB5X6ZjA,1
autor:UCFhxtoeARHPnXXPcDrOU3Xg,autor:UCHhHUjaMAZ8SiXdCUCj9DkQ,1
autor:UCFhxtoeARHPnXXPcDrOU3Xg,autor:UCXr8_5WtGeipe4haOoQDgyQ,1
autor:UCFhxtoeARHPnXXPcDrOU3Xg,autor:UCQtICyzWmhC5woCtbNgaSmg,1
autor:UCFhxtoeARHPnXXPcDrOU3Xg,autor:UCljDbleJul41G1TzOjOZAVA,1
autor:UCFhxtoeARHPnXXPcDrOU3Xg,autor:UCUIIIPTVDVHAXqhC_5V6lPA,1
autor:UCFhxtoeARHPnXXPcDrOU3Xg,autor:UCj-LL25XJnjxepPKCc3NGog,1
autor:UCFhxtoeARHPnXXPcDrOU3Xg,autor:UCtUR3_CAiE7fCoZHM6cMfyQ,1
autor:UCFhxtoeARHPnXXPcDrOU3Xg,autor:UCQ_-LPP8JAbfkc-b1Q6NvWw,1
autor:UCFhxtoeARHPnXXPcDrOU3Xg,autor:UCr1emrogPKkKTs_WTtx71xg,1
autor:UCFhxtoeARHPnXXPcDrOU3Xg,autor:UCOh6DaZC_x9HASnlRylEMfw,1
autor:UCFhxtoeARHPnXXPcDrOU3Xg,autor:UCSou6a2OuYGSvPjm5psquyA,1
autor:UCFhxtoeARHPnXXPcDrOU3Xg,autor:UCV0iizTBoOfdAFX_thfI9BA,1
autor:UCFhxtoeARHPnXXPcDrOU3Xg,autor:UCsjs5Hp_r86x1xbK6FAeqaA,1
autor:UCFhxtoeARHPnXXPcDrOU3Xg,autor:UCwha8rxULYMVtNwZWeSkE1A,1
autor:UCFhxtoeARHPnXXPcDrOU3Xg,autor:UCFxE8GbokBrBsPEKM1xrOjQ,1
autor:UCFhxtoeARHPnXXPcDrOU3Xg,autor:UCwW2OFy95P7ZBkOPxWkpvYg,1
autor:UCFhxtoeARHPnXXPcDrOU3Xg,autor:UCpl8rF8uv_8uui-QRvuJaRA,1
autor:UCFhxtoeARHPnXXPcDrOU3Xg,autor:UCRETAiYdh2dL5ZxB0_N1zDA,1
autor:UCFhxtoeARHPnXXPcDrOU3Xg,autor:UCsJJAvrVGupdmhOqgtDp8dg,1
autor:UCFhxtoeARHPnXXPcDrOU3Xg,autor:UCTP3O0rMnc8z8v8jaDQwL0w,1
autor:UCFhxtoeARHPnXXPcDrOU3Xg,autor:UCN6qbfPSzFtjhqUDZ3Cv3CQ,1
autor:UCFhxtoeARHPnXXPcDrOU3Xg,autor:UCvApqeCbLod-wejtT4CcVuA,1
autor:UCFhxtoeARHPnXXPcDrOU3Xg,autor:UCYN4wSQ1Sx4_LurxLlW7MPg,1
autor:UCFhxtoeARHPnXXPcDrOU3Xg,autor:UCueV9cTyTDwgQSec1x2dYgA,1
autor:UCFhxtoeARHPnXXPcDrOU3Xg,autor:UChgkn5Jt5tWKYMoEOuCjz3Q,1
autor:UCFhxtoeARHPnXXPcDrOU3Xg,autor:UCRlCV9zSn7avAWh-9_XFWqQ,1
autor:UCFhxtoeARHPnXXPcDrOU3Xg,autor:UCiMythXHsw7eQEMykCdmMUA,1
autor:UCFhxtoeARHPnXXPcDrOU3Xg,autor:UCz3gu01bmjNv0DpRq-K3XYg,1
autor:UCFhxtoeARHPnXXPcDrOU3Xg,autor:UCkd9W714-947dEE6ZOEBATA,1
autor:UCFhxtoeARHPnXXPcDrOU3Xg,autor:UCGzXwyCzMzGmjmCbH3Hg01Q,1
autor:UCFhxtoeARHPnXXPcDrOU3Xg,autor:UCTwSut16JyAg3mX6LVUNGqA,1
autor:UCFhxtoeARHPnXXPcDrOU3Xg,autor:UCKDR0f2fu2UzWL8mBv5-BHw,1
autor:UCFhxtoeARHPnXXPcDrOU3Xg,autor:UCXXh7yg5KUFIWylTiKVEFKQ,1
autor:UCFhxtoeARHPnXXPcDrOU3Xg,autor:UCylqlpsh8ENNM1LqgQ1KbxA,1
autor:UCFhxtoeARHPnXXPcDrOU3Xg,autor:UCYwpX26TrCxq8TvbKGRYLXA,1
autor:UCFhxtoeARHPnXXPcDrOU3Xg,autor:UCHTGCgY2l-DQJIvlA_cpa_Q,1
autor:UCFhxtoeARHPnXXPcDrOU3Xg,autor:UCwO2SXr0ggzwg6QWWrr01nQ,1
autor:UCFhxtoeARHPnXXPcDrOU3Xg,autor:UCXgr7vXlRrsaskPdo097kGA,1
autor:UCFhxtoeARHPnXXPcDrOU3Xg,autor:UCL1MT278vSaQ83ZDkVWn1gw,1
autor:UCFhxtoeARHPnXXPcDrOU3Xg,autor:UCsSXdJct-nsS8DsABoEsaYA,1
autor:UCFhxtoeARHPnXXPcDrOU3Xg,autor:UCcfdg8crmMJwEuLUsAhV7yg,1
autor:UCFhxtoeARHPnXXPcDrOU3Xg,autor:UCiGRBf2RNF0WRKhRVT7zFoA,1
autor:UCFhxtoeARHPnXXPcDrOU3Xg,autor:UCWIZUtKJ636y-4TYrNvok0g,1
autor:UCFhxtoeARHPnXXPcDrOU3Xg,autor:UCTD6q1nyIe3Y7HhqjaMj72w,1
autor:UCFhxtoeARHPnXXPcDrOU3Xg,autor:UCLggDc_a5HriXv7I1h02sOA,1
autor:UCFhxtoeARHPnXXPcDrOU3Xg,autor:UCLFdHr9BEbXHkoJopbEPLZw,1
autor:UCFhxtoeARHPnXXPcDrOU3Xg,autor:UCplrIQtaPj6au60_f2-mOYw,1
autor:UCFhxtoeARHPnXXPcDrOU3Xg,autor:UCxff05WuyvwELNITi7bj7UA,1
autor:UCFhxtoeARHPnXXPcDrOU3Xg,autor:UCgvw7xIdGFupzpt1Y_BFkEA,1
autor:UCFhxtoeARHPnXXPcDrOU3Xg,autor:UCipetjeiWj4CZB6EbyYziZg,1
autor:UCFhxtoeARHPnXXPcDrOU3Xg,autor:UChep9kVb5gQmpodEEl10Xlg,1
autor:UCFjudnPLoaSL1BaRuLahyHg,autor:UCNBnKqWf4d-rS4HwJRQljmQ,1
autor:UCFjudnPLoaSL1BaRuLahyHg,autor:UCRelkU8JiZBytTzebJxaa-w,1
autor:UCFjudnPLoaSL1BaRuLahyHg,autor:UCzoL2l5H5eVlorWGH8AZfAg,1
autor:UCFjudnPLoaSL1BaRuLahyHg,autor:UCOLGv5Pf6BF2wFcwUzgcvHg,1
autor:UCFjudnPLoaSL1BaRuLahyHg,autor:UCl0ekS9Tt0jJGtOEM18S63w,1
autor:UCFjudnPLoaSL1BaRuLahyHg,autor:UCXSkL3ejZ8qWYyF_M7s_QKA,1
autor:UCFjudnPLoaSL1BaRuLahyHg,autor:UCySYJU5kUh7X8gVt9la2ISA,1
autor:UCFjudnPLoaSL1BaRuLahyHg,autor:UCL13XhnRzbGokEkCkEOb0-g,1
autor:UCFjudnPLoaSL1BaRuLahyHg,autor:UCZ51R_9Q9C0c8I3pAWhtmjQ,1
autor:UCFjudnPLoaSL1BaRuLahyHg,autor:UCp4iw5_5SmV9VGTFSNVGOmQ,1
autor:UCFjudnPLoaSL1BaRuLahyHg,autor:UCut6b9S98nv84cVX89PmKzA,1
autor:UCFjudnPLoaSL1BaRuLahyHg,autor:UCsUCN0Yq_UyTvKjOJLmNrnQ,1
autor:UCFjudnPLoaSL1BaRuLahyHg,autor:UCZLG9qH0tUjNhEGFIUt0CYw,1
autor:UCFjudnPLoaSL1BaRuLahyHg,autor:UChs3tU2BcKOT0CezykvAsGw,1
autor:UCFjudnPLoaSL1BaRuLahyHg,autor:UCrJn_rbo_ENAdeqneS-RmRw,1
autor:UCFjudnPLoaSL1BaRuLahyHg,autor:UCThW2XNsAaBKme5PUt7n-Zg,1
autor:UCFjudnPLoaSL1BaRuLahyHg,autor:UCmvOgzmmXbjUthHy-WJ52hQ,1
autor:UCFjudnPLoaSL1BaRuLahyHg,autor:UCpsKOkt5iWTbenzeuq7dsmQ,1
autor:UCFjudnPLoaSL1BaRuLahyHg,autor:UCFoIAE8k82D6AV-8gjjKaNg,1
autor:UCFjudnPLoaSL1BaRuLahyHg,autor:UCi1b_TRQfgO1Z9O2gNGGWNA,1
autor:UCFjudnPLoaSL1BaRuLahyHg,autor:UCfM3nrxtTQMY5jFx1v1J4Gg,1
autor:UCFjudnPLoaSL1BaRuLahyHg,autor:UCjmPuazZJzscrwvk0QR9RVw,1
autor:UCFjudnPLoaSL1BaRuLahyHg,autor:UCtNfIBnc5S5DbbQj_yxgJTw,1
autor:UCFjudnPLoaSL1BaRuLahyHg,autor:UCmjppp6ujz3SAnULvP3sZMw,1
autor:UCFjudnPLoaSL1BaRuLahyHg,autor:UCzSfZlOVxBSs5ObD25ywxDQ,1
autor:UCFjudnPLoaSL1BaRuLahyHg,autor:UCTylKrsqkrBKIqubMu_5N0Q,1
autor:UCFjudnPLoaSL1BaRuLahyHg,autor:UCQqetiwzzmRNTM5OWuXarGQ,1
autor:UCFjudnPLoaSL1BaRuLahyHg,autor:UCOS8ViEkccrTZx2w2ccxotA,1
autor:UCFjudnPLoaSL1BaRuLahyHg,autor:UCh5ESQvtzyHDhCA7XyekCFA,1
autor:UCFjudnPLoaSL1BaRuLahyHg,autor:UCNkcuy42zEwddwEcOd_HpnA,1
autor:UCFjudnPLoaSL1BaRuLahyHg,autor:UCjSKM9j0Q7HLDr1hD6D-TUw,1
autor:UCFjudnPLoaSL1BaRuLahyHg,autor:UCujPF2nBgsTD62nWE3lcpIg,1
autor:UCFjudnPLoaSL1BaRuLahyHg,autor:UCpIdtvoFHVLGASGB5ySqIEA,1
autor:UCFjudnPLoaSL1BaRuLahyHg,autor:UChZknRmJkeGeQk0-mQuhDOg,1
autor:UCFjudnPLoaSL1BaRuLahyHg,autor:UCQtSFINs1h6GHkpg9o5kMvg,1
autor:UCFjudnPLoaSL1BaRuLahyHg,autor:UCQgYjVngJRfPHDLGB5X6ZjA,1
autor:UCFjudnPLoaSL1BaRuLahyHg,autor:UCHhHUjaMAZ8SiXdCUCj9DkQ,1
autor:UCFjudnPLoaSL1BaRuLahyHg,autor:UCXr8_5WtGeipe4haOoQDgyQ,1
autor:UCFjudnPLoaSL1BaRuLahyHg,autor:UCQtICyzWmhC5woCtbNgaSmg,1
autor:UCFjudnPLoaSL1BaRuLahyHg,autor:UCljDbleJul41G1TzOjOZAVA,1
autor:UCFjudnPLoaSL1BaRuLahyHg,autor:UCUIIIPTVDVHAXqhC_5V6lPA,1
autor:UCFjudnPLoaSL1BaRuLahyHg,autor:UCj-LL25XJnjxepPKCc3NGog,1
autor:UCFjudnPLoaSL1BaRuLahyHg,autor:UCtUR3_CAiE7fCoZHM6cMfyQ,1
autor:UCFjudnPLoaSL1BaRuLahyHg,autor:UCQ_-LPP8JAbfkc-b1Q6NvWw,1
autor:UCFjudnPLoaSL1BaRuLahyHg,autor:UCr1emrogPKkKTs_WTtx71xg,1
autor:UCFjudnPLoaSL1BaRuLahyHg,autor:UCOh6DaZC_x9HASnlRylEMfw,1
autor:UCFjudnPLoaSL1BaRuLahyHg,autor:UCSou6a2OuYGSvPjm5psquyA,1
autor:UCFjudnPLoaSL1BaRuLahyHg,autor:UCV0iizTBoOfdAFX_thfI9BA,1
autor:UCFjudnPLoaSL1BaRuLahyHg,autor:UCsjs5Hp_r86x1xbK6FAeqaA,1
autor:UCFjudnPLoaSL1BaRuLahyHg,autor:UCwha8rxULYMVtNwZWeSkE1A,1
autor:UCFjudnPLoaSL1BaRuLahyHg,autor:UCFxE8GbokBrBsPEKM1xrOjQ,1
autor:UCFjudnPLoaSL1BaRuLahyHg,autor:UCwW2OFy95P7ZBkOPxWkpvYg,1
autor:UCFjudnPLoaSL1BaRuLahyHg,autor:UCpl8rF8uv_8uui-QRvuJaRA,1
autor:UCFjudnPLoaSL1BaRuLahyHg,autor:UCRETAiYdh2dL5ZxB0_N1zDA,1
autor:UCFjudnPLoaSL1BaRuLahyHg,autor:UCsJJAvrVGupdmhOqgtDp8dg,1
autor:UCFjudnPLoaSL1BaRuLahyHg,autor:UCTP3O0rMnc8z8v8jaDQwL0w,1
autor:UCFjudnPLoaSL1BaRuLahyHg,autor:UCN6qbfPSzFtjhqUDZ3Cv3CQ,1
autor:UCFjudnPLoaSL1BaRuLahyHg,autor:UCvApqeCbLod-wejtT4CcVuA,1
autor:UCFjudnPLoaSL1BaRuLahyHg,autor:UCYN4wSQ1Sx4_LurxLlW7MPg,1
autor:UCFjudnPLoaSL1BaRuLahyHg,autor:UCueV9cTyTDwgQSec1x2dYgA,1
autor:UCFjudnPLoaSL1BaRuLahyHg,autor:UChgkn5Jt5tWKYMoEOuCjz3Q,1
autor:UCFjudnPLoaSL1BaRuLahyHg,autor:UCRlCV9zSn7avAWh-9_XFWqQ,1
autor:UCFjudnPLoaSL1BaRuLahyHg,autor:UCiMythXHsw7eQEMykCdmMUA,1
autor:UCFjudnPLoaSL1BaRuLahyHg,autor:UCz3gu01bmjNv0DpRq-K3XYg,1
autor:UCFjudnPLoaSL1BaRuLahyHg,autor:UCkd9W714-947dEE6ZOEBATA,1
autor:UCFjudnPLoaSL1BaRuLahyHg,autor:UCGzXwyCzMzGmjmCbH3Hg01Q,1
autor:UCFjudnPLoaSL1BaRuLahyHg,autor:UCTwSut16JyAg3mX6LVUNGqA,1
autor:UCFjudnPLoaSL1BaRuLahyHg,autor:UCKDR0f2fu2UzWL8mBv5-BHw,1
autor:UCFjudnPLoaSL1BaRuLahyHg,autor:UCXXh7yg5KUFIWylTiKVEFKQ,1
autor:UCFjudnPLoaSL1BaRuLahyHg,autor:UCylqlpsh8ENNM1LqgQ1KbxA,1
autor:UCFjudnPLoaSL1BaRuLahyHg,autor:UCYwpX26TrCxq8TvbKGRYLXA,1
autor:UCFjudnPLoaSL1BaRuLahyHg,autor:UCHTGCgY2l-DQJIvlA_cpa_Q,1
autor:UCFjudnPLoaSL1BaRuLahyHg,autor:UCwO2SXr0ggzwg6QWWrr01nQ,1
autor:UCFjudnPLoaSL1BaRuLahyHg,autor:UCXgr7vXlRrsaskPdo097kGA,1
autor:UCFjudnPLoaSL1BaRuLahyHg,autor:UCL1MT278vSaQ83ZDkVWn1gw,1
autor:UCFjudnPLoaSL1BaRuLahyHg,autor:UCsSXdJct-nsS8DsABoEsaYA,1
autor:UCFjudnPLoaSL1BaRuLahyHg,autor:UCcfdg8crmMJwEuLUsAhV7yg,1
autor:UCFjudnPLoaSL1BaRuLahyHg,autor:UCiGRBf2RNF0WRKhRVT7zFoA,1
autor:UCFjudnPLoaSL1BaRuLahyHg,autor:UCWIZUtKJ636y-4TYrNvok0g,1
autor:UCFjudnPLoaSL1BaRuLahyHg,autor:UCTD6q1nyIe3Y7HhqjaMj72w,1
autor:UCFjudnPLoaSL1BaRuLahyHg,autor:UCLggDc_a5HriXv7I1h02sOA,1
autor:UCFjudnPLoaSL1BaRuLahyHg,autor:UCLFdHr9BEbXHkoJopbEPLZw,1
autor:UCFjudnPLoaSL1BaRuLahyHg,autor:UCplrIQtaPj6au60_f2-mOYw,1
autor:UCFjudnPLoaSL1BaRuLahyHg,autor:UCxff05WuyvwELNITi7bj7UA,1
autor:UCFjudnPLoaSL1BaRuLahyHg,autor:UCgvw7xIdGFupzpt1Y_BFkEA,1
autor:UCFjudnPLoaSL1BaRuLahyHg,autor:UCipetjeiWj4CZB6EbyYziZg,1
autor:UCFjudnPLoaSL1BaRuLahyHg,autor:UChep9kVb5gQmpodEEl10Xlg,1
autor:UCFoIAE8k82D6AV-8gjjKaNg,autor:UCNBnKqWf4d-rS4HwJRQljmQ,1
autor:UCFoIAE8k82D6AV-8gjjKaNg,autor:UCRelkU8JiZBytTzebJxaa-w,1
autor:UCFoIAE8k82D6AV-8gjjKaNg,autor:UCzoL2l5H5eVlorWGH8AZfAg,1
autor:UCFoIAE8k82D6AV-8gjjKaNg,autor:UCOLGv5Pf6BF2wFcwUzgcvHg,1
autor:UCFoIAE8k82D6AV-8gjjKaNg,autor:UCl0ekS9Tt0jJGtOEM18S63w,1
autor:UCFoIAE8k82D6AV-8gjjKaNg,autor:UCXSkL3ejZ8qWYyF_M7s_QKA,1
autor:UCFoIAE8k82D6AV-8gjjKaNg,autor:UCySYJU5kUh7X8gVt9la2ISA,1
autor:UCFoIAE8k82D6AV-8gjjKaNg,autor:UCL13XhnRzbGokEkCkEOb0-g,1
autor:UCFoIAE8k82D6AV-8gjjKaNg,autor:UCZ51R_9Q9C0c8I3pAWhtmjQ,1
autor:UCFoIAE8k82D6AV-8gjjKaNg,autor:UCp4iw5_5SmV9VGTFSNVGOmQ,1
autor:UCFoIAE8k82D6AV-8gjjKaNg,autor:UCut6b9S98nv84cVX89PmKzA,1
autor:UCFoIAE8k82D6AV-8gjjKaNg,autor:UCsUCN0Yq_UyTvKjOJLmNrnQ,1
autor:UCFoIAE8k82D6AV-8gjjKaNg,autor:UCZLG9qH0tUjNhEGFIUt0CYw,1
autor:UCFoIAE8k82D6AV-8gjjKaNg,autor:UChs3tU2BcKOT0CezykvAsGw,1
autor:UCFoIAE8k82D6AV-8gjjKaNg,autor:UCrJn_rbo_ENAdeqneS-RmRw,1
autor:UCFoIAE8k82D6AV-8gjjKaNg,autor:UCThW2XNsAaBKme5PUt7n-Zg,1
autor:UCFoIAE8k82D6AV-8gjjKaNg,autor:UCmvOgzmmXbjUthHy-WJ52hQ,1
autor:UCFoIAE8k82D6AV-8gjjKaNg,autor:UCpsKOkt5iWTbenzeuq7dsmQ,1
autor:UCFoIAE8k82D6AV-8gjjKaNg,autor:UCi1b_TRQfgO1Z9O2gNGGWNA,1
autor:UCFoIAE8k82D6AV-8gjjKaNg,autor:UCfM3nrxtTQMY5jFx1v1J4Gg,1
autor:UCFoIAE8k82D6AV-8gjjKaNg,autor:UCjmPuazZJzscrwvk0QR9RVw,1
autor:UCFoIAE8k82D6AV-8gjjKaNg,autor:UCtNfIBnc5S5DbbQj_yxgJTw,1
autor:UCFoIAE8k82D6AV-8gjjKaNg,autor:UCmjppp6ujz3SAnULvP3sZMw,1
autor:UCFoIAE8k82D6AV-8gjjKaNg,autor:UCzSfZlOVxBSs5ObD25ywxDQ,1
autor:UCFoIAE8k82D6AV-8gjjKaNg,autor:UCTylKrsqkrBKIqubMu_5N0Q,1
autor:UCFoIAE8k82D6AV-8gjjKaNg,autor:UCQqetiwzzmRNTM5OWuXarGQ,1
autor:UCFoIAE8k82D6AV-8gjjKaNg,autor:UCOS8ViEkccrTZx2w2ccxotA,1
autor:UCFoIAE8k82D6AV-8gjjKaNg,autor:UCh5ESQvtzyHDhCA7XyekCFA,1
autor:UCFoIAE8k82D6AV-8gjjKaNg,autor:UCNkcuy42zEwddwEcOd_HpnA,1
autor:UCFoIAE8k82D6AV-8gjjKaNg,autor:UCjSKM9j0Q7HLDr1hD6D-TUw,1
autor:UCFoIAE8k82D6AV-8gjjKaNg,autor:UCujPF2nBgsTD62nWE3lcpIg,1
autor:UCFoIAE8k82D6AV-8gjjKaNg,autor:UCpIdtvoFHVLGASGB5ySqIEA,1
autor:UCFoIAE8k82D6AV-8gjjKaNg,autor:UChZknRmJkeGeQk0-mQuhDOg,1
autor:UCFoIAE8k82D6AV-8gjjKaNg,autor:UCQtSFINs1h6GHkpg9o5kMvg,1
autor:UCFoIAE8k82D6AV-8gjjKaNg,autor:UCQgYjVngJRfPHDLGB5X6ZjA,1
autor:UCFoIAE8k82D6AV-8gjjKaNg,autor:UCHhHUjaMAZ8SiXdCUCj9DkQ,1
autor:UCFoIAE8k82D6AV-8gjjKaNg,autor:UCXr8_5WtGeipe4haOoQDgyQ,1
autor:UCFoIAE8k82D6AV-8gjjKaNg,autor:UCQtICyzWmhC5woCtbNgaSmg,1
autor:UCFoIAE8k82D6AV-8gjjKaNg,autor:UCljDbleJul41G1TzOjOZAVA,1
autor:UCFoIAE8k82D6AV-8gjjKaNg,autor:UCUIIIPTVDVHAXqhC_5V6lPA,1
autor:UCFoIAE8k82D6AV-8gjjKaNg,autor:UCj-LL25XJnjxepPKCc3NGog,1
autor:UCFoIAE8k82D6AV-8gjjKaNg,autor:UCtUR3_CAiE7fCoZHM6cMfyQ,1
autor:UCFoIAE8k82D6AV-8gjjKaNg,autor:UCQ_-LPP8JAbfkc-b1Q6NvWw,1
autor:UCFoIAE8k82D6AV-8gjjKaNg,autor:UCr1emrogPKkKTs_WTtx71xg,1
autor:UCFoIAE8k82D6AV-8gjjKaNg,autor:UCOh6DaZC_x9HASnlRylEMfw,1
autor:UCFoIAE8k82D6AV-8gjjKaNg,autor:UCSou6a2OuYGSvPjm5psquyA,1
autor:UCFoIAE8k82D6AV-8gjjKaNg,autor:UCV0iizTBoOfdAFX_thfI9BA,1
autor:UCFoIAE8k82D6AV-8gjjKaNg,autor:UCsjs5Hp_r86x1xbK6FAeqaA,1
autor:UCFoIAE8k82D6AV-8gjjKaNg,autor:UCwha8rxULYMVtNwZWeSkE1A,1
autor:UCFoIAE8k82D6AV-8gjjKaNg,autor:UCFxE8GbokBrBsPEKM1xrOjQ,1
autor:UCFoIAE8k82D6AV-8gjjKaNg,autor:UCwW2OFy95P7ZBkOPxWkpvYg,1
autor:UCFoIAE8k82D6AV-8gjjKaNg,autor:UCpl8rF8uv_8uui-QRvuJaRA,1
autor:UCFoIAE8k82D6AV-8gjjKaNg,autor:UCRETAiYdh2dL5ZxB0_N1zDA,1
autor:UCFoIAE8k82D6AV-8gjjKaNg,autor:UCsJJAvrVGupdmhOqgtDp8dg,1
autor:UCFoIAE8k82D6AV-8gjjKaNg,autor:UCTP3O0rMnc8z8v8jaDQwL0w,1
autor:UCFoIAE8k82D6AV-8gjjKaNg,autor:UCN6qbfPSzFtjhqUDZ3Cv3CQ,1
autor:UCFoIAE8k82D6AV-8gjjKaNg,autor:UCvApqeCbLod-wejtT4CcVuA,1
autor:UCFoIAE8k82D6AV-8gjjKaNg,autor:UCYN4wSQ1Sx4_LurxLlW7MPg,1
autor:UCFoIAE8k82D6AV-8gjjKaNg,autor:UCueV9cTyTDwgQSec1x2dYgA,1
autor:UCFoIAE8k82D6AV-8gjjKaNg,autor:UChgkn5Jt5tWKYMoEOuCjz3Q,1
autor:UCFoIAE8k82D6AV-8gjjKaNg,autor:UCRlCV9zSn7avAWh-9_XFWqQ,1
autor:UCFoIAE8k82D6AV-8gjjKaNg,autor:UCiMythXHsw7eQEMykCdmMUA,1
autor:UCFoIAE8k82D6AV-8gjjKaNg,autor:UCz3gu01bmjNv0DpRq-K3XYg,1
autor:UCFoIAE8k82D6AV-8gjjKaNg,autor:UCkd9W714-947dEE6ZOEBATA,1
autor:UCFoIAE8k82D6AV-8gjjKaNg,autor:UCGzXwyCzMzGmjmCbH3Hg01Q,1
autor:UCFoIAE8k82D6AV-8gjjKaNg,autor:UCTwSut16JyAg3mX6LVUNGqA,1
autor:UCFoIAE8k82D6AV-8gjjKaNg,autor:UCKDR0f2fu2UzWL8mBv5-BHw,1
autor:UCFoIAE8k82D6AV-8gjjKaNg,autor:UCXXh7yg5KUFIWylTiKVEFKQ,1
autor:UCFoIAE8k82D6AV-8gjjKaNg,autor:UCylqlpsh8ENNM1LqgQ1KbxA,1
autor:UCFoIAE8k82D6AV-8gjjKaNg,autor:UCYwpX26TrCxq8TvbKGRYLXA,1
autor:UCFoIAE8k82D6AV-8gjjKaNg,autor:UCHTGCgY2l-DQJIvlA_cpa_Q,1
autor:UCFoIAE8k82D6AV-8gjjKaNg,autor:UCwO2SXr0ggzwg6QWWrr01nQ,1
autor:UCFoIAE8k82D6AV-8gjjKaNg,autor:UCXgr7vXlRrsaskPdo097kGA,1
autor:UCFoIAE8k82D6AV-8gjjKaNg,autor:UCL1MT278vSaQ83ZDkVWn1gw,1
autor:UCFoIAE8k82D6AV-8gjjKaNg,autor:UCsSXdJct-nsS8DsABoEsaYA,1
autor:UCFoIAE8k82D6AV-8gjjKaNg,autor:UCcfdg8crmMJwEuLUsAhV7yg,1
autor:UCFoIAE8k82D6AV-8gjjKaNg,autor:UCiGRBf2RNF0WRKhRVT7zFoA,1
autor:UCFoIAE8k82D6AV-8gjjKaNg,autor:UCWIZUtKJ636y-4TYrNvok0g,1
autor:UCFoIAE8k82D6AV-8gjjKaNg,autor:UCTD6q1nyIe3Y7HhqjaMj72w,1
autor:UCFoIAE8k82D6AV-8gjjKaNg,autor:UCLggDc_a5HriXv7I1h02sOA,1
autor:UCFoIAE8k82D6AV-8gjjKaNg,autor:UCLFdHr9BEbXHkoJopbEPLZw,1
autor:UCFoIAE8k82D6AV-8gjjKaNg,autor:UCplrIQtaPj6au60_f2-mOYw,1
autor:UCFoIAE8k82D6AV-8gjjKaNg,autor:UCxff05WuyvwELNITi7bj7UA,1
autor:UCFoIAE8k82D6AV-8gjjKaNg,autor:UCgvw7xIdGFupzpt1Y_BFkEA,1
autor:UCFoIAE8k82D6AV-8gjjKaNg,autor:UCipetjeiWj4CZB6EbyYziZg,1
autor:UCFoIAE8k82D6AV-8gjjKaNg,autor:UChep9kVb5gQmpodEEl10Xlg,1
autor:UCFxE8GbokBrBsPEKM1xrOjQ,autor:UCNBnKqWf4d-rS4HwJRQljmQ,1
autor:UCFxE8GbokBrBsPEKM1xrOjQ,autor:UCRelkU8JiZBytTzebJxaa-w,1
autor:UCFxE8GbokBrBsPEKM1xrOjQ,autor:UCzoL2l5H5eVlorWGH8AZfAg,1
autor:UCFxE8GbokBrBsPEKM1xrOjQ,autor:UCOLGv5Pf6BF2wFcwUzgcvHg,1
autor:UCFxE8GbokBrBsPEKM1xrOjQ,autor:UCl0ekS9Tt0jJGtOEM18S63w,1
autor:UCFxE8GbokBrBsPEKM1xrOjQ,autor:UCXSkL3ejZ8qWYyF_M7s_QKA,1
autor:UCFxE8GbokBrBsPEKM1xrOjQ,autor:UCySYJU5kUh7X8gVt9la2ISA,1
autor:UCFxE8GbokBrBsPEKM1xrOjQ,autor:UCL13XhnRzbGokEkCkEOb0-g,1
autor:UCFxE8GbokBrBsPEKM1xrOjQ,autor:UCZ51R_9Q9C0c8I3pAWhtmjQ,1
autor:UCFxE8GbokBrBsPEKM1xrOjQ,autor:UCp4iw5_5SmV9VGTFSNVGOmQ,1
autor:UCFxE8GbokBrBsPEKM1xrOjQ,autor:UCut6b9S98nv84cVX89PmKzA,1
autor:UCFxE8GbokBrBsPEKM1xrOjQ,autor:UCsUCN0Yq_UyTvKjOJLmNrnQ,1
autor:UCFxE8GbokBrBsPEKM1xrOjQ,autor:UCZLG9qH0tUjNhEGFIUt0CYw,1
autor:UCFxE8GbokBrBsPEKM1xrOjQ,autor:UChs3tU2BcKOT0CezykvAsGw,1
autor:UCFxE8GbokBrBsPEKM1xrOjQ,autor:UCrJn_rbo_ENAdeqneS-RmRw,1
autor:UCFxE8GbokBrBsPEKM1xrOjQ,autor:UCThW2XNsAaBKme5PUt7n-Zg,1
autor:UCFxE8GbokBrBsPEKM1xrOjQ,autor:UCmvOgzmmXbjUthHy-WJ52hQ,1
autor:UCFxE8GbokBrBsPEKM1xrOjQ,autor:UCpsKOkt5iWTbenzeuq7dsmQ,1
autor:UCFxE8GbokBrBsPEKM1xrOjQ,autor:UCi1b_TRQfgO1Z9O2gNGGWNA,1
autor:UCFxE8GbokBrBsPEKM1xrOjQ,autor:UCfM3nrxtTQMY5jFx1v1J4Gg,1
autor:UCFxE8GbokBrBsPEKM1xrOjQ,autor:UCjmPuazZJzscrwvk0QR9RVw,1
autor:UCFxE8GbokBrBsPEKM1xrOjQ,autor:UCtNfIBnc5S5DbbQj_yxgJTw,1
autor:UCFxE8GbokBrBsPEKM1xrOjQ,autor:UCmjppp6ujz3SAnULvP3sZMw,1
autor:UCFxE8GbokBrBsPEKM1xrOjQ,autor:UCzSfZlOVxBSs5ObD25ywxDQ,1
autor:UCFxE8GbokBrBsPEKM1xrOjQ,autor:UCTylKrsqkrBKIqubMu_5N0Q,1
autor:UCFxE8GbokBrBsPEKM1xrOjQ,autor:UCQqetiwzzmRNTM5OWuXarGQ,1
autor:UCFxE8GbokBrBsPEKM1xrOjQ,autor:UCOS8ViEkccrTZx2w2ccxotA,1
autor:UCFxE8GbokBrBsPEKM1xrOjQ,autor:UCh5ESQvtzyHDhCA7XyekCFA,1
autor:UCFxE8GbokBrBsPEKM1xrOjQ,autor:UCNkcuy42zEwddwEcOd_HpnA,1
autor:UCFxE8GbokBrBsPEKM1xrOjQ,autor:UCjSKM9j0Q7HLDr1hD6D-TUw,1
autor:UCFxE8GbokBrBsPEKM1xrOjQ,autor:UCujPF2nBgsTD62nWE3lcpIg,1
autor:UCFxE8GbokBrBsPEKM1xrOjQ,autor:UCpIdtvoFHVLGASGB5ySqIEA,1
autor:UCFxE8GbokBrBsPEKM1xrOjQ,autor:UChZknRmJkeGeQk0-mQuhDOg,1
autor:UCFxE8GbokBrBsPEKM1xrOjQ,autor:UCQtSFINs1h6GHkpg9o5kMvg,1
autor:UCFxE8GbokBrBsPEKM1xrOjQ,autor:UCQgYjVngJRfPHDLGB5X6ZjA,1
autor:UCFxE8GbokBrBsPEKM1xrOjQ,autor:UCHhHUjaMAZ8SiXdCUCj9DkQ,1
autor:UCFxE8GbokBrBsPEKM1xrOjQ,autor:UCXr8_5WtGeipe4haOoQDgyQ,1
autor:UCFxE8GbokBrBsPEKM1xrOjQ,autor:UCQtICyzWmhC5woCtbNgaSmg,1
autor:UCFxE8GbokBrBsPEKM1xrOjQ,autor:UCljDbleJul41G1TzOjOZAVA,1
autor:UCFxE8GbokBrBsPEKM1xrOjQ,autor:UCUIIIPTVDVHAXqhC_5V6lPA,1
autor:UCFxE8GbokBrBsPEKM1xrOjQ,autor:UCj-LL25XJnjxepPKCc3NGog,1
autor:UCFxE8GbokBrBsPEKM1xrOjQ,autor:UCtUR3_CAiE7fCoZHM6cMfyQ,1
autor:UCFxE8GbokBrBsPEKM1xrOjQ,autor:UCQ_-LPP8JAbfkc-b1Q6NvWw,1
autor:UCFxE8GbokBrBsPEKM1xrOjQ,autor:UCr1emrogPKkKTs_WTtx71xg,1
autor:UCFxE8GbokBrBsPEKM1xrOjQ,autor:UCOh6DaZC_x9HASnlRylEMfw,1
autor:UCFxE8GbokBrBsPEKM1xrOjQ,autor:UCSou6a2OuYGSvPjm5psquyA,1
autor:UCFxE8GbokBrBsPEKM1xrOjQ,autor:UCV0iizTBoOfdAFX_thfI9BA,1
autor:UCFxE8GbokBrBsPEKM1xrOjQ,autor:UCsjs5Hp_r86x1xbK6FAeqaA,1
autor:UCFxE8GbokBrBsPEKM1xrOjQ,autor:UCwha8rxULYMVtNwZWeSkE1A,1
autor:UCFxE8GbokBrBsPEKM1xrOjQ,autor:UCwW2OFy95P7ZBkOPxWkpvYg,1
autor:UCFxE8GbokBrBsPEKM1xrOjQ,autor:UCpl8rF8uv_8uui-QRvuJaRA,1
autor:UCFxE8GbokBrBsPEKM1xrOjQ,autor:UCRETAiYdh2dL5ZxB0_N1zDA,1
autor:UCFxE8GbokBrBsPEKM1xrOjQ,autor:UCsJJAvrVGupdmhOqgtDp8dg,1
autor:UCFxE8GbokBrBsPEKM1xrOjQ,autor:UCTP3O0rMnc8z8v8jaDQwL0w,1
autor:UCFxE8GbokBrBsPEKM1xrOjQ,autor:UCN6qbfPSzFtjhqUDZ3Cv3CQ,1
autor:UCFxE8GbokBrBsPEKM1xrOjQ,autor:UCvApqeCbLod-wejtT4CcVuA,1
autor:UCFxE8GbokBrBsPEKM1xrOjQ,autor:UCYN4wSQ1Sx4_LurxLlW7MPg,1
autor:UCFxE8GbokBrBsPEKM1xrOjQ,autor:UCueV9cTyTDwgQSec1x2dYgA,1
autor:UCFxE8GbokBrBsPEKM1xrOjQ,autor:UChgkn5Jt5tWKYMoEOuCjz3Q,1
autor:UCFxE8GbokBrBsPEKM1xrOjQ,autor:UCRlCV9zSn7avAWh-9_XFWqQ,1
autor:UCFxE8GbokBrBsPEKM1xrOjQ,autor:UCiMythXHsw7eQEMykCdmMUA,1
autor:UCFxE8GbokBrBsPEKM1xrOjQ,autor:UCz3gu01bmjNv0DpRq-K3XYg,1
autor:UCFxE8GbokBrBsPEKM1xrOjQ,autor:UCkd9W714-947dEE6ZOEBATA,1
autor:UCFxE8GbokBrBsPEKM1xrOjQ,autor:UCGzXwyCzMzGmjmCbH3Hg01Q,1
autor:UCFxE8GbokBrBsPEKM1xrOjQ,autor:UCTwSut16JyAg3mX6LVUNGqA,1
autor:UCFxE8GbokBrBsPEKM1xrOjQ,autor:UCKDR0f2fu2UzWL8mBv5-BHw,1
autor:UCFxE8GbokBrBsPEKM1xrOjQ,autor:UCXXh7yg5KUFIWylTiKVEFKQ,1
autor:UCFxE8GbokBrBsPEKM1xrOjQ,autor:UCylqlpsh8ENNM1LqgQ1KbxA,1
autor:UCFxE8GbokBrBsPEKM1xrOjQ,autor:UCYwpX26TrCxq8TvbKGRYLXA,1
autor:UCFxE8GbokBrBsPEKM1xrOjQ,autor:UCHTGCgY2l-DQJIvlA_cpa_Q,1
autor:UCFxE8GbokBrBsPEKM1xrOjQ,autor:UCwO2SXr0ggzwg6QWWrr01nQ,1
autor:UCFxE8GbokBrBsPEKM1xrOjQ,autor:UCXgr7vXlRrsaskPdo097kGA,1
autor:UCFxE8GbokBrBsPEKM1xrOjQ,autor:UCL1MT278vSaQ83ZDkVWn1gw,1
autor:UCFxE8GbokBrBsPEKM1xrOjQ,autor:UCsSXdJct-nsS8DsABoEsaYA,1
autor:UCFxE8GbokBrBsPEKM1xrOjQ,autor:UCcfdg8crmMJwEuLUsAhV7yg,1
autor:UCFxE8GbokBrBsPEKM1xrOjQ,autor:UCiGRBf2RNF0WRKhRVT7zFoA,1
autor:UCFxE8GbokBrBsPEKM1xrOjQ,autor:UCWIZUtKJ636y-4TYrNvok0g,1
autor:UCFxE8GbokBrBsPEKM1xrOjQ,autor:UCTD6q1nyIe3Y7HhqjaMj72w,1
autor:UCFxE8GbokBrBsPEKM1xrOjQ,autor:UCLggDc_a5HriXv7I1h02sOA,1
autor:UCFxE8GbokBrBsPEKM1xrOjQ,autor:UCLFdHr9BEbXHkoJopbEPLZw,1
autor:UCFxE8GbokBrBsPEKM1xrOjQ,autor:UCplrIQtaPj6au60_f2-mOYw,1
autor:UCFxE8GbokBrBsPEKM1xrOjQ,autor:UCxff05WuyvwELNITi7bj7UA,1
autor:UCFxE8GbokBrBsPEKM1xrOjQ,autor:UCgvw7xIdGFupzpt1Y_BFkEA,1
autor:UCFxE8GbokBrBsPEKM1xrOjQ,autor:UCipetjeiWj4CZB6EbyYziZg,1
autor:UCFxE8GbokBrBsPEKM1xrOjQ,autor:UChep9kVb5gQmpodEEl10Xlg,1
autor:UCFybmWapGvBKcQod7cPPH9w,autor:UCeQk-WfEA-cJRq4EKeE7TOw,1
autor:UCFybmWapGvBKcQod7cPPH9w,autor:UCWaRixDdpgllTBf4V0jPnKQ,1
autor:UCFybmWapGvBKcQod7cPPH9w,autor:UCjZgFEowMBrsjodqfovzdKw,1
autor:UCFybmWapGvBKcQod7cPPH9w,autor:UCRfkkatKrNtAARnXMMYBGlA,1
autor:UCFybmWapGvBKcQod7cPPH9w,autor:UChyps3dqY-VY1_wLeq-2lhw,1
autor:UCFybmWapGvBKcQod7cPPH9w,autor:UCp29O_C7cchZV8IxV7Crdag,1
autor:UCFybmWapGvBKcQod7cPPH9w,autor:UCV3fr-YOixFKCZBbJP1-X4w,1
autor:UCFybmWapGvBKcQod7cPPH9w,autor:UCWvntqPQx99k_Z_skWKqNSA,1
autor:UCFybmWapGvBKcQod7cPPH9w,autor:UCa36MjQLoPAmgJo-R3G8WQA,1
autor:UCFybmWapGvBKcQod7cPPH9w,autor:UCzZ6dDCEsLMXbc5pCFXIprw,1
autor:UCFybmWapGvBKcQod7cPPH9w,autor:UCwxoKK59nGCeBqB2sXfDBIw,1
autor:UCFybmWapGvBKcQod7cPPH9w,autor:UCvDwJBBY1mHK70aTEYl6rsA,1
autor:UCFybmWapGvBKcQod7cPPH9w,autor:UCiOZX__1gahg1ypIj0_XG_w,1
autor:UCFybmWapGvBKcQod7cPPH9w,autor:UCoGdCoJg2Lh0OX_jv6cG16g,1
autor:UCFybmWapGvBKcQod7cPPH9w,autor:UCaT4saRcyqCLE657Rq2hhZQ,1
autor:UCFybmWapGvBKcQod7cPPH9w,autor:UCZFQwqh90apuL8eFhvRBkUg,1
autor:UCFybmWapGvBKcQod7cPPH9w,autor:UCfo_yUPzy1f1POwwZxhZ06Q,1
autor:UCFybmWapGvBKcQod7cPPH9w,autor:UCtsxPYw8VUsH_FfnKg-0lmw,1
autor:UCFybmWapGvBKcQod7cPPH9w,autor:UCgGqw4aqMdMVSGkKiMgrJRQ,1
autor:UCFybmWapGvBKcQod7cPPH9w,autor:UCtCtts20bW6F9CSohau51Iw,1
autor:UCFybmWapGvBKcQod7cPPH9w,autor:UCheEJ5GZuIvV0fj-nXyVwXw,1
autor:UCFybmWapGvBKcQod7cPPH9w,autor:UCql1n3Ey6ULMSOACjMe-fxQ,1
autor:UCFybmWapGvBKcQod7cPPH9w,autor:UCyJhqmMbsvjpoarBBStA2kg,1
autor:UCGGHbtfbbe0o68etrOf0qxw,autor:UCWoAVGVqCn4xtINCMOTM4jg,1
autor:UCGGHbtfbbe0o68etrOf0qxw,autor:UCylqlpsh8ENNM1LqgQ1KbxA,1
autor:UCGGHbtfbbe0o68etrOf0qxw,autor:UCQyOePccUP-fIJYzchAgZYw,1
autor:UCGGHbtfbbe0o68etrOf0qxw,autor:UCpe5jW3MIqkgTJ-PgkzvM6Q,1
autor:UCGGHbtfbbe0o68etrOf0qxw,autor:UColMq7LmaoY3MT6aIDGrGvA,1
autor:UCGGHbtfbbe0o68etrOf0qxw,autor:UCiC-Jn7wdgyQV4_Urk0DkWQ,1
autor:UCGGHbtfbbe0o68etrOf0qxw,autor:UCsGoJEvb-cFPZ2rWoJcXzEQ,1
autor:UCGGHbtfbbe0o68etrOf0qxw,autor:UCRAquv8el-tQ30bN7MlmySQ,1
autor:UCGGHbtfbbe0o68etrOf0qxw,autor:UCgJNFj5dnxXpcMvmuhZDPxA,1
autor:UCGGHbtfbbe0o68etrOf0qxw,autor:UClqA491Xa5fQcXcJJa-vTWw,1
autor:UCGGHbtfbbe0o68etrOf0qxw,autor:UCkbsS_3D-pvg1iHOld9uvIg,1
autor:UCGGHbtfbbe0o68etrOf0qxw,autor:UCRvPToDkkumha7WJAfCDk1A,1
autor:UCGGHbtfbbe0o68etrOf0qxw,autor:UCdFlugHJJa4l3YqWuNRmvXw,1
autor:UCGGHbtfbbe0o68etrOf0qxw,autor:UCu8_3-Wg-YzNyvHYQDEscfw,1
autor:UCGGHbtfbbe0o68etrOf0qxw,autor:UCZeIIQrGAedW8tCbKWmGY-A,1
autor:UCGGHbtfbbe0o68etrOf0qxw,autor:UC_LYoGs5C3mbZKZuKuqYCvw,1
autor:UCGGHbtfbbe0o68etrOf0qxw,autor:UCqCrvuoJpC-aVb0f4logQRQ,1
autor:UCGGHbtfbbe0o68etrOf0qxw,autor:UClhMWQ7XKWywYvbRnuf8QsA,1
autor:UCGGHbtfbbe0o68etrOf0qxw,autor:UCOcUI5XkTYNMSFhZNMIPpGg,1
autor:UCGGHbtfbbe0o68etrOf0qxw,autor:UCgQw_Sbq3ugruDUKsq1e0-A,1
autor:UCGGHbtfbbe0o68etrOf0qxw,autor:UCaKAjTW9MVub_clgr4DRYjQ,1
autor:UCGGHbtfbbe0o68etrOf0qxw,autor:UCQqlPPUGqAfWjd-FSh_qn7Q,1
autor:UCGGHbtfbbe0o68etrOf0qxw,autor:UCwjUvRseNtJoItylIyIez7Q,1
autor:UCGGHbtfbbe0o68etrOf0qxw,autor:UCe8JZoYkX5oKUZyivHYdXhw,1
autor:UCGGHbtfbbe0o68etrOf0qxw,autor:UCNpt5CQlTzNjlAKY6CJtClQ,1
autor:UCGGHbtfbbe0o68etrOf0qxw,autor:UCkVtmkK07b2zaVVNssX4lOg,1
autor:UCGGHbtfbbe0o68etrOf0qxw,autor:UCHbwIx9pmQuf7i-4_xO2EpA,1
autor:UCGGHbtfbbe0o68etrOf0qxw,autor:UCW-JC6lebVmf2P1dmY_L94g,1
autor:UCGGHbtfbbe0o68etrOf0qxw,autor:UCW80DaMjQlEUibC98Cot-Dg,1
autor:UCGGHbtfbbe0o68etrOf0qxw,autor:UCpsKOkt5iWTbenzeuq7dsmQ,1
autor:UCGGHbtfbbe0o68etrOf0qxw,autor:UCeDNEtI8_a42bZ47wJiJMwQ,1
autor:UCGGHbtfbbe0o68etrOf0qxw,autor:UCUoYsrx1oZnCZ0usbBJn4fA,1
autor:UCGGHbtfbbe0o68etrOf0qxw,autor:UCwgCc9Jd_gG-uLE_SY-FfPg,1
autor:UCGGHbtfbbe0o68etrOf0qxw,autor:UCuXmOjxC-htcprLgeVXz6Tg,1
autor:UCGGHbtfbbe0o68etrOf0qxw,autor:UCV0lM03g5fg5pbPj97-sAtA,1
autor:UCGX_UbAQOXGZknv5iqklwTA,autor:UCPZueDLrCS4BmTBRMA4q0fA,1
autor:UCGX_UbAQOXGZknv5iqklwTA,autor:UCVQf0tzL7xRzFJsABVVULpg,1
autor:UCGX_UbAQOXGZknv5iqklwTA,autor:UCg3eIfd7BrsLEqS0BLkftHA,1
autor:UCGX_UbAQOXGZknv5iqklwTA,autor:UCN2N_wYOw6fMwCeSzdXLPIw,1
autor:UCGX_UbAQOXGZknv5iqklwTA,autor:UClsrFGJKWPxxw7MiaEdKLXw,1
autor:UCGX_UbAQOXGZknv5iqklwTA,autor:UCusjriFsDHEc2AOjqk-p5ig,1
autor:UCGX_UbAQOXGZknv5iqklwTA,autor:UCHTGCgY2l-DQJIvlA_cpa_Q,1
autor:UCGX_UbAQOXGZknv5iqklwTA,autor:UCzZ6dDCEsLMXbc5pCFXIprw,1
autor:UCGX_UbAQOXGZknv5iqklwTA,autor:UCbYoNG5J3Au5BqtbXogfEFw,1
autor:UCGX_UbAQOXGZknv5iqklwTA,autor:UCf5lnNZF7Qrtli9v4N_23WQ,1
autor:UCGX_UbAQOXGZknv5iqklwTA,autor:UCtNyHmRZtvGF2hSvI2dUBWw,1
autor:UCGX_UbAQOXGZknv5iqklwTA,autor:UCNIeXbV_mEwpa412h1aqUWw,1
autor:UCGX_UbAQOXGZknv5iqklwTA,autor:UCgQJgI9vu1FI2dnC9mrFthw,1
autor:UCGX_UbAQOXGZknv5iqklwTA,autor:UCuP4UK33HKtJE_S39ksmaTw,1
autor:UCGZMgmM92E3njyXNe9-kjAQ,autor:UCQMMuADgqWUOcJpLwHOzC-g,1
autor:UCGZMgmM92E3njyXNe9-kjAQ,autor:UCp_dAUfv8i3LW3zWc24dLaQ,1
autor:UCGZMgmM92E3njyXNe9-kjAQ,autor:UCrqXyRsg-_hTosURZ-uvoKg,1
autor:UCGZMgmM92E3njyXNe9-kjAQ,autor:UCxhtlxPV8AYWaNNyU6S9H8Q,1
autor:UCGZMgmM92E3njyXNe9-kjAQ,autor:UCat2qkYvqmtDNEmo2PVuhXw,1
autor:UCGZMgmM92E3njyXNe9-kjAQ,autor:UCbNanjFI51cwGqMAb2rOrBw,1
autor:UCGZMgmM92E3njyXNe9-kjAQ,autor:UCVdjCrh4tQoX3haNAZv-n5A,1
autor:UCGZMgmM92E3njyXNe9-kjAQ,autor:UCtiHFjFu7d5v2XxHnKFUYig,1
autor:UCGZMgmM92E3njyXNe9-kjAQ,autor:UCozFYHN0e_-vlQbX3wQGOug,1
autor:UCGZMgmM92E3njyXNe9-kjAQ,autor:UCOLHH4ZpMxPYF-Q6e6wvn5A,1
autor:UCGZMgmM92E3njyXNe9-kjAQ,autor:UCPNXmbOBVeC4HS-xemvcPtQ,1
autor:UCGZMgmM92E3njyXNe9-kjAQ,autor:UCi2KiZq63sRq8Mfbcp-MelQ,1
autor:UCGZMgmM92E3njyXNe9-kjAQ,autor:UCIgoiXdIKJyUGmUoH2Lxdzg,1
autor:UCGZMgmM92E3njyXNe9-kjAQ,autor:UCZjm6U576nX8WOiLhmMR3bw,1
autor:UCGj2v6Gl5bN8NSrzJMXS-CA,autor:UCOARn3hnfkB7-_Rwa8Hoqcw,1
autor:UCGj2v6Gl5bN8NSrzJMXS-CA,autor:UCZIQnb1fkwe39Iw2TAu-bGA,1
autor:UCGj2v6Gl5bN8NSrzJMXS-CA,autor:UCyW68EGZey4ao_Vf2cR5Ztg,1
autor:UCGj2v6Gl5bN8NSrzJMXS-CA,autor:UCvcu1kR8xMYy_I1Ty-2mV2Q,1
autor:UCGj2v6Gl5bN8NSrzJMXS-CA,autor:UCVhif9eV0f8plICen2DnpKA,1
autor:UCGm3gRBEHGRJYmtCryZLtDw,autor:UCsUCN0Yq_UyTvKjOJLmNrnQ,1
autor:UCGm3gRBEHGRJYmtCryZLtDw,autor:UCHu8x4MVkayU6VgwVKd--MQ,1
autor:UCGqKxQS-z3NZzZF-2w338AA,autor:UCtMBF_1O2jY2INlb_luuB_A,1
autor:UCGqKxQS-z3NZzZF-2w338AA,autor:UCSTAUWVc1_82DHYeqOsqEFA,1
autor:UCGqKxQS-z3NZzZF-2w338AA,autor:UCyzf29IYjNw67gGIfsjgtxA,1
autor:UCGqKxQS-z3NZzZF-2w338AA,autor:UCIp19h9igblA2YKfSLPDAug,1
autor:UCGqKxQS-z3NZzZF-2w338AA,autor:UCgLurCo-e019HGODcjXHWCw,1
autor:UCGqKxQS-z3NZzZF-2w338AA,autor:UCRcSR3Lvn9DZAmJpVPANfZQ,1
autor:UCGqKxQS-z3NZzZF-2w338AA,autor:UCxKR3RA8T-kxMgq_2WWhRcQ,1
autor:UCGqKxQS-z3NZzZF-2w338AA,autor:UCXmrpc6Li0spcKxtS0Q_ptg,1
autor:UCGqKxQS-z3NZzZF-2w338AA,autor:UC_ljZ1hZXR9pzexFz87P5ZA,1
autor:UCGqKxQS-z3NZzZF-2w338AA,autor:UCs_5qeqdku9tGAq22y3OcuQ,1
autor:UCGqKxQS-z3NZzZF-2w338AA,autor:UCwUAv3_LpWVtTIi7lkmTL7A,1
autor:UCGqKxQS-z3NZzZF-2w338AA,autor:UCaT6M2zp7X6r6Whd8Vv3kHQ,1
autor:UCGqKxQS-z3NZzZF-2w338AA,autor:UCRznz9-N3Qc1w-qNdLSIY2Q,1
autor:UCGqKxQS-z3NZzZF-2w338AA,autor:UCIUhbSCy3-SGRe5UtqM4fzQ,1
autor:UCGqKxQS-z3NZzZF-2w338AA,autor:UCqilIa8r7iek5sGYg_q6ofA,1
autor:UCGqKxQS-z3NZzZF-2w338AA,autor:UCY7Hq7F9Lnucf-Yr6JkHZNw,1
autor:UCGqKxQS-z3NZzZF-2w338AA,autor:UCgLrWFdYitoP-b7-PxtUr-w,1
autor:UCGqKxQS-z3NZzZF-2w338AA,autor:UCi-vPdnpQreC7BkFs40mJGA,1
autor:UCGqKxQS-z3NZzZF-2w338AA,autor:UCHMQ_lDhibZ-XZ_3fo6oxwg,1
autor:UCGzXwyCzMzGmjmCbH3Hg01Q,autor:UCNBnKqWf4d-rS4HwJRQljmQ,1
autor:UCGzXwyCzMzGmjmCbH3Hg01Q,autor:UCRelkU8JiZBytTzebJxaa-w,1
autor:UCGzXwyCzMzGmjmCbH3Hg01Q,autor:UCzoL2l5H5eVlorWGH8AZfAg,1
autor:UCGzXwyCzMzGmjmCbH3Hg01Q,autor:UCOLGv5Pf6BF2wFcwUzgcvHg,1
autor:UCGzXwyCzMzGmjmCbH3Hg01Q,autor:UCl0ekS9Tt0jJGtOEM18S63w,1
autor:UCGzXwyCzMzGmjmCbH3Hg01Q,autor:UCXSkL3ejZ8qWYyF_M7s_QKA,1
autor:UCGzXwyCzMzGmjmCbH3Hg01Q,autor:UCySYJU5kUh7X8gVt9la2ISA,1
autor:UCGzXwyCzMzGmjmCbH3Hg01Q,autor:UCL13XhnRzbGokEkCkEOb0-g,1
autor:UCGzXwyCzMzGmjmCbH3Hg01Q,autor:UCZ51R_9Q9C0c8I3pAWhtmjQ,1
autor:UCGzXwyCzMzGmjmCbH3Hg01Q,autor:UCp4iw5_5SmV9VGTFSNVGOmQ,1
autor:UCGzXwyCzMzGmjmCbH3Hg01Q,autor:UCut6b9S98nv84cVX89PmKzA,1
autor:UCGzXwyCzMzGmjmCbH3Hg01Q,autor:UCsUCN0Yq_UyTvKjOJLmNrnQ,1
autor:UCGzXwyCzMzGmjmCbH3Hg01Q,autor:UCZLG9qH0tUjNhEGFIUt0CYw,1
autor:UCGzXwyCzMzGmjmCbH3Hg01Q,autor:UChs3tU2BcKOT0CezykvAsGw,1
autor:UCGzXwyCzMzGmjmCbH3Hg01Q,autor:UCrJn_rbo_ENAdeqneS-RmRw,1
autor:UCGzXwyCzMzGmjmCbH3Hg01Q,autor:UCThW2XNsAaBKme5PUt7n-Zg,1
autor:UCGzXwyCzMzGmjmCbH3Hg01Q,autor:UCmvOgzmmXbjUthHy-WJ52hQ,1
autor:UCGzXwyCzMzGmjmCbH3Hg01Q,autor:UCpsKOkt5iWTbenzeuq7dsmQ,1
autor:UCGzXwyCzMzGmjmCbH3Hg01Q,autor:UCi1b_TRQfgO1Z9O2gNGGWNA,1
autor:UCGzXwyCzMzGmjmCbH3Hg01Q,autor:UCfM3nrxtTQMY5jFx1v1J4Gg,1
autor:UCGzXwyCzMzGmjmCbH3Hg01Q,autor:UCjmPuazZJzscrwvk0QR9RVw,1
autor:UCGzXwyCzMzGmjmCbH3Hg01Q,autor:UCtNfIBnc5S5DbbQj_yxgJTw,1
autor:UCGzXwyCzMzGmjmCbH3Hg01Q,autor:UCmjppp6ujz3SAnULvP3sZMw,1
autor:UCGzXwyCzMzGmjmCbH3Hg01Q,autor:UCzSfZlOVxBSs5ObD25ywxDQ,1
autor:UCGzXwyCzMzGmjmCbH3Hg01Q,autor:UCTylKrsqkrBKIqubMu_5N0Q,1
autor:UCGzXwyCzMzGmjmCbH3Hg01Q,autor:UCQqetiwzzmRNTM5OWuXarGQ,1
autor:UCGzXwyCzMzGmjmCbH3Hg01Q,autor:UCOS8ViEkccrTZx2w2ccxotA,1
autor:UCGzXwyCzMzGmjmCbH3Hg01Q,autor:UCh5ESQvtzyHDhCA7XyekCFA,1
autor:UCGzXwyCzMzGmjmCbH3Hg01Q,autor:UCNkcuy42zEwddwEcOd_HpnA,1
autor:UCGzXwyCzMzGmjmCbH3Hg01Q,autor:UCjSKM9j0Q7HLDr1hD6D-TUw,1
autor:UCGzXwyCzMzGmjmCbH3Hg01Q,autor:UCujPF2nBgsTD62nWE3lcpIg,1
autor:UCGzXwyCzMzGmjmCbH3Hg01Q,autor:UCpIdtvoFHVLGASGB5ySqIEA,1
autor:UCGzXwyCzMzGmjmCbH3Hg01Q,autor:UChZknRmJkeGeQk0-mQuhDOg,1
autor:UCGzXwyCzMzGmjmCbH3Hg01Q,autor:UCQtSFINs1h6GHkpg9o5kMvg,1
autor:UCGzXwyCzMzGmjmCbH3Hg01Q,autor:UCQgYjVngJRfPHDLGB5X6ZjA,1
autor:UCGzXwyCzMzGmjmCbH3Hg01Q,autor:UCHhHUjaMAZ8SiXdCUCj9DkQ,1
autor:UCGzXwyCzMzGmjmCbH3Hg01Q,autor:UCXr8_5WtGeipe4haOoQDgyQ,1
autor:UCGzXwyCzMzGmjmCbH3Hg01Q,autor:UCQtICyzWmhC5woCtbNgaSmg,1
autor:UCGzXwyCzMzGmjmCbH3Hg01Q,autor:UCljDbleJul41G1TzOjOZAVA,1
autor:UCGzXwyCzMzGmjmCbH3Hg01Q,autor:UCUIIIPTVDVHAXqhC_5V6lPA,1
autor:UCGzXwyCzMzGmjmCbH3Hg01Q,autor:UCj-LL25XJnjxepPKCc3NGog,1
autor:UCGzXwyCzMzGmjmCbH3Hg01Q,autor:UCtUR3_CAiE7fCoZHM6cMfyQ,1
autor:UCGzXwyCzMzGmjmCbH3Hg01Q,autor:UCQ_-LPP8JAbfkc-b1Q6NvWw,1
autor:UCGzXwyCzMzGmjmCbH3Hg01Q,autor:UCr1emrogPKkKTs_WTtx71xg,1
autor:UCGzXwyCzMzGmjmCbH3Hg01Q,autor:UCOh6DaZC_x9HASnlRylEMfw,1
autor:UCGzXwyCzMzGmjmCbH3Hg01Q,autor:UCSou6a2OuYGSvPjm5psquyA,1
autor:UCGzXwyCzMzGmjmCbH3Hg01Q,autor:UCV0iizTBoOfdAFX_thfI9BA,1
autor:UCGzXwyCzMzGmjmCbH3Hg01Q,autor:UCsjs5Hp_r86x1xbK6FAeqaA,1
autor:UCGzXwyCzMzGmjmCbH3Hg01Q,autor:UCwha8rxULYMVtNwZWeSkE1A,1
autor:UCGzXwyCzMzGmjmCbH3Hg01Q,autor:UCwW2OFy95P7ZBkOPxWkpvYg,1
autor:UCGzXwyCzMzGmjmCbH3Hg01Q,autor:UCpl8rF8uv_8uui-QRvuJaRA,1
autor:UCGzXwyCzMzGmjmCbH3Hg01Q,autor:UCRETAiYdh2dL5ZxB0_N1zDA,1
autor:UCGzXwyCzMzGmjmCbH3Hg01Q,autor:UCsJJAvrVGupdmhOqgtDp8dg,1
autor:UCGzXwyCzMzGmjmCbH3Hg01Q,autor:UCTP3O0rMnc8z8v8jaDQwL0w,1
autor:UCGzXwyCzMzGmjmCbH3Hg01Q,autor:UCN6qbfPSzFtjhqUDZ3Cv3CQ,1
autor:UCGzXwyCzMzGmjmCbH3Hg01Q,autor:UCvApqeCbLod-wejtT4CcVuA,1
autor:UCGzXwyCzMzGmjmCbH3Hg01Q,autor:UCYN4wSQ1Sx4_LurxLlW7MPg,1
autor:UCGzXwyCzMzGmjmCbH3Hg01Q,autor:UCueV9cTyTDwgQSec1x2dYgA,1
autor:UCGzXwyCzMzGmjmCbH3Hg01Q,autor:UChgkn5Jt5tWKYMoEOuCjz3Q,1
autor:UCGzXwyCzMzGmjmCbH3Hg01Q,autor:UCRlCV9zSn7avAWh-9_XFWqQ,1
autor:UCGzXwyCzMzGmjmCbH3Hg01Q,autor:UCiMythXHsw7eQEMykCdmMUA,1
autor:UCGzXwyCzMzGmjmCbH3Hg01Q,autor:UCz3gu01bmjNv0DpRq-K3XYg,1
autor:UCGzXwyCzMzGmjmCbH3Hg01Q,autor:UCkd9W714-947dEE6ZOEBATA,1
autor:UCGzXwyCzMzGmjmCbH3Hg01Q,autor:UCTwSut16JyAg3mX6LVUNGqA,1
autor:UCGzXwyCzMzGmjmCbH3Hg01Q,autor:UCKDR0f2fu2UzWL8mBv5-BHw,1
autor:UCGzXwyCzMzGmjmCbH3Hg01Q,autor:UCXXh7yg5KUFIWylTiKVEFKQ,1
autor:UCGzXwyCzMzGmjmCbH3Hg01Q,autor:UCylqlpsh8ENNM1LqgQ1KbxA,1
autor:UCGzXwyCzMzGmjmCbH3Hg01Q,autor:UCYwpX26TrCxq8TvbKGRYLXA,1
autor:UCGzXwyCzMzGmjmCbH3Hg01Q,autor:UCHTGCgY2l-DQJIvlA_cpa_Q,1
autor:UCGzXwyCzMzGmjmCbH3Hg01Q,autor:UCwO2SXr0ggzwg6QWWrr01nQ,1
autor:UCGzXwyCzMzGmjmCbH3Hg01Q,autor:UCXgr7vXlRrsaskPdo097kGA,1
autor:UCGzXwyCzMzGmjmCbH3Hg01Q,autor:UCL1MT278vSaQ83ZDkVWn1gw,1
autor:UCGzXwyCzMzGmjmCbH3Hg01Q,autor:UCsSXdJct-nsS8DsABoEsaYA,1
autor:UCGzXwyCzMzGmjmCbH3Hg01Q,autor:UCcfdg8crmMJwEuLUsAhV7yg,1
autor:UCGzXwyCzMzGmjmCbH3Hg01Q,autor:UCiGRBf2RNF0WRKhRVT7zFoA,1
autor:UCGzXwyCzMzGmjmCbH3Hg01Q,autor:UCWIZUtKJ636y-4TYrNvok0g,1
autor:UCGzXwyCzMzGmjmCbH3Hg01Q,autor:UCTD6q1nyIe3Y7HhqjaMj72w,1
autor:UCGzXwyCzMzGmjmCbH3Hg01Q,autor:UCLggDc_a5HriXv7I1h02sOA,1
autor:UCGzXwyCzMzGmjmCbH3Hg01Q,autor:UCLFdHr9BEbXHkoJopbEPLZw,1
autor:UCGzXwyCzMzGmjmCbH3Hg01Q,autor:UCplrIQtaPj6au60_f2-mOYw,1
autor:UCGzXwyCzMzGmjmCbH3Hg01Q,autor:UCxff05WuyvwELNITi7bj7UA,1
autor:UCGzXwyCzMzGmjmCbH3Hg01Q,autor:UCgvw7xIdGFupzpt1Y_BFkEA,1
autor:UCGzXwyCzMzGmjmCbH3Hg01Q,autor:UCipetjeiWj4CZB6EbyYziZg,1
autor:UCGzXwyCzMzGmjmCbH3Hg01Q,autor:UChep9kVb5gQmpodEEl10Xlg,1
autor:UCHGd14aYuZZShLD73dkk6mg,autor:UCQIdKuZ-OzuFqy0KjGrgesg,1
autor:UCHGd14aYuZZShLD73dkk6mg,autor:UCWWkebAekppaL5b5CNlppuw,1
autor:UCHMQ_lDhibZ-XZ_3fo6oxwg,autor:UCtMBF_1O2jY2INlb_luuB_A,1
autor:UCHMQ_lDhibZ-XZ_3fo6oxwg,autor:UCSTAUWVc1_82DHYeqOsqEFA,1
autor:UCHMQ_lDhibZ-XZ_3fo6oxwg,autor:UCyzf29IYjNw67gGIfsjgtxA,1
autor:UCHMQ_lDhibZ-XZ_3fo6oxwg,autor:UCIp19h9igblA2YKfSLPDAug,1
autor:UCHMQ_lDhibZ-XZ_3fo6oxwg,autor:UCgLurCo-e019HGODcjXHWCw,1
autor:UCHMQ_lDhibZ-XZ_3fo6oxwg,autor:UCRcSR3Lvn9DZAmJpVPANfZQ,1
autor:UCHMQ_lDhibZ-XZ_3fo6oxwg,autor:UCxKR3RA8T-kxMgq_2WWhRcQ,1
autor:UCHMQ_lDhibZ-XZ_3fo6oxwg,autor:UCXmrpc6Li0spcKxtS0Q_ptg,1
autor:UCHMQ_lDhibZ-XZ_3fo6oxwg,autor:UC_ljZ1hZXR9pzexFz87P5ZA,1
autor:UCHMQ_lDhibZ-XZ_3fo6oxwg,autor:UCs_5qeqdku9tGAq22y3OcuQ,1
autor:UCHMQ_lDhibZ-XZ_3fo6oxwg,autor:UCwUAv3_LpWVtTIi7lkmTL7A,1
autor:UCHMQ_lDhibZ-XZ_3fo6oxwg,autor:UCaT6M2zp7X6r6Whd8Vv3kHQ,1
autor:UCHMQ_lDhibZ-XZ_3fo6oxwg,autor:UCRznz9-N3Qc1w-qNdLSIY2Q,1
autor:UCHMQ_lDhibZ-XZ_3fo6oxwg,autor:UCIUhbSCy3-SGRe5UtqM4fzQ,1
autor:UCHMQ_lDhibZ-XZ_3fo6oxwg,autor:UCqilIa8r7iek5sGYg_q6ofA,1
autor:UCHMQ_lDhibZ-XZ_3fo6oxwg,autor:UCY7Hq7F9Lnucf-Yr6JkHZNw,1
autor:UCHMQ_lDhibZ-XZ_3fo6oxwg,autor:UCgLrWFdYitoP-b7-PxtUr-w,1
autor:UCHMQ_lDhibZ-XZ_3fo6oxwg,autor:UCi-vPdnpQreC7BkFs40mJGA,1
autor:UCHTGCgY2l-DQJIvlA_cpa_Q,autor:UCNBnKqWf4d-rS4HwJRQljmQ,1
autor:UCHTGCgY2l-DQJIvlA_cpa_Q,autor:UCRelkU8JiZBytTzebJxaa-w,1
autor:UCHTGCgY2l-DQJIvlA_cpa_Q,autor:UCzZ6dDCEsLMXbc5pCFXIprw,1
autor:UCHTGCgY2l-DQJIvlA_cpa_Q,autor:UCzoL2l5H5eVlorWGH8AZfAg,1
autor:UCHTGCgY2l-DQJIvlA_cpa_Q,autor:UCOLGv5Pf6BF2wFcwUzgcvHg,1
autor:UCHTGCgY2l-DQJIvlA_cpa_Q,autor:UCl0ekS9Tt0jJGtOEM18S63w,1
autor:UCHTGCgY2l-DQJIvlA_cpa_Q,autor:UCXSkL3ejZ8qWYyF_M7s_QKA,1
autor:UCHTGCgY2l-DQJIvlA_cpa_Q,autor:UCySYJU5kUh7X8gVt9la2ISA,1
autor:UCHTGCgY2l-DQJIvlA_cpa_Q,autor:UCL13XhnRzbGokEkCkEOb0-g,1
autor:UCHTGCgY2l-DQJIvlA_cpa_Q,autor:UCZ51R_9Q9C0c8I3pAWhtmjQ,1
autor:UCHTGCgY2l-DQJIvlA_cpa_Q,autor:UCp4iw5_5SmV9VGTFSNVGOmQ,1
autor:UCHTGCgY2l-DQJIvlA_cpa_Q,autor:UCut6b9S98nv84cVX89PmKzA,1
autor:UCHTGCgY2l-DQJIvlA_cpa_Q,autor:UCVQf0tzL7xRzFJsABVVULpg,1
autor:UCHTGCgY2l-DQJIvlA_cpa_Q,autor:UCsUCN0Yq_UyTvKjOJLmNrnQ,1
autor:UCHTGCgY2l-DQJIvlA_cpa_Q,autor:UCZLG9qH0tUjNhEGFIUt0CYw,1
autor:UCHTGCgY2l-DQJIvlA_cpa_Q,autor:UChs3tU2BcKOT0CezykvAsGw,1
autor:UCHTGCgY2l-DQJIvlA_cpa_Q,autor:UCrJn_rbo_ENAdeqneS-RmRw,1
autor:UCHTGCgY2l-DQJIvlA_cpa_Q,autor:UCThW2XNsAaBKme5PUt7n-Zg,1
autor:UCHTGCgY2l-DQJIvlA_cpa_Q,autor:UCmvOgzmmXbjUthHy-WJ52hQ,1
autor:UCHTGCgY2l-DQJIvlA_cpa_Q,autor:UCpsKOkt5iWTbenzeuq7dsmQ,1
autor:UCHTGCgY2l-DQJIvlA_cpa_Q,autor:UCi1b_TRQfgO1Z9O2gNGGWNA,1
autor:UCHTGCgY2l-DQJIvlA_cpa_Q,autor:UCPZueDLrCS4BmTBRMA4q0fA,1
autor:UCHTGCgY2l-DQJIvlA_cpa_Q,autor:UCfM3nrxtTQMY5jFx1v1J4Gg,1
autor:UCHTGCgY2l-DQJIvlA_cpa_Q,autor:UCjmPuazZJzscrwvk0QR9RVw,1
autor:UCHTGCgY2l-DQJIvlA_cpa_Q,autor:UCtNfIBnc5S5DbbQj_yxgJTw,1
autor:UCHTGCgY2l-DQJIvlA_cpa_Q,autor:UCN2N_wYOw6fMwCeSzdXLPIw,1
autor:UCHTGCgY2l-DQJIvlA_cpa_Q,autor:UCmjppp6ujz3SAnULvP3sZMw,1
autor:UCHTGCgY2l-DQJIvlA_cpa_Q,autor:UCzSfZlOVxBSs5ObD25ywxDQ,1
autor:UCHTGCgY2l-DQJIvlA_cpa_Q,autor:UCTylKrsqkrBKIqubMu_5N0Q,1
autor:UCHTGCgY2l-DQJIvlA_cpa_Q,autor:UCQqetiwzzmRNTM5OWuXarGQ,1
autor:UCHTGCgY2l-DQJIvlA_cpa_Q,autor:UCf5lnNZF7Qrtli9v4N_23WQ,1
autor:UCHTGCgY2l-DQJIvlA_cpa_Q,autor:UCOS8ViEkccrTZx2w2ccxotA,1
autor:UCHTGCgY2l-DQJIvlA_cpa_Q,autor:UCh5ESQvtzyHDhCA7XyekCFA,1
autor:UCHTGCgY2l-DQJIvlA_cpa_Q,autor:UCNkcuy42zEwddwEcOd_HpnA,1
autor:UCHTGCgY2l-DQJIvlA_cpa_Q,autor:UCNIeXbV_mEwpa412h1aqUWw,1
autor:UCHTGCgY2l-DQJIvlA_cpa_Q,autor:UCjSKM9j0Q7HLDr1hD6D-TUw,1
autor:UCHTGCgY2l-DQJIvlA_cpa_Q,autor:UCujPF2nBgsTD62nWE3lcpIg,1
autor:UCHTGCgY2l-DQJIvlA_cpa_Q,autor:UCpIdtvoFHVLGASGB5ySqIEA,1
autor:UCHTGCgY2l-DQJIvlA_cpa_Q,autor:UChZknRmJkeGeQk0-mQuhDOg,1
autor:UCHTGCgY2l-DQJIvlA_cpa_Q,autor:UCQtSFINs1h6GHkpg9o5kMvg,1
autor:UCHTGCgY2l-DQJIvlA_cpa_Q,autor:UCQgYjVngJRfPHDLGB5X6ZjA,1
autor:UCHTGCgY2l-DQJIvlA_cpa_Q,autor:UClsrFGJKWPxxw7MiaEdKLXw,1
autor:UCHTGCgY2l-DQJIvlA_cpa_Q,autor:UCHhHUjaMAZ8SiXdCUCj9DkQ,1
autor:UCHTGCgY2l-DQJIvlA_cpa_Q,autor:UCXr8_5WtGeipe4haOoQDgyQ,1
autor:UCHTGCgY2l-DQJIvlA_cpa_Q,autor:UCQtICyzWmhC5woCtbNgaSmg,1
autor:UCHTGCgY2l-DQJIvlA_cpa_Q,autor:UCgQJgI9vu1FI2dnC9mrFthw,1
autor:UCHTGCgY2l-DQJIvlA_cpa_Q,autor:UCljDbleJul41G1TzOjOZAVA,1
autor:UCHTGCgY2l-DQJIvlA_cpa_Q,autor:UCUIIIPTVDVHAXqhC_5V6lPA,1
autor:UCHTGCgY2l-DQJIvlA_cpa_Q,autor:UCj-LL25XJnjxepPKCc3NGog,1
autor:UCHTGCgY2l-DQJIvlA_cpa_Q,autor:UCtUR3_CAiE7fCoZHM6cMfyQ,1
autor:UCHTGCgY2l-DQJIvlA_cpa_Q,autor:UCQ_-LPP8JAbfkc-b1Q6NvWw,1
autor:UCHTGCgY2l-DQJIvlA_cpa_Q,autor:UCr1emrogPKkKTs_WTtx71xg,1
autor:UCHTGCgY2l-DQJIvlA_cpa_Q,autor:UCusjriFsDHEc2AOjqk-p5ig,1
autor:UCHTGCgY2l-DQJIvlA_cpa_Q,autor:UCOh6DaZC_x9HASnlRylEMfw,1
autor:UCHTGCgY2l-DQJIvlA_cpa_Q,autor:UCSou6a2OuYGSvPjm5psquyA,1
autor:UCHTGCgY2l-DQJIvlA_cpa_Q,autor:UCV0iizTBoOfdAFX_thfI9BA,1
autor:UCHTGCgY2l-DQJIvlA_cpa_Q,autor:UCsjs5Hp_r86x1xbK6FAeqaA,1
autor:UCHTGCgY2l-DQJIvlA_cpa_Q,autor:UCwha8rxULYMVtNwZWeSkE1A,1
autor:UCHTGCgY2l-DQJIvlA_cpa_Q,autor:UCtNyHmRZtvGF2hSvI2dUBWw,1
autor:UCHTGCgY2l-DQJIvlA_cpa_Q,autor:UCwW2OFy95P7ZBkOPxWkpvYg,1
autor:UCHTGCgY2l-DQJIvlA_cpa_Q,autor:UCpl8rF8uv_8uui-QRvuJaRA,1
autor:UCHTGCgY2l-DQJIvlA_cpa_Q,autor:UCRETAiYdh2dL5ZxB0_N1zDA,1
autor:UCHTGCgY2l-DQJIvlA_cpa_Q,autor:UCsJJAvrVGupdmhOqgtDp8dg,1
autor:UCHTGCgY2l-DQJIvlA_cpa_Q,autor:UCTP3O0rMnc8z8v8jaDQwL0w,1
autor:UCHTGCgY2l-DQJIvlA_cpa_Q,autor:UCN6qbfPSzFtjhqUDZ3Cv3CQ,1
autor:UCHTGCgY2l-DQJIvlA_cpa_Q,autor:UCvApqeCbLod-wejtT4CcVuA,1
autor:UCHTGCgY2l-DQJIvlA_cpa_Q,autor:UCYN4wSQ1Sx4_LurxLlW7MPg,1
autor:UCHTGCgY2l-DQJIvlA_cpa_Q,autor:UCueV9cTyTDwgQSec1x2dYgA,1
autor:UCHTGCgY2l-DQJIvlA_cpa_Q,autor:UChgkn5Jt5tWKYMoEOuCjz3Q,1
autor:UCHTGCgY2l-DQJIvlA_cpa_Q,autor:UCRlCV9zSn7avAWh-9_XFWqQ,1
autor:UCHTGCgY2l-DQJIvlA_cpa_Q,autor:UCiMythXHsw7eQEMykCdmMUA,1
autor:UCHTGCgY2l-DQJIvlA_cpa_Q,autor:UCz3gu01bmjNv0DpRq-K3XYg,1
autor:UCHTGCgY2l-DQJIvlA_cpa_Q,autor:UCkd9W714-947dEE6ZOEBATA,1
autor:UCHTGCgY2l-DQJIvlA_cpa_Q,autor:UCKDR0f2fu2UzWL8mBv5-BHw,1
autor:UCHTGCgY2l-DQJIvlA_cpa_Q,autor:UCTwSut16JyAg3mX6LVUNGqA,1
autor:UCHTGCgY2l-DQJIvlA_cpa_Q,autor:UCXXh7yg5KUFIWylTiKVEFKQ,1
autor:UCHTGCgY2l-DQJIvlA_cpa_Q,autor:UCylqlpsh8ENNM1LqgQ1KbxA,1
autor:UCHTGCgY2l-DQJIvlA_cpa_Q,autor:UCg3eIfd7BrsLEqS0BLkftHA,1
autor:UCHTGCgY2l-DQJIvlA_cpa_Q,autor:UCYwpX26TrCxq8TvbKGRYLXA,1
autor:UCHTGCgY2l-DQJIvlA_cpa_Q,autor:UCwO2SXr0ggzwg6QWWrr01nQ,1
autor:UCHTGCgY2l-DQJIvlA_cpa_Q,autor:UCbYoNG5J3Au5BqtbXogfEFw,1
autor:UCHTGCgY2l-DQJIvlA_cpa_Q,autor:UCXgr7vXlRrsaskPdo097kGA,1
autor:UCHTGCgY2l-DQJIvlA_cpa_Q,autor:UCL1MT278vSaQ83ZDkVWn1gw,1
autor:UCHTGCgY2l-DQJIvlA_cpa_Q,autor:UCsSXdJct-nsS8DsABoEsaYA,1
autor:UCHTGCgY2l-DQJIvlA_cpa_Q,autor:UCuP4UK33HKtJE_S39ksmaTw,1
autor:UCHTGCgY2l-DQJIvlA_cpa_Q,autor:UCcfdg8crmMJwEuLUsAhV7yg,1
autor:UCHTGCgY2l-DQJIvlA_cpa_Q,autor:UCiGRBf2RNF0WRKhRVT7zFoA,1
autor:UCHTGCgY2l-DQJIvlA_cpa_Q,autor:UCWIZUtKJ636y-4TYrNvok0g,1
autor:UCHTGCgY2l-DQJIvlA_cpa_Q,autor:UCTD6q1nyIe3Y7HhqjaMj72w,1
autor:UCHTGCgY2l-DQJIvlA_cpa_Q,autor:UCLggDc_a5HriXv7I1h02sOA,1
autor:UCHTGCgY2l-DQJIvlA_cpa_Q,autor:UCLFdHr9BEbXHkoJopbEPLZw,1
autor:UCHTGCgY2l-DQJIvlA_cpa_Q,autor:UCplrIQtaPj6au60_f2-mOYw,1
autor:UCHTGCgY2l-DQJIvlA_cpa_Q,autor:UCxff05WuyvwELNITi7bj7UA,1
autor:UCHTGCgY2l-DQJIvlA_cpa_Q,autor:UCgvw7xIdGFupzpt1Y_BFkEA,1
autor:UCHTGCgY2l-DQJIvlA_cpa_Q,autor:UCipetjeiWj4CZB6EbyYziZg,1
autor:UCHTGCgY2l-DQJIvlA_cpa_Q,autor:UChep9kVb5gQmpodEEl10Xlg,1
autor:UCHbwIx9pmQuf7i-4_xO2EpA,autor:UCWoAVGVqCn4xtINCMOTM4jg,1
autor:UCHbwIx9pmQuf7i-4_xO2EpA,autor:UCylqlpsh8ENNM1LqgQ1KbxA,1
autor:UCHbwIx9pmQuf7i-4_xO2EpA,autor:UCQyOePccUP-fIJYzchAgZYw,1
autor:UCHbwIx9pmQuf7i-4_xO2EpA,autor:UCpe5jW3MIqkgTJ-PgkzvM6Q,1
autor:UCHbwIx9pmQuf7i-4_xO2EpA,autor:UColMq7LmaoY3MT6aIDGrGvA,1
autor:UCHbwIx9pmQuf7i-4_xO2EpA,autor:UCiC-Jn7wdgyQV4_Urk0DkWQ,1
autor:UCHbwIx9pmQuf7i-4_xO2EpA,autor:UCsGoJEvb-cFPZ2rWoJcXzEQ,1
autor:UCHbwIx9pmQuf7i-4_xO2EpA,autor:UCRAquv8el-tQ30bN7MlmySQ,1
autor:UCHbwIx9pmQuf7i-4_xO2EpA,autor:UCgJNFj5dnxXpcMvmuhZDPxA,1
autor:UCHbwIx9pmQuf7i-4_xO2EpA,autor:UClqA491Xa5fQcXcJJa-vTWw,1
autor:UCHbwIx9pmQuf7i-4_xO2EpA,autor:UCkbsS_3D-pvg1iHOld9uvIg,1
autor:UCHbwIx9pmQuf7i-4_xO2EpA,autor:UCRvPToDkkumha7WJAfCDk1A,1
autor:UCHbwIx9pmQuf7i-4_xO2EpA,autor:UCdFlugHJJa4l3YqWuNRmvXw,1
autor:UCHbwIx9pmQuf7i-4_xO2EpA,autor:UCu8_3-Wg-YzNyvHYQDEscfw,1
autor:UCHbwIx9pmQuf7i-4_xO2EpA,autor:UCZeIIQrGAedW8tCbKWmGY-A,1
autor:UCHbwIx9pmQuf7i-4_xO2EpA,autor:UC_LYoGs5C3mbZKZuKuqYCvw,1
autor:UCHbwIx9pmQuf7i-4_xO2EpA,autor:UCqCrvuoJpC-aVb0f4logQRQ,1
autor:UCHbwIx9pmQuf7i-4_xO2EpA,autor:UClhMWQ7XKWywYvbRnuf8QsA,1
autor:UCHbwIx9pmQuf7i-4_xO2EpA,autor:UCOcUI5XkTYNMSFhZNMIPpGg,1
autor:UCHbwIx9pmQuf7i-4_xO2EpA,autor:UCgQw_Sbq3ugruDUKsq1e0-A,1
autor:UCHbwIx9pmQuf7i-4_xO2EpA,autor:UCaKAjTW9MVub_clgr4DRYjQ,1
autor:UCHbwIx9pmQuf7i-4_xO2EpA,autor:UCQqlPPUGqAfWjd-FSh_qn7Q,1
autor:UCHbwIx9pmQuf7i-4_xO2EpA,autor:UCwjUvRseNtJoItylIyIez7Q,1
autor:UCHbwIx9pmQuf7i-4_xO2EpA,autor:UCe8JZoYkX5oKUZyivHYdXhw,1
autor:UCHbwIx9pmQuf7i-4_xO2EpA,autor:UCNpt5CQlTzNjlAKY6CJtClQ,1
autor:UCHbwIx9pmQuf7i-4_xO2EpA,autor:UCkVtmkK07b2zaVVNssX4lOg,1
autor:UCHbwIx9pmQuf7i-4_xO2EpA,autor:UCW-JC6lebVmf2P1dmY_L94g,1
autor:UCHbwIx9pmQuf7i-4_xO2EpA,autor:UCW80DaMjQlEUibC98Cot-Dg,1
autor:UCHbwIx9pmQuf7i-4_xO2EpA,autor:UCpsKOkt5iWTbenzeuq7dsmQ,1
autor:UCHbwIx9pmQuf7i-4_xO2EpA,autor:UCeDNEtI8_a42bZ47wJiJMwQ,1
autor:UCHbwIx9pmQuf7i-4_xO2EpA,autor:UCUoYsrx1oZnCZ0usbBJn4fA,1
autor:UCHbwIx9pmQuf7i-4_xO2EpA,autor:UCwgCc9Jd_gG-uLE_SY-FfPg,1
autor:UCHbwIx9pmQuf7i-4_xO2EpA,autor:UCuXmOjxC-htcprLgeVXz6Tg,1
autor:UCHbwIx9pmQuf7i-4_xO2EpA,autor:UCV0lM03g5fg5pbPj97-sAtA,1
autor:UCHhHUjaMAZ8SiXdCUCj9DkQ,autor:UCNBnKqWf4d-rS4HwJRQljmQ,1
autor:UCHhHUjaMAZ8SiXdCUCj9DkQ,autor:UCRelkU8JiZBytTzebJxaa-w,1
autor:UCHhHUjaMAZ8SiXdCUCj9DkQ,autor:UCzoL2l5H5eVlorWGH8AZfAg,1
autor:UCHhHUjaMAZ8SiXdCUCj9DkQ,autor:UCOLGv5Pf6BF2wFcwUzgcvHg,1
autor:UCHhHUjaMAZ8SiXdCUCj9DkQ,autor:UCl0ekS9Tt0jJGtOEM18S63w,1
autor:UCHhHUjaMAZ8SiXdCUCj9DkQ,autor:UCXSkL3ejZ8qWYyF_M7s_QKA,1
autor:UCHhHUjaMAZ8SiXdCUCj9DkQ,autor:UCySYJU5kUh7X8gVt9la2ISA,1
autor:UCHhHUjaMAZ8SiXdCUCj9DkQ,autor:UCL13XhnRzbGokEkCkEOb0-g,1
autor:UCHhHUjaMAZ8SiXdCUCj9DkQ,autor:UCZ51R_9Q9C0c8I3pAWhtmjQ,1
autor:UCHhHUjaMAZ8SiXdCUCj9DkQ,autor:UCp4iw5_5SmV9VGTFSNVGOmQ,1
autor:UCHhHUjaMAZ8SiXdCUCj9DkQ,autor:UCut6b9S98nv84cVX89PmKzA,1
autor:UCHhHUjaMAZ8SiXdCUCj9DkQ,autor:UCsUCN0Yq_UyTvKjOJLmNrnQ,1
autor:UCHhHUjaMAZ8SiXdCUCj9DkQ,autor:UCZLG9qH0tUjNhEGFIUt0CYw,1
autor:UCHhHUjaMAZ8SiXdCUCj9DkQ,autor:UChs3tU2BcKOT0CezykvAsGw,1
autor:UCHhHUjaMAZ8SiXdCUCj9DkQ,autor:UCrJn_rbo_ENAdeqneS-RmRw,1
autor:UCHhHUjaMAZ8SiXdCUCj9DkQ,autor:UCThW2XNsAaBKme5PUt7n-Zg,1
autor:UCHhHUjaMAZ8SiXdCUCj9DkQ,autor:UCmvOgzmmXbjUthHy-WJ52hQ,1
autor:UCHhHUjaMAZ8SiXdCUCj9DkQ,autor:UCpsKOkt5iWTbenzeuq7dsmQ,1
autor:UCHhHUjaMAZ8SiXdCUCj9DkQ,autor:UCi1b_TRQfgO1Z9O2gNGGWNA,1
autor:UCHhHUjaMAZ8SiXdCUCj9DkQ,autor:UCfM3nrxtTQMY5jFx1v1J4Gg,1
autor:UCHhHUjaMAZ8SiXdCUCj9DkQ,autor:UCjmPuazZJzscrwvk0QR9RVw,1
autor:UCHhHUjaMAZ8SiXdCUCj9DkQ,autor:UCtNfIBnc5S5DbbQj_yxgJTw,1
autor:UCHhHUjaMAZ8SiXdCUCj9DkQ,autor:UCmjppp6ujz3SAnULvP3sZMw,1
autor:UCHhHUjaMAZ8SiXdCUCj9DkQ,autor:UCzSfZlOVxBSs5ObD25ywxDQ,1
autor:UCHhHUjaMAZ8SiXdCUCj9DkQ,autor:UCTylKrsqkrBKIqubMu_5N0Q,1
autor:UCHhHUjaMAZ8SiXdCUCj9DkQ,autor:UCQqetiwzzmRNTM5OWuXarGQ,1
autor:UCHhHUjaMAZ8SiXdCUCj9DkQ,autor:UCOS8ViEkccrTZx2w2ccxotA,1
autor:UCHhHUjaMAZ8SiXdCUCj9DkQ,autor:UCh5ESQvtzyHDhCA7XyekCFA,1
autor:UCHhHUjaMAZ8SiXdCUCj9DkQ,autor:UCNkcuy42zEwddwEcOd_HpnA,1
autor:UCHhHUjaMAZ8SiXdCUCj9DkQ,autor:UCjSKM9j0Q7HLDr1hD6D-TUw,1
autor:UCHhHUjaMAZ8SiXdCUCj9DkQ,autor:UCujPF2nBgsTD62nWE3lcpIg,1
autor:UCHhHUjaMAZ8SiXdCUCj9DkQ,autor:UCpIdtvoFHVLGASGB5ySqIEA,1
autor:UCHhHUjaMAZ8SiXdCUCj9DkQ,autor:UChZknRmJkeGeQk0-mQuhDOg,1
autor:UCHhHUjaMAZ8SiXdCUCj9DkQ,autor:UCQtSFINs1h6GHkpg9o5kMvg,1
autor:UCHhHUjaMAZ8SiXdCUCj9DkQ,autor:UCQgYjVngJRfPHDLGB5X6ZjA,1
autor:UCHhHUjaMAZ8SiXdCUCj9DkQ,autor:UCXr8_5WtGeipe4haOoQDgyQ,1
autor:UCHhHUjaMAZ8SiXdCUCj9DkQ,autor:UCQtICyzWmhC5woCtbNgaSmg,1
autor:UCHhHUjaMAZ8SiXdCUCj9DkQ,autor:UCljDbleJul41G1TzOjOZAVA,1
autor:UCHhHUjaMAZ8SiXdCUCj9DkQ,autor:UCUIIIPTVDVHAXqhC_5V6lPA,1
autor:UCHhHUjaMAZ8SiXdCUCj9DkQ,autor:UCj-LL25XJnjxepPKCc3NGog,1
autor:UCHhHUjaMAZ8SiXdCUCj9DkQ,autor:UCtUR3_CAiE7fCoZHM6cMfyQ,1
autor:UCHhHUjaMAZ8SiXdCUCj9DkQ,autor:UCQ_-LPP8JAbfkc-b1Q6NvWw,1
autor:UCHhHUjaMAZ8SiXdCUCj9DkQ,autor:UCr1emrogPKkKTs_WTtx71xg,1
autor:UCHhHUjaMAZ8SiXdCUCj9DkQ,autor:UCOh6DaZC_x9HASnlRylEMfw,1
autor:UCHhHUjaMAZ8SiXdCUCj9DkQ,autor:UCSou6a2OuYGSvPjm5psquyA,1
autor:UCHhHUjaMAZ8SiXdCUCj9DkQ,autor:UCV0iizTBoOfdAFX_thfI9BA,1
autor:UCHhHUjaMAZ8SiXdCUCj9DkQ,autor:UCsjs5Hp_r86x1xbK6FAeqaA,1
autor:UCHhHUjaMAZ8SiXdCUCj9DkQ,autor:UCwha8rxULYMVtNwZWeSkE1A,1
autor:UCHhHUjaMAZ8SiXdCUCj9DkQ,autor:UCwW2OFy95P7ZBkOPxWkpvYg,1
autor:UCHhHUjaMAZ8SiXdCUCj9DkQ,autor:UCpl8rF8uv_8uui-QRvuJaRA,1
autor:UCHhHUjaMAZ8SiXdCUCj9DkQ,autor:UCRETAiYdh2dL5ZxB0_N1zDA,1
autor:UCHhHUjaMAZ8SiXdCUCj9DkQ,autor:UCsJJAvrVGupdmhOqgtDp8dg,1
autor:UCHhHUjaMAZ8SiXdCUCj9DkQ,autor:UCTP3O0rMnc8z8v8jaDQwL0w,1
autor:UCHhHUjaMAZ8SiXdCUCj9DkQ,autor:UCN6qbfPSzFtjhqUDZ3Cv3CQ,1
autor:UCHhHUjaMAZ8SiXdCUCj9DkQ,autor:UCvApqeCbLod-wejtT4CcVuA,1
autor:UCHhHUjaMAZ8SiXdCUCj9DkQ,autor:UCYN4wSQ1Sx4_LurxLlW7MPg,1
autor:UCHhHUjaMAZ8SiXdCUCj9DkQ,autor:UCueV9cTyTDwgQSec1x2dYgA,1
autor:UCHhHUjaMAZ8SiXdCUCj9DkQ,autor:UChgkn5Jt5tWKYMoEOuCjz3Q,1
autor:UCHhHUjaMAZ8SiXdCUCj9DkQ,autor:UCRlCV9zSn7avAWh-9_XFWqQ,1
autor:UCHhHUjaMAZ8SiXdCUCj9DkQ,autor:UCiMythXHsw7eQEMykCdmMUA,1
autor:UCHhHUjaMAZ8SiXdCUCj9DkQ,autor:UCz3gu01bmjNv0DpRq-K3XYg,1
autor:UCHhHUjaMAZ8SiXdCUCj9DkQ,autor:UCkd9W714-947dEE6ZOEBATA,1
autor:UCHhHUjaMAZ8SiXdCUCj9DkQ,autor:UCTwSut16JyAg3mX6LVUNGqA,1
autor:UCHhHUjaMAZ8SiXdCUCj9DkQ,autor:UCKDR0f2fu2UzWL8mBv5-BHw,1
autor:UCHhHUjaMAZ8SiXdCUCj9DkQ,autor:UCXXh7yg5KUFIWylTiKVEFKQ,1
autor:UCHhHUjaMAZ8SiXdCUCj9DkQ,autor:UCylqlpsh8ENNM1LqgQ1KbxA,1
autor:UCHhHUjaMAZ8SiXdCUCj9DkQ,autor:UCYwpX26TrCxq8TvbKGRYLXA,1
autor:UCHhHUjaMAZ8SiXdCUCj9DkQ,autor:UCwO2SXr0ggzwg6QWWrr01nQ,1
autor:UCHhHUjaMAZ8SiXdCUCj9DkQ,autor:UCXgr7vXlRrsaskPdo097kGA,1
autor:UCHhHUjaMAZ8SiXdCUCj9DkQ,autor:UCL1MT278vSaQ83ZDkVWn1gw,1
autor:UCHhHUjaMAZ8SiXdCUCj9DkQ,autor:UCsSXdJct-nsS8DsABoEsaYA,1
autor:UCHhHUjaMAZ8SiXdCUCj9DkQ,autor:UCcfdg8crmMJwEuLUsAhV7yg,1
autor:UCHhHUjaMAZ8SiXdCUCj9DkQ,autor:UCiGRBf2RNF0WRKhRVT7zFoA,1
autor:UCHhHUjaMAZ8SiXdCUCj9DkQ,autor:UCWIZUtKJ636y-4TYrNvok0g,1
autor:UCHhHUjaMAZ8SiXdCUCj9DkQ,autor:UCTD6q1nyIe3Y7HhqjaMj72w,1
autor:UCHhHUjaMAZ8SiXdCUCj9DkQ,autor:UCLggDc_a5HriXv7I1h02sOA,1
autor:UCHhHUjaMAZ8SiXdCUCj9DkQ,autor:UCLFdHr9BEbXHkoJopbEPLZw,1
autor:UCHhHUjaMAZ8SiXdCUCj9DkQ,autor:UCplrIQtaPj6au60_f2-mOYw,1
autor:UCHhHUjaMAZ8SiXdCUCj9DkQ,autor:UCxff05WuyvwELNITi7bj7UA,1
autor:UCHhHUjaMAZ8SiXdCUCj9DkQ,autor:UCgvw7xIdGFupzpt1Y_BFkEA,1
autor:UCHhHUjaMAZ8SiXdCUCj9DkQ,autor:UCipetjeiWj4CZB6EbyYziZg,1
autor:UCHhHUjaMAZ8SiXdCUCj9DkQ,autor:UChep9kVb5gQmpodEEl10Xlg,1
autor:UCHu8x4MVkayU6VgwVKd--MQ,autor:UCsUCN0Yq_UyTvKjOJLmNrnQ,1
autor:UCIUhbSCy3-SGRe5UtqM4fzQ,autor:UCtMBF_1O2jY2INlb_luuB_A,1
autor:UCIUhbSCy3-SGRe5UtqM4fzQ,autor:UCSTAUWVc1_82DHYeqOsqEFA,1
autor:UCIUhbSCy3-SGRe5UtqM4fzQ,autor:UCyzf29IYjNw67gGIfsjgtxA,1
autor:UCIUhbSCy3-SGRe5UtqM4fzQ,autor:UCIp19h9igblA2YKfSLPDAug,1
autor:UCIUhbSCy3-SGRe5UtqM4fzQ,autor:UCgLurCo-e019HGODcjXHWCw,1
autor:UCIUhbSCy3-SGRe5UtqM4fzQ,autor:UCRcSR3Lvn9DZAmJpVPANfZQ,1
autor:UCIUhbSCy3-SGRe5UtqM4fzQ,autor:UCxKR3RA8T-kxMgq_2WWhRcQ,1
autor:UCIUhbSCy3-SGRe5UtqM4fzQ,autor:UCXmrpc6Li0spcKxtS0Q_ptg,1
autor:UCIUhbSCy3-SGRe5UtqM4fzQ,autor:UC_ljZ1hZXR9pzexFz87P5ZA,1
autor:UCIUhbSCy3-SGRe5UtqM4fzQ,autor:UCs_5qeqdku9tGAq22y3OcuQ,1
autor:UCIUhbSCy3-SGRe5UtqM4fzQ,autor:UCwUAv3_LpWVtTIi7lkmTL7A,1
autor:UCIUhbSCy3-SGRe5UtqM4fzQ,autor:UCaT6M2zp7X6r6Whd8Vv3kHQ,1
autor:UCIUhbSCy3-SGRe5UtqM4fzQ,autor:UCRznz9-N3Qc1w-qNdLSIY2Q,1
autor:UCIUhbSCy3-SGRe5UtqM4fzQ,autor:UCqilIa8r7iek5sGYg_q6ofA,1
autor:UCIUhbSCy3-SGRe5UtqM4fzQ,autor:UCY7Hq7F9Lnucf-Yr6JkHZNw,1
autor:UCIUhbSCy3-SGRe5UtqM4fzQ,autor:UCgLrWFdYitoP-b7-PxtUr-w,1
autor:UCIUhbSCy3-SGRe5UtqM4fzQ,autor:UCi-vPdnpQreC7BkFs40mJGA,1
autor:UCIXLDYqR_syskKRJy_x9W9Q,autor:UCfjhejO7LZy4doXURa7LZCQ,1
autor:UCIXLDYqR_syskKRJy_x9W9Q,autor:UCvl1tzQeBeGy6efPTRJXSCw,1
autor:UCIXLDYqR_syskKRJy_x9W9Q,autor:UCjZgFEowMBrsjodqfovzdKw,1
autor:UCIXLDYqR_syskKRJy_x9W9Q,autor:UCwCfs-2zbD5k0lG-UVg_JBw,1
autor:UCIXLDYqR_syskKRJy_x9W9Q,autor:UC_3xuTXvMIWU5MYP9HkJ3vQ,1
autor:UCIXLDYqR_syskKRJy_x9W9Q,autor:UCq3mDTTRZnUybct5M9OSXbg,1
autor:UCIXLDYqR_syskKRJy_x9W9Q,autor:UCLXYp1Cvc5DLtq5UQL5D9vw,1
autor:UCIXLDYqR_syskKRJy_x9W9Q,autor:UCXN2s7DwTJm33xO-pNkAdaA,1
autor:UCIXLDYqR_syskKRJy_x9W9Q,autor:UCfXykdbSU97rj987LDUGfvg,1
autor:UCIXLDYqR_syskKRJy_x9W9Q,autor:UCO0zwwLWGyDgQmWPJ5Qrr1w,1
autor:UCIgoiXdIKJyUGmUoH2Lxdzg,autor:UCQMMuADgqWUOcJpLwHOzC-g,1
autor:UCIgoiXdIKJyUGmUoH2Lxdzg,autor:UCp_dAUfv8i3LW3zWc24dLaQ,1
autor:UCIgoiXdIKJyUGmUoH2Lxdzg,autor:UCrqXyRsg-_hTosURZ-uvoKg,1
autor:UCIgoiXdIKJyUGmUoH2Lxdzg,autor:UCxhtlxPV8AYWaNNyU6S9H8Q,1
autor:UCIgoiXdIKJyUGmUoH2Lxdzg,autor:UCat2qkYvqmtDNEmo2PVuhXw,1
autor:UCIgoiXdIKJyUGmUoH2Lxdzg,autor:UCbNanjFI51cwGqMAb2rOrBw,1
autor:UCIgoiXdIKJyUGmUoH2Lxdzg,autor:UCVdjCrh4tQoX3haNAZv-n5A,1
autor:UCIgoiXdIKJyUGmUoH2Lxdzg,autor:UCtiHFjFu7d5v2XxHnKFUYig,1
autor:UCIgoiXdIKJyUGmUoH2Lxdzg,autor:UCozFYHN0e_-vlQbX3wQGOug,1
autor:UCIgoiXdIKJyUGmUoH2Lxdzg,autor:UCOLHH4ZpMxPYF-Q6e6wvn5A,1
autor:UCIgoiXdIKJyUGmUoH2Lxdzg,autor:UCPNXmbOBVeC4HS-xemvcPtQ,1
autor:UCIgoiXdIKJyUGmUoH2Lxdzg,autor:UCi2KiZq63sRq8Mfbcp-MelQ,1
autor:UCIgoiXdIKJyUGmUoH2Lxdzg,autor:UCZjm6U576nX8WOiLhmMR3bw,1
autor:UCIp19h9igblA2YKfSLPDAug,autor:UCtMBF_1O2jY2INlb_luuB_A,1
autor:UCIp19h9igblA2YKfSLPDAug,autor:UCSTAUWVc1_82DHYeqOsqEFA,1
autor:UCIp19h9igblA2YKfSLPDAug,autor:UCyzf29IYjNw67gGIfsjgtxA,1
autor:UCIp19h9igblA2YKfSLPDAug,autor:UCgLurCo-e019HGODcjXHWCw,1
autor:UCIp19h9igblA2YKfSLPDAug,autor:UCRcSR3Lvn9DZAmJpVPANfZQ,1
autor:UCIp19h9igblA2YKfSLPDAug,autor:UCxKR3RA8T-kxMgq_2WWhRcQ,1
autor:UCIp19h9igblA2YKfSLPDAug,autor:UCXmrpc6Li0spcKxtS0Q_ptg,1
autor:UCIp19h9igblA2YKfSLPDAug,autor:UC_ljZ1hZXR9pzexFz87P5ZA,1
autor:UCIp19h9igblA2YKfSLPDAug,autor:UCs_5qeqdku9tGAq22y3OcuQ,1
autor:UCIp19h9igblA2YKfSLPDAug,autor:UCwUAv3_LpWVtTIi7lkmTL7A,1
autor:UCIp19h9igblA2YKfSLPDAug,autor:UCaT6M2zp7X6r6Whd8Vv3kHQ,1
autor:UCIp19h9igblA2YKfSLPDAug,autor:UCRznz9-N3Qc1w-qNdLSIY2Q,1
autor:UCIp19h9igblA2YKfSLPDAug,autor:UCqilIa8r7iek5sGYg_q6ofA,1
autor:UCIp19h9igblA2YKfSLPDAug,autor:UCY7Hq7F9Lnucf-Yr6JkHZNw,1
autor:UCIp19h9igblA2YKfSLPDAug,autor:UCgLrWFdYitoP-b7-PxtUr-w,1
autor:UCIp19h9igblA2YKfSLPDAug,autor:UCi-vPdnpQreC7BkFs40mJGA,1
autor:UCJp3OrVYcBorC94sKwdch_A,autor:UCZOmq6MwFDVoCaEl99BRRaw,1
autor:UCJp3OrVYcBorC94sKwdch_A,autor:UCbrtvygfRT6QXqWDNrOf-cA,1
autor:UCJp3OrVYcBorC94sKwdch_A,autor:UCnU8wO1OurAmGstDw6VGjgQ,1
autor:UCJp3OrVYcBorC94sKwdch_A,autor:UC_6KbBY1bsYXz9fwFS0eQRg,1
autor:UCJp3OrVYcBorC94sKwdch_A,autor:UCpsKOkt5iWTbenzeuq7dsmQ,1
autor:UCJp3OrVYcBorC94sKwdch_A,autor:UCvcu1kR8xMYy_I1Ty-2mV2Q,1
autor:UCJp3OrVYcBorC94sKwdch_A,autor:UCVC2QugcI1G4RvlCiUqd1aQ,1
autor:UCJp3OrVYcBorC94sKwdch_A,autor:UCjJf-AJKRFFWtiN-CSwkDmA,1
autor:UCJxJC56BSAX-ArD0NAb9qnQ,autor:UCyor0Mmm0ivLX2jIdyGp84Q,1
autor:UCKDR0f2fu2UzWL8mBv5-BHw,autor:UCNBnKqWf4d-rS4HwJRQljmQ,1
autor:UCKDR0f2fu2UzWL8mBv5-BHw,autor:UCRelkU8JiZBytTzebJxaa-w,1
autor:UCKDR0f2fu2UzWL8mBv5-BHw,autor:UCzoL2l5H5eVlorWGH8AZfAg,1
autor:UCKDR0f2fu2UzWL8mBv5-BHw,autor:UCOLGv5Pf6BF2wFcwUzgcvHg,1
autor:UCKDR0f2fu2UzWL8mBv5-BHw,autor:UCl0ekS9Tt0jJGtOEM18S63w,1
autor:UCKDR0f2fu2UzWL8mBv5-BHw,autor:UCXSkL3ejZ8qWYyF_M7s_QKA,1
autor:UCKDR0f2fu2UzWL8mBv5-BHw,autor:UCySYJU5kUh7X8gVt9la2ISA,1
autor:UCKDR0f2fu2UzWL8mBv5-BHw,autor:UCL13XhnRzbGokEkCkEOb0-g,1
autor:UCKDR0f2fu2UzWL8mBv5-BHw,autor:UCZ51R_9Q9C0c8I3pAWhtmjQ,1
autor:UCKDR0f2fu2UzWL8mBv5-BHw,autor:UCp4iw5_5SmV9VGTFSNVGOmQ,1
autor:UCKDR0f2fu2UzWL8mBv5-BHw,autor:UCut6b9S98nv84cVX89PmKzA,1
autor:UCKDR0f2fu2UzWL8mBv5-BHw,autor:UCsUCN0Yq_UyTvKjOJLmNrnQ,1
autor:UCKDR0f2fu2UzWL8mBv5-BHw,autor:UCZLG9qH0tUjNhEGFIUt0CYw,1
autor:UCKDR0f2fu2UzWL8mBv5-BHw,autor:UChs3tU2BcKOT0CezykvAsGw,1
autor:UCKDR0f2fu2UzWL8mBv5-BHw,autor:UCrJn_rbo_ENAdeqneS-RmRw,1
autor:UCKDR0f2fu2UzWL8mBv5-BHw,autor:UCThW2XNsAaBKme5PUt7n-Zg,1
autor:UCKDR0f2fu2UzWL8mBv5-BHw,autor:UCmvOgzmmXbjUthHy-WJ52hQ,1
autor:UCKDR0f2fu2UzWL8mBv5-BHw,autor:UCpsKOkt5iWTbenzeuq7dsmQ,1
autor:UCKDR0f2fu2UzWL8mBv5-BHw,autor:UCi1b_TRQfgO1Z9O2gNGGWNA,1
autor:UCKDR0f2fu2UzWL8mBv5-BHw,autor:UCfM3nrxtTQMY5jFx1v1J4Gg,1
autor:UCKDR0f2fu2UzWL8mBv5-BHw,autor:UCjmPuazZJzscrwvk0QR9RVw,1
autor:UCKDR0f2fu2UzWL8mBv5-BHw,autor:UCtNfIBnc5S5DbbQj_yxgJTw,1
autor:UCKDR0f2fu2UzWL8mBv5-BHw,autor:UCmjppp6ujz3SAnULvP3sZMw,1
autor:UCKDR0f2fu2UzWL8mBv5-BHw,autor:UCzSfZlOVxBSs5ObD25ywxDQ,1
autor:UCKDR0f2fu2UzWL8mBv5-BHw,autor:UCTylKrsqkrBKIqubMu_5N0Q,1
autor:UCKDR0f2fu2UzWL8mBv5-BHw,autor:UCQqetiwzzmRNTM5OWuXarGQ,1
autor:UCKDR0f2fu2UzWL8mBv5-BHw,autor:UCOS8ViEkccrTZx2w2ccxotA,1
autor:UCKDR0f2fu2UzWL8mBv5-BHw,autor:UCh5ESQvtzyHDhCA7XyekCFA,1
autor:UCKDR0f2fu2UzWL8mBv5-BHw,autor:UCNkcuy42zEwddwEcOd_HpnA,1
autor:UCKDR0f2fu2UzWL8mBv5-BHw,autor:UCjSKM9j0Q7HLDr1hD6D-TUw,1
autor:UCKDR0f2fu2UzWL8mBv5-BHw,autor:UCujPF2nBgsTD62nWE3lcpIg,1
autor:UCKDR0f2fu2UzWL8mBv5-BHw,autor:UCpIdtvoFHVLGASGB5ySqIEA,1
autor:UCKDR0f2fu2UzWL8mBv5-BHw,autor:UChZknRmJkeGeQk0-mQuhDOg,1
autor:UCKDR0f2fu2UzWL8mBv5-BHw,autor:UCQtSFINs1h6GHkpg9o5kMvg,1
autor:UCKDR0f2fu2UzWL8mBv5-BHw,autor:UCQgYjVngJRfPHDLGB5X6ZjA,1
autor:UCKDR0f2fu2UzWL8mBv5-BHw,autor:UCXr8_5WtGeipe4haOoQDgyQ,1
autor:UCKDR0f2fu2UzWL8mBv5-BHw,autor:UCQtICyzWmhC5woCtbNgaSmg,1
autor:UCKDR0f2fu2UzWL8mBv5-BHw,autor:UCljDbleJul41G1TzOjOZAVA,1
autor:UCKDR0f2fu2UzWL8mBv5-BHw,autor:UCUIIIPTVDVHAXqhC_5V6lPA,1
autor:UCKDR0f2fu2UzWL8mBv5-BHw,autor:UCj-LL25XJnjxepPKCc3NGog,1
autor:UCKDR0f2fu2UzWL8mBv5-BHw,autor:UCtUR3_CAiE7fCoZHM6cMfyQ,1
autor:UCKDR0f2fu2UzWL8mBv5-BHw,autor:UCQ_-LPP8JAbfkc-b1Q6NvWw,1
autor:UCKDR0f2fu2UzWL8mBv5-BHw,autor:UCr1emrogPKkKTs_WTtx71xg,1
autor:UCKDR0f2fu2UzWL8mBv5-BHw,autor:UCOh6DaZC_x9HASnlRylEMfw,1
autor:UCKDR0f2fu2UzWL8mBv5-BHw,autor:UCSou6a2OuYGSvPjm5psquyA,1
autor:UCKDR0f2fu2UzWL8mBv5-BHw,autor:UCV0iizTBoOfdAFX_thfI9BA,1
autor:UCKDR0f2fu2UzWL8mBv5-BHw,autor:UCsjs5Hp_r86x1xbK6FAeqaA,1
autor:UCKDR0f2fu2UzWL8mBv5-BHw,autor:UCwha8rxULYMVtNwZWeSkE1A,1
autor:UCKDR0f2fu2UzWL8mBv5-BHw,autor:UCwW2OFy95P7ZBkOPxWkpvYg,1
autor:UCKDR0f2fu2UzWL8mBv5-BHw,autor:UCpl8rF8uv_8uui-QRvuJaRA,1
autor:UCKDR0f2fu2UzWL8mBv5-BHw,autor:UCRETAiYdh2dL5ZxB0_N1zDA,1
autor:UCKDR0f2fu2UzWL8mBv5-BHw,autor:UCsJJAvrVGupdmhOqgtDp8dg,1
autor:UCKDR0f2fu2UzWL8mBv5-BHw,autor:UCTP3O0rMnc8z8v8jaDQwL0w,1
autor:UCKDR0f2fu2UzWL8mBv5-BHw,autor:UCN6qbfPSzFtjhqUDZ3Cv3CQ,1
autor:UCKDR0f2fu2UzWL8mBv5-BHw,autor:UCvApqeCbLod-wejtT4CcVuA,1
autor:UCKDR0f2fu2UzWL8mBv5-BHw,autor:UCYN4wSQ1Sx4_LurxLlW7MPg,1
autor:UCKDR0f2fu2UzWL8mBv5-BHw,autor:UCueV9cTyTDwgQSec1x2dYgA,1
autor:UCKDR0f2fu2UzWL8mBv5-BHw,autor:UChgkn5Jt5tWKYMoEOuCjz3Q,1
autor:UCKDR0f2fu2UzWL8mBv5-BHw,autor:UCRlCV9zSn7avAWh-9_XFWqQ,1
autor:UCKDR0f2fu2UzWL8mBv5-BHw,autor:UCiMythXHsw7eQEMykCdmMUA,1
autor:UCKDR0f2fu2UzWL8mBv5-BHw,autor:UCz3gu01bmjNv0DpRq-K3XYg,1
autor:UCKDR0f2fu2UzWL8mBv5-BHw,autor:UCkd9W714-947dEE6ZOEBATA,1
autor:UCKDR0f2fu2UzWL8mBv5-BHw,autor:UCTwSut16JyAg3mX6LVUNGqA,1
autor:UCKDR0f2fu2UzWL8mBv5-BHw,autor:UCXXh7yg5KUFIWylTiKVEFKQ,1
autor:UCKDR0f2fu2UzWL8mBv5-BHw,autor:UCylqlpsh8ENNM1LqgQ1KbxA,1
autor:UCKDR0f2fu2UzWL8mBv5-BHw,autor:UCYwpX26TrCxq8TvbKGRYLXA,1
autor:UCKDR0f2fu2UzWL8mBv5-BHw,autor:UCwO2SXr0ggzwg6QWWrr01nQ,1
autor:UCKDR0f2fu2UzWL8mBv5-BHw,autor:UCXgr7vXlRrsaskPdo097kGA,1
autor:UCKDR0f2fu2UzWL8mBv5-BHw,autor:UCL1MT278vSaQ83ZDkVWn1gw,1
autor:UCKDR0f2fu2UzWL8mBv5-BHw,autor:UCsSXdJct-nsS8DsABoEsaYA,1
autor:UCKDR0f2fu2UzWL8mBv5-BHw,autor:UCcfdg8crmMJwEuLUsAhV7yg,1
autor:UCKDR0f2fu2UzWL8mBv5-BHw,autor:UCiGRBf2RNF0WRKhRVT7zFoA,1
autor:UCKDR0f2fu2UzWL8mBv5-BHw,autor:UCWIZUtKJ636y-4TYrNvok0g,1
autor:UCKDR0f2fu2UzWL8mBv5-BHw,autor:UCTD6q1nyIe3Y7HhqjaMj72w,1
autor:UCKDR0f2fu2UzWL8mBv5-BHw,autor:UCLggDc_a5HriXv7I1h02sOA,1
autor:UCKDR0f2fu2UzWL8mBv5-BHw,autor:UCLFdHr9BEbXHkoJopbEPLZw,1
autor:UCKDR0f2fu2UzWL8mBv5-BHw,autor:UCplrIQtaPj6au60_f2-mOYw,1
autor:UCKDR0f2fu2UzWL8mBv5-BHw,autor:UCxff05WuyvwELNITi7bj7UA,1
autor:UCKDR0f2fu2UzWL8mBv5-BHw,autor:UCgvw7xIdGFupzpt1Y_BFkEA,1
autor:UCKDR0f2fu2UzWL8mBv5-BHw,autor:UCipetjeiWj4CZB6EbyYziZg,1
autor:UCKDR0f2fu2UzWL8mBv5-BHw,autor:UChep9kVb5gQmpodEEl10Xlg,1
autor:UCKVzDUqbtdSMBcexaEtMmzQ,autor:UCNiMNUJvaRJb0_QLClqwVnA,1
autor:UCKVzDUqbtdSMBcexaEtMmzQ,autor:UCld2stqxaVSk0QdGncM224A,1
autor:UCKVzDUqbtdSMBcexaEtMmzQ,autor:UCtowGNY2lnlg6O2CkwDgkLg,1
autor:UCL13XhnRzbGokEkCkEOb0-g,autor:UCNBnKqWf4d-rS4HwJRQljmQ,1
autor:UCL13XhnRzbGokEkCkEOb0-g,autor:UCRelkU8JiZBytTzebJxaa-w,1
autor:UCL13XhnRzbGokEkCkEOb0-g,autor:UCzoL2l5H5eVlorWGH8AZfAg,1
autor:UCL13XhnRzbGokEkCkEOb0-g,autor:UCOLGv5Pf6BF2wFcwUzgcvHg,1
autor:UCL13XhnRzbGokEkCkEOb0-g,autor:UCl0ekS9Tt0jJGtOEM18S63w,1
autor:UCL13XhnRzbGokEkCkEOb0-g,autor:UCXSkL3ejZ8qWYyF_M7s_QKA,1
autor:UCL13XhnRzbGokEkCkEOb0-g,autor:UCySYJU5kUh7X8gVt9la2ISA,1
autor:UCL13XhnRzbGokEkCkEOb0-g,autor:UCZ51R_9Q9C0c8I3pAWhtmjQ,1
autor:UCL13XhnRzbGokEkCkEOb0-g,autor:UCp4iw5_5SmV9VGTFSNVGOmQ,1
autor:UCL13XhnRzbGokEkCkEOb0-g,autor:UCut6b9S98nv84cVX89PmKzA,1
autor:UCL13XhnRzbGokEkCkEOb0-g,autor:UCsUCN0Yq_UyTvKjOJLmNrnQ,1
autor:UCL13XhnRzbGokEkCkEOb0-g,autor:UCZLG9qH0tUjNhEGFIUt0CYw,1
autor:UCL13XhnRzbGokEkCkEOb0-g,autor:UChs3tU2BcKOT0CezykvAsGw,1
autor:UCL13XhnRzbGokEkCkEOb0-g,autor:UCrJn_rbo_ENAdeqneS-RmRw,1
autor:UCL13XhnRzbGokEkCkEOb0-g,autor:UCThW2XNsAaBKme5PUt7n-Zg,1
autor:UCL13XhnRzbGokEkCkEOb0-g,autor:UCmvOgzmmXbjUthHy-WJ52hQ,1
autor:UCL13XhnRzbGokEkCkEOb0-g,autor:UCpsKOkt5iWTbenzeuq7dsmQ,1
autor:UCL13XhnRzbGokEkCkEOb0-g,autor:UCi1b_TRQfgO1Z9O2gNGGWNA,1
autor:UCL13XhnRzbGokEkCkEOb0-g,autor:UCfM3nrxtTQMY5jFx1v1J4Gg,1
autor:UCL13XhnRzbGokEkCkEOb0-g,autor:UCjmPuazZJzscrwvk0QR9RVw,1
autor:UCL13XhnRzbGokEkCkEOb0-g,autor:UCtNfIBnc5S5DbbQj_yxgJTw,1
autor:UCL13XhnRzbGokEkCkEOb0-g,autor:UCmjppp6ujz3SAnULvP3sZMw,1
autor:UCL13XhnRzbGokEkCkEOb0-g,autor:UCzSfZlOVxBSs5ObD25ywxDQ,1
autor:UCL13XhnRzbGokEkCkEOb0-g,autor:UCTylKrsqkrBKIqubMu_5N0Q,1
autor:UCL13XhnRzbGokEkCkEOb0-g,autor:UCQqetiwzzmRNTM5OWuXarGQ,1
autor:UCL13XhnRzbGokEkCkEOb0-g,autor:UCOS8ViEkccrTZx2w2ccxotA,1
autor:UCL13XhnRzbGokEkCkEOb0-g,autor:UCh5ESQvtzyHDhCA7XyekCFA,1
autor:UCL13XhnRzbGokEkCkEOb0-g,autor:UCNkcuy42zEwddwEcOd_HpnA,1
autor:UCL13XhnRzbGokEkCkEOb0-g,autor:UCjSKM9j0Q7HLDr1hD6D-TUw,1
autor:UCL13XhnRzbGokEkCkEOb0-g,autor:UCujPF2nBgsTD62nWE3lcpIg,1
autor:UCL13XhnRzbGokEkCkEOb0-g,autor:UCpIdtvoFHVLGASGB5ySqIEA,1
autor:UCL13XhnRzbGokEkCkEOb0-g,autor:UChZknRmJkeGeQk0-mQuhDOg,1
autor:UCL13XhnRzbGokEkCkEOb0-g,autor:UCQtSFINs1h6GHkpg9o5kMvg,1
autor:UCL13XhnRzbGokEkCkEOb0-g,autor:UCQgYjVngJRfPHDLGB5X6ZjA,1
autor:UCL13XhnRzbGokEkCkEOb0-g,autor:UCXr8_5WtGeipe4haOoQDgyQ,1
autor:UCL13XhnRzbGokEkCkEOb0-g,autor:UCQtICyzWmhC5woCtbNgaSmg,1
autor:UCL13XhnRzbGokEkCkEOb0-g,autor:UCljDbleJul41G1TzOjOZAVA,1
autor:UCL13XhnRzbGokEkCkEOb0-g,autor:UCUIIIPTVDVHAXqhC_5V6lPA,1
autor:UCL13XhnRzbGokEkCkEOb0-g,autor:UCj-LL25XJnjxepPKCc3NGog,1
autor:UCL13XhnRzbGokEkCkEOb0-g,autor:UCtUR3_CAiE7fCoZHM6cMfyQ,1
autor:UCL13XhnRzbGokEkCkEOb0-g,autor:UCQ_-LPP8JAbfkc-b1Q6NvWw,1
autor:UCL13XhnRzbGokEkCkEOb0-g,autor:UCr1emrogPKkKTs_WTtx71xg,1
autor:UCL13XhnRzbGokEkCkEOb0-g,autor:UCOh6DaZC_x9HASnlRylEMfw,1
autor:UCL13XhnRzbGokEkCkEOb0-g,autor:UCSou6a2OuYGSvPjm5psquyA,1
autor:UCL13XhnRzbGokEkCkEOb0-g,autor:UCV0iizTBoOfdAFX_thfI9BA,1
autor:UCL13XhnRzbGokEkCkEOb0-g,autor:UCsjs5Hp_r86x1xbK6FAeqaA,1
autor:UCL13XhnRzbGokEkCkEOb0-g,autor:UCwha8rxULYMVtNwZWeSkE1A,1
autor:UCL13XhnRzbGokEkCkEOb0-g,autor:UCwW2OFy95P7ZBkOPxWkpvYg,1
autor:UCL13XhnRzbGokEkCkEOb0-g,autor:UCpl8rF8uv_8uui-QRvuJaRA,1
autor:UCL13XhnRzbGokEkCkEOb0-g,autor:UCRETAiYdh2dL5ZxB0_N1zDA,1
autor:UCL13XhnRzbGokEkCkEOb0-g,autor:UCsJJAvrVGupdmhOqgtDp8dg,1
autor:UCL13XhnRzbGokEkCkEOb0-g,autor:UCTP3O0rMnc8z8v8jaDQwL0w,1
autor:UCL13XhnRzbGokEkCkEOb0-g,autor:UCN6qbfPSzFtjhqUDZ3Cv3CQ,1
autor:UCL13XhnRzbGokEkCkEOb0-g,autor:UCvApqeCbLod-wejtT4CcVuA,1
autor:UCL13XhnRzbGokEkCkEOb0-g,autor:UCYN4wSQ1Sx4_LurxLlW7MPg,1
autor:UCL13XhnRzbGokEkCkEOb0-g,autor:UCueV9cTyTDwgQSec1x2dYgA,1
autor:UCL13XhnRzbGokEkCkEOb0-g,autor:UChgkn5Jt5tWKYMoEOuCjz3Q,1
autor:UCL13XhnRzbGokEkCkEOb0-g,autor:UCRlCV9zSn7avAWh-9_XFWqQ,1
autor:UCL13XhnRzbGokEkCkEOb0-g,autor:UCiMythXHsw7eQEMykCdmMUA,1
autor:UCL13XhnRzbGokEkCkEOb0-g,autor:UCz3gu01bmjNv0DpRq-K3XYg,1
autor:UCL13XhnRzbGokEkCkEOb0-g,autor:UCkd9W714-947dEE6ZOEBATA,1
autor:UCL13XhnRzbGokEkCkEOb0-g,autor:UCTwSut16JyAg3mX6LVUNGqA,1
autor:UCL13XhnRzbGokEkCkEOb0-g,autor:UCXXh7yg5KUFIWylTiKVEFKQ,1
autor:UCL13XhnRzbGokEkCkEOb0-g,autor:UCylqlpsh8ENNM1LqgQ1KbxA,1
autor:UCL13XhnRzbGokEkCkEOb0-g,autor:UCYwpX26TrCxq8TvbKGRYLXA,1
autor:UCL13XhnRzbGokEkCkEOb0-g,autor:UCwO2SXr0ggzwg6QWWrr01nQ,1
autor:UCL13XhnRzbGokEkCkEOb0-g,autor:UCXgr7vXlRrsaskPdo097kGA,1
autor:UCL13XhnRzbGokEkCkEOb0-g,autor:UCL1MT278vSaQ83ZDkVWn1gw,1
autor:UCL13XhnRzbGokEkCkEOb0-g,autor:UCsSXdJct-nsS8DsABoEsaYA,1
autor:UCL13XhnRzbGokEkCkEOb0-g,autor:UCcfdg8crmMJwEuLUsAhV7yg,1
autor:UCL13XhnRzbGokEkCkEOb0-g,autor:UCiGRBf2RNF0WRKhRVT7zFoA,1
autor:UCL13XhnRzbGokEkCkEOb0-g,autor:UCWIZUtKJ636y-4TYrNvok0g,1
autor:UCL13XhnRzbGokEkCkEOb0-g,autor:UCTD6q1nyIe3Y7HhqjaMj72w,1
autor:UCL13XhnRzbGokEkCkEOb0-g,autor:UCLggDc_a5HriXv7I1h02sOA,1
autor:UCL13XhnRzbGokEkCkEOb0-g,autor:UCLFdHr9BEbXHkoJopbEPLZw,1
autor:UCL13XhnRzbGokEkCkEOb0-g,autor:UCplrIQtaPj6au60_f2-mOYw,1
autor:UCL13XhnRzbGokEkCkEOb0-g,autor:UCxff05WuyvwELNITi7bj7UA,1
autor:UCL13XhnRzbGokEkCkEOb0-g,autor:UCgvw7xIdGFupzpt1Y_BFkEA,1
autor:UCL13XhnRzbGokEkCkEOb0-g,autor:UCipetjeiWj4CZB6EbyYziZg,1
autor:UCL13XhnRzbGokEkCkEOb0-g,autor:UChep9kVb5gQmpodEEl10Xlg,1
autor:UCL1MT278vSaQ83ZDkVWn1gw,autor:UCNBnKqWf4d-rS4HwJRQljmQ,1
autor:UCL1MT278vSaQ83ZDkVWn1gw,autor:UCRelkU8JiZBytTzebJxaa-w,1
autor:UCL1MT278vSaQ83ZDkVWn1gw,autor:UCzoL2l5H5eVlorWGH8AZfAg,1
autor:UCL1MT278vSaQ83ZDkVWn1gw,autor:UCOLGv5Pf6BF2wFcwUzgcvHg,1
autor:UCL1MT278vSaQ83ZDkVWn1gw,autor:UCl0ekS9Tt0jJGtOEM18S63w,1
autor:UCL1MT278vSaQ83ZDkVWn1gw,autor:UCXSkL3ejZ8qWYyF_M7s_QKA,1
autor:UCL1MT278vSaQ83ZDkVWn1gw,autor:UCySYJU5kUh7X8gVt9la2ISA,1
autor:UCL1MT278vSaQ83ZDkVWn1gw,autor:UCZ51R_9Q9C0c8I3pAWhtmjQ,1
autor:UCL1MT278vSaQ83ZDkVWn1gw,autor:UCp4iw5_5SmV9VGTFSNVGOmQ,1
autor:UCL1MT278vSaQ83ZDkVWn1gw,autor:UCut6b9S98nv84cVX89PmKzA,1
autor:UCL1MT278vSaQ83ZDkVWn1gw,autor:UCsUCN0Yq_UyTvKjOJLmNrnQ,1
autor:UCL1MT278vSaQ83ZDkVWn1gw,autor:UCZLG9qH0tUjNhEGFIUt0CYw,1
autor:UCL1MT278vSaQ83ZDkVWn1gw,autor:UChs3tU2BcKOT0CezykvAsGw,1
autor:UCL1MT278vSaQ83ZDkVWn1gw,autor:UCrJn_rbo_ENAdeqneS-RmRw,1
autor:UCL1MT278vSaQ83ZDkVWn1gw,autor:UCThW2XNsAaBKme5PUt7n-Zg,1
autor:UCL1MT278vSaQ83ZDkVWn1gw,autor:UCmvOgzmmXbjUthHy-WJ52hQ,1
autor:UCL1MT278vSaQ83ZDkVWn1gw,autor:UCpsKOkt5iWTbenzeuq7dsmQ,1
autor:UCL1MT278vSaQ83ZDkVWn1gw,autor:UCi1b_TRQfgO1Z9O2gNGGWNA,1
autor:UCL1MT278vSaQ83ZDkVWn1gw,autor:UCfM3nrxtTQMY5jFx1v1J4Gg,1
autor:UCL1MT278vSaQ83ZDkVWn1gw,autor:UCjmPuazZJzscrwvk0QR9RVw,1
autor:UCL1MT278vSaQ83ZDkVWn1gw,autor:UCtNfIBnc5S5DbbQj_yxgJTw,1
autor:UCL1MT278vSaQ83ZDkVWn1gw,autor:UCmjppp6ujz3SAnULvP3sZMw,1
autor:UCL1MT278vSaQ83ZDkVWn1gw,autor:UCzSfZlOVxBSs5ObD25ywxDQ,1
autor:UCL1MT278vSaQ83ZDkVWn1gw,autor:UCTylKrsqkrBKIqubMu_5N0Q,1
autor:UCL1MT278vSaQ83ZDkVWn1gw,autor:UCQqetiwzzmRNTM5OWuXarGQ,1
autor:UCL1MT278vSaQ83ZDkVWn1gw,autor:UCOS8ViEkccrTZx2w2ccxotA,1
autor:UCL1MT278vSaQ83ZDkVWn1gw,autor:UCh5ESQvtzyHDhCA7XyekCFA,1
autor:UCL1MT278vSaQ83ZDkVWn1gw,autor:UCNkcuy42zEwddwEcOd_HpnA,1
autor:UCL1MT278vSaQ83ZDkVWn1gw,autor:UCjSKM9j0Q7HLDr1hD6D-TUw,1
autor:UCL1MT278vSaQ83ZDkVWn1gw,autor:UCujPF2nBgsTD62nWE3lcpIg,1
autor:UCL1MT278vSaQ83ZDkVWn1gw,autor:UCpIdtvoFHVLGASGB5ySqIEA,1
autor:UCL1MT278vSaQ83ZDkVWn1gw,autor:UChZknRmJkeGeQk0-mQuhDOg,1
autor:UCL1MT278vSaQ83ZDkVWn1gw,autor:UCQtSFINs1h6GHkpg9o5kMvg,1
autor:UCL1MT278vSaQ83ZDkVWn1gw,autor:UCQgYjVngJRfPHDLGB5X6ZjA,1
autor:UCL1MT278vSaQ83ZDkVWn1gw,autor:UCXr8_5WtGeipe4haOoQDgyQ,1
autor:UCL1MT278vSaQ83ZDkVWn1gw,autor:UCQtICyzWmhC5woCtbNgaSmg,1
autor:UCL1MT278vSaQ83ZDkVWn1gw,autor:UCljDbleJul41G1TzOjOZAVA,1
autor:UCL1MT278vSaQ83ZDkVWn1gw,autor:UCUIIIPTVDVHAXqhC_5V6lPA,1
autor:UCL1MT278vSaQ83ZDkVWn1gw,autor:UCj-LL25XJnjxepPKCc3NGog,1
autor:UCL1MT278vSaQ83ZDkVWn1gw,autor:UCtUR3_CAiE7fCoZHM6cMfyQ,1
autor:UCL1MT278vSaQ83ZDkVWn1gw,autor:UCQ_-LPP8JAbfkc-b1Q6NvWw,1
autor:UCL1MT278vSaQ83ZDkVWn1gw,autor:UCr1emrogPKkKTs_WTtx71xg,1
autor:UCL1MT278vSaQ83ZDkVWn1gw,autor:UCOh6DaZC_x9HASnlRylEMfw,1
autor:UCL1MT278vSaQ83ZDkVWn1gw,autor:UCSou6a2OuYGSvPjm5psquyA,1
autor:UCL1MT278vSaQ83ZDkVWn1gw,autor:UCV0iizTBoOfdAFX_thfI9BA,1
autor:UCL1MT278vSaQ83ZDkVWn1gw,autor:UCsjs5Hp_r86x1xbK6FAeqaA,1
autor:UCL1MT278vSaQ83ZDkVWn1gw,autor:UCwha8rxULYMVtNwZWeSkE1A,1
autor:UCL1MT278vSaQ83ZDkVWn1gw,autor:UCwW2OFy95P7ZBkOPxWkpvYg,1
autor:UCL1MT278vSaQ83ZDkVWn1gw,autor:UCpl8rF8uv_8uui-QRvuJaRA,1
autor:UCL1MT278vSaQ83ZDkVWn1gw,autor:UCRETAiYdh2dL5ZxB0_N1zDA,1
autor:UCL1MT278vSaQ83ZDkVWn1gw,autor:UCsJJAvrVGupdmhOqgtDp8dg,1
autor:UCL1MT278vSaQ83ZDkVWn1gw,autor:UCTP3O0rMnc8z8v8jaDQwL0w,1
autor:UCL1MT278vSaQ83ZDkVWn1gw,autor:UCN6qbfPSzFtjhqUDZ3Cv3CQ,1
autor:UCL1MT278vSaQ83ZDkVWn1gw,autor:UCvApqeCbLod-wejtT4CcVuA,1
autor:UCL1MT278vSaQ83ZDkVWn1gw,autor:UCYN4wSQ1Sx4_LurxLlW7MPg,1
autor:UCL1MT278vSaQ83ZDkVWn1gw,autor:UCueV9cTyTDwgQSec1x2dYgA,1
autor:UCL1MT278vSaQ83ZDkVWn1gw,autor:UChgkn5Jt5tWKYMoEOuCjz3Q,1
autor:UCL1MT278vSaQ83ZDkVWn1gw,autor:UCRlCV9zSn7avAWh-9_XFWqQ,1
autor:UCL1MT278vSaQ83ZDkVWn1gw,autor:UCiMythXHsw7eQEMykCdmMUA,1
autor:UCL1MT278vSaQ83ZDkVWn1gw,autor:UCz3gu01bmjNv0DpRq-K3XYg,1
autor:UCL1MT278vSaQ83ZDkVWn1gw,autor:UCkd9W714-947dEE6ZOEBATA,1
autor:UCL1MT278vSaQ83ZDkVWn1gw,autor:UCTwSut16JyAg3mX6LVUNGqA,1
autor:UCL1MT278vSaQ83ZDkVWn1gw,autor:UCXXh7yg5KUFIWylTiKVEFKQ,1
autor:UCL1MT278vSaQ83ZDkVWn1gw,autor:UCylqlpsh8ENNM1LqgQ1KbxA,1
autor:UCL1MT278vSaQ83ZDkVWn1gw,autor:UCYwpX26TrCxq8TvbKGRYLXA,1
autor:UCL1MT278vSaQ83ZDkVWn1gw,autor:UCwO2SXr0ggzwg6QWWrr01nQ,1
autor:UCL1MT278vSaQ83ZDkVWn1gw,autor:UCXgr7vXlRrsaskPdo097kGA,1
autor:UCL1MT278vSaQ83ZDkVWn1gw,autor:UCsSXdJct-nsS8DsABoEsaYA,1
autor:UCL1MT278vSaQ83ZDkVWn1gw,autor:UCcfdg8crmMJwEuLUsAhV7yg,1
autor:UCL1MT278vSaQ83ZDkVWn1gw,autor:UCiGRBf2RNF0WRKhRVT7zFoA,1
autor:UCL1MT278vSaQ83ZDkVWn1gw,autor:UCWIZUtKJ636y-4TYrNvok0g,1
autor:UCL1MT278vSaQ83ZDkVWn1gw,autor:UCTD6q1nyIe3Y7HhqjaMj72w,1
autor:UCL1MT278vSaQ83ZDkVWn1gw,autor:UCLggDc_a5HriXv7I1h02sOA,1
autor:UCL1MT278vSaQ83ZDkVWn1gw,autor:UCLFdHr9BEbXHkoJopbEPLZw,1
autor:UCL1MT278vSaQ83ZDkVWn1gw,autor:UCplrIQtaPj6au60_f2-mOYw,1
autor:UCL1MT278vSaQ83ZDkVWn1gw,autor:UCxff05WuyvwELNITi7bj7UA,1
autor:UCL1MT278vSaQ83ZDkVWn1gw,autor:UCgvw7xIdGFupzpt1Y_BFkEA,1
autor:UCL1MT278vSaQ83ZDkVWn1gw,autor:UCipetjeiWj4CZB6EbyYziZg,1
autor:UCL1MT278vSaQ83ZDkVWn1gw,autor:UChep9kVb5gQmpodEEl10Xlg,1
autor:UCLFdHr9BEbXHkoJopbEPLZw,autor:UCNBnKqWf4d-rS4HwJRQljmQ,1
autor:UCLFdHr9BEbXHkoJopbEPLZw,autor:UCRelkU8JiZBytTzebJxaa-w,1
autor:UCLFdHr9BEbXHkoJopbEPLZw,autor:UCzoL2l5H5eVlorWGH8AZfAg,1
autor:UCLFdHr9BEbXHkoJopbEPLZw,autor:UCOLGv5Pf6BF2wFcwUzgcvHg,1
autor:UCLFdHr9BEbXHkoJopbEPLZw,autor:UCl0ekS9Tt0jJGtOEM18S63w,1
autor:UCLFdHr9BEbXHkoJopbEPLZw,autor:UCXSkL3ejZ8qWYyF_M7s_QKA,1
autor:UCLFdHr9BEbXHkoJopbEPLZw,autor:UCySYJU5kUh7X8gVt9la2ISA,1
autor:UCLFdHr9BEbXHkoJopbEPLZw,autor:UCZ51R_9Q9C0c8I3pAWhtmjQ,1
autor:UCLFdHr9BEbXHkoJopbEPLZw,autor:UCp4iw5_5SmV9VGTFSNVGOmQ,1
autor:UCLFdHr9BEbXHkoJopbEPLZw,autor:UCut6b9S98nv84cVX89PmKzA,1
autor:UCLFdHr9BEbXHkoJopbEPLZw,autor:UCsUCN0Yq_UyTvKjOJLmNrnQ,1
autor:UCLFdHr9BEbXHkoJopbEPLZw,autor:UCZLG9qH0tUjNhEGFIUt0CYw,1
autor:UCLFdHr9BEbXHkoJopbEPLZw,autor:UChs3tU2BcKOT0CezykvAsGw,1
autor:UCLFdHr9BEbXHkoJopbEPLZw,autor:UCrJn_rbo_ENAdeqneS-RmRw,1
autor:UCLFdHr9BEbXHkoJopbEPLZw,autor:UCThW2XNsAaBKme5PUt7n-Zg,1
autor:UCLFdHr9BEbXHkoJopbEPLZw,autor:UCmvOgzmmXbjUthHy-WJ52hQ,1
autor:UCLFdHr9BEbXHkoJopbEPLZw,autor:UCpsKOkt5iWTbenzeuq7dsmQ,1
autor:UCLFdHr9BEbXHkoJopbEPLZw,autor:UCi1b_TRQfgO1Z9O2gNGGWNA,1
autor:UCLFdHr9BEbXHkoJopbEPLZw,autor:UCfM3nrxtTQMY5jFx1v1J4Gg,1
autor:UCLFdHr9BEbXHkoJopbEPLZw,autor:UCjmPuazZJzscrwvk0QR9RVw,1
autor:UCLFdHr9BEbXHkoJopbEPLZw,autor:UCtNfIBnc5S5DbbQj_yxgJTw,1
autor:UCLFdHr9BEbXHkoJopbEPLZw,autor:UCmjppp6ujz3SAnULvP3sZMw,1
autor:UCLFdHr9BEbXHkoJopbEPLZw,autor:UCzSfZlOVxBSs5ObD25ywxDQ,1
autor:UCLFdHr9BEbXHkoJopbEPLZw,autor:UCTylKrsqkrBKIqubMu_5N0Q,1
autor:UCLFdHr9BEbXHkoJopbEPLZw,autor:UCQqetiwzzmRNTM5OWuXarGQ,1
autor:UCLFdHr9BEbXHkoJopbEPLZw,autor:UCOS8ViEkccrTZx2w2ccxotA,1
autor:UCLFdHr9BEbXHkoJopbEPLZw,autor:UCh5ESQvtzyHDhCA7XyekCFA,1
autor:UCLFdHr9BEbXHkoJopbEPLZw,autor:UCNkcuy42zEwddwEcOd_HpnA,1
autor:UCLFdHr9BEbXHkoJopbEPLZw,autor:UCjSKM9j0Q7HLDr1hD6D-TUw,1
autor:UCLFdHr9BEbXHkoJopbEPLZw,autor:UCujPF2nBgsTD62nWE3lcpIg,1
autor:UCLFdHr9BEbXHkoJopbEPLZw,autor:UCpIdtvoFHVLGASGB5ySqIEA,1
autor:UCLFdHr9BEbXHkoJopbEPLZw,autor:UChZknRmJkeGeQk0-mQuhDOg,1
autor:UCLFdHr9BEbXHkoJopbEPLZw,autor:UCQtSFINs1h6GHkpg9o5kMvg,1
autor:UCLFdHr9BEbXHkoJopbEPLZw,autor:UCQgYjVngJRfPHDLGB5X6ZjA,1
autor:UCLFdHr9BEbXHkoJopbEPLZw,autor:UCXr8_5WtGeipe4haOoQDgyQ,1
autor:UCLFdHr9BEbXHkoJopbEPLZw,autor:UCQtICyzWmhC5woCtbNgaSmg,1
autor:UCLFdHr9BEbXHkoJopbEPLZw,autor:UCljDbleJul41G1TzOjOZAVA,1
autor:UCLFdHr9BEbXHkoJopbEPLZw,autor:UCUIIIPTVDVHAXqhC_5V6lPA,1
autor:UCLFdHr9BEbXHkoJopbEPLZw,autor:UCj-LL25XJnjxepPKCc3NGog,1
autor:UCLFdHr9BEbXHkoJopbEPLZw,autor:UCtUR3_CAiE7fCoZHM6cMfyQ,1
autor:UCLFdHr9BEbXHkoJopbEPLZw,autor:UCQ_-LPP8JAbfkc-b1Q6NvWw,1
autor:UCLFdHr9BEbXHkoJopbEPLZw,autor:UCr1emrogPKkKTs_WTtx71xg,1
autor:UCLFdHr9BEbXHkoJopbEPLZw,autor:UCOh6DaZC_x9HASnlRylEMfw,1
autor:UCLFdHr9BEbXHkoJopbEPLZw,autor:UCSou6a2OuYGSvPjm5psquyA,1
autor:UCLFdHr9BEbXHkoJopbEPLZw,autor:UCV0iizTBoOfdAFX_thfI9BA,1
autor:UCLFdHr9BEbXHkoJopbEPLZw,autor:UCsjs5Hp_r86x1xbK6FAeqaA,1
autor:UCLFdHr9BEbXHkoJopbEPLZw,autor:UCwha8rxULYMVtNwZWeSkE1A,1
autor:UCLFdHr9BEbXHkoJopbEPLZw,autor:UCwW2OFy95P7ZBkOPxWkpvYg,1
autor:UCLFdHr9BEbXHkoJopbEPLZw,autor:UCpl8rF8uv_8uui-QRvuJaRA,1
autor:UCLFdHr9BEbXHkoJopbEPLZw,autor:UCRETAiYdh2dL5ZxB0_N1zDA,1
autor:UCLFdHr9BEbXHkoJopbEPLZw,autor:UCsJJAvrVGupdmhOqgtDp8dg,1
autor:UCLFdHr9BEbXHkoJopbEPLZw,autor:UCTP3O0rMnc8z8v8jaDQwL0w,1
autor:UCLFdHr9BEbXHkoJopbEPLZw,autor:UCN6qbfPSzFtjhqUDZ3Cv3CQ,1
autor:UCLFdHr9BEbXHkoJopbEPLZw,autor:UCvApqeCbLod-wejtT4CcVuA,1
autor:UCLFdHr9BEbXHkoJopbEPLZw,autor:UCYN4wSQ1Sx4_LurxLlW7MPg,1
autor:UCLFdHr9BEbXHkoJopbEPLZw,autor:UCueV9cTyTDwgQSec1x2dYgA,1
autor:UCLFdHr9BEbXHkoJopbEPLZw,autor:UChgkn5Jt5tWKYMoEOuCjz3Q,1
autor:UCLFdHr9BEbXHkoJopbEPLZw,autor:UCRlCV9zSn7avAWh-9_XFWqQ,1
autor:UCLFdHr9BEbXHkoJopbEPLZw,autor:UCiMythXHsw7eQEMykCdmMUA,1
autor:UCLFdHr9BEbXHkoJopbEPLZw,autor:UCz3gu01bmjNv0DpRq-K3XYg,1
autor:UCLFdHr9BEbXHkoJopbEPLZw,autor:UCkd9W714-947dEE6ZOEBATA,1
autor:UCLFdHr9BEbXHkoJopbEPLZw,autor:UCTwSut16JyAg3mX6LVUNGqA,1
autor:UCLFdHr9BEbXHkoJopbEPLZw,autor:UCXXh7yg5KUFIWylTiKVEFKQ,1
autor:UCLFdHr9BEbXHkoJopbEPLZw,autor:UCylqlpsh8ENNM1LqgQ1KbxA,1
autor:UCLFdHr9BEbXHkoJopbEPLZw,autor:UCYwpX26TrCxq8TvbKGRYLXA,1
autor:UCLFdHr9BEbXHkoJopbEPLZw,autor:UCwO2SXr0ggzwg6QWWrr01nQ,1
autor:UCLFdHr9BEbXHkoJopbEPLZw,autor:UCXgr7vXlRrsaskPdo097kGA,1
autor:UCLFdHr9BEbXHkoJopbEPLZw,autor:UCsSXdJct-nsS8DsABoEsaYA,1
autor:UCLFdHr9BEbXHkoJopbEPLZw,autor:UCcfdg8crmMJwEuLUsAhV7yg,1
autor:UCLFdHr9BEbXHkoJopbEPLZw,autor:UCiGRBf2RNF0WRKhRVT7zFoA,1
autor:UCLFdHr9BEbXHkoJopbEPLZw,autor:UCWIZUtKJ636y-4TYrNvok0g,1
autor:UCLFdHr9BEbXHkoJopbEPLZw,autor:UCTD6q1nyIe3Y7HhqjaMj72w,1
autor:UCLFdHr9BEbXHkoJopbEPLZw,autor:UCLggDc_a5HriXv7I1h02sOA,1
autor:UCLFdHr9BEbXHkoJopbEPLZw,autor:UCplrIQtaPj6au60_f2-mOYw,1
autor:UCLFdHr9BEbXHkoJopbEPLZw,autor:UCxff05WuyvwELNITi7bj7UA,1
autor:UCLFdHr9BEbXHkoJopbEPLZw,autor:UCgvw7xIdGFupzpt1Y_BFkEA,1
autor:UCLFdHr9BEbXHkoJopbEPLZw,autor:UCipetjeiWj4CZB6EbyYziZg,1
autor:UCLFdHr9BEbXHkoJopbEPLZw,autor:UChep9kVb5gQmpodEEl10Xlg,1
autor:UCLXYp1Cvc5DLtq5UQL5D9vw,autor:UCfjhejO7LZy4doXURa7LZCQ,1
autor:UCLXYp1Cvc5DLtq5UQL5D9vw,autor:UCvl1tzQeBeGy6efPTRJXSCw,1
autor:UCLXYp1Cvc5DLtq5UQL5D9vw,autor:UCjZgFEowMBrsjodqfovzdKw,1
autor:UCLXYp1Cvc5DLtq5UQL5D9vw,autor:UCwCfs-2zbD5k0lG-UVg_JBw,1
autor:UCLXYp1Cvc5DLtq5UQL5D9vw,autor:UC_3xuTXvMIWU5MYP9HkJ3vQ,1
autor:UCLXYp1Cvc5DLtq5UQL5D9vw,autor:UCq3mDTTRZnUybct5M9OSXbg,1
autor:UCLXYp1Cvc5DLtq5UQL5D9vw,autor:UCXN2s7DwTJm33xO-pNkAdaA,1
autor:UCLXYp1Cvc5DLtq5UQL5D9vw,autor:UCfXykdbSU97rj987LDUGfvg,1
autor:UCLXYp1Cvc5DLtq5UQL5D9vw,autor:UCO0zwwLWGyDgQmWPJ5Qrr1w,1
autor:UCLggDc_a5HriXv7I1h02sOA,autor:UCNBnKqWf4d-rS4HwJRQljmQ,1
autor:UCLggDc_a5HriXv7I1h02sOA,autor:UCRelkU8JiZBytTzebJxaa-w,1
autor:UCLggDc_a5HriXv7I1h02sOA,autor:UCzoL2l5H5eVlorWGH8AZfAg,1
autor:UCLggDc_a5HriXv7I1h02sOA,autor:UCOLGv5Pf6BF2wFcwUzgcvHg,1
autor:UCLggDc_a5HriXv7I1h02sOA,autor:UCl0ekS9Tt0jJGtOEM18S63w,1
autor:UCLggDc_a5HriXv7I1h02sOA,autor:UCXSkL3ejZ8qWYyF_M7s_QKA,1
autor:UCLggDc_a5HriXv7I1h02sOA,autor:UCySYJU5kUh7X8gVt9la2ISA,1
autor:UCLggDc_a5HriXv7I1h02sOA,autor:UCZ51R_9Q9C0c8I3pAWhtmjQ,1
autor:UCLggDc_a5HriXv7I1h02sOA,autor:UCp4iw5_5SmV9VGTFSNVGOmQ,1
autor:UCLggDc_a5HriXv7I1h02sOA,autor:UCut6b9S98nv84cVX89PmKzA,1
autor:UCLggDc_a5HriXv7I1h02sOA,autor:UCsUCN0Yq_UyTvKjOJLmNrnQ,1
autor:UCLggDc_a5HriXv7I1h02sOA,autor:UCZLG9qH0tUjNhEGFIUt0CYw,1
autor:UCLggDc_a5HriXv7I1h02sOA,autor:UChs3tU2BcKOT0CezykvAsGw,1
autor:UCLggDc_a5HriXv7I1h02sOA,autor:UCrJn_rbo_ENAdeqneS-RmRw,1
autor:UCLggDc_a5HriXv7I1h02sOA,autor:UCThW2XNsAaBKme5PUt7n-Zg,1
autor:UCLggDc_a5HriXv7I1h02sOA,autor:UCmvOgzmmXbjUthHy-WJ52hQ,1
autor:UCLggDc_a5HriXv7I1h02sOA,autor:UCpsKOkt5iWTbenzeuq7dsmQ,1
autor:UCLggDc_a5HriXv7I1h02sOA,autor:UCi1b_TRQfgO1Z9O2gNGGWNA,1
autor:UCLggDc_a5HriXv7I1h02sOA,autor:UCfM3nrxtTQMY5jFx1v1J4Gg,1
autor:UCLggDc_a5HriXv7I1h02sOA,autor:UCjmPuazZJzscrwvk0QR9RVw,1
autor:UCLggDc_a5HriXv7I1h02sOA,autor:UCtNfIBnc5S5DbbQj_yxgJTw,1
autor:UCLggDc_a5HriXv7I1h02sOA,autor:UCmjppp6ujz3SAnULvP3sZMw,1
autor:UCLggDc_a5HriXv7I1h02sOA,autor:UCzSfZlOVxBSs5ObD25ywxDQ,1
autor:UCLggDc_a5HriXv7I1h02sOA,autor:UCTylKrsqkrBKIqubMu_5N0Q,1
autor:UCLggDc_a5HriXv7I1h02sOA,autor:UCQqetiwzzmRNTM5OWuXarGQ,1
autor:UCLggDc_a5HriXv7I1h02sOA,autor:UCOS8ViEkccrTZx2w2ccxotA,1
autor:UCLggDc_a5HriXv7I1h02sOA,autor:UCh5ESQvtzyHDhCA7XyekCFA,1
autor:UCLggDc_a5HriXv7I1h02sOA,autor:UCNkcuy42zEwddwEcOd_HpnA,1
autor:UCLggDc_a5HriXv7I1h02sOA,autor:UCjSKM9j0Q7HLDr1hD6D-TUw,1
autor:UCLggDc_a5HriXv7I1h02sOA,autor:UCujPF2nBgsTD62nWE3lcpIg,1
autor:UCLggDc_a5HriXv7I1h02sOA,autor:UCpIdtvoFHVLGASGB5ySqIEA,1
autor:UCLggDc_a5HriXv7I1h02sOA,autor:UChZknRmJkeGeQk0-mQuhDOg,1
autor:UCLggDc_a5HriXv7I1h02sOA,autor:UCQtSFINs1h6GHkpg9o5kMvg,1
autor:UCLggDc_a5HriXv7I1h02sOA,autor:UCQgYjVngJRfPHDLGB5X6ZjA,1
autor:UCLggDc_a5HriXv7I1h02sOA,autor:UCXr8_5WtGeipe4haOoQDgyQ,1
autor:UCLggDc_a5HriXv7I1h02sOA,autor:UCQtICyzWmhC5woCtbNgaSmg,1
autor:UCLggDc_a5HriXv7I1h02sOA,autor:UCljDbleJul41G1TzOjOZAVA,1
autor:UCLggDc_a5HriXv7I1h02sOA,autor:UCUIIIPTVDVHAXqhC_5V6lPA,1
autor:UCLggDc_a5HriXv7I1h02sOA,autor:UCj-LL25XJnjxepPKCc3NGog,1
autor:UCLggDc_a5HriXv7I1h02sOA,autor:UCtUR3_CAiE7fCoZHM6cMfyQ,1
autor:UCLggDc_a5HriXv7I1h02sOA,autor:UCQ_-LPP8JAbfkc-b1Q6NvWw,1
autor:UCLggDc_a5HriXv7I1h02sOA,autor:UCr1emrogPKkKTs_WTtx71xg,1
autor:UCLggDc_a5HriXv7I1h02sOA,autor:UCOh6DaZC_x9HASnlRylEMfw,1
autor:UCLggDc_a5HriXv7I1h02sOA,autor:UCSou6a2OuYGSvPjm5psquyA,1
autor:UCLggDc_a5HriXv7I1h02sOA,autor:UCV0iizTBoOfdAFX_thfI9BA,1
autor:UCLggDc_a5HriXv7I1h02sOA,autor:UCsjs5Hp_r86x1xbK6FAeqaA,1
autor:UCLggDc_a5HriXv7I1h02sOA,autor:UCwha8rxULYMVtNwZWeSkE1A,1
autor:UCLggDc_a5HriXv7I1h02sOA,autor:UCwW2OFy95P7ZBkOPxWkpvYg,1
autor:UCLggDc_a5HriXv7I1h02sOA,autor:UCpl8rF8uv_8uui-QRvuJaRA,1
autor:UCLggDc_a5HriXv7I1h02sOA,autor:UCRETAiYdh2dL5ZxB0_N1zDA,1
autor:UCLggDc_a5HriXv7I1h02sOA,autor:UCsJJAvrVGupdmhOqgtDp8dg,1
autor:UCLggDc_a5HriXv7I1h02sOA,autor:UCTP3O0rMnc8z8v8jaDQwL0w,1
autor:UCLggDc_a5HriXv7I1h02sOA,autor:UCN6qbfPSzFtjhqUDZ3Cv3CQ,1
autor:UCLggDc_a5HriXv7I1h02sOA,autor:UCvApqeCbLod-wejtT4CcVuA,1
autor:UCLggDc_a5HriXv7I1h02sOA,autor:UCYN4wSQ1Sx4_LurxLlW7MPg,1
autor:UCLggDc_a5HriXv7I1h02sOA,autor:UCueV9cTyTDwgQSec1x2dYgA,1
autor:UCLggDc_a5HriXv7I1h02sOA,autor:UChgkn5Jt5tWKYMoEOuCjz3Q,1
autor:UCLggDc_a5HriXv7I1h02sOA,autor:UCRlCV9zSn7avAWh-9_XFWqQ,1
autor:UCLggDc_a5HriXv7I1h02sOA,autor:UCiMythXHsw7eQEMykCdmMUA,1
autor:UCLggDc_a5HriXv7I1h02sOA,autor:UCz3gu01bmjNv0DpRq-K3XYg,1
autor:UCLggDc_a5HriXv7I1h02sOA,autor:UCkd9W714-947dEE6ZOEBATA,1
autor:UCLggDc_a5HriXv7I1h02sOA,autor:UCTwSut16JyAg3mX6LVUNGqA,1
autor:UCLggDc_a5HriXv7I1h02sOA,autor:UCXXh7yg5KUFIWylTiKVEFKQ,1
autor:UCLggDc_a5HriXv7I1h02sOA,autor:UCylqlpsh8ENNM1LqgQ1KbxA,1
autor:UCLggDc_a5HriXv7I1h02sOA,autor:UCYwpX26TrCxq8TvbKGRYLXA,1
autor:UCLggDc_a5HriXv7I1h02sOA,autor:UCwO2SXr0ggzwg6QWWrr01nQ,1
autor:UCLggDc_a5HriXv7I1h02sOA,autor:UCXgr7vXlRrsaskPdo097kGA,1
autor:UCLggDc_a5HriXv7I1h02sOA,autor:UCsSXdJct-nsS8DsABoEsaYA,1
autor:UCLggDc_a5HriXv7I1h02sOA,autor:UCcfdg8crmMJwEuLUsAhV7yg,1
autor:UCLggDc_a5HriXv7I1h02sOA,autor:UCiGRBf2RNF0WRKhRVT7zFoA,1
autor:UCLggDc_a5HriXv7I1h02sOA,autor:UCWIZUtKJ636y-4TYrNvok0g,1
autor:UCLggDc_a5HriXv7I1h02sOA,autor:UCTD6q1nyIe3Y7HhqjaMj72w,1
autor:UCLggDc_a5HriXv7I1h02sOA,autor:UCplrIQtaPj6au60_f2-mOYw,1
autor:UCLggDc_a5HriXv7I1h02sOA,autor:UCxff05WuyvwELNITi7bj7UA,1
autor:UCLggDc_a5HriXv7I1h02sOA,autor:UCgvw7xIdGFupzpt1Y_BFkEA,1
autor:UCLggDc_a5HriXv7I1h02sOA,autor:UCipetjeiWj4CZB6EbyYziZg,1
autor:UCLggDc_a5HriXv7I1h02sOA,autor:UChep9kVb5gQmpodEEl10Xlg,1
autor:UCLh1Kde4_vI1sTZBkTNP7RQ,autor:UCk4O-J1BhoqPmig1KLGJePA,1
autor:UCLh1Kde4_vI1sTZBkTNP7RQ,autor:UCfRqgt2O-vjzUDMZY_tnxQw,1
autor:UCLh1Kde4_vI1sTZBkTNP7RQ,autor:UCdFlugHJJa4l3YqWuNRmvXw,1
autor:UCN2N_wYOw6fMwCeSzdXLPIw,autor:UCPZueDLrCS4BmTBRMA4q0fA,1
autor:UCN2N_wYOw6fMwCeSzdXLPIw,autor:UCVQf0tzL7xRzFJsABVVULpg,1
autor:UCN2N_wYOw6fMwCeSzdXLPIw,autor:UCg3eIfd7BrsLEqS0BLkftHA,1
autor:UCN2N_wYOw6fMwCeSzdXLPIw,autor:UClsrFGJKWPxxw7MiaEdKLXw,1
autor:UCN2N_wYOw6fMwCeSzdXLPIw,autor:UCusjriFsDHEc2AOjqk-p5ig,1
autor:UCN2N_wYOw6fMwCeSzdXLPIw,autor:UCzZ6dDCEsLMXbc5pCFXIprw,1
autor:UCN2N_wYOw6fMwCeSzdXLPIw,autor:UCbYoNG5J3Au5BqtbXogfEFw,1
autor:UCN2N_wYOw6fMwCeSzdXLPIw,autor:UCf5lnNZF7Qrtli9v4N_23WQ,1
autor:UCN2N_wYOw6fMwCeSzdXLPIw,autor:UCtNyHmRZtvGF2hSvI2dUBWw,1
autor:UCN2N_wYOw6fMwCeSzdXLPIw,autor:UCNIeXbV_mEwpa412h1aqUWw,1
autor:UCN2N_wYOw6fMwCeSzdXLPIw,autor:UCgQJgI9vu1FI2dnC9mrFthw,1
autor:UCN2N_wYOw6fMwCeSzdXLPIw,autor:UCuP4UK33HKtJE_S39ksmaTw,1
autor:UCN6qbfPSzFtjhqUDZ3Cv3CQ,autor:UCNBnKqWf4d-rS4HwJRQljmQ,1
autor:UCN6qbfPSzFtjhqUDZ3Cv3CQ,autor:UCRelkU8JiZBytTzebJxaa-w,1
autor:UCN6qbfPSzFtjhqUDZ3Cv3CQ,autor:UCzoL2l5H5eVlorWGH8AZfAg,1
autor:UCN6qbfPSzFtjhqUDZ3Cv3CQ,autor:UCOLGv5Pf6BF2wFcwUzgcvHg,1
autor:UCN6qbfPSzFtjhqUDZ3Cv3CQ,autor:UCl0ekS9Tt0jJGtOEM18S63w,1
autor:UCN6qbfPSzFtjhqUDZ3Cv3CQ,autor:UCXSkL3ejZ8qWYyF_M7s_QKA,1
autor:UCN6qbfPSzFtjhqUDZ3Cv3CQ,autor:UCySYJU5kUh7X8gVt9la2ISA,1
autor:UCN6qbfPSzFtjhqUDZ3Cv3CQ,autor:UCZ51R_9Q9C0c8I3pAWhtmjQ,1
autor:UCN6qbfPSzFtjhqUDZ3Cv3CQ,autor:UCp4iw5_5SmV9VGTFSNVGOmQ,1
autor:UCN6qbfPSzFtjhqUDZ3Cv3CQ,autor:UCut6b9S98nv84cVX89PmKzA,1
autor:UCN6qbfPSzFtjhqUDZ3Cv3CQ,autor:UCsUCN0Yq_UyTvKjOJLmNrnQ,1
autor:UCN6qbfPSzFtjhqUDZ3Cv3CQ,autor:UCZLG9qH0tUjNhEGFIUt0CYw,1
autor:UCN6qbfPSzFtjhqUDZ3Cv3CQ,autor:UChs3tU2BcKOT0CezykvAsGw,1
autor:UCN6qbfPSzFtjhqUDZ3Cv3CQ,autor:UCrJn_rbo_ENAdeqneS-RmRw,1
autor:UCN6qbfPSzFtjhqUDZ3Cv3CQ,autor:UCThW2XNsAaBKme5PUt7n-Zg,1
autor:UCN6qbfPSzFtjhqUDZ3Cv3CQ,autor:UCmvOgzmmXbjUthHy-WJ52hQ,1
autor:UCN6qbfPSzFtjhqUDZ3Cv3CQ,autor:UCpsKOkt5iWTbenzeuq7dsmQ,1
autor:UCN6qbfPSzFtjhqUDZ3Cv3CQ,autor:UCi1b_TRQfgO1Z9O2gNGGWNA,1
autor:UCN6qbfPSzFtjhqUDZ3Cv3CQ,autor:UCfM3nrxtTQMY5jFx1v1J4Gg,1
autor:UCN6qbfPSzFtjhqUDZ3Cv3CQ,autor:UCjmPuazZJzscrwvk0QR9RVw,1
autor:UCN6qbfPSzFtjhqUDZ3Cv3CQ,autor:UCtNfIBnc5S5DbbQj_yxgJTw,1
autor:UCN6qbfPSzFtjhqUDZ3Cv3CQ,autor:UCmjppp6ujz3SAnULvP3sZMw,1
autor:UCN6qbfPSzFtjhqUDZ3Cv3CQ,autor:UCzSfZlOVxBSs5ObD25ywxDQ,1
autor:UCN6qbfPSzFtjhqUDZ3Cv3CQ,autor:UCTylKrsqkrBKIqubMu_5N0Q,1
autor:UCN6qbfPSzFtjhqUDZ3Cv3CQ,autor:UCQqetiwzzmRNTM5OWuXarGQ,1
autor:UCN6qbfPSzFtjhqUDZ3Cv3CQ,autor:UCOS8ViEkccrTZx2w2ccxotA,1
autor:UCN6qbfPSzFtjhqUDZ3Cv3CQ,autor:UCh5ESQvtzyHDhCA7XyekCFA,1
autor:UCN6qbfPSzFtjhqUDZ3Cv3CQ,autor:UCNkcuy42zEwddwEcOd_HpnA,1
autor:UCN6qbfPSzFtjhqUDZ3Cv3CQ,autor:UCjSKM9j0Q7HLDr1hD6D-TUw,1
autor:UCN6qbfPSzFtjhqUDZ3Cv3CQ,autor:UCujPF2nBgsTD62nWE3lcpIg,1
autor:UCN6qbfPSzFtjhqUDZ3Cv3CQ,autor:UCpIdtvoFHVLGASGB5ySqIEA,1
autor:UCN6qbfPSzFtjhqUDZ3Cv3CQ,autor:UChZknRmJkeGeQk0-mQuhDOg,1
autor:UCN6qbfPSzFtjhqUDZ3Cv3CQ,autor:UCQtSFINs1h6GHkpg9o5kMvg,1
autor:UCN6qbfPSzFtjhqUDZ3Cv3CQ,autor:UCQgYjVngJRfPHDLGB5X6ZjA,1
autor:UCN6qbfPSzFtjhqUDZ3Cv3CQ,autor:UCXr8_5WtGeipe4haOoQDgyQ,1
autor:UCN6qbfPSzFtjhqUDZ3Cv3CQ,autor:UCQtICyzWmhC5woCtbNgaSmg,1
autor:UCN6qbfPSzFtjhqUDZ3Cv3CQ,autor:UCljDbleJul41G1TzOjOZAVA,1
autor:UCN6qbfPSzFtjhqUDZ3Cv3CQ,autor:UCUIIIPTVDVHAXqhC_5V6lPA,1
autor:UCN6qbfPSzFtjhqUDZ3Cv3CQ,autor:UCj-LL25XJnjxepPKCc3NGog,1
autor:UCN6qbfPSzFtjhqUDZ3Cv3CQ,autor:UCtUR3_CAiE7fCoZHM6cMfyQ,1
autor:UCN6qbfPSzFtjhqUDZ3Cv3CQ,autor:UCQ_-LPP8JAbfkc-b1Q6NvWw,1
autor:UCN6qbfPSzFtjhqUDZ3Cv3CQ,autor:UCr1emrogPKkKTs_WTtx71xg,1
autor:UCN6qbfPSzFtjhqUDZ3Cv3CQ,autor:UCOh6DaZC_x9HASnlRylEMfw,1
autor:UCN6qbfPSzFtjhqUDZ3Cv3CQ,autor:UCSou6a2OuYGSvPjm5psquyA,1
autor:UCN6qbfPSzFtjhqUDZ3Cv3CQ,autor:UCV0iizTBoOfdAFX_thfI9BA,1
autor:UCN6qbfPSzFtjhqUDZ3Cv3CQ,autor:UCsjs5Hp_r86x1xbK6FAeqaA,1
autor:UCN6qbfPSzFtjhqUDZ3Cv3CQ,autor:UCwha8rxULYMVtNwZWeSkE1A,1
autor:UCN6qbfPSzFtjhqUDZ3Cv3CQ,autor:UCwW2OFy95P7ZBkOPxWkpvYg,1
autor:UCN6qbfPSzFtjhqUDZ3Cv3CQ,autor:UCpl8rF8uv_8uui-QRvuJaRA,1
autor:UCN6qbfPSzFtjhqUDZ3Cv3CQ,autor:UCRETAiYdh2dL5ZxB0_N1zDA,1
autor:UCN6qbfPSzFtjhqUDZ3Cv3CQ,autor:UCsJJAvrVGupdmhOqgtDp8dg,1
autor:UCN6qbfPSzFtjhqUDZ3Cv3CQ,autor:UCTP3O0rMnc8z8v8jaDQwL0w,1
autor:UCN6qbfPSzFtjhqUDZ3Cv3CQ,autor:UCvApqeCbLod-wejtT4CcVuA,1
autor:UCN6qbfPSzFtjhqUDZ3Cv3CQ,autor:UCYN4wSQ1Sx4_LurxLlW7MPg,1
autor:UCN6qbfPSzFtjhqUDZ3Cv3CQ,autor:UCueV9cTyTDwgQSec1x2dYgA,1
autor:UCN6qbfPSzFtjhqUDZ3Cv3CQ,autor:UChgkn5Jt5tWKYMoEOuCjz3Q,1
autor:UCN6qbfPSzFtjhqUDZ3Cv3CQ,autor:UCRlCV9zSn7avAWh-9_XFWqQ,1
autor:UCN6qbfPSzFtjhqUDZ3Cv3CQ,autor:UCiMythXHsw7eQEMykCdmMUA,1
autor:UCN6qbfPSzFtjhqUDZ3Cv3CQ,autor:UCz3gu01bmjNv0DpRq-K3XYg,1
autor:UCN6qbfPSzFtjhqUDZ3Cv3CQ,autor:UCkd9W714-947dEE6ZOEBATA,1
autor:UCN6qbfPSzFtjhqUDZ3Cv3CQ,autor:UCTwSut16JyAg3mX6LVUNGqA,1
autor:UCN6qbfPSzFtjhqUDZ3Cv3CQ,autor:UCXXh7yg5KUFIWylTiKVEFKQ,1
autor:UCN6qbfPSzFtjhqUDZ3Cv3CQ,autor:UCylqlpsh8ENNM1LqgQ1KbxA,1
autor:UCN6qbfPSzFtjhqUDZ3Cv3CQ,autor:UCYwpX26TrCxq8TvbKGRYLXA,1
autor:UCN6qbfPSzFtjhqUDZ3Cv3CQ,autor:UCwO2SXr0ggzwg6QWWrr01nQ,1
autor:UCN6qbfPSzFtjhqUDZ3Cv3CQ,autor:UCXgr7vXlRrsaskPdo097kGA,1
autor:UCN6qbfPSzFtjhqUDZ3Cv3CQ,autor:UCsSXdJct-nsS8DsABoEsaYA,1
autor:UCN6qbfPSzFtjhqUDZ3Cv3CQ,autor:UCcfdg8crmMJwEuLUsAhV7yg,1
autor:UCN6qbfPSzFtjhqUDZ3Cv3CQ,autor:UCiGRBf2RNF0WRKhRVT7zFoA,1
autor:UCN6qbfPSzFtjhqUDZ3Cv3CQ,autor:UCWIZUtKJ636y-4TYrNvok0g,1
autor:UCN6qbfPSzFtjhqUDZ3Cv3CQ,autor:UCTD6q1nyIe3Y7HhqjaMj72w,1
autor:UCN6qbfPSzFtjhqUDZ3Cv3CQ,autor:UCplrIQtaPj6au60_f2-mOYw,1
autor:UCN6qbfPSzFtjhqUDZ3Cv3CQ,autor:UCxff05WuyvwELNITi7bj7UA,1
autor:UCN6qbfPSzFtjhqUDZ3Cv3CQ,autor:UCgvw7xIdGFupzpt1Y_BFkEA,1
autor:UCN6qbfPSzFtjhqUDZ3Cv3CQ,autor:UCipetjeiWj4CZB6EbyYziZg,1
autor:UCN6qbfPSzFtjhqUDZ3Cv3CQ,autor:UChep9kVb5gQmpodEEl10Xlg,1
autor:UCNBnKqWf4d-rS4HwJRQljmQ,autor:UCRelkU8JiZBytTzebJxaa-w,1
autor:UCNBnKqWf4d-rS4HwJRQljmQ,autor:UCzoL2l5H5eVlorWGH8AZfAg,1
autor:UCNBnKqWf4d-rS4HwJRQljmQ,autor:UCOLGv5Pf6BF2wFcwUzgcvHg,1
autor:UCNBnKqWf4d-rS4HwJRQljmQ,autor:UCl0ekS9Tt0jJGtOEM18S63w,1
autor:UCNBnKqWf4d-rS4HwJRQljmQ,autor:UCXSkL3ejZ8qWYyF_M7s_QKA,1
autor:UCNBnKqWf4d-rS4HwJRQljmQ,autor:UCySYJU5kUh7X8gVt9la2ISA,1
autor:UCNBnKqWf4d-rS4HwJRQljmQ,autor:UCZ51R_9Q9C0c8I3pAWhtmjQ,1
autor:UCNBnKqWf4d-rS4HwJRQljmQ,autor:UCp4iw5_5SmV9VGTFSNVGOmQ,1
autor:UCNBnKqWf4d-rS4HwJRQljmQ,autor:UCut6b9S98nv84cVX89PmKzA,1
autor:UCNBnKqWf4d-rS4HwJRQljmQ,autor:UCsUCN0Yq_UyTvKjOJLmNrnQ,1
autor:UCNBnKqWf4d-rS4HwJRQljmQ,autor:UCZLG9qH0tUjNhEGFIUt0CYw,1
autor:UCNBnKqWf4d-rS4HwJRQljmQ,autor:UChs3tU2BcKOT0CezykvAsGw,1
autor:UCNBnKqWf4d-rS4HwJRQljmQ,autor:UCrJn_rbo_ENAdeqneS-RmRw,1
autor:UCNBnKqWf4d-rS4HwJRQljmQ,autor:UCThW2XNsAaBKme5PUt7n-Zg,1
autor:UCNBnKqWf4d-rS4HwJRQljmQ,autor:UCmvOgzmmXbjUthHy-WJ52hQ,1
autor:UCNBnKqWf4d-rS4HwJRQljmQ,autor:UCpsKOkt5iWTbenzeuq7dsmQ,1
autor:UCNBnKqWf4d-rS4HwJRQljmQ,autor:UCi1b_TRQfgO1Z9O2gNGGWNA,1
autor:UCNBnKqWf4d-rS4HwJRQljmQ,autor:UCfM3nrxtTQMY5jFx1v1J4Gg,1
autor:UCNBnKqWf4d-rS4HwJRQljmQ,autor:UCjmPuazZJzscrwvk0QR9RVw,1
autor:UCNBnKqWf4d-rS4HwJRQljmQ,autor:UCtNfIBnc5S5DbbQj_yxgJTw,1
autor:UCNBnKqWf4d-rS4HwJRQljmQ,autor:UCmjppp6ujz3SAnULvP3sZMw,1
autor:UCNBnKqWf4d-rS4HwJRQljmQ,autor:UCzSfZlOVxBSs5ObD25ywxDQ,1
autor:UCNBnKqWf4d-rS4HwJRQljmQ,autor:UCTylKrsqkrBKIqubMu_5N0Q,1
autor:UCNBnKqWf4d-rS4HwJRQljmQ,autor:UCQqetiwzzmRNTM5OWuXarGQ,1
autor:UCNBnKqWf4d-rS4HwJRQljmQ,autor:UCOS8ViEkccrTZx2w2ccxotA,1
autor:UCNBnKqWf4d-rS4HwJRQljmQ,autor:UCh5ESQvtzyHDhCA7XyekCFA,1
autor:UCNBnKqWf4d-rS4HwJRQljmQ,autor:UCNkcuy42zEwddwEcOd_HpnA,1
autor:UCNBnKqWf4d-rS4HwJRQljmQ,autor:UCjSKM9j0Q7HLDr1hD6D-TUw,1
autor:UCNBnKqWf4d-rS4HwJRQljmQ,autor:UCujPF2nBgsTD62nWE3lcpIg,1
autor:UCNBnKqWf4d-rS4HwJRQljmQ,autor:UCpIdtvoFHVLGASGB5ySqIEA,1
autor:UCNBnKqWf4d-rS4HwJRQljmQ,autor:UChZknRmJkeGeQk0-mQuhDOg,1
autor:UCNBnKqWf4d-rS4HwJRQljmQ,autor:UCQtSFINs1h6GHkpg9o5kMvg,1
autor:UCNBnKqWf4d-rS4HwJRQljmQ,autor:UCQgYjVngJRfPHDLGB5X6ZjA,1
autor:UCNBnKqWf4d-rS4HwJRQljmQ,autor:UCXr8_5WtGeipe4haOoQDgyQ,1
autor:UCNBnKqWf4d-rS4HwJRQljmQ,autor:UCQtICyzWmhC5woCtbNgaSmg,1
autor:UCNBnKqWf4d-rS4HwJRQljmQ,autor:UCljDbleJul41G1TzOjOZAVA,1
autor:UCNBnKqWf4d-rS4HwJRQljmQ,autor:UCUIIIPTVDVHAXqhC_5V6lPA,1
autor:UCNBnKqWf4d-rS4HwJRQljmQ,autor:UCj-LL25XJnjxepPKCc3NGog,1
autor:UCNBnKqWf4d-rS4HwJRQljmQ,autor:UCtUR3_CAiE7fCoZHM6cMfyQ,1
autor:UCNBnKqWf4d-rS4HwJRQljmQ,autor:UCQ_-LPP8JAbfkc-b1Q6NvWw,1
autor:UCNBnKqWf4d-rS4HwJRQljmQ,autor:UCr1emrogPKkKTs_WTtx71xg,1
autor:UCNBnKqWf4d-rS4HwJRQljmQ,autor:UCOh6DaZC_x9HASnlRylEMfw,1
autor:UCNBnKqWf4d-rS4HwJRQljmQ,autor:UCSou6a2OuYGSvPjm5psquyA,1
autor:UCNBnKqWf4d-rS4HwJRQljmQ,autor:UCV0iizTBoOfdAFX_thfI9BA,1
autor:UCNBnKqWf4d-rS4HwJRQljmQ,autor:UCsjs5Hp_r86x1xbK6FAeqaA,1
autor:UCNBnKqWf4d-rS4HwJRQljmQ,autor:UCwha8rxULYMVtNwZWeSkE1A,1
autor:UCNBnKqWf4d-rS4HwJRQljmQ,autor:UCwW2OFy95P7ZBkOPxWkpvYg,1
autor:UCNBnKqWf4d-rS4HwJRQljmQ,autor:UCpl8rF8uv_8uui-QRvuJaRA,1
autor:UCNBnKqWf4d-rS4HwJRQljmQ,autor:UCRETAiYdh2dL5ZxB0_N1zDA,1
autor:UCNBnKqWf4d-rS4HwJRQljmQ,autor:UCsJJAvrVGupdmhOqgtDp8dg,1
autor:UCNBnKqWf4d-rS4HwJRQljmQ,autor:UCTP3O0rMnc8z8v8jaDQwL0w,1
autor:UCNBnKqWf4d-rS4HwJRQljmQ,autor:UCvApqeCbLod-wejtT4CcVuA,1
autor:UCNBnKqWf4d-rS4HwJRQljmQ,autor:UCYN4wSQ1Sx4_LurxLlW7MPg,1
autor:UCNBnKqWf4d-rS4HwJRQljmQ,autor:UCueV9cTyTDwgQSec1x2dYgA,1
autor:UCNBnKqWf4d-rS4HwJRQljmQ,autor:UChgkn5Jt5tWKYMoEOuCjz3Q,1
autor:UCNBnKqWf4d-rS4HwJRQljmQ,autor:UCRlCV9zSn7avAWh-9_XFWqQ,1
autor:UCNBnKqWf4d-rS4HwJRQljmQ,autor:UCiMythXHsw7eQEMykCdmMUA,1
autor:UCNBnKqWf4d-rS4HwJRQljmQ,autor:UCz3gu01bmjNv0DpRq-K3XYg,1
autor:UCNBnKqWf4d-rS4HwJRQljmQ,autor:UCkd9W714-947dEE6ZOEBATA,1
autor:UCNBnKqWf4d-rS4HwJRQljmQ,autor:UCTwSut16JyAg3mX6LVUNGqA,1
autor:UCNBnKqWf4d-rS4HwJRQljmQ,autor:UCXXh7yg5KUFIWylTiKVEFKQ,1
autor:UCNBnKqWf4d-rS4HwJRQljmQ,autor:UCylqlpsh8ENNM1LqgQ1KbxA,1
autor:UCNBnKqWf4d-rS4HwJRQljmQ,autor:UCYwpX26TrCxq8TvbKGRYLXA,1
autor:UCNBnKqWf4d-rS4HwJRQljmQ,autor:UCwO2SXr0ggzwg6QWWrr01nQ,1
autor:UCNBnKqWf4d-rS4HwJRQljmQ,autor:UCXgr7vXlRrsaskPdo097kGA,1
autor:UCNBnKqWf4d-rS4HwJRQljmQ,autor:UCsSXdJct-nsS8DsABoEsaYA,1
autor:UCNBnKqWf4d-rS4HwJRQljmQ,autor:UCcfdg8crmMJwEuLUsAhV7yg,1
autor:UCNBnKqWf4d-rS4HwJRQljmQ,autor:UCiGRBf2RNF0WRKhRVT7zFoA,1
autor:UCNBnKqWf4d-rS4HwJRQljmQ,autor:UCWIZUtKJ636y-4TYrNvok0g,1
autor:UCNBnKqWf4d-rS4HwJRQljmQ,autor:UCTD6q1nyIe3Y7HhqjaMj72w,1
autor:UCNBnKqWf4d-rS4HwJRQljmQ,autor:UCplrIQtaPj6au60_f2-mOYw,1
autor:UCNBnKqWf4d-rS4HwJRQljmQ,autor:UCxff05WuyvwELNITi7bj7UA,1
autor:UCNBnKqWf4d-rS4HwJRQljmQ,autor:UCgvw7xIdGFupzpt1Y_BFkEA,1
autor:UCNBnKqWf4d-rS4HwJRQljmQ,autor:UCipetjeiWj4CZB6EbyYziZg,1
autor:UCNBnKqWf4d-rS4HwJRQljmQ,autor:UChep9kVb5gQmpodEEl10Xlg,1
autor:UCNIeXbV_mEwpa412h1aqUWw,autor:UCPZueDLrCS4BmTBRMA4q0fA,1
autor:UCNIeXbV_mEwpa412h1aqUWw,autor:UCVQf0tzL7xRzFJsABVVULpg,1
autor:UCNIeXbV_mEwpa412h1aqUWw,autor:UCg3eIfd7BrsLEqS0BLkftHA,1
autor:UCNIeXbV_mEwpa412h1aqUWw,autor:UClsrFGJKWPxxw7MiaEdKLXw,1
autor:UCNIeXbV_mEwpa412h1aqUWw,autor:UCusjriFsDHEc2AOjqk-p5ig,1
autor:UCNIeXbV_mEwpa412h1aqUWw,autor:UCzZ6dDCEsLMXbc5pCFXIprw,1
autor:UCNIeXbV_mEwpa412h1aqUWw,autor:UCbYoNG5J3Au5BqtbXogfEFw,1
autor:UCNIeXbV_mEwpa412h1aqUWw,autor:UCf5lnNZF7Qrtli9v4N_23WQ,1
autor:UCNIeXbV_mEwpa412h1aqUWw,autor:UCtNyHmRZtvGF2hSvI2dUBWw,1
autor:UCNIeXbV_mEwpa412h1aqUWw,autor:UCgQJgI9vu1FI2dnC9mrFthw,1
autor:UCNIeXbV_mEwpa412h1aqUWw,autor:UCuP4UK33HKtJE_S39ksmaTw,1
autor:UCNiMNUJvaRJb0_QLClqwVnA,autor:UCld2stqxaVSk0QdGncM224A,1
autor:UCNiMNUJvaRJb0_QLClqwVnA,autor:UCtowGNY2lnlg6O2CkwDgkLg,1
autor:UCNkcuy42zEwddwEcOd_HpnA,autor:UCRelkU8JiZBytTzebJxaa-w,1
autor:UCNkcuy42zEwddwEcOd_HpnA,autor:UCzoL2l5H5eVlorWGH8AZfAg,1
autor:UCNkcuy42zEwddwEcOd_HpnA,autor:UCOLGv5Pf6BF2wFcwUzgcvHg,1
autor:UCNkcuy42zEwddwEcOd_HpnA,autor:UCl0ekS9Tt0jJGtOEM18S63w,1
autor:UCNkcuy42zEwddwEcOd_HpnA,autor:UCXSkL3ejZ8qWYyF_M7s_QKA,1
autor:UCNkcuy42zEwddwEcOd_HpnA,autor:UCySYJU5kUh7X8gVt9la2ISA,1
autor:UCNkcuy42zEwddwEcOd_HpnA,autor:UCZ51R_9Q9C0c8I3pAWhtmjQ,1
autor:UCNkcuy42zEwddwEcOd_HpnA,autor:UCp4iw5_5SmV9VGTFSNVGOmQ,1
autor:UCNkcuy42zEwddwEcOd_HpnA,autor:UCut6b9S98nv84cVX89PmKzA,1
autor:UCNkcuy42zEwddwEcOd_HpnA,autor:UCsUCN0Yq_UyTvKjOJLmNrnQ,1
autor:UCNkcuy42zEwddwEcOd_HpnA,autor:UCZLG9qH0tUjNhEGFIUt0CYw,1
autor:UCNkcuy42zEwddwEcOd_HpnA,autor:UChs3tU2BcKOT0CezykvAsGw,1
autor:UCNkcuy42zEwddwEcOd_HpnA,autor:UCrJn_rbo_ENAdeqneS-RmRw,1
autor:UCNkcuy42zEwddwEcOd_HpnA,autor:UCThW2XNsAaBKme5PUt7n-Zg,1
autor:UCNkcuy42zEwddwEcOd_HpnA,autor:UCmvOgzmmXbjUthHy-WJ52hQ,1
autor:UCNkcuy42zEwddwEcOd_HpnA,autor:UCpsKOkt5iWTbenzeuq7dsmQ,1
autor:UCNkcuy42zEwddwEcOd_HpnA,autor:UCi1b_TRQfgO1Z9O2gNGGWNA,1
autor:UCNkcuy42zEwddwEcOd_HpnA,autor:UCfM3nrxtTQMY5jFx1v1J4Gg,1
autor:UCNkcuy42zEwddwEcOd_HpnA,autor:UCjmPuazZJzscrwvk0QR9RVw,1
autor:UCNkcuy42zEwddwEcOd_HpnA,autor:UCtNfIBnc5S5DbbQj_yxgJTw,1
autor:UCNkcuy42zEwddwEcOd_HpnA,autor:UCmjppp6ujz3SAnULvP3sZMw,1
autor:UCNkcuy42zEwddwEcOd_HpnA,autor:UCzSfZlOVxBSs5ObD25ywxDQ,1
autor:UCNkcuy42zEwddwEcOd_HpnA,autor:UCTylKrsqkrBKIqubMu_5N0Q,1
autor:UCNkcuy42zEwddwEcOd_HpnA,autor:UCQqetiwzzmRNTM5OWuXarGQ,1
autor:UCNkcuy42zEwddwEcOd_HpnA,autor:UCOS8ViEkccrTZx2w2ccxotA,1
autor:UCNkcuy42zEwddwEcOd_HpnA,autor:UCh5ESQvtzyHDhCA7XyekCFA,1
autor:UCNkcuy42zEwddwEcOd_HpnA,autor:UCjSKM9j0Q7HLDr1hD6D-TUw,1
autor:UCNkcuy42zEwddwEcOd_HpnA,autor:UCujPF2nBgsTD62nWE3lcpIg,1
autor:UCNkcuy42zEwddwEcOd_HpnA,autor:UCpIdtvoFHVLGASGB5ySqIEA,1
autor:UCNkcuy42zEwddwEcOd_HpnA,autor:UChZknRmJkeGeQk0-mQuhDOg,1
autor:UCNkcuy42zEwddwEcOd_HpnA,autor:UCQtSFINs1h6GHkpg9o5kMvg,1
autor:UCNkcuy42zEwddwEcOd_HpnA,autor:UCQgYjVngJRfPHDLGB5X6ZjA,1
autor:UCNkcuy42zEwddwEcOd_HpnA,autor:UCXr8_5WtGeipe4haOoQDgyQ,1
autor:UCNkcuy42zEwddwEcOd_HpnA,autor:UCQtICyzWmhC5woCtbNgaSmg,1
autor:UCNkcuy42zEwddwEcOd_HpnA,autor:UCljDbleJul41G1TzOjOZAVA,1
autor:UCNkcuy42zEwddwEcOd_HpnA,autor:UCUIIIPTVDVHAXqhC_5V6lPA,1
autor:UCNkcuy42zEwddwEcOd_HpnA,autor:UCj-LL25XJnjxepPKCc3NGog,1
autor:UCNkcuy42zEwddwEcOd_HpnA,autor:UCtUR3_CAiE7fCoZHM6cMfyQ,1
autor:UCNkcuy42zEwddwEcOd_HpnA,autor:UCQ_-LPP8JAbfkc-b1Q6NvWw,1
autor:UCNkcuy42zEwddwEcOd_HpnA,autor:UCr1emrogPKkKTs_WTtx71xg,1
autor:UCNkcuy42zEwddwEcOd_HpnA,autor:UCOh6DaZC_x9HASnlRylEMfw,1
autor:UCNkcuy42zEwddwEcOd_HpnA,autor:UCSou6a2OuYGSvPjm5psquyA,1
autor:UCNkcuy42zEwddwEcOd_HpnA,autor:UCV0iizTBoOfdAFX_thfI9BA,1
autor:UCNkcuy42zEwddwEcOd_HpnA,autor:UCsjs5Hp_r86x1xbK6FAeqaA,1
autor:UCNkcuy42zEwddwEcOd_HpnA,autor:UCwha8rxULYMVtNwZWeSkE1A,1
autor:UCNkcuy42zEwddwEcOd_HpnA,autor:UCwW2OFy95P7ZBkOPxWkpvYg,1
autor:UCNkcuy42zEwddwEcOd_HpnA,autor:UCpl8rF8uv_8uui-QRvuJaRA,1
autor:UCNkcuy42zEwddwEcOd_HpnA,autor:UCRETAiYdh2dL5ZxB0_N1zDA,1
autor:UCNkcuy42zEwddwEcOd_HpnA,autor:UCsJJAvrVGupdmhOqgtDp8dg,1
autor:UCNkcuy42zEwddwEcOd_HpnA,autor:UCTP3O0rMnc8z8v8jaDQwL0w,1
autor:UCNkcuy42zEwddwEcOd_HpnA,autor:UCvApqeCbLod-wejtT4CcVuA,1
autor:UCNkcuy42zEwddwEcOd_HpnA,autor:UCYN4wSQ1Sx4_LurxLlW7MPg,1
autor:UCNkcuy42zEwddwEcOd_HpnA,autor:UCueV9cTyTDwgQSec1x2dYgA,1
autor:UCNkcuy42zEwddwEcOd_HpnA,autor:UChgkn5Jt5tWKYMoEOuCjz3Q,1
autor:UCNkcuy42zEwddwEcOd_HpnA,autor:UCRlCV9zSn7avAWh-9_XFWqQ,1
autor:UCNkcuy42zEwddwEcOd_HpnA,autor:UCiMythXHsw7eQEMykCdmMUA,1
autor:UCNkcuy42zEwddwEcOd_HpnA,autor:UCz3gu01bmjNv0DpRq-K3XYg,1
autor:UCNkcuy42zEwddwEcOd_HpnA,autor:UCkd9W714-947dEE6ZOEBATA,1
autor:UCNkcuy42zEwddwEcOd_HpnA,autor:UCTwSut16JyAg3mX6LVUNGqA,1
autor:UCNkcuy42zEwddwEcOd_HpnA,autor:UCXXh7yg5KUFIWylTiKVEFKQ,1
autor:UCNkcuy42zEwddwEcOd_HpnA,autor:UCylqlpsh8ENNM1LqgQ1KbxA,1
autor:UCNkcuy42zEwddwEcOd_HpnA,autor:UCYwpX26TrCxq8TvbKGRYLXA,1
autor:UCNkcuy42zEwddwEcOd_HpnA,autor:UCwO2SXr0ggzwg6QWWrr01nQ,1
autor:UCNkcuy42zEwddwEcOd_HpnA,autor:UCXgr7vXlRrsaskPdo097kGA,1
autor:UCNkcuy42zEwddwEcOd_HpnA,autor:UCsSXdJct-nsS8DsABoEsaYA,1
autor:UCNkcuy42zEwddwEcOd_HpnA,autor:UCcfdg8crmMJwEuLUsAhV7yg,1
autor:UCNkcuy42zEwddwEcOd_HpnA,autor:UCiGRBf2RNF0WRKhRVT7zFoA,1
autor:UCNkcuy42zEwddwEcOd_HpnA,autor:UCWIZUtKJ636y-4TYrNvok0g,1
autor:UCNkcuy42zEwddwEcOd_HpnA,autor:UCTD6q1nyIe3Y7HhqjaMj72w,1
autor:UCNkcuy42zEwddwEcOd_HpnA,autor:UCplrIQtaPj6au60_f2-mOYw,1
autor:UCNkcuy42zEwddwEcOd_HpnA,autor:UCxff05WuyvwELNITi7bj7UA,1
autor:UCNkcuy42zEwddwEcOd_HpnA,autor:UCgvw7xIdGFupzpt1Y_BFkEA,1
autor:UCNkcuy42zEwddwEcOd_HpnA,autor:UCipetjeiWj4CZB6EbyYziZg,1
autor:UCNkcuy42zEwddwEcOd_HpnA,autor:UChep9kVb5gQmpodEEl10Xlg,1
autor:UCNpt5CQlTzNjlAKY6CJtClQ,autor:UCWoAVGVqCn4xtINCMOTM4jg,1
autor:UCNpt5CQlTzNjlAKY6CJtClQ,autor:UCylqlpsh8ENNM1LqgQ1KbxA,1
autor:UCNpt5CQlTzNjlAKY6CJtClQ,autor:UCQyOePccUP-fIJYzchAgZYw,1
autor:UCNpt5CQlTzNjlAKY6CJtClQ,autor:UCpe5jW3MIqkgTJ-PgkzvM6Q,1
autor:UCNpt5CQlTzNjlAKY6CJtClQ,autor:UColMq7LmaoY3MT6aIDGrGvA,1
autor:UCNpt5CQlTzNjlAKY6CJtClQ,autor:UCiC-Jn7wdgyQV4_Urk0DkWQ,1
autor:UCNpt5CQlTzNjlAKY6CJtClQ,autor:UCsGoJEvb-cFPZ2rWoJcXzEQ,1
autor:UCNpt5CQlTzNjlAKY6CJtClQ,autor:UCRAquv8el-tQ30bN7MlmySQ,1
autor:UCNpt5CQlTzNjlAKY6CJtClQ,autor:UCgJNFj5dnxXpcMvmuhZDPxA,1
autor:UCNpt5CQlTzNjlAKY6CJtClQ,autor:UClqA491Xa5fQcXcJJa-vTWw,1
autor:UCNpt5CQlTzNjlAKY6CJtClQ,autor:UCkbsS_3D-pvg1iHOld9uvIg,1
autor:UCNpt5CQlTzNjlAKY6CJtClQ,autor:UCRvPToDkkumha7WJAfCDk1A,1
autor:UCNpt5CQlTzNjlAKY6CJtClQ,autor:UCdFlugHJJa4l3YqWuNRmvXw,1
autor:UCNpt5CQlTzNjlAKY6CJtClQ,autor:UCu8_3-Wg-YzNyvHYQDEscfw,1
autor:UCNpt5CQlTzNjlAKY6CJtClQ,autor:UCZeIIQrGAedW8tCbKWmGY-A,1
autor:UCNpt5CQlTzNjlAKY6CJtClQ,autor:UC_LYoGs5C3mbZKZuKuqYCvw,1
autor:UCNpt5CQlTzNjlAKY6CJtClQ,autor:UCqCrvuoJpC-aVb0f4logQRQ,1
autor:UCNpt5CQlTzNjlAKY6CJtClQ,autor:UClhMWQ7XKWywYvbRnuf8QsA,1
autor:UCNpt5CQlTzNjlAKY6CJtClQ,autor:UCOcUI5XkTYNMSFhZNMIPpGg,1
autor:UCNpt5CQlTzNjlAKY6CJtClQ,autor:UCgQw_Sbq3ugruDUKsq1e0-A,1
autor:UCNpt5CQlTzNjlAKY6CJtClQ,autor:UCaKAjTW9MVub_clgr4DRYjQ,1
autor:UCNpt5CQlTzNjlAKY6CJtClQ,autor:UCQqlPPUGqAfWjd-FSh_qn7Q,1
autor:UCNpt5CQlTzNjlAKY6CJtClQ,autor:UCwjUvRseNtJoItylIyIez7Q,1
autor:UCNpt5CQlTzNjlAKY6CJtClQ,autor:UCe8JZoYkX5oKUZyivHYdXhw,1
autor:UCNpt5CQlTzNjlAKY6CJtClQ,autor:UCkVtmkK07b2zaVVNssX4lOg,1
autor:UCNpt5CQlTzNjlAKY6CJtClQ,autor:UCW-JC6lebVmf2P1dmY_L94g,1
autor:UCNpt5CQlTzNjlAKY6CJtClQ,autor:UCW80DaMjQlEUibC98Cot-Dg,1
autor:UCNpt5CQlTzNjlAKY6CJtClQ,autor:UCpsKOkt5iWTbenzeuq7dsmQ,1
autor:UCNpt5CQlTzNjlAKY6CJtClQ,autor:UCeDNEtI8_a42bZ47wJiJMwQ,1
autor:UCNpt5CQlTzNjlAKY6CJtClQ,autor:UCUoYsrx1oZnCZ0usbBJn4fA,1
autor:UCNpt5CQlTzNjlAKY6CJtClQ,autor:UCwgCc9Jd_gG-uLE_SY-FfPg,1
autor:UCNpt5CQlTzNjlAKY6CJtClQ,autor:UCuXmOjxC-htcprLgeVXz6Tg,1
autor:UCNpt5CQlTzNjlAKY6CJtClQ,autor:UCV0lM03g5fg5pbPj97-sAtA,1
autor:UCO0zwwLWGyDgQmWPJ5Qrr1w,autor:UCfjhejO7LZy4doXURa7LZCQ,1
autor:UCO0zwwLWGyDgQmWPJ5Qrr1w,autor:UCvl1tzQeBeGy6efPTRJXSCw,1
autor:UCO0zwwLWGyDgQmWPJ5Qrr1w,autor:UCjZgFEowMBrsjodqfovzdKw,1
autor:UCO0zwwLWGyDgQmWPJ5Qrr1w,autor:UCwCfs-2zbD5k0lG-UVg_JBw,1
autor:UCO0zwwLWGyDgQmWPJ5Qrr1w,autor:UC_3xuTXvMIWU5MYP9HkJ3vQ,1
autor:UCO0zwwLWGyDgQmWPJ5Qrr1w,autor:UCq3mDTTRZnUybct5M9OSXbg,1
autor:UCO0zwwLWGyDgQmWPJ5Qrr1w,autor:UCXN2s7DwTJm33xO-pNkAdaA,1
autor:UCO0zwwLWGyDgQmWPJ5Qrr1w,autor:UCfXykdbSU97rj987LDUGfvg,1
autor:UCOARn3hnfkB7-_Rwa8Hoqcw,autor:UCyW68EGZey4ao_Vf2cR5Ztg,1
autor:UCOARn3hnfkB7-_Rwa8Hoqcw,autor:UCZIQnb1fkwe39Iw2TAu-bGA,1
autor:UCOARn3hnfkB7-_Rwa8Hoqcw,autor:UCvcu1kR8xMYy_I1Ty-2mV2Q,1
autor:UCOARn3hnfkB7-_Rwa8Hoqcw,autor:UCVhif9eV0f8plICen2DnpKA,1
autor:UCOLGv5Pf6BF2wFcwUzgcvHg,autor:UCRelkU8JiZBytTzebJxaa-w,1
autor:UCOLGv5Pf6BF2wFcwUzgcvHg,autor:UCzoL2l5H5eVlorWGH8AZfAg,1
autor:UCOLGv5Pf6BF2wFcwUzgcvHg,autor:UCl0ekS9Tt0jJGtOEM18S63w,1
autor:UCOLGv5Pf6BF2wFcwUzgcvHg,autor:UCXSkL3ejZ8qWYyF_M7s_QKA,1
autor:UCOLGv5Pf6BF2wFcwUzgcvHg,autor:UCySYJU5kUh7X8gVt9la2ISA,1
autor:UCOLGv5Pf6BF2wFcwUzgcvHg,autor:UCZ51R_9Q9C0c8I3pAWhtmjQ,1
autor:UCOLGv5Pf6BF2wFcwUzgcvHg,autor:UCp4iw5_5SmV9VGTFSNVGOmQ,1
autor:UCOLGv5Pf6BF2wFcwUzgcvHg,autor:UCut6b9S98nv84cVX89PmKzA,1
autor:UCOLGv5Pf6BF2wFcwUzgcvHg,autor:UCsUCN0Yq_UyTvKjOJLmNrnQ,1
autor:UCOLGv5Pf6BF2wFcwUzgcvHg,autor:UCZLG9qH0tUjNhEGFIUt0CYw,1
autor:UCOLGv5Pf6BF2wFcwUzgcvHg,autor:UChs3tU2BcKOT0CezykvAsGw,1
autor:UCOLGv5Pf6BF2wFcwUzgcvHg,autor:UCrJn_rbo_ENAdeqneS-RmRw,1
autor:UCOLGv5Pf6BF2wFcwUzgcvHg,autor:UCThW2XNsAaBKme5PUt7n-Zg,1
autor:UCOLGv5Pf6BF2wFcwUzgcvHg,autor:UCmvOgzmmXbjUthHy-WJ52hQ,1
autor:UCOLGv5Pf6BF2wFcwUzgcvHg,autor:UCpsKOkt5iWTbenzeuq7dsmQ,1
autor:UCOLGv5Pf6BF2wFcwUzgcvHg,autor:UCi1b_TRQfgO1Z9O2gNGGWNA,1
autor:UCOLGv5Pf6BF2wFcwUzgcvHg,autor:UCfM3nrxtTQMY5jFx1v1J4Gg,1
autor:UCOLGv5Pf6BF2wFcwUzgcvHg,autor:UCjmPuazZJzscrwvk0QR9RVw,1
autor:UCOLGv5Pf6BF2wFcwUzgcvHg,autor:UCtNfIBnc5S5DbbQj_yxgJTw,1
autor:UCOLGv5Pf6BF2wFcwUzgcvHg,autor:UCmjppp6ujz3SAnULvP3sZMw,1
autor:UCOLGv5Pf6BF2wFcwUzgcvHg,autor:UCzSfZlOVxBSs5ObD25ywxDQ,1
autor:UCOLGv5Pf6BF2wFcwUzgcvHg,autor:UCTylKrsqkrBKIqubMu_5N0Q,1
autor:UCOLGv5Pf6BF2wFcwUzgcvHg,autor:UCQqetiwzzmRNTM5OWuXarGQ,1
autor:UCOLGv5Pf6BF2wFcwUzgcvHg,autor:UCOS8ViEkccrTZx2w2ccxotA,1
autor:UCOLGv5Pf6BF2wFcwUzgcvHg,autor:UCh5ESQvtzyHDhCA7XyekCFA,1
autor:UCOLGv5Pf6BF2wFcwUzgcvHg,autor:UCjSKM9j0Q7HLDr1hD6D-TUw,1
autor:UCOLGv5Pf6BF2wFcwUzgcvHg,autor:UCujPF2nBgsTD62nWE3lcpIg,1
autor:UCOLGv5Pf6BF2wFcwUzgcvHg,autor:UCpIdtvoFHVLGASGB5ySqIEA,1
autor:UCOLGv5Pf6BF2wFcwUzgcvHg,autor:UChZknRmJkeGeQk0-mQuhDOg,1
autor:UCOLGv5Pf6BF2wFcwUzgcvHg,autor:UCQtSFINs1h6GHkpg9o5kMvg,1
autor:UCOLGv5Pf6BF2wFcwUzgcvHg,autor:UCQgYjVngJRfPHDLGB5X6ZjA,1
autor:UCOLGv5Pf6BF2wFcwUzgcvHg,autor:UCXr8_5WtGeipe4haOoQDgyQ,1
autor:UCOLGv5Pf6BF2wFcwUzgcvHg,autor:UCQtICyzWmhC5woCtbNgaSmg,1
autor:UCOLGv5Pf6BF2wFcwUzgcvHg,autor:UCljDbleJul41G1TzOjOZAVA,1
autor:UCOLGv5Pf6BF2wFcwUzgcvHg,autor:UCUIIIPTVDVHAXqhC_5V6lPA,1
autor:UCOLGv5Pf6BF2wFcwUzgcvHg,autor:UCj-LL25XJnjxepPKCc3NGog,1
autor:UCOLGv5Pf6BF2wFcwUzgcvHg,autor:UCtUR3_CAiE7fCoZHM6cMfyQ,1
autor:UCOLGv5Pf6BF2wFcwUzgcvHg,autor:UCQ_-LPP8JAbfkc-b1Q6NvWw,1
autor:UCOLGv5Pf6BF2wFcwUzgcvHg,autor:UCr1emrogPKkKTs_WTtx71xg,1
autor:UCOLGv5Pf6BF2wFcwUzgcvHg,autor:UCOh6DaZC_x9HASnlRylEMfw,1
autor:UCOLGv5Pf6BF2wFcwUzgcvHg,autor:UCSou6a2OuYGSvPjm5psquyA,1
autor:UCOLGv5Pf6BF2wFcwUzgcvHg,autor:UCV0iizTBoOfdAFX_thfI9BA,1
autor:UCOLGv5Pf6BF2wFcwUzgcvHg,autor:UCsjs5Hp_r86x1xbK6FAeqaA,1
autor:UCOLGv5Pf6BF2wFcwUzgcvHg,autor:UCwha8rxULYMVtNwZWeSkE1A,1
autor:UCOLGv5Pf6BF2wFcwUzgcvHg,autor:UCwW2OFy95P7ZBkOPxWkpvYg,1
autor:UCOLGv5Pf6BF2wFcwUzgcvHg,autor:UCpl8rF8uv_8uui-QRvuJaRA,1
autor:UCOLGv5Pf6BF2wFcwUzgcvHg,autor:UCRETAiYdh2dL5ZxB0_N1zDA,1
autor:UCOLGv5Pf6BF2wFcwUzgcvHg,autor:UCsJJAvrVGupdmhOqgtDp8dg,1
autor:UCOLGv5Pf6BF2wFcwUzgcvHg,autor:UCTP3O0rMnc8z8v8jaDQwL0w,1
autor:UCOLGv5Pf6BF2wFcwUzgcvHg,autor:UCvApqeCbLod-wejtT4CcVuA,1
autor:UCOLGv5Pf6BF2wFcwUzgcvHg,autor:UCYN4wSQ1Sx4_LurxLlW7MPg,1
autor:UCOLGv5Pf6BF2wFcwUzgcvHg,autor:UCueV9cTyTDwgQSec1x2dYgA,1
autor:UCOLGv5Pf6BF2wFcwUzgcvHg,autor:UChgkn5Jt5tWKYMoEOuCjz3Q,1
autor:UCOLGv5Pf6BF2wFcwUzgcvHg,autor:UCRlCV9zSn7avAWh-9_XFWqQ,1
autor:UCOLGv5Pf6BF2wFcwUzgcvHg,autor:UCiMythXHsw7eQEMykCdmMUA,1
autor:UCOLGv5Pf6BF2wFcwUzgcvHg,autor:UCz3gu01bmjNv0DpRq-K3XYg,1
autor:UCOLGv5Pf6BF2wFcwUzgcvHg,autor:UCkd9W714-947dEE6ZOEBATA,1
autor:UCOLGv5Pf6BF2wFcwUzgcvHg,autor:UCTwSut16JyAg3mX6LVUNGqA,1
autor:UCOLGv5Pf6BF2wFcwUzgcvHg,autor:UCXXh7yg5KUFIWylTiKVEFKQ,1
autor:UCOLGv5Pf6BF2wFcwUzgcvHg,autor:UCylqlpsh8ENNM1LqgQ1KbxA,1
autor:UCOLGv5Pf6BF2wFcwUzgcvHg,autor:UCYwpX26TrCxq8TvbKGRYLXA,1
autor:UCOLGv5Pf6BF2wFcwUzgcvHg,autor:UCwO2SXr0ggzwg6QWWrr01nQ,1
autor:UCOLGv5Pf6BF2wFcwUzgcvHg,autor:UCXgr7vXlRrsaskPdo097kGA,1
autor:UCOLGv5Pf6BF2wFcwUzgcvHg,autor:UCsSXdJct-nsS8DsABoEsaYA,1
autor:UCOLGv5Pf6BF2wFcwUzgcvHg,autor:UCcfdg8crmMJwEuLUsAhV7yg,1
autor:UCOLGv5Pf6BF2wFcwUzgcvHg,autor:UCiGRBf2RNF0WRKhRVT7zFoA,1
autor:UCOLGv5Pf6BF2wFcwUzgcvHg,autor:UCWIZUtKJ636y-4TYrNvok0g,1
autor:UCOLGv5Pf6BF2wFcwUzgcvHg,autor:UCTD6q1nyIe3Y7HhqjaMj72w,1
autor:UCOLGv5Pf6BF2wFcwUzgcvHg,autor:UCplrIQtaPj6au60_f2-mOYw,1
autor:UCOLGv5Pf6BF2wFcwUzgcvHg,autor:UCxff05WuyvwELNITi7bj7UA,1
autor:UCOLGv5Pf6BF2wFcwUzgcvHg,autor:UCgvw7xIdGFupzpt1Y_BFkEA,1
autor:UCOLGv5Pf6BF2wFcwUzgcvHg,autor:UCipetjeiWj4CZB6EbyYziZg,1
autor:UCOLGv5Pf6BF2wFcwUzgcvHg,autor:UChep9kVb5gQmpodEEl10Xlg,1
autor:UCOLHH4ZpMxPYF-Q6e6wvn5A,autor:UCQMMuADgqWUOcJpLwHOzC-g,1
autor:UCOLHH4ZpMxPYF-Q6e6wvn5A,autor:UCp_dAUfv8i3LW3zWc24dLaQ,1
autor:UCOLHH4ZpMxPYF-Q6e6wvn5A,autor:UCrqXyRsg-_hTosURZ-uvoKg,1
autor:UCOLHH4ZpMxPYF-Q6e6wvn5A,autor:UCxhtlxPV8AYWaNNyU6S9H8Q,1
autor:UCOLHH4ZpMxPYF-Q6e6wvn5A,autor:UCat2qkYvqmtDNEmo2PVuhXw,1
autor:UCOLHH4ZpMxPYF-Q6e6wvn5A,autor:UCbNanjFI51cwGqMAb2rOrBw,1
autor:UCOLHH4ZpMxPYF-Q6e6wvn5A,autor:UCVdjCrh4tQoX3haNAZv-n5A,1
autor:UCOLHH4ZpMxPYF-Q6e6wvn5A,autor:UCtiHFjFu7d5v2XxHnKFUYig,1
autor:UCOLHH4ZpMxPYF-Q6e6wvn5A,autor:UCozFYHN0e_-vlQbX3wQGOug,1
autor:UCOLHH4ZpMxPYF-Q6e6wvn5A,autor:UCPNXmbOBVeC4HS-xemvcPtQ,1
autor:UCOLHH4ZpMxPYF-Q6e6wvn5A,autor:UCi2KiZq63sRq8Mfbcp-MelQ,1
autor:UCOLHH4ZpMxPYF-Q6e6wvn5A,autor:UCZjm6U576nX8WOiLhmMR3bw,1
autor:UCOS8ViEkccrTZx2w2ccxotA,autor:UCRelkU8JiZBytTzebJxaa-w,1
autor:UCOS8ViEkccrTZx2w2ccxotA,autor:UCzoL2l5H5eVlorWGH8AZfAg,1
autor:UCOS8ViEkccrTZx2w2ccxotA,autor:UCl0ekS9Tt0jJGtOEM18S63w,1
autor:UCOS8ViEkccrTZx2w2ccxotA,autor:UCXSkL3ejZ8qWYyF_M7s_QKA,1
autor:UCOS8ViEkccrTZx2w2ccxotA,autor:UCySYJU5kUh7X8gVt9la2ISA,1
autor:UCOS8ViEkccrTZx2w2ccxotA,autor:UCZ51R_9Q9C0c8I3pAWhtmjQ,1
autor:UCOS8ViEkccrTZx2w2ccxotA,autor:UCp4iw5_5SmV9VGTFSNVGOmQ,1
autor:UCOS8ViEkccrTZx2w2ccxotA,autor:UCut6b9S98nv84cVX89PmKzA,1
autor:UCOS8ViEkccrTZx2w2ccxotA,autor:UCsUCN0Yq_UyTvKjOJLmNrnQ,1
autor:UCOS8ViEkccrTZx2w2ccxotA,autor:UCZLG9qH0tUjNhEGFIUt0CYw,1
autor:UCOS8ViEkccrTZx2w2ccxotA,autor:UChs3tU2BcKOT0CezykvAsGw,1
autor:UCOS8ViEkccrTZx2w2ccxotA,autor:UCrJn_rbo_ENAdeqneS-RmRw,1
autor:UCOS8ViEkccrTZx2w2ccxotA,autor:UCThW2XNsAaBKme5PUt7n-Zg,1
autor:UCOS8ViEkccrTZx2w2ccxotA,autor:UCmvOgzmmXbjUthHy-WJ52hQ,1
autor:UCOS8ViEkccrTZx2w2ccxotA,autor:UCpsKOkt5iWTbenzeuq7dsmQ,1
autor:UCOS8ViEkccrTZx2w2ccxotA,autor:UCi1b_TRQfgO1Z9O2gNGGWNA,1
autor:UCOS8ViEkccrTZx2w2ccxotA,autor:UCfM3nrxtTQMY5jFx1v1J4Gg,1
autor:UCOS8ViEkccrTZx2w2ccxotA,autor:UCjmPuazZJzscrwvk0QR9RVw,1
autor:UCOS8ViEkccrTZx2w2ccxotA,autor:UCtNfIBnc5S5DbbQj_yxgJTw,1
autor:UCOS8ViEkccrTZx2w2ccxotA,autor:UCmjppp6ujz3SAnULvP3sZMw,1
autor:UCOS8ViEkccrTZx2w2ccxotA,autor:UCzSfZlOVxBSs5ObD25ywxDQ,1
autor:UCOS8ViEkccrTZx2w2ccxotA,autor:UCTylKrsqkrBKIqubMu_5N0Q,1
autor:UCOS8ViEkccrTZx2w2ccxotA,autor:UCQqetiwzzmRNTM5OWuXarGQ,1
autor:UCOS8ViEkccrTZx2w2ccxotA,autor:UCh5ESQvtzyHDhCA7XyekCFA,1
autor:UCOS8ViEkccrTZx2w2ccxotA,autor:UCjSKM9j0Q7HLDr1hD6D-TUw,1
autor:UCOS8ViEkccrTZx2w2ccxotA,autor:UCujPF2nBgsTD62nWE3lcpIg,1
autor:UCOS8ViEkccrTZx2w2ccxotA,autor:UCpIdtvoFHVLGASGB5ySqIEA,1
autor:UCOS8ViEkccrTZx2w2ccxotA,autor:UChZknRmJkeGeQk0-mQuhDOg,1
autor:UCOS8ViEkccrTZx2w2ccxotA,autor:UCQtSFINs1h6GHkpg9o5kMvg,1
autor:UCOS8ViEkccrTZx2w2ccxotA,autor:UCQgYjVngJRfPHDLGB5X6ZjA,1
autor:UCOS8ViEkccrTZx2w2ccxotA,autor:UCXr8_5WtGeipe4haOoQDgyQ,1
autor:UCOS8ViEkccrTZx2w2ccxotA,autor:UCQtICyzWmhC5woCtbNgaSmg,1
autor:UCOS8ViEkccrTZx2w2ccxotA,autor:UCljDbleJul41G1TzOjOZAVA,1
autor:UCOS8ViEkccrTZx2w2ccxotA,autor:UCUIIIPTVDVHAXqhC_5V6lPA,1
autor:UCOS8ViEkccrTZx2w2ccxotA,autor:UCj-LL25XJnjxepPKCc3NGog,1
autor:UCOS8ViEkccrTZx2w2ccxotA,autor:UCtUR3_CAiE7fCoZHM6cMfyQ,1
autor:UCOS8ViEkccrTZx2w2ccxotA,autor:UCQ_-LPP8JAbfkc-b1Q6NvWw,1
autor:UCOS8ViEkccrTZx2w2ccxotA,autor:UCr1emrogPKkKTs_WTtx71xg,1
autor:UCOS8ViEkccrTZx2w2ccxotA,autor:UCOh6DaZC_x9HASnlRylEMfw,1
autor:UCOS8ViEkccrTZx2w2ccxotA,autor:UCSou6a2OuYGSvPjm5psquyA,1
autor:UCOS8ViEkccrTZx2w2ccxotA,autor:UCV0iizTBoOfdAFX_thfI9BA,1
autor:UCOS8ViEkccrTZx2w2ccxotA,autor:UCsjs5Hp_r86x1xbK6FAeqaA,1
autor:UCOS8ViEkccrTZx2w2ccxotA,autor:UCwha8rxULYMVtNwZWeSkE1A,1
autor:UCOS8ViEkccrTZx2w2ccxotA,autor:UCwW2OFy95P7ZBkOPxWkpvYg,1
autor:UCOS8ViEkccrTZx2w2ccxotA,autor:UCpl8rF8uv_8uui-QRvuJaRA,1
autor:UCOS8ViEkccrTZx2w2ccxotA,autor:UCRETAiYdh2dL5ZxB0_N1zDA,1
autor:UCOS8ViEkccrTZx2w2ccxotA,autor:UCsJJAvrVGupdmhOqgtDp8dg,1
autor:UCOS8ViEkccrTZx2w2ccxotA,autor:UCTP3O0rMnc8z8v8jaDQwL0w,1
autor:UCOS8ViEkccrTZx2w2ccxotA,autor:UCvApqeCbLod-wejtT4CcVuA,1
autor:UCOS8ViEkccrTZx2w2ccxotA,autor:UCYN4wSQ1Sx4_LurxLlW7MPg,1
autor:UCOS8ViEkccrTZx2w2ccxotA,autor:UCueV9cTyTDwgQSec1x2dYgA,1
autor:UCOS8ViEkccrTZx2w2ccxotA,autor:UChgkn5Jt5tWKYMoEOuCjz3Q,1
autor:UCOS8ViEkccrTZx2w2ccxotA,autor:UCRlCV9zSn7avAWh-9_XFWqQ,1
autor:UCOS8ViEkccrTZx2w2ccxotA,autor:UCiMythXHsw7eQEMykCdmMUA,1
autor:UCOS8ViEkccrTZx2w2ccxotA,autor:UCz3gu01bmjNv0DpRq-K3XYg,1
autor:UCOS8ViEkccrTZx2w2ccxotA,autor:UCkd9W714-947dEE6ZOEBATA,1
autor:UCOS8ViEkccrTZx2w2ccxotA,autor:UCTwSut16JyAg3mX6LVUNGqA,1
autor:UCOS8ViEkccrTZx2w2ccxotA,autor:UCXXh7yg5KUFIWylTiKVEFKQ,1
autor:UCOS8ViEkccrTZx2w2ccxotA,autor:UCylqlpsh8ENNM1LqgQ1KbxA,1
autor:UCOS8ViEkccrTZx2w2ccxotA,autor:UCYwpX26TrCxq8TvbKGRYLXA,1
autor:UCOS8ViEkccrTZx2w2ccxotA,autor:UCwO2SXr0ggzwg6QWWrr01nQ,1
autor:UCOS8ViEkccrTZx2w2ccxotA,autor:UCXgr7vXlRrsaskPdo097kGA,1
autor:UCOS8ViEkccrTZx2w2ccxotA,autor:UCsSXdJct-nsS8DsABoEsaYA,1
autor:UCOS8ViEkccrTZx2w2ccxotA,autor:UCcfdg8crmMJwEuLUsAhV7yg,1
autor:UCOS8ViEkccrTZx2w2ccxotA,autor:UCiGRBf2RNF0WRKhRVT7zFoA,1
autor:UCOS8ViEkccrTZx2w2ccxotA,autor:UCWIZUtKJ636y-4TYrNvok0g,1
autor:UCOS8ViEkccrTZx2w2ccxotA,autor:UCTD6q1nyIe3Y7HhqjaMj72w,1
autor:UCOS8ViEkccrTZx2w2ccxotA,autor:UCplrIQtaPj6au60_f2-mOYw,1
autor:UCOS8ViEkccrTZx2w2ccxotA,autor:UCxff05WuyvwELNITi7bj7UA,1
autor:UCOS8ViEkccrTZx2w2ccxotA,autor:UCgvw7xIdGFupzpt1Y_BFkEA,1
autor:UCOS8ViEkccrTZx2w2ccxotA,autor:UCipetjeiWj4CZB6EbyYziZg,1
autor:UCOS8ViEkccrTZx2w2ccxotA,autor:UChep9kVb5gQmpodEEl10Xlg,1
autor:UCOY3XpD9qMCRSA8AA8c4CAw,autor:UCbrtvygfRT6QXqWDNrOf-cA,1
autor:UCOY3XpD9qMCRSA8AA8c4CAw,autor:UCc_F88PzGWtA1OPNUEASulA,1
autor:UCOY3XpD9qMCRSA8AA8c4CAw,autor:UCXVLc8CmAO813ubM-fLvCDw,1
autor:UCOY3XpD9qMCRSA8AA8c4CAw,autor:UCvcu1kR8xMYy_I1Ty-2mV2Q,1
autor:UCOY3XpD9qMCRSA8AA8c4CAw,autor:UCXl30Y_upRqbti52fmjK4YA,1
autor:UCOY3XpD9qMCRSA8AA8c4CAw,autor:UCxcoDvP-g2_KTZDmVZtvb3w,1
autor:UCOY3XpD9qMCRSA8AA8c4CAw,autor:UCTTILH6QCIxbTnEWxwRqs1g,1
autor:UCOY3XpD9qMCRSA8AA8c4CAw,autor:UCwEe1RKlEv1UpNWmWYfSh4w,1
autor:UCOY3XpD9qMCRSA8AA8c4CAw,autor:UCXO1BBohNWXkK9SBDAG2ySg,1
autor:UCOY3XpD9qMCRSA8AA8c4CAw,autor:UChT7pzGytNd92Nmvi-zuWog,1
autor:UCOY3XpD9qMCRSA8AA8c4CAw,autor:UCdQAuWwyC99MB7Y02Umj26Q,1
autor:UCOY3XpD9qMCRSA8AA8c4CAw,autor:UCefAH1MbvADWUjE9WVcB9EQ,1
autor:UCOY3XpD9qMCRSA8AA8c4CAw,autor:UCkxdJ_yGN2gghOMo2ybQtXQ,1
autor:UCOY3XpD9qMCRSA8AA8c4CAw,autor:UCcFIBN-rtC3d3hXeuN5TfWw,1
autor:UCOcUI5XkTYNMSFhZNMIPpGg,autor:UCWoAVGVqCn4xtINCMOTM4jg,1
autor:UCOcUI5XkTYNMSFhZNMIPpGg,autor:UCylqlpsh8ENNM1LqgQ1KbxA,1
autor:UCOcUI5XkTYNMSFhZNMIPpGg,autor:UCQyOePccUP-fIJYzchAgZYw,1
autor:UCOcUI5XkTYNMSFhZNMIPpGg,autor:UCpe5jW3MIqkgTJ-PgkzvM6Q,1
autor:UCOcUI5XkTYNMSFhZNMIPpGg,autor:UColMq7LmaoY3MT6aIDGrGvA,1
autor:UCOcUI5XkTYNMSFhZNMIPpGg,autor:UCiC-Jn7wdgyQV4_Urk0DkWQ,1
autor:UCOcUI5XkTYNMSFhZNMIPpGg,autor:UCsGoJEvb-cFPZ2rWoJcXzEQ,1
autor:UCOcUI5XkTYNMSFhZNMIPpGg,autor:UCRAquv8el-tQ30bN7MlmySQ,1
autor:UCOcUI5XkTYNMSFhZNMIPpGg,autor:UCgJNFj5dnxXpcMvmuhZDPxA,1
autor:UCOcUI5XkTYNMSFhZNMIPpGg,autor:UClqA491Xa5fQcXcJJa-vTWw,1
autor:UCOcUI5XkTYNMSFhZNMIPpGg,autor:UCkbsS_3D-pvg1iHOld9uvIg,1
autor:UCOcUI5XkTYNMSFhZNMIPpGg,autor:UCRvPToDkkumha7WJAfCDk1A,1
autor:UCOcUI5XkTYNMSFhZNMIPpGg,autor:UCdFlugHJJa4l3YqWuNRmvXw,1
autor:UCOcUI5XkTYNMSFhZNMIPpGg,autor:UCu8_3-Wg-YzNyvHYQDEscfw,1
autor:UCOcUI5XkTYNMSFhZNMIPpGg,autor:UCZeIIQrGAedW8tCbKWmGY-A,1
autor:UCOcUI5XkTYNMSFhZNMIPpGg,autor:UC_LYoGs5C3mbZKZuKuqYCvw,1
autor:UCOcUI5XkTYNMSFhZNMIPpGg,autor:UCqCrvuoJpC-aVb0f4logQRQ,1
autor:UCOcUI5XkTYNMSFhZNMIPpGg,autor:UClhMWQ7XKWywYvbRnuf8QsA,1
autor:UCOcUI5XkTYNMSFhZNMIPpGg,autor:UCgQw_Sbq3ugruDUKsq1e0-A,1
autor:UCOcUI5XkTYNMSFhZNMIPpGg,autor:UCaKAjTW9MVub_clgr4DRYjQ,1
autor:UCOcUI5XkTYNMSFhZNMIPpGg,autor:UCQqlPPUGqAfWjd-FSh_qn7Q,1
autor:UCOcUI5XkTYNMSFhZNMIPpGg,autor:UCwjUvRseNtJoItylIyIez7Q,1
autor:UCOcUI5XkTYNMSFhZNMIPpGg,autor:UCe8JZoYkX5oKUZyivHYdXhw,1
autor:UCOcUI5XkTYNMSFhZNMIPpGg,autor:UCkVtmkK07b2zaVVNssX4lOg,1
autor:UCOcUI5XkTYNMSFhZNMIPpGg,autor:UCW-JC6lebVmf2P1dmY_L94g,1
autor:UCOcUI5XkTYNMSFhZNMIPpGg,autor:UCW80DaMjQlEUibC98Cot-Dg,1
autor:UCOcUI5XkTYNMSFhZNMIPpGg,autor:UCpsKOkt5iWTbenzeuq7dsmQ,1
autor:UCOcUI5XkTYNMSFhZNMIPpGg,autor:UCeDNEtI8_a42bZ47wJiJMwQ,1
autor:UCOcUI5XkTYNMSFhZNMIPpGg,autor:UCUoYsrx1oZnCZ0usbBJn4fA,1
autor:UCOcUI5XkTYNMSFhZNMIPpGg,autor:UCwgCc9Jd_gG-uLE_SY-FfPg,1
autor:UCOcUI5XkTYNMSFhZNMIPpGg,autor:UCuXmOjxC-htcprLgeVXz6Tg,1
autor:UCOcUI5XkTYNMSFhZNMIPpGg,autor:UCV0lM03g5fg5pbPj97-sAtA,1
autor:UCOh6DaZC_x9HASnlRylEMfw,autor:UCRelkU8JiZBytTzebJxaa-w,1
autor:UCOh6DaZC_x9HASnlRylEMfw,autor:UCzoL2l5H5eVlorWGH8AZfAg,1
autor:UCOh6DaZC_x9HASnlRylEMfw,autor:UCl0ekS9Tt0jJGtOEM18S63w,1
autor:UCOh6DaZC_x9HASnlRylEMfw,autor:UCXSkL3ejZ8qWYyF_M7s_QKA,1
autor:UCOh6DaZC_x9HASnlRylEMfw,autor:UCySYJU5kUh7X8gVt9la2ISA,1
autor:UCOh6DaZC_x9HASnlRylEMfw,autor:UCZ51R_9Q9C0c8I3pAWhtmjQ,1
autor:UCOh6DaZC_x9HASnlRylEMfw,autor:UCp4iw5_5SmV9VGTFSNVGOmQ,1
autor:UCOh6DaZC_x9HASnlRylEMfw,autor:UCut6b9S98nv84cVX89PmKzA,1
autor:UCOh6DaZC_x9HASnlRylEMfw,autor:UCsUCN0Yq_UyTvKjOJLmNrnQ,1
autor:UCOh6DaZC_x9HASnlRylEMfw,autor:UCZLG9qH0tUjNhEGFIUt0CYw,1
autor:UCOh6DaZC_x9HASnlRylEMfw,autor:UChs3tU2BcKOT0CezykvAsGw,1
autor:UCOh6DaZC_x9HASnlRylEMfw,autor:UCrJn_rbo_ENAdeqneS-RmRw,1
autor:UCOh6DaZC_x9HASnlRylEMfw,autor:UCThW2XNsAaBKme5PUt7n-Zg,1
autor:UCOh6DaZC_x9HASnlRylEMfw,autor:UCmvOgzmmXbjUthHy-WJ52hQ,1
autor:UCOh6DaZC_x9HASnlRylEMfw,autor:UCpsKOkt5iWTbenzeuq7dsmQ,1
autor:UCOh6DaZC_x9HASnlRylEMfw,autor:UCi1b_TRQfgO1Z9O2gNGGWNA,1
autor:UCOh6DaZC_x9HASnlRylEMfw,autor:UCfM3nrxtTQMY5jFx1v1J4Gg,1
autor:UCOh6DaZC_x9HASnlRylEMfw,autor:UCjmPuazZJzscrwvk0QR9RVw,1
autor:UCOh6DaZC_x9HASnlRylEMfw,autor:UCtNfIBnc5S5DbbQj_yxgJTw,1
autor:UCOh6DaZC_x9HASnlRylEMfw,autor:UCmjppp6ujz3SAnULvP3sZMw,1
autor:UCOh6DaZC_x9HASnlRylEMfw,autor:UCzSfZlOVxBSs5ObD25ywxDQ,1
autor:UCOh6DaZC_x9HASnlRylEMfw,autor:UCTylKrsqkrBKIqubMu_5N0Q,1
autor:UCOh6DaZC_x9HASnlRylEMfw,autor:UCQqetiwzzmRNTM5OWuXarGQ,1
autor:UCOh6DaZC_x9HASnlRylEMfw,autor:UCh5ESQvtzyHDhCA7XyekCFA,1
autor:UCOh6DaZC_x9HASnlRylEMfw,autor:UCjSKM9j0Q7HLDr1hD6D-TUw,1
autor:UCOh6DaZC_x9HASnlRylEMfw,autor:UCujPF2nBgsTD62nWE3lcpIg,1
autor:UCOh6DaZC_x9HASnlRylEMfw,autor:UCpIdtvoFHVLGASGB5ySqIEA,1
autor:UCOh6DaZC_x9HASnlRylEMfw,autor:UChZknRmJkeGeQk0-mQuhDOg,1
autor:UCOh6DaZC_x9HASnlRylEMfw,autor:UCQtSFINs1h6GHkpg9o5kMvg,1
autor:UCOh6DaZC_x9HASnlRylEMfw,autor:UCQgYjVngJRfPHDLGB5X6ZjA,1
autor:UCOh6DaZC_x9HASnlRylEMfw,autor:UCXr8_5WtGeipe4haOoQDgyQ,1
autor:UCOh6DaZC_x9HASnlRylEMfw,autor:UCQtICyzWmhC5woCtbNgaSmg,1
autor:UCOh6DaZC_x9HASnlRylEMfw,autor:UCljDbleJul41G1TzOjOZAVA,1
autor:UCOh6DaZC_x9HASnlRylEMfw,autor:UCUIIIPTVDVHAXqhC_5V6lPA,1
autor:UCOh6DaZC_x9HASnlRylEMfw,autor:UCj-LL25XJnjxepPKCc3NGog,1
autor:UCOh6DaZC_x9HASnlRylEMfw,autor:UCtUR3_CAiE7fCoZHM6cMfyQ,1
autor:UCOh6DaZC_x9HASnlRylEMfw,autor:UCQ_-LPP8JAbfkc-b1Q6NvWw,1
autor:UCOh6DaZC_x9HASnlRylEMfw,autor:UCr1emrogPKkKTs_WTtx71xg,1
autor:UCOh6DaZC_x9HASnlRylEMfw,autor:UCSou6a2OuYGSvPjm5psquyA,1
autor:UCOh6DaZC_x9HASnlRylEMfw,autor:UCV0iizTBoOfdAFX_thfI9BA,1
autor:UCOh6DaZC_x9HASnlRylEMfw,autor:UCsjs5Hp_r86x1xbK6FAeqaA,1
autor:UCOh6DaZC_x9HASnlRylEMfw,autor:UCwha8rxULYMVtNwZWeSkE1A,1
autor:UCOh6DaZC_x9HASnlRylEMfw,autor:UCwW2OFy95P7ZBkOPxWkpvYg,1
autor:UCOh6DaZC_x9HASnlRylEMfw,autor:UCpl8rF8uv_8uui-QRvuJaRA,1
autor:UCOh6DaZC_x9HASnlRylEMfw,autor:UCRETAiYdh2dL5ZxB0_N1zDA,1
autor:UCOh6DaZC_x9HASnlRylEMfw,autor:UCsJJAvrVGupdmhOqgtDp8dg,1
autor:UCOh6DaZC_x9HASnlRylEMfw,autor:UCTP3O0rMnc8z8v8jaDQwL0w,1
autor:UCOh6DaZC_x9HASnlRylEMfw,autor:UCvApqeCbLod-wejtT4CcVuA,1
autor:UCOh6DaZC_x9HASnlRylEMfw,autor:UCYN4wSQ1Sx4_LurxLlW7MPg,1
autor:UCOh6DaZC_x9HASnlRylEMfw,autor:UCueV9cTyTDwgQSec1x2dYgA,1
autor:UCOh6DaZC_x9HASnlRylEMfw,autor:UChgkn5Jt5tWKYMoEOuCjz3Q,1
autor:UCOh6DaZC_x9HASnlRylEMfw,autor:UCRlCV9zSn7avAWh-9_XFWqQ,1
autor:UCOh6DaZC_x9HASnlRylEMfw,autor:UCiMythXHsw7eQEMykCdmMUA,1
autor:UCOh6DaZC_x9HASnlRylEMfw,autor:UCz3gu01bmjNv0DpRq-K3XYg,1
autor:UCOh6DaZC_x9HASnlRylEMfw,autor:UCkd9W714-947dEE6ZOEBATA,1
autor:UCOh6DaZC_x9HASnlRylEMfw,autor:UCTwSut16JyAg3mX6LVUNGqA,1
autor:UCOh6DaZC_x9HASnlRylEMfw,autor:UCXXh7yg5KUFIWylTiKVEFKQ,1
autor:UCOh6DaZC_x9HASnlRylEMfw,autor:UCylqlpsh8ENNM1LqgQ1KbxA,1
autor:UCOh6DaZC_x9HASnlRylEMfw,autor:UCYwpX26TrCxq8TvbKGRYLXA,1
autor:UCOh6DaZC_x9HASnlRylEMfw,autor:UCwO2SXr0ggzwg6QWWrr01nQ,1
autor:UCOh6DaZC_x9HASnlRylEMfw,autor:UCXgr7vXlRrsaskPdo097kGA,1
autor:UCOh6DaZC_x9HASnlRylEMfw,autor:UCsSXdJct-nsS8DsABoEsaYA,1
autor:UCOh6DaZC_x9HASnlRylEMfw,autor:UCcfdg8crmMJwEuLUsAhV7yg,1
autor:UCOh6DaZC_x9HASnlRylEMfw,autor:UCiGRBf2RNF0WRKhRVT7zFoA,1
autor:UCOh6DaZC_x9HASnlRylEMfw,autor:UCWIZUtKJ636y-4TYrNvok0g,1
autor:UCOh6DaZC_x9HASnlRylEMfw,autor:UCTD6q1nyIe3Y7HhqjaMj72w,1
autor:UCOh6DaZC_x9HASnlRylEMfw,autor:UCplrIQtaPj6au60_f2-mOYw,1
autor:UCOh6DaZC_x9HASnlRylEMfw,autor:UCxff05WuyvwELNITi7bj7UA,1
autor:UCOh6DaZC_x9HASnlRylEMfw,autor:UCgvw7xIdGFupzpt1Y_BFkEA,1
autor:UCOh6DaZC_x9HASnlRylEMfw,autor:UCipetjeiWj4CZB6EbyYziZg,1
autor:UCOh6DaZC_x9HASnlRylEMfw,autor:UChep9kVb5gQmpodEEl10Xlg,1
autor:UCPNXmbOBVeC4HS-xemvcPtQ,autor:UCQMMuADgqWUOcJpLwHOzC-g,1
autor:UCPNXmbOBVeC4HS-xemvcPtQ,autor:UCp_dAUfv8i3LW3zWc24dLaQ,1
autor:UCPNXmbOBVeC4HS-xemvcPtQ,autor:UCrqXyRsg-_hTosURZ-uvoKg,1
autor:UCPNXmbOBVeC4HS-xemvcPtQ,autor:UCxhtlxPV8AYWaNNyU6S9H8Q,1
autor:UCPNXmbOBVeC4HS-xemvcPtQ,autor:UCat2qkYvqmtDNEmo2PVuhXw,1
autor:UCPNXmbOBVeC4HS-xemvcPtQ,autor:UCbNanjFI51cwGqMAb2rOrBw,1
autor:UCPNXmbOBVeC4HS-xemvcPtQ,autor:UCVdjCrh4tQoX3haNAZv-n5A,1
autor:UCPNXmbOBVeC4HS-xemvcPtQ,autor:UCtiHFjFu7d5v2XxHnKFUYig,1
autor:UCPNXmbOBVeC4HS-xemvcPtQ,autor:UCozFYHN0e_-vlQbX3wQGOug,1
autor:UCPNXmbOBVeC4HS-xemvcPtQ,autor:UCi2KiZq63sRq8Mfbcp-MelQ,1
autor:UCPNXmbOBVeC4HS-xemvcPtQ,autor:UCZjm6U576nX8WOiLhmMR3bw,1
autor:UCPZueDLrCS4BmTBRMA4q0fA,autor:UCVQf0tzL7xRzFJsABVVULpg,1
autor:UCPZueDLrCS4BmTBRMA4q0fA,autor:UCg3eIfd7BrsLEqS0BLkftHA,1
autor:UCPZueDLrCS4BmTBRMA4q0fA,autor:UClsrFGJKWPxxw7MiaEdKLXw,1
autor:UCPZueDLrCS4BmTBRMA4q0fA,autor:UCusjriFsDHEc2AOjqk-p5ig,1
autor:UCPZueDLrCS4BmTBRMA4q0fA,autor:UCzZ6dDCEsLMXbc5pCFXIprw,1
autor:UCPZueDLrCS4BmTBRMA4q0fA,autor:UCbYoNG5J3Au5BqtbXogfEFw,1
autor:UCPZueDLrCS4BmTBRMA4q0fA,autor:UCf5lnNZF7Qrtli9v4N_23WQ,1
autor:UCPZueDLrCS4BmTBRMA4q0fA,autor:UCtNyHmRZtvGF2hSvI2dUBWw,1
autor:UCPZueDLrCS4BmTBRMA4q0fA,autor:UCgQJgI9vu1FI2dnC9mrFthw,1
autor:UCPZueDLrCS4BmTBRMA4q0fA,autor:UCuP4UK33HKtJE_S39ksmaTw,1
autor:UCQIdKuZ-OzuFqy0KjGrgesg,autor:UCWWkebAekppaL5b5CNlppuw,1
autor:UCQMMuADgqWUOcJpLwHOzC-g,autor:UCp_dAUfv8i3LW3zWc24dLaQ,1
autor:UCQMMuADgqWUOcJpLwHOzC-g,autor:UCrqXyRsg-_hTosURZ-uvoKg,1
autor:UCQMMuADgqWUOcJpLwHOzC-g,autor:UCxhtlxPV8AYWaNNyU6S9H8Q,1
autor:UCQMMuADgqWUOcJpLwHOzC-g,autor:UCat2qkYvqmtDNEmo2PVuhXw,1
autor:UCQMMuADgqWUOcJpLwHOzC-g,autor:UCbNanjFI51cwGqMAb2rOrBw,1
autor:UCQMMuADgqWUOcJpLwHOzC-g,autor:UCVdjCrh4tQoX3haNAZv-n5A,1
autor:UCQMMuADgqWUOcJpLwHOzC-g,autor:UCtiHFjFu7d5v2XxHnKFUYig,1
autor:UCQMMuADgqWUOcJpLwHOzC-g,autor:UCozFYHN0e_-vlQbX3wQGOug,1
autor:UCQMMuADgqWUOcJpLwHOzC-g,autor:UCi2KiZq63sRq8Mfbcp-MelQ,1
autor:UCQMMuADgqWUOcJpLwHOzC-g,autor:UCZjm6U576nX8WOiLhmMR3bw,1
autor:UCQ_-LPP8JAbfkc-b1Q6NvWw,autor:UCRelkU8JiZBytTzebJxaa-w,1
autor:UCQ_-LPP8JAbfkc-b1Q6NvWw,autor:UCzoL2l5H5eVlorWGH8AZfAg,1
autor:UCQ_-LPP8JAbfkc-b1Q6NvWw,autor:UCl0ekS9Tt0jJGtOEM18S63w,1
autor:UCQ_-LPP8JAbfkc-b1Q6NvWw,autor:UCXSkL3ejZ8qWYyF_M7s_QKA,1
autor:UCQ_-LPP8JAbfkc-b1Q6NvWw,autor:UCySYJU5kUh7X8gVt9la2ISA,1
autor:UCQ_-LPP8JAbfkc-b1Q6NvWw,autor:UCZ51R_9Q9C0c8I3pAWhtmjQ,1
autor:UCQ_-LPP8JAbfkc-b1Q6NvWw,autor:UCp4iw5_5SmV9VGTFSNVGOmQ,1
autor:UCQ_-LPP8JAbfkc-b1Q6NvWw,autor:UCut6b9S98nv84cVX89PmKzA,1
autor:UCQ_-LPP8JAbfkc-b1Q6NvWw,autor:UCsUCN0Yq_UyTvKjOJLmNrnQ,1
autor:UCQ_-LPP8JAbfkc-b1Q6NvWw,autor:UCZLG9qH0tUjNhEGFIUt0CYw,1
autor:UCQ_-LPP8JAbfkc-b1Q6NvWw,autor:UChs3tU2BcKOT0CezykvAsGw,1
autor:UCQ_-LPP8JAbfkc-b1Q6NvWw,autor:UCrJn_rbo_ENAdeqneS-RmRw,1
autor:UCQ_-LPP8JAbfkc-b1Q6NvWw,autor:UCThW2XNsAaBKme5PUt7n-Zg,1
autor:UCQ_-LPP8JAbfkc-b1Q6NvWw,autor:UCmvOgzmmXbjUthHy-WJ52hQ,1
autor:UCQ_-LPP8JAbfkc-b1Q6NvWw,autor:UCpsKOkt5iWTbenzeuq7dsmQ,1
autor:UCQ_-LPP8JAbfkc-b1Q6NvWw,autor:UCi1b_TRQfgO1Z9O2gNGGWNA,1
autor:UCQ_-LPP8JAbfkc-b1Q6NvWw,autor:UCfM3nrxtTQMY5jFx1v1J4Gg,1
autor:UCQ_-LPP8JAbfkc-b1Q6NvWw,autor:UCjmPuazZJzscrwvk0QR9RVw,1
autor:UCQ_-LPP8JAbfkc-b1Q6NvWw,autor:UCtNfIBnc5S5DbbQj_yxgJTw,1
autor:UCQ_-LPP8JAbfkc-b1Q6NvWw,autor:UCmjppp6ujz3SAnULvP3sZMw,1
autor:UCQ_-LPP8JAbfkc-b1Q6NvWw,autor:UCzSfZlOVxBSs5ObD25ywxDQ,1
autor:UCQ_-LPP8JAbfkc-b1Q6NvWw,autor:UCTylKrsqkrBKIqubMu_5N0Q,1
autor:UCQ_-LPP8JAbfkc-b1Q6NvWw,autor:UCQqetiwzzmRNTM5OWuXarGQ,1
autor:UCQ_-LPP8JAbfkc-b1Q6NvWw,autor:UCh5ESQvtzyHDhCA7XyekCFA,1
autor:UCQ_-LPP8JAbfkc-b1Q6NvWw,autor:UCjSKM9j0Q7HLDr1hD6D-TUw,1
autor:UCQ_-LPP8JAbfkc-b1Q6NvWw,autor:UCujPF2nBgsTD62nWE3lcpIg,1
autor:UCQ_-LPP8JAbfkc-b1Q6NvWw,autor:UCpIdtvoFHVLGASGB5ySqIEA,1
autor:UCQ_-LPP8JAbfkc-b1Q6NvWw,autor:UChZknRmJkeGeQk0-mQuhDOg,1
autor:UCQ_-LPP8JAbfkc-b1Q6NvWw,autor:UCQtSFINs1h6GHkpg9o5kMvg,1
autor:UCQ_-LPP8JAbfkc-b1Q6NvWw,autor:UCQgYjVngJRfPHDLGB5X6ZjA,1
autor:UCQ_-LPP8JAbfkc-b1Q6NvWw,autor:UCXr8_5WtGeipe4haOoQDgyQ,1
autor:UCQ_-LPP8JAbfkc-b1Q6NvWw,autor:UCQtICyzWmhC5woCtbNgaSmg,1
autor:UCQ_-LPP8JAbfkc-b1Q6NvWw,autor:UCljDbleJul41G1TzOjOZAVA,1
autor:UCQ_-LPP8JAbfkc-b1Q6NvWw,autor:UCUIIIPTVDVHAXqhC_5V6lPA,1
autor:UCQ_-LPP8JAbfkc-b1Q6NvWw,autor:UCj-LL25XJnjxepPKCc3NGog,1
autor:UCQ_-LPP8JAbfkc-b1Q6NvWw,autor:UCtUR3_CAiE7fCoZHM6cMfyQ,1
autor:UCQ_-LPP8JAbfkc-b1Q6NvWw,autor:UCr1emrogPKkKTs_WTtx71xg,1
autor:UCQ_-LPP8JAbfkc-b1Q6NvWw,autor:UCSou6a2OuYGSvPjm5psquyA,1
autor:UCQ_-LPP8JAbfkc-b1Q6NvWw,autor:UCV0iizTBoOfdAFX_thfI9BA,1
autor:UCQ_-LPP8JAbfkc-b1Q6NvWw,autor:UCsjs5Hp_r86x1xbK6FAeqaA,1
autor:UCQ_-LPP8JAbfkc-b1Q6NvWw,autor:UCwha8rxULYMVtNwZWeSkE1A,1
autor:UCQ_-LPP8JAbfkc-b1Q6NvWw,autor:UCwW2OFy95P7ZBkOPxWkpvYg,1
autor:UCQ_-LPP8JAbfkc-b1Q6NvWw,autor:UCpl8rF8uv_8uui-QRvuJaRA,1
autor:UCQ_-LPP8JAbfkc-b1Q6NvWw,autor:UCRETAiYdh2dL5ZxB0_N1zDA,1
autor:UCQ_-LPP8JAbfkc-b1Q6NvWw,autor:UCsJJAvrVGupdmhOqgtDp8dg,1
autor:UCQ_-LPP8JAbfkc-b1Q6NvWw,autor:UCTP3O0rMnc8z8v8jaDQwL0w,1
autor:UCQ_-LPP8JAbfkc-b1Q6NvWw,autor:UCvApqeCbLod-wejtT4CcVuA,1
autor:UCQ_-LPP8JAbfkc-b1Q6NvWw,autor:UCYN4wSQ1Sx4_LurxLlW7MPg,1
autor:UCQ_-LPP8JAbfkc-b1Q6NvWw,autor:UCueV9cTyTDwgQSec1x2dYgA,1
autor:UCQ_-LPP8JAbfkc-b1Q6NvWw,autor:UChgkn5Jt5tWKYMoEOuCjz3Q,1
autor:UCQ_-LPP8JAbfkc-b1Q6NvWw,autor:UCRlCV9zSn7avAWh-9_XFWqQ,1
autor:UCQ_-LPP8JAbfkc-b1Q6NvWw,autor:UCiMythXHsw7eQEMykCdmMUA,1
autor:UCQ_-LPP8JAbfkc-b1Q6NvWw,autor:UCz3gu01bmjNv0DpRq-K3XYg,1
autor:UCQ_-LPP8JAbfkc-b1Q6NvWw,autor:UCkd9W714-947dEE6ZOEBATA,1
autor:UCQ_-LPP8JAbfkc-b1Q6NvWw,autor:UCTwSut16JyAg3mX6LVUNGqA,1
autor:UCQ_-LPP8JAbfkc-b1Q6NvWw,autor:UCXXh7yg5KUFIWylTiKVEFKQ,1
autor:UCQ_-LPP8JAbfkc-b1Q6NvWw,autor:UCylqlpsh8ENNM1LqgQ1KbxA,1
autor:UCQ_-LPP8JAbfkc-b1Q6NvWw,autor:UCYwpX26TrCxq8TvbKGRYLXA,1
autor:UCQ_-LPP8JAbfkc-b1Q6NvWw,autor:UCwO2SXr0ggzwg6QWWrr01nQ,1
autor:UCQ_-LPP8JAbfkc-b1Q6NvWw,autor:UCXgr7vXlRrsaskPdo097kGA,1
autor:UCQ_-LPP8JAbfkc-b1Q6NvWw,autor:UCsSXdJct-nsS8DsABoEsaYA,1
autor:UCQ_-LPP8JAbfkc-b1Q6NvWw,autor:UCcfdg8crmMJwEuLUsAhV7yg,1
autor:UCQ_-LPP8JAbfkc-b1Q6NvWw,autor:UCiGRBf2RNF0WRKhRVT7zFoA,1
autor:UCQ_-LPP8JAbfkc-b1Q6NvWw,autor:UCWIZUtKJ636y-4TYrNvok0g,1
autor:UCQ_-LPP8JAbfkc-b1Q6NvWw,autor:UCTD6q1nyIe3Y7HhqjaMj72w,1
autor:UCQ_-LPP8JAbfkc-b1Q6NvWw,autor:UCplrIQtaPj6au60_f2-mOYw,1
autor:UCQ_-LPP8JAbfkc-b1Q6NvWw,autor:UCxff05WuyvwELNITi7bj7UA,1
autor:UCQ_-LPP8JAbfkc-b1Q6NvWw,autor:UCgvw7xIdGFupzpt1Y_BFkEA,1
autor:UCQ_-LPP8JAbfkc-b1Q6NvWw,autor:UCipetjeiWj4CZB6EbyYziZg,1
autor:UCQ_-LPP8JAbfkc-b1Q6NvWw,autor:UChep9kVb5gQmpodEEl10Xlg,1
autor:UCQgYjVngJRfPHDLGB5X6ZjA,autor:UCRelkU8JiZBytTzebJxaa-w,1
autor:UCQgYjVngJRfPHDLGB5X6ZjA,autor:UCzoL2l5H5eVlorWGH8AZfAg,1
autor:UCQgYjVngJRfPHDLGB5X6ZjA,autor:UCl0ekS9Tt0jJGtOEM18S63w,1
autor:UCQgYjVngJRfPHDLGB5X6ZjA,autor:UCXSkL3ejZ8qWYyF_M7s_QKA,1
autor:UCQgYjVngJRfPHDLGB5X6ZjA,autor:UCySYJU5kUh7X8gVt9la2ISA,1
autor:UCQgYjVngJRfPHDLGB5X6ZjA,autor:UCZ51R_9Q9C0c8I3pAWhtmjQ,1
autor:UCQgYjVngJRfPHDLGB5X6ZjA,autor:UCp4iw5_5SmV9VGTFSNVGOmQ,1
autor:UCQgYjVngJRfPHDLGB5X6ZjA,autor:UCut6b9S98nv84cVX89PmKzA,1
autor:UCQgYjVngJRfPHDLGB5X6ZjA,autor:UCsUCN0Yq_UyTvKjOJLmNrnQ,1
autor:UCQgYjVngJRfPHDLGB5X6ZjA,autor:UCZLG9qH0tUjNhEGFIUt0CYw,1
autor:UCQgYjVngJRfPHDLGB5X6ZjA,autor:UChs3tU2BcKOT0CezykvAsGw,1
autor:UCQgYjVngJRfPHDLGB5X6ZjA,autor:UCrJn_rbo_ENAdeqneS-RmRw,1
autor:UCQgYjVngJRfPHDLGB5X6ZjA,autor:UCThW2XNsAaBKme5PUt7n-Zg,1
autor:UCQgYjVngJRfPHDLGB5X6ZjA,autor:UCmvOgzmmXbjUthHy-WJ52hQ,1
autor:UCQgYjVngJRfPHDLGB5X6ZjA,autor:UCpsKOkt5iWTbenzeuq7dsmQ,1
autor:UCQgYjVngJRfPHDLGB5X6ZjA,autor:UCi1b_TRQfgO1Z9O2gNGGWNA,1
autor:UCQgYjVngJRfPHDLGB5X6ZjA,autor:UCfM3nrxtTQMY5jFx1v1J4Gg,1
autor:UCQgYjVngJRfPHDLGB5X6ZjA,autor:UCjmPuazZJzscrwvk0QR9RVw,1
autor:UCQgYjVngJRfPHDLGB5X6ZjA,autor:UCtNfIBnc5S5DbbQj_yxgJTw,1
autor:UCQgYjVngJRfPHDLGB5X6ZjA,autor:UCmjppp6ujz3SAnULvP3sZMw,1
autor:UCQgYjVngJRfPHDLGB5X6ZjA,autor:UCzSfZlOVxBSs5ObD25ywxDQ,1
autor:UCQgYjVngJRfPHDLGB5X6ZjA,autor:UCTylKrsqkrBKIqubMu_5N0Q,1
autor:UCQgYjVngJRfPHDLGB5X6ZjA,autor:UCQqetiwzzmRNTM5OWuXarGQ,1
autor:UCQgYjVngJRfPHDLGB5X6ZjA,autor:UCh5ESQvtzyHDhCA7XyekCFA,1
autor:UCQgYjVngJRfPHDLGB5X6ZjA,autor:UCjSKM9j0Q7HLDr1hD6D-TUw,1
autor:UCQgYjVngJRfPHDLGB5X6ZjA,autor:UCujPF2nBgsTD62nWE3lcpIg,1
autor:UCQgYjVngJRfPHDLGB5X6ZjA,autor:UCpIdtvoFHVLGASGB5ySqIEA,1
autor:UCQgYjVngJRfPHDLGB5X6ZjA,autor:UChZknRmJkeGeQk0-mQuhDOg,1
autor:UCQgYjVngJRfPHDLGB5X6ZjA,autor:UCQtSFINs1h6GHkpg9o5kMvg,1
autor:UCQgYjVngJRfPHDLGB5X6ZjA,autor:UCXr8_5WtGeipe4haOoQDgyQ,1
autor:UCQgYjVngJRfPHDLGB5X6ZjA,autor:UCQtICyzWmhC5woCtbNgaSmg,1
autor:UCQgYjVngJRfPHDLGB5X6ZjA,autor:UCljDbleJul41G1TzOjOZAVA,1
autor:UCQgYjVngJRfPHDLGB5X6ZjA,autor:UCUIIIPTVDVHAXqhC_5V6lPA,1
autor:UCQgYjVngJRfPHDLGB5X6ZjA,autor:UCj-LL25XJnjxepPKCc3NGog,1
autor:UCQgYjVngJRfPHDLGB5X6ZjA,autor:UCtUR3_CAiE7fCoZHM6cMfyQ,1
autor:UCQgYjVngJRfPHDLGB5X6ZjA,autor:UCr1emrogPKkKTs_WTtx71xg,1
autor:UCQgYjVngJRfPHDLGB5X6ZjA,autor:UCSou6a2OuYGSvPjm5psquyA,1
autor:UCQgYjVngJRfPHDLGB5X6ZjA,autor:UCV0iizTBoOfdAFX_thfI9BA,1
autor:UCQgYjVngJRfPHDLGB5X6ZjA,autor:UCsjs5Hp_r86x1xbK6FAeqaA,1
autor:UCQgYjVngJRfPHDLGB5X6ZjA,autor:UCwha8rxULYMVtNwZWeSkE1A,1
autor:UCQgYjVngJRfPHDLGB5X6ZjA,autor:UCwW2OFy95P7ZBkOPxWkpvYg,1
autor:UCQgYjVngJRfPHDLGB5X6ZjA,autor:UCpl8rF8uv_8uui-QRvuJaRA,1
autor:UCQgYjVngJRfPHDLGB5X6ZjA,autor:UCRETAiYdh2dL5ZxB0_N1zDA,1
autor:UCQgYjVngJRfPHDLGB5X6ZjA,autor:UCsJJAvrVGupdmhOqgtDp8dg,1
autor:UCQgYjVngJRfPHDLGB5X6ZjA,autor:UCTP3O0rMnc8z8v8jaDQwL0w,1
autor:UCQgYjVngJRfPHDLGB5X6ZjA,autor:UCvApqeCbLod-wejtT4CcVuA,1
autor:UCQgYjVngJRfPHDLGB5X6ZjA,autor:UCYN4wSQ1Sx4_LurxLlW7MPg,1
autor:UCQgYjVngJRfPHDLGB5X6ZjA,autor:UCueV9cTyTDwgQSec1x2dYgA,1
autor:UCQgYjVngJRfPHDLGB5X6ZjA,autor:UChgkn5Jt5tWKYMoEOuCjz3Q,1
autor:UCQgYjVngJRfPHDLGB5X6ZjA,autor:UCRlCV9zSn7avAWh-9_XFWqQ,1
autor:UCQgYjVngJRfPHDLGB5X6ZjA,autor:UCiMythXHsw7eQEMykCdmMUA,1
autor:UCQgYjVngJRfPHDLGB5X6ZjA,autor:UCz3gu01bmjNv0DpRq-K3XYg,1
autor:UCQgYjVngJRfPHDLGB5X6ZjA,autor:UCkd9W714-947dEE6ZOEBATA,1
autor:UCQgYjVngJRfPHDLGB5X6ZjA,autor:UCTwSut16JyAg3mX6LVUNGqA,1
autor:UCQgYjVngJRfPHDLGB5X6ZjA,autor:UCXXh7yg5KUFIWylTiKVEFKQ,1
autor:UCQgYjVngJRfPHDLGB5X6ZjA,autor:UCylqlpsh8ENNM1LqgQ1KbxA,1
autor:UCQgYjVngJRfPHDLGB5X6ZjA,autor:UCYwpX26TrCxq8TvbKGRYLXA,1
autor:UCQgYjVngJRfPHDLGB5X6ZjA,autor:UCwO2SXr0ggzwg6QWWrr01nQ,1
autor:UCQgYjVngJRfPHDLGB5X6ZjA,autor:UCXgr7vXlRrsaskPdo097kGA,1
autor:UCQgYjVngJRfPHDLGB5X6ZjA,autor:UCsSXdJct-nsS8DsABoEsaYA,1
autor:UCQgYjVngJRfPHDLGB5X6ZjA,autor:UCcfdg8crmMJwEuLUsAhV7yg,1
autor:UCQgYjVngJRfPHDLGB5X6ZjA,autor:UCiGRBf2RNF0WRKhRVT7zFoA,1
autor:UCQgYjVngJRfPHDLGB5X6ZjA,autor:UCWIZUtKJ636y-4TYrNvok0g,1
autor:UCQgYjVngJRfPHDLGB5X6ZjA,autor:UCTD6q1nyIe3Y7HhqjaMj72w,1
autor:UCQgYjVngJRfPHDLGB5X6ZjA,autor:UCplrIQtaPj6au60_f2-mOYw,1
autor:UCQgYjVngJRfPHDLGB5X6ZjA,autor:UCxff05WuyvwELNITi7bj7UA,1
autor:UCQgYjVngJRfPHDLGB5X6ZjA,autor:UCgvw7xIdGFupzpt1Y_BFkEA,1
autor:UCQgYjVngJRfPHDLGB5X6ZjA,autor:UCipetjeiWj4CZB6EbyYziZg,1
autor:UCQgYjVngJRfPHDLGB5X6ZjA,autor:UChep9kVb5gQmpodEEl10Xlg,1
autor:UCQqetiwzzmRNTM5OWuXarGQ,autor:UCRelkU8JiZBytTzebJxaa-w,1
autor:UCQqetiwzzmRNTM5OWuXarGQ,autor:UCzoL2l5H5eVlorWGH8AZfAg,1
autor:UCQqetiwzzmRNTM5OWuXarGQ,autor:UCl0ekS9Tt0jJGtOEM18S63w,1
autor:UCQqetiwzzmRNTM5OWuXarGQ,autor:UCXSkL3ejZ8qWYyF_M7s_QKA,1
autor:UCQqetiwzzmRNTM5OWuXarGQ,autor:UCySYJU5kUh7X8gVt9la2ISA,1
autor:UCQqetiwzzmRNTM5OWuXarGQ,autor:UCZ51R_9Q9C0c8I3pAWhtmjQ,1
autor:UCQqetiwzzmRNTM5OWuXarGQ,autor:UCp4iw5_5SmV9VGTFSNVGOmQ,1
autor:UCQqetiwzzmRNTM5OWuXarGQ,autor:UCut6b9S98nv84cVX89PmKzA,1
autor:UCQqetiwzzmRNTM5OWuXarGQ,autor:UCsUCN0Yq_UyTvKjOJLmNrnQ,1
autor:UCQqetiwzzmRNTM5OWuXarGQ,autor:UCZLG9qH0tUjNhEGFIUt0CYw,1
autor:UCQqetiwzzmRNTM5OWuXarGQ,autor:UChs3tU2BcKOT0CezykvAsGw,1
autor:UCQqetiwzzmRNTM5OWuXarGQ,autor:UCrJn_rbo_ENAdeqneS-RmRw,1
autor:UCQqetiwzzmRNTM5OWuXarGQ,autor:UCThW2XNsAaBKme5PUt7n-Zg,1
autor:UCQqetiwzzmRNTM5OWuXarGQ,autor:UCmvOgzmmXbjUthHy-WJ52hQ,1
autor:UCQqetiwzzmRNTM5OWuXarGQ,autor:UCpsKOkt5iWTbenzeuq7dsmQ,1
autor:UCQqetiwzzmRNTM5OWuXarGQ,autor:UCi1b_TRQfgO1Z9O2gNGGWNA,1
autor:UCQqetiwzzmRNTM5OWuXarGQ,autor:UCfM3nrxtTQMY5jFx1v1J4Gg,1
autor:UCQqetiwzzmRNTM5OWuXarGQ,autor:UCjmPuazZJzscrwvk0QR9RVw,1
autor:UCQqetiwzzmRNTM5OWuXarGQ,autor:UCtNfIBnc5S5DbbQj_yxgJTw,1
autor:UCQqetiwzzmRNTM5OWuXarGQ,autor:UCmjppp6ujz3SAnULvP3sZMw,1
autor:UCQqetiwzzmRNTM5OWuXarGQ,autor:UCzSfZlOVxBSs5ObD25ywxDQ,1
autor:UCQqetiwzzmRNTM5OWuXarGQ,autor:UCTylKrsqkrBKIqubMu_5N0Q,1
autor:UCQqetiwzzmRNTM5OWuXarGQ,autor:UCh5ESQvtzyHDhCA7XyekCFA,1
autor:UCQqetiwzzmRNTM5OWuXarGQ,autor:UCjSKM9j0Q7HLDr1hD6D-TUw,1
autor:UCQqetiwzzmRNTM5OWuXarGQ,autor:UCujPF2nBgsTD62nWE3lcpIg,1
autor:UCQqetiwzzmRNTM5OWuXarGQ,autor:UCpIdtvoFHVLGASGB5ySqIEA,1
autor:UCQqetiwzzmRNTM5OWuXarGQ,autor:UChZknRmJkeGeQk0-mQuhDOg,1
autor:UCQqetiwzzmRNTM5OWuXarGQ,autor:UCQtSFINs1h6GHkpg9o5kMvg,1
autor:UCQqetiwzzmRNTM5OWuXarGQ,autor:UCXr8_5WtGeipe4haOoQDgyQ,1
autor:UCQqetiwzzmRNTM5OWuXarGQ,autor:UCQtICyzWmhC5woCtbNgaSmg,1
autor:UCQqetiwzzmRNTM5OWuXarGQ,autor:UCljDbleJul41G1TzOjOZAVA,1
autor:UCQqetiwzzmRNTM5OWuXarGQ,autor:UCUIIIPTVDVHAXqhC_5V6lPA,1
autor:UCQqetiwzzmRNTM5OWuXarGQ,autor:UCj-LL25XJnjxepPKCc3NGog,1
autor:UCQqetiwzzmRNTM5OWuXarGQ,autor:UCtUR3_CAiE7fCoZHM6cMfyQ,1
autor:UCQqetiwzzmRNTM5OWuXarGQ,autor:UCr1emrogPKkKTs_WTtx71xg,1
autor:UCQqetiwzzmRNTM5OWuXarGQ,autor:UCSou6a2OuYGSvPjm5psquyA,1
autor:UCQqetiwzzmRNTM5OWuXarGQ,autor:UCV0iizTBoOfdAFX_thfI9BA,1
autor:UCQqetiwzzmRNTM5OWuXarGQ,autor:UCsjs5Hp_r86x1xbK6FAeqaA,1
autor:UCQqetiwzzmRNTM5OWuXarGQ,autor:UCwha8rxULYMVtNwZWeSkE1A,1
autor:UCQqetiwzzmRNTM5OWuXarGQ,autor:UCwW2OFy95P7ZBkOPxWkpvYg,1
autor:UCQqetiwzzmRNTM5OWuXarGQ,autor:UCpl8rF8uv_8uui-QRvuJaRA,1
autor:UCQqetiwzzmRNTM5OWuXarGQ,autor:UCRETAiYdh2dL5ZxB0_N1zDA,1
autor:UCQqetiwzzmRNTM5OWuXarGQ,autor:UCsJJAvrVGupdmhOqgtDp8dg,1
autor:UCQqetiwzzmRNTM5OWuXarGQ,autor:UCTP3O0rMnc8z8v8jaDQwL0w,1
autor:UCQqetiwzzmRNTM5OWuXarGQ,autor:UCvApqeCbLod-wejtT4CcVuA,1
autor:UCQqetiwzzmRNTM5OWuXarGQ,autor:UCYN4wSQ1Sx4_LurxLlW7MPg,1
autor:UCQqetiwzzmRNTM5OWuXarGQ,autor:UCueV9cTyTDwgQSec1x2dYgA,1
autor:UCQqetiwzzmRNTM5OWuXarGQ,autor:UChgkn5Jt5tWKYMoEOuCjz3Q,1
autor:UCQqetiwzzmRNTM5OWuXarGQ,autor:UCRlCV9zSn7avAWh-9_XFWqQ,1
autor:UCQqetiwzzmRNTM5OWuXarGQ,autor:UCiMythXHsw7eQEMykCdmMUA,1
autor:UCQqetiwzzmRNTM5OWuXarGQ,autor:UCz3gu01bmjNv0DpRq-K3XYg,1
autor:UCQqetiwzzmRNTM5OWuXarGQ,autor:UCkd9W714-947dEE6ZOEBATA,1
autor:UCQqetiwzzmRNTM5OWuXarGQ,autor:UCTwSut16JyAg3mX6LVUNGqA,1
autor:UCQqetiwzzmRNTM5OWuXarGQ,autor:UCXXh7yg5KUFIWylTiKVEFKQ,1
autor:UCQqetiwzzmRNTM5OWuXarGQ,autor:UCylqlpsh8ENNM1LqgQ1KbxA,1
autor:UCQqetiwzzmRNTM5OWuXarGQ,autor:UCYwpX26TrCxq8TvbKGRYLXA,1
autor:UCQqetiwzzmRNTM5OWuXarGQ,autor:UCwO2SXr0ggzwg6QWWrr01nQ,1
autor:UCQqetiwzzmRNTM5OWuXarGQ,autor:UCXgr7vXlRrsaskPdo097kGA,1
autor:UCQqetiwzzmRNTM5OWuXarGQ,autor:UCsSXdJct-nsS8DsABoEsaYA,1
autor:UCQqetiwzzmRNTM5OWuXarGQ,autor:UCcfdg8crmMJwEuLUsAhV7yg,1
autor:UCQqetiwzzmRNTM5OWuXarGQ,autor:UCiGRBf2RNF0WRKhRVT7zFoA,1
autor:UCQqetiwzzmRNTM5OWuXarGQ,autor:UCWIZUtKJ636y-4TYrNvok0g,1
autor:UCQqetiwzzmRNTM5OWuXarGQ,autor:UCTD6q1nyIe3Y7HhqjaMj72w,1
autor:UCQqetiwzzmRNTM5OWuXarGQ,autor:UCplrIQtaPj6au60_f2-mOYw,1
autor:UCQqetiwzzmRNTM5OWuXarGQ,autor:UCxff05WuyvwELNITi7bj7UA,1
autor:UCQqetiwzzmRNTM5OWuXarGQ,autor:UCgvw7xIdGFupzpt1Y_BFkEA,1
autor:UCQqetiwzzmRNTM5OWuXarGQ,autor:UCipetjeiWj4CZB6EbyYziZg,1
autor:UCQqetiwzzmRNTM5OWuXarGQ,autor:UChep9kVb5gQmpodEEl10Xlg,1
autor:UCQqlPPUGqAfWjd-FSh_qn7Q,autor:UCWoAVGVqCn4xtINCMOTM4jg,1
autor:UCQqlPPUGqAfWjd-FSh_qn7Q,autor:UCylqlpsh8ENNM1LqgQ1KbxA,1
autor:UCQqlPPUGqAfWjd-FSh_qn7Q,autor:UCQyOePccUP-fIJYzchAgZYw,1
autor:UCQqlPPUGqAfWjd-FSh_qn7Q,autor:UCpe5jW3MIqkgTJ-PgkzvM6Q,1
autor:UCQqlPPUGqAfWjd-FSh_qn7Q,autor:UColMq7LmaoY3MT6aIDGrGvA,1
autor:UCQqlPPUGqAfWjd-FSh_qn7Q,autor:UCiC-Jn7wdgyQV4_Urk0DkWQ,1
autor:UCQqlPPUGqAfWjd-FSh_qn7Q,autor:UCsGoJEvb-cFPZ2rWoJcXzEQ,1
autor:UCQqlPPUGqAfWjd-FSh_qn7Q,autor:UCRAquv8el-tQ30bN7MlmySQ,1
autor:UCQqlPPUGqAfWjd-FSh_qn7Q,autor:UCgJNFj5dnxXpcMvmuhZDPxA,1
autor:UCQqlPPUGqAfWjd-FSh_qn7Q,autor:UClqA491Xa5fQcXcJJa-vTWw,1
autor:UCQqlPPUGqAfWjd-FSh_qn7Q,autor:UCkbsS_3D-pvg1iHOld9uvIg,1
autor:UCQqlPPUGqAfWjd-FSh_qn7Q,autor:UCRvPToDkkumha7WJAfCDk1A,1
autor:UCQqlPPUGqAfWjd-FSh_qn7Q,autor:UCdFlugHJJa4l3YqWuNRmvXw,1
autor:UCQqlPPUGqAfWjd-FSh_qn7Q,autor:UCu8_3-Wg-YzNyvHYQDEscfw,1
autor:UCQqlPPUGqAfWjd-FSh_qn7Q,autor:UCZeIIQrGAedW8tCbKWmGY-A,1
autor:UCQqlPPUGqAfWjd-FSh_qn7Q,autor:UC_LYoGs5C3mbZKZuKuqYCvw,1
autor:UCQqlPPUGqAfWjd-FSh_qn7Q,autor:UCqCrvuoJpC-aVb0f4logQRQ,1
autor:UCQqlPPUGqAfWjd-FSh_qn7Q,autor:UClhMWQ7XKWywYvbRnuf8QsA,1
autor:UCQqlPPUGqAfWjd-FSh_qn7Q,autor:UCgQw_Sbq3ugruDUKsq1e0-A,1
autor:UCQqlPPUGqAfWjd-FSh_qn7Q,autor:UCaKAjTW9MVub_clgr4DRYjQ,1
autor:UCQqlPPUGqAfWjd-FSh_qn7Q,autor:UCwjUvRseNtJoItylIyIez7Q,1
autor:UCQqlPPUGqAfWjd-FSh_qn7Q,autor:UCe8JZoYkX5oKUZyivHYdXhw,1
autor:UCQqlPPUGqAfWjd-FSh_qn7Q,autor:UCkVtmkK07b2zaVVNssX4lOg,1
autor:UCQqlPPUGqAfWjd-FSh_qn7Q,autor:UCW-JC6lebVmf2P1dmY_L94g,1
autor:UCQqlPPUGqAfWjd-FSh_qn7Q,autor:UCW80DaMjQlEUibC98Cot-Dg,1
autor:UCQqlPPUGqAfWjd-FSh_qn7Q,autor:UCpsKOkt5iWTbenzeuq7dsmQ,1
autor:UCQqlPPUGqAfWjd-FSh_qn7Q,autor:UCeDNEtI8_a42bZ47wJiJMwQ,1
autor:UCQqlPPUGqAfWjd-FSh_qn7Q,autor:UCUoYsrx1oZnCZ0usbBJn4fA,1
autor:UCQqlPPUGqAfWjd-FSh_qn7Q,autor:UCwgCc9Jd_gG-uLE_SY-FfPg,1
autor:UCQqlPPUGqAfWjd-FSh_qn7Q,autor:UCuXmOjxC-htcprLgeVXz6Tg,1
autor:UCQqlPPUGqAfWjd-FSh_qn7Q,autor:UCV0lM03g5fg5pbPj97-sAtA,1
autor:UCQtICyzWmhC5woCtbNgaSmg,autor:UCRelkU8JiZBytTzebJxaa-w,1
autor:UCQtICyzWmhC5woCtbNgaSmg,autor:UCzoL2l5H5eVlorWGH8AZfAg,1
autor:UCQtICyzWmhC5woCtbNgaSmg,autor:UCl0ekS9Tt0jJGtOEM18S63w,1
autor:UCQtICyzWmhC5woCtbNgaSmg,autor:UCXSkL3ejZ8qWYyF_M7s_QKA,1
autor:UCQtICyzWmhC5woCtbNgaSmg,autor:UCySYJU5kUh7X8gVt9la2ISA,1
autor:UCQtICyzWmhC5woCtbNgaSmg,autor:UCZ51R_9Q9C0c8I3pAWhtmjQ,1
autor:UCQtICyzWmhC5woCtbNgaSmg,autor:UCp4iw5_5SmV9VGTFSNVGOmQ,1
autor:UCQtICyzWmhC5woCtbNgaSmg,autor:UCut6b9S98nv84cVX89PmKzA,1
autor:UCQtICyzWmhC5woCtbNgaSmg,autor:UCsUCN0Yq_UyTvKjOJLmNrnQ,1
autor:UCQtICyzWmhC5woCtbNgaSmg,autor:UCZLG9qH0tUjNhEGFIUt0CYw,1
autor:UCQtICyzWmhC5woCtbNgaSmg,autor:UChs3tU2BcKOT0CezykvAsGw,1
autor:UCQtICyzWmhC5woCtbNgaSmg,autor:UCrJn_rbo_ENAdeqneS-RmRw,1
autor:UCQtICyzWmhC5woCtbNgaSmg,autor:UCThW2XNsAaBKme5PUt7n-Zg,1
autor:UCQtICyzWmhC5woCtbNgaSmg,autor:UCmvOgzmmXbjUthHy-WJ52hQ,1
autor:UCQtICyzWmhC5woCtbNgaSmg,autor:UCpsKOkt5iWTbenzeuq7dsmQ,1
autor:UCQtICyzWmhC5woCtbNgaSmg,autor:UCi1b_TRQfgO1Z9O2gNGGWNA,1
autor:UCQtICyzWmhC5woCtbNgaSmg,autor:UCfM3nrxtTQMY5jFx1v1J4Gg,1
autor:UCQtICyzWmhC5woCtbNgaSmg,autor:UCjmPuazZJzscrwvk0QR9RVw,1
autor:UCQtICyzWmhC5woCtbNgaSmg,autor:UCtNfIBnc5S5DbbQj_yxgJTw,1
autor:UCQtICyzWmhC5woCtbNgaSmg,autor:UCmjppp6ujz3SAnULvP3sZMw,1
autor:UCQtICyzWmhC5woCtbNgaSmg,autor:UCzSfZlOVxBSs5ObD25ywxDQ,1
autor:UCQtICyzWmhC5woCtbNgaSmg,autor:UCTylKrsqkrBKIqubMu_5N0Q,1
autor:UCQtICyzWmhC5woCtbNgaSmg,autor:UCh5ESQvtzyHDhCA7XyekCFA,1
autor:UCQtICyzWmhC5woCtbNgaSmg,autor:UCjSKM9j0Q7HLDr1hD6D-TUw,1
autor:UCQtICyzWmhC5woCtbNgaSmg,autor:UCujPF2nBgsTD62nWE3lcpIg,1
autor:UCQtICyzWmhC5woCtbNgaSmg,autor:UCpIdtvoFHVLGASGB5ySqIEA,1
autor:UCQtICyzWmhC5woCtbNgaSmg,autor:UChZknRmJkeGeQk0-mQuhDOg,1
autor:UCQtICyzWmhC5woCtbNgaSmg,autor:UCQtSFINs1h6GHkpg9o5kMvg,1
autor:UCQtICyzWmhC5woCtbNgaSmg,autor:UCXr8_5WtGeipe4haOoQDgyQ,1
autor:UCQtICyzWmhC5woCtbNgaSmg,autor:UCljDbleJul41G1TzOjOZAVA,1
autor:UCQtICyzWmhC5woCtbNgaSmg,autor:UCUIIIPTVDVHAXqhC_5V6lPA,1
autor:UCQtICyzWmhC5woCtbNgaSmg,autor:UCj-LL25XJnjxepPKCc3NGog,1
autor:UCQtICyzWmhC5woCtbNgaSmg,autor:UCtUR3_CAiE7fCoZHM6cMfyQ,1
autor:UCQtICyzWmhC5woCtbNgaSmg,autor:UCr1emrogPKkKTs_WTtx71xg,1
autor:UCQtICyzWmhC5woCtbNgaSmg,autor:UCSou6a2OuYGSvPjm5psquyA,1
autor:UCQtICyzWmhC5woCtbNgaSmg,autor:UCV0iizTBoOfdAFX_thfI9BA,1
autor:UCQtICyzWmhC5woCtbNgaSmg,autor:UCsjs5Hp_r86x1xbK6FAeqaA,1
autor:UCQtICyzWmhC5woCtbNgaSmg,autor:UCwha8rxULYMVtNwZWeSkE1A,1
autor:UCQtICyzWmhC5woCtbNgaSmg,autor:UCwW2OFy95P7ZBkOPxWkpvYg,1
autor:UCQtICyzWmhC5woCtbNgaSmg,autor:UCpl8rF8uv_8uui-QRvuJaRA,1
autor:UCQtICyzWmhC5woCtbNgaSmg,autor:UCRETAiYdh2dL5ZxB0_N1zDA,1
autor:UCQtICyzWmhC5woCtbNgaSmg,autor:UCsJJAvrVGupdmhOqgtDp8dg,1
autor:UCQtICyzWmhC5woCtbNgaSmg,autor:UCTP3O0rMnc8z8v8jaDQwL0w,1
autor:UCQtICyzWmhC5woCtbNgaSmg,autor:UCvApqeCbLod-wejtT4CcVuA,1
autor:UCQtICyzWmhC5woCtbNgaSmg,autor:UCYN4wSQ1Sx4_LurxLlW7MPg,1
autor:UCQtICyzWmhC5woCtbNgaSmg,autor:UCueV9cTyTDwgQSec1x2dYgA,1
autor:UCQtICyzWmhC5woCtbNgaSmg,autor:UChgkn5Jt5tWKYMoEOuCjz3Q,1
autor:UCQtICyzWmhC5woCtbNgaSmg,autor:UCRlCV9zSn7avAWh-9_XFWqQ,1
autor:UCQtICyzWmhC5woCtbNgaSmg,autor:UCiMythXHsw7eQEMykCdmMUA,1
autor:UCQtICyzWmhC5woCtbNgaSmg,autor:UCz3gu01bmjNv0DpRq-K3XYg,1
autor:UCQtICyzWmhC5woCtbNgaSmg,autor:UCkd9W714-947dEE6ZOEBATA,1
autor:UCQtICyzWmhC5woCtbNgaSmg,autor:UCTwSut16JyAg3mX6LVUNGqA,1
autor:UCQtICyzWmhC5woCtbNgaSmg,autor:UCXXh7yg5KUFIWylTiKVEFKQ,1
autor:UCQtICyzWmhC5woCtbNgaSmg,autor:UCylqlpsh8ENNM1LqgQ1KbxA,1
autor:UCQtICyzWmhC5woCtbNgaSmg,autor:UCYwpX26TrCxq8TvbKGRYLXA,1
autor:UCQtICyzWmhC5woCtbNgaSmg,autor:UCwO2SXr0ggzwg6QWWrr01nQ,1
autor:UCQtICyzWmhC5woCtbNgaSmg,autor:UCXgr7vXlRrsaskPdo097kGA,1
autor:UCQtICyzWmhC5woCtbNgaSmg,autor:UCsSXdJct-nsS8DsABoEsaYA,1
autor:UCQtICyzWmhC5woCtbNgaSmg,autor:UCcfdg8crmMJwEuLUsAhV7yg,1
autor:UCQtICyzWmhC5woCtbNgaSmg,autor:UCiGRBf2RNF0WRKhRVT7zFoA,1
autor:UCQtICyzWmhC5woCtbNgaSmg,autor:UCWIZUtKJ636y-4TYrNvok0g,1
autor:UCQtICyzWmhC5woCtbNgaSmg,autor:UCTD6q1nyIe3Y7HhqjaMj72w,1
autor:UCQtICyzWmhC5woCtbNgaSmg,autor:UCplrIQtaPj6au60_f2-mOYw,1
autor:UCQtICyzWmhC5woCtbNgaSmg,autor:UCxff05WuyvwELNITi7bj7UA,1
autor:UCQtICyzWmhC5woCtbNgaSmg,autor:UCgvw7xIdGFupzpt1Y_BFkEA,1
autor:UCQtICyzWmhC5woCtbNgaSmg,autor:UCipetjeiWj4CZB6EbyYziZg,1
autor:UCQtICyzWmhC5woCtbNgaSmg,autor:UChep9kVb5gQmpodEEl10Xlg,1
autor:UCQtSFINs1h6GHkpg9o5kMvg,autor:UCRelkU8JiZBytTzebJxaa-w,1
autor:UCQtSFINs1h6GHkpg9o5kMvg,autor:UCzoL2l5H5eVlorWGH8AZfAg,1
autor:UCQtSFINs1h6GHkpg9o5kMvg,autor:UCl0ekS9Tt0jJGtOEM18S63w,1
autor:UCQtSFINs1h6GHkpg9o5kMvg,autor:UCXSkL3ejZ8qWYyF_M7s_QKA,1
autor:UCQtSFINs1h6GHkpg9o5kMvg,autor:UCySYJU5kUh7X8gVt9la2ISA,1
autor:UCQtSFINs1h6GHkpg9o5kMvg,autor:UCZ51R_9Q9C0c8I3pAWhtmjQ,1
autor:UCQtSFINs1h6GHkpg9o5kMvg,autor:UCp4iw5_5SmV9VGTFSNVGOmQ,1
autor:UCQtSFINs1h6GHkpg9o5kMvg,autor:UCut6b9S98nv84cVX89PmKzA,1
autor:UCQtSFINs1h6GHkpg9o5kMvg,autor:UCsUCN0Yq_UyTvKjOJLmNrnQ,1
autor:UCQtSFINs1h6GHkpg9o5kMvg,autor:UCZLG9qH0tUjNhEGFIUt0CYw,1
autor:UCQtSFINs1h6GHkpg9o5kMvg,autor:UChs3tU2BcKOT0CezykvAsGw,1
autor:UCQtSFINs1h6GHkpg9o5kMvg,autor:UCrJn_rbo_ENAdeqneS-RmRw,1
autor:UCQtSFINs1h6GHkpg9o5kMvg,autor:UCThW2XNsAaBKme5PUt7n-Zg,1
autor:UCQtSFINs1h6GHkpg9o5kMvg,autor:UCmvOgzmmXbjUthHy-WJ52hQ,1
autor:UCQtSFINs1h6GHkpg9o5kMvg,autor:UCpsKOkt5iWTbenzeuq7dsmQ,1
autor:UCQtSFINs1h6GHkpg9o5kMvg,autor:UCi1b_TRQfgO1Z9O2gNGGWNA,1
autor:UCQtSFINs1h6GHkpg9o5kMvg,autor:UCfM3nrxtTQMY5jFx1v1J4Gg,1
autor:UCQtSFINs1h6GHkpg9o5kMvg,autor:UCjmPuazZJzscrwvk0QR9RVw,1
autor:UCQtSFINs1h6GHkpg9o5kMvg,autor:UCtNfIBnc5S5DbbQj_yxgJTw,1
autor:UCQtSFINs1h6GHkpg9o5kMvg,autor:UCmjppp6ujz3SAnULvP3sZMw,1
autor:UCQtSFINs1h6GHkpg9o5kMvg,autor:UCzSfZlOVxBSs5ObD25ywxDQ,1
autor:UCQtSFINs1h6GHkpg9o5kMvg,autor:UCTylKrsqkrBKIqubMu_5N0Q,1
autor:UCQtSFINs1h6GHkpg9o5kMvg,autor:UCh5ESQvtzyHDhCA7XyekCFA,1
autor:UCQtSFINs1h6GHkpg9o5kMvg,autor:UCjSKM9j0Q7HLDr1hD6D-TUw,1
autor:UCQtSFINs1h6GHkpg9o5kMvg,autor:UCujPF2nBgsTD62nWE3lcpIg,1
autor:UCQtSFINs1h6GHkpg9o5kMvg,autor:UCpIdtvoFHVLGASGB5ySqIEA,1
autor:UCQtSFINs1h6GHkpg9o5kMvg,autor:UChZknRmJkeGeQk0-mQuhDOg,1
autor:UCQtSFINs1h6GHkpg9o5kMvg,autor:UCXr8_5WtGeipe4haOoQDgyQ,1
autor:UCQtSFINs1h6GHkpg9o5kMvg,autor:UCljDbleJul41G1TzOjOZAVA,1
autor:UCQtSFINs1h6GHkpg9o5kMvg,autor:UCUIIIPTVDVHAXqhC_5V6lPA,1
autor:UCQtSFINs1h6GHkpg9o5kMvg,autor:UCj-LL25XJnjxepPKCc3NGog,1
autor:UCQtSFINs1h6GHkpg9o5kMvg,autor:UCtUR3_CAiE7fCoZHM6cMfyQ,1
autor:UCQtSFINs1h6GHkpg9o5kMvg,autor:UCr1emrogPKkKTs_WTtx71xg,1
autor:UCQtSFINs1h6GHkpg9o5kMvg,autor:UCSou6a2OuYGSvPjm5psquyA,1
autor:UCQtSFINs1h6GHkpg9o5kMvg,autor:UCV0iizTBoOfdAFX_thfI9BA,1
autor:UCQtSFINs1h6GHkpg9o5kMvg,autor:UCsjs5Hp_r86x1xbK6FAeqaA,1
autor:UCQtSFINs1h6GHkpg9o5kMvg,autor:UCwha8rxULYMVtNwZWeSkE1A,1
autor:UCQtSFINs1h6GHkpg9o5kMvg,autor:UCwW2OFy95P7ZBkOPxWkpvYg,1
autor:UCQtSFINs1h6GHkpg9o5kMvg,autor:UCpl8rF8uv_8uui-QRvuJaRA,1
autor:UCQtSFINs1h6GHkpg9o5kMvg,autor:UCRETAiYdh2dL5ZxB0_N1zDA,1
autor:UCQtSFINs1h6GHkpg9o5kMvg,autor:UCsJJAvrVGupdmhOqgtDp8dg,1
autor:UCQtSFINs1h6GHkpg9o5kMvg,autor:UCTP3O0rMnc8z8v8jaDQwL0w,1
autor:UCQtSFINs1h6GHkpg9o5kMvg,autor:UCvApqeCbLod-wejtT4CcVuA,1
autor:UCQtSFINs1h6GHkpg9o5kMvg,autor:UCYN4wSQ1Sx4_LurxLlW7MPg,1
autor:UCQtSFINs1h6GHkpg9o5kMvg,autor:UCueV9cTyTDwgQSec1x2dYgA,1
autor:UCQtSFINs1h6GHkpg9o5kMvg,autor:UChgkn5Jt5tWKYMoEOuCjz3Q,1
autor:UCQtSFINs1h6GHkpg9o5kMvg,autor:UCRlCV9zSn7avAWh-9_XFWqQ,1
autor:UCQtSFINs1h6GHkpg9o5kMvg,autor:UCiMythXHsw7eQEMykCdmMUA,1
autor:UCQtSFINs1h6GHkpg9o5kMvg,autor:UCz3gu01bmjNv0DpRq-K3XYg,1
autor:UCQtSFINs1h6GHkpg9o5kMvg,autor:UCkd9W714-947dEE6ZOEBATA,1
autor:UCQtSFINs1h6GHkpg9o5kMvg,autor:UCTwSut16JyAg3mX6LVUNGqA,1
autor:UCQtSFINs1h6GHkpg9o5kMvg,autor:UCXXh7yg5KUFIWylTiKVEFKQ,1
autor:UCQtSFINs1h6GHkpg9o5kMvg,autor:UCylqlpsh8ENNM1LqgQ1KbxA,1
autor:UCQtSFINs1h6GHkpg9o5kMvg,autor:UCYwpX26TrCxq8TvbKGRYLXA,1
autor:UCQtSFINs1h6GHkpg9o5kMvg,autor:UCwO2SXr0ggzwg6QWWrr01nQ,1
autor:UCQtSFINs1h6GHkpg9o5kMvg,autor:UCXgr7vXlRrsaskPdo097kGA,1
autor:UCQtSFINs1h6GHkpg9o5kMvg,autor:UCsSXdJct-nsS8DsABoEsaYA,1
autor:UCQtSFINs1h6GHkpg9o5kMvg,autor:UCcfdg8crmMJwEuLUsAhV7yg,1
autor:UCQtSFINs1h6GHkpg9o5kMvg,autor:UCiGRBf2RNF0WRKhRVT7zFoA,1
autor:UCQtSFINs1h6GHkpg9o5kMvg,autor:UCWIZUtKJ636y-4TYrNvok0g,1
autor:UCQtSFINs1h6GHkpg9o5kMvg,autor:UCTD6q1nyIe3Y7HhqjaMj72w,1
autor:UCQtSFINs1h6GHkpg9o5kMvg,autor:UCplrIQtaPj6au60_f2-mOYw,1
autor:UCQtSFINs1h6GHkpg9o5kMvg,autor:UCxff05WuyvwELNITi7bj7UA,1
autor:UCQtSFINs1h6GHkpg9o5kMvg,autor:UCgvw7xIdGFupzpt1Y_BFkEA,1
autor:UCQtSFINs1h6GHkpg9o5kMvg,autor:UCipetjeiWj4CZB6EbyYziZg,1
autor:UCQtSFINs1h6GHkpg9o5kMvg,autor:UChep9kVb5gQmpodEEl10Xlg,1
autor:UCQyOePccUP-fIJYzchAgZYw,autor:UCWoAVGVqCn4xtINCMOTM4jg,1
autor:UCQyOePccUP-fIJYzchAgZYw,autor:UCylqlpsh8ENNM1LqgQ1KbxA,1
autor:UCQyOePccUP-fIJYzchAgZYw,autor:UCpe5jW3MIqkgTJ-PgkzvM6Q,1
autor:UCQyOePccUP-fIJYzchAgZYw,autor:UColMq7LmaoY3MT6aIDGrGvA,1
autor:UCQyOePccUP-fIJYzchAgZYw,autor:UCiC-Jn7wdgyQV4_Urk0DkWQ,1
autor:UCQyOePccUP-fIJYzchAgZYw,autor:UCsGoJEvb-cFPZ2rWoJcXzEQ,1
autor:UCQyOePccUP-fIJYzchAgZYw,autor:UCRAquv8el-tQ30bN7MlmySQ,1
autor:UCQyOePccUP-fIJYzchAgZYw,autor:UCgJNFj5dnxXpcMvmuhZDPxA,1
autor:UCQyOePccUP-fIJYzchAgZYw,autor:UClqA491Xa5fQcXcJJa-vTWw,1
autor:UCQyOePccUP-fIJYzchAgZYw,autor:UCkbsS_3D-pvg1iHOld9uvIg,1
autor:UCQyOePccUP-fIJYzchAgZYw,autor:UCRvPToDkkumha7WJAfCDk1A,1
autor:UCQyOePccUP-fIJYzchAgZYw,autor:UCdFlugHJJa4l3YqWuNRmvXw,1
autor:UCQyOePccUP-fIJYzchAgZYw,autor:UCu8_3-Wg-YzNyvHYQDEscfw,1
autor:UCQyOePccUP-fIJYzchAgZYw,autor:UCZeIIQrGAedW8tCbKWmGY-A,1
autor:UCQyOePccUP-fIJYzchAgZYw,autor:UC_LYoGs5C3mbZKZuKuqYCvw,1
autor:UCQyOePccUP-fIJYzchAgZYw,autor:UCqCrvuoJpC-aVb0f4logQRQ,1
autor:UCQyOePccUP-fIJYzchAgZYw,autor:UClhMWQ7XKWywYvbRnuf8QsA,1
autor:UCQyOePccUP-fIJYzchAgZYw,autor:UCgQw_Sbq3ugruDUKsq1e0-A,1
autor:UCQyOePccUP-fIJYzchAgZYw,autor:UCaKAjTW9MVub_clgr4DRYjQ,1
autor:UCQyOePccUP-fIJYzchAgZYw,autor:UCwjUvRseNtJoItylIyIez7Q,1
autor:UCQyOePccUP-fIJYzchAgZYw,autor:UCe8JZoYkX5oKUZyivHYdXhw,1
autor:UCQyOePccUP-fIJYzchAgZYw,autor:UCkVtmkK07b2zaVVNssX4lOg,1
autor:UCQyOePccUP-fIJYzchAgZYw,autor:UCW-JC6lebVmf2P1dmY_L94g,1
autor:UCQyOePccUP-fIJYzchAgZYw,autor:UCW80DaMjQlEUibC98Cot-Dg,1
autor:UCQyOePccUP-fIJYzchAgZYw,autor:UCpsKOkt5iWTbenzeuq7dsmQ,1
autor:UCQyOePccUP-fIJYzchAgZYw,autor:UCeDNEtI8_a42bZ47wJiJMwQ,1
autor:UCQyOePccUP-fIJYzchAgZYw,autor:UCUoYsrx1oZnCZ0usbBJn4fA,1
autor:UCQyOePccUP-fIJYzchAgZYw,autor:UCwgCc9Jd_gG-uLE_SY-FfPg,1
autor:UCQyOePccUP-fIJYzchAgZYw,autor:UCuXmOjxC-htcprLgeVXz6Tg,1
autor:UCQyOePccUP-fIJYzchAgZYw,autor:UCV0lM03g5fg5pbPj97-sAtA,1
autor:UCRAquv8el-tQ30bN7MlmySQ,autor:UCWoAVGVqCn4xtINCMOTM4jg,1
autor:UCRAquv8el-tQ30bN7MlmySQ,autor:UCylqlpsh8ENNM1LqgQ1KbxA,1
autor:UCRAquv8el-tQ30bN7MlmySQ,autor:UCpe5jW3MIqkgTJ-PgkzvM6Q,1
autor:UCRAquv8el-tQ30bN7MlmySQ,autor:UColMq7LmaoY3MT6aIDGrGvA,1
autor:UCRAquv8el-tQ30bN7MlmySQ,autor:UCiC-Jn7wdgyQV4_Urk0DkWQ,1
autor:UCRAquv8el-tQ30bN7MlmySQ,autor:UCsGoJEvb-cFPZ2rWoJcXzEQ,1
autor:UCRAquv8el-tQ30bN7MlmySQ,autor:UCgJNFj5dnxXpcMvmuhZDPxA,1
autor:UCRAquv8el-tQ30bN7MlmySQ,autor:UClqA491Xa5fQcXcJJa-vTWw,1
autor:UCRAquv8el-tQ30bN7MlmySQ,autor:UCkbsS_3D-pvg1iHOld9uvIg,1
autor:UCRAquv8el-tQ30bN7MlmySQ,autor:UCRvPToDkkumha7WJAfCDk1A,1
autor:UCRAquv8el-tQ30bN7MlmySQ,autor:UCdFlugHJJa4l3YqWuNRmvXw,1
autor:UCRAquv8el-tQ30bN7MlmySQ,autor:UCu8_3-Wg-YzNyvHYQDEscfw,1
autor:UCRAquv8el-tQ30bN7MlmySQ,autor:UCZeIIQrGAedW8tCbKWmGY-A,1
autor:UCRAquv8el-tQ30bN7MlmySQ,autor:UC_LYoGs5C3mbZKZuKuqYCvw,1
autor:UCRAquv8el-tQ30bN7MlmySQ,autor:UCqCrvuoJpC-aVb0f4logQRQ,1
autor:UCRAquv8el-tQ30bN7MlmySQ,autor:UClhMWQ7XKWywYvbRnuf8QsA,1
autor:UCRAquv8el-tQ30bN7MlmySQ,autor:UCgQw_Sbq3ugruDUKsq1e0-A,1
autor:UCRAquv8el-tQ30bN7MlmySQ,autor:UCaKAjTW9MVub_clgr4DRYjQ,1
autor:UCRAquv8el-tQ30bN7MlmySQ,autor:UCwjUvRseNtJoItylIyIez7Q,1
autor:UCRAquv8el-tQ30bN7MlmySQ,autor:UCe8JZoYkX5oKUZyivHYdXhw,1
autor:UCRAquv8el-tQ30bN7MlmySQ,autor:UCkVtmkK07b2zaVVNssX4lOg,1
autor:UCRAquv8el-tQ30bN7MlmySQ,autor:UCW-JC6lebVmf2P1dmY_L94g,1
autor:UCRAquv8el-tQ30bN7MlmySQ,autor:UCW80DaMjQlEUibC98Cot-Dg,1
autor:UCRAquv8el-tQ30bN7MlmySQ,autor:UCpsKOkt5iWTbenzeuq7dsmQ,1
autor:UCRAquv8el-tQ30bN7MlmySQ,autor:UCeDNEtI8_a42bZ47wJiJMwQ,1
autor:UCRAquv8el-tQ30bN7MlmySQ,autor:UCUoYsrx1oZnCZ0usbBJn4fA,1
autor:UCRAquv8el-tQ30bN7MlmySQ,autor:UCwgCc9Jd_gG-uLE_SY-FfPg,1
autor:UCRAquv8el-tQ30bN7MlmySQ,autor:UCuXmOjxC-htcprLgeVXz6Tg,1
autor:UCRAquv8el-tQ30bN7MlmySQ,autor:UCV0lM03g5fg5pbPj97-sAtA,1
autor:UCRETAiYdh2dL5ZxB0_N1zDA,autor:UCRelkU8JiZBytTzebJxaa-w,1
autor:UCRETAiYdh2dL5ZxB0_N1zDA,autor:UCzoL2l5H5eVlorWGH8AZfAg,1
autor:UCRETAiYdh2dL5ZxB0_N1zDA,autor:UCl0ekS9Tt0jJGtOEM18S63w,1
autor:UCRETAiYdh2dL5ZxB0_N1zDA,autor:UCXSkL3ejZ8qWYyF_M7s_QKA,1
autor:UCRETAiYdh2dL5ZxB0_N1zDA,autor:UCySYJU5kUh7X8gVt9la2ISA,1
autor:UCRETAiYdh2dL5ZxB0_N1zDA,autor:UCZ51R_9Q9C0c8I3pAWhtmjQ,1
autor:UCRETAiYdh2dL5ZxB0_N1zDA,autor:UCp4iw5_5SmV9VGTFSNVGOmQ,1
autor:UCRETAiYdh2dL5ZxB0_N1zDA,autor:UCut6b9S98nv84cVX89PmKzA,1
autor:UCRETAiYdh2dL5ZxB0_N1zDA,autor:UCsUCN0Yq_UyTvKjOJLmNrnQ,1
autor:UCRETAiYdh2dL5ZxB0_N1zDA,autor:UCZLG9qH0tUjNhEGFIUt0CYw,1
autor:UCRETAiYdh2dL5ZxB0_N1zDA,autor:UChs3tU2BcKOT0CezykvAsGw,1
autor:UCRETAiYdh2dL5ZxB0_N1zDA,autor:UCrJn_rbo_ENAdeqneS-RmRw,1
autor:UCRETAiYdh2dL5ZxB0_N1zDA,autor:UCThW2XNsAaBKme5PUt7n-Zg,1
autor:UCRETAiYdh2dL5ZxB0_N1zDA,autor:UCmvOgzmmXbjUthHy-WJ52hQ,1
autor:UCRETAiYdh2dL5ZxB0_N1zDA,autor:UCpsKOkt5iWTbenzeuq7dsmQ,1
autor:UCRETAiYdh2dL5ZxB0_N1zDA,autor:UCi1b_TRQfgO1Z9O2gNGGWNA,1
autor:UCRETAiYdh2dL5ZxB0_N1zDA,autor:UCfM3nrxtTQMY5jFx1v1J4Gg,1
autor:UCRETAiYdh2dL5ZxB0_N1zDA,autor:UCjmPuazZJzscrwvk0QR9RVw,1
autor:UCRETAiYdh2dL5ZxB0_N1zDA,autor:UCtNfIBnc5S5DbbQj_yxgJTw,1
autor:UCRETAiYdh2dL5ZxB0_N1zDA,autor:UCmjppp6ujz3SAnULvP3sZMw,1
autor:UCRETAiYdh2dL5ZxB0_N1zDA,autor:UCzSfZlOVxBSs5ObD25ywxDQ,1
autor:UCRETAiYdh2dL5ZxB0_N1zDA,autor:UCTylKrsqkrBKIqubMu_5N0Q,1
autor:UCRETAiYdh2dL5ZxB0_N1zDA,autor:UCh5ESQvtzyHDhCA7XyekCFA,1
autor:UCRETAiYdh2dL5ZxB0_N1zDA,autor:UCjSKM9j0Q7HLDr1hD6D-TUw,1
autor:UCRETAiYdh2dL5ZxB0_N1zDA,autor:UCujPF2nBgsTD62nWE3lcpIg,1
autor:UCRETAiYdh2dL5ZxB0_N1zDA,autor:UCpIdtvoFHVLGASGB5ySqIEA,1
autor:UCRETAiYdh2dL5ZxB0_N1zDA,autor:UChZknRmJkeGeQk0-mQuhDOg,1
autor:UCRETAiYdh2dL5ZxB0_N1zDA,autor:UCXr8_5WtGeipe4haOoQDgyQ,1
autor:UCRETAiYdh2dL5ZxB0_N1zDA,autor:UCljDbleJul41G1TzOjOZAVA,1
autor:UCRETAiYdh2dL5ZxB0_N1zDA,autor:UCUIIIPTVDVHAXqhC_5V6lPA,1
autor:UCRETAiYdh2dL5ZxB0_N1zDA,autor:UCj-LL25XJnjxepPKCc3NGog,1
autor:UCRETAiYdh2dL5ZxB0_N1zDA,autor:UCtUR3_CAiE7fCoZHM6cMfyQ,1
autor:UCRETAiYdh2dL5ZxB0_N1zDA,autor:UCr1emrogPKkKTs_WTtx71xg,1
autor:UCRETAiYdh2dL5ZxB0_N1zDA,autor:UCSou6a2OuYGSvPjm5psquyA,1
autor:UCRETAiYdh2dL5ZxB0_N1zDA,autor:UCV0iizTBoOfdAFX_thfI9BA,1
autor:UCRETAiYdh2dL5ZxB0_N1zDA,autor:UCsjs5Hp_r86x1xbK6FAeqaA,1
autor:UCRETAiYdh2dL5ZxB0_N1zDA,autor:UCwha8rxULYMVtNwZWeSkE1A,1
autor:UCRETAiYdh2dL5ZxB0_N1zDA,autor:UCwW2OFy95P7ZBkOPxWkpvYg,1
autor:UCRETAiYdh2dL5ZxB0_N1zDA,autor:UCpl8rF8uv_8uui-QRvuJaRA,1
autor:UCRETAiYdh2dL5ZxB0_N1zDA,autor:UCsJJAvrVGupdmhOqgtDp8dg,1
autor:UCRETAiYdh2dL5ZxB0_N1zDA,autor:UCTP3O0rMnc8z8v8jaDQwL0w,1
autor:UCRETAiYdh2dL5ZxB0_N1zDA,autor:UCvApqeCbLod-wejtT4CcVuA,1
autor:UCRETAiYdh2dL5ZxB0_N1zDA,autor:UCYN4wSQ1Sx4_LurxLlW7MPg,1
autor:UCRETAiYdh2dL5ZxB0_N1zDA,autor:UCueV9cTyTDwgQSec1x2dYgA,1
autor:UCRETAiYdh2dL5ZxB0_N1zDA,autor:UChgkn5Jt5tWKYMoEOuCjz3Q,1
autor:UCRETAiYdh2dL5ZxB0_N1zDA,autor:UCRlCV9zSn7avAWh-9_XFWqQ,1
autor:UCRETAiYdh2dL5ZxB0_N1zDA,autor:UCiMythXHsw7eQEMykCdmMUA,1
autor:UCRETAiYdh2dL5ZxB0_N1zDA,autor:UCz3gu01bmjNv0DpRq-K3XYg,1
autor:UCRETAiYdh2dL5ZxB0_N1zDA,autor:UCkd9W714-947dEE6ZOEBATA,1
autor:UCRETAiYdh2dL5ZxB0_N1zDA,autor:UCTwSut16JyAg3mX6LVUNGqA,1
autor:UCRETAiYdh2dL5ZxB0_N1zDA,autor:UCXXh7yg5KUFIWylTiKVEFKQ,1
autor:UCRETAiYdh2dL5ZxB0_N1zDA,autor:UCylqlpsh8ENNM1LqgQ1KbxA,1
autor:UCRETAiYdh2dL5ZxB0_N1zDA,autor:UCYwpX26TrCxq8TvbKGRYLXA,1
autor:UCRETAiYdh2dL5ZxB0_N1zDA,autor:UCwO2SXr0ggzwg6QWWrr01nQ,1
autor:UCRETAiYdh2dL5ZxB0_N1zDA,autor:UCXgr7vXlRrsaskPdo097kGA,1
autor:UCRETAiYdh2dL5ZxB0_N1zDA,autor:UCsSXdJct-nsS8DsABoEsaYA,1
autor:UCRETAiYdh2dL5ZxB0_N1zDA,autor:UCcfdg8crmMJwEuLUsAhV7yg,1
autor:UCRETAiYdh2dL5ZxB0_N1zDA,autor:UCiGRBf2RNF0WRKhRVT7zFoA,1
autor:UCRETAiYdh2dL5ZxB0_N1zDA,autor:UCWIZUtKJ636y-4TYrNvok0g,1
autor:UCRETAiYdh2dL5ZxB0_N1zDA,autor:UCTD6q1nyIe3Y7HhqjaMj72w,1
autor:UCRETAiYdh2dL5ZxB0_N1zDA,autor:UCplrIQtaPj6au60_f2-mOYw,1
autor:UCRETAiYdh2dL5ZxB0_N1zDA,autor:UCxff05WuyvwELNITi7bj7UA,1
autor:UCRETAiYdh2dL5ZxB0_N1zDA,autor:UCgvw7xIdGFupzpt1Y_BFkEA,1
autor:UCRETAiYdh2dL5ZxB0_N1zDA,autor:UCipetjeiWj4CZB6EbyYziZg,1
autor:UCRETAiYdh2dL5ZxB0_N1zDA,autor:UChep9kVb5gQmpodEEl10Xlg,1
autor:UCRcSR3Lvn9DZAmJpVPANfZQ,autor:UCtMBF_1O2jY2INlb_luuB_A,1
autor:UCRcSR3Lvn9DZAmJpVPANfZQ,autor:UCSTAUWVc1_82DHYeqOsqEFA,1
autor:UCRcSR3Lvn9DZAmJpVPANfZQ,autor:UCyzf29IYjNw67gGIfsjgtxA,1
autor:UCRcSR3Lvn9DZAmJpVPANfZQ,autor:UCgLurCo-e019HGODcjXHWCw,1
autor:UCRcSR3Lvn9DZAmJpVPANfZQ,autor:UCxKR3RA8T-kxMgq_2WWhRcQ,1
autor:UCRcSR3Lvn9DZAmJpVPANfZQ,autor:UCXmrpc6Li0spcKxtS0Q_ptg,1
autor:UCRcSR3Lvn9DZAmJpVPANfZQ,autor:UC_ljZ1hZXR9pzexFz87P5ZA,1
autor:UCRcSR3Lvn9DZAmJpVPANfZQ,autor:UCs_5qeqdku9tGAq22y3OcuQ,1
autor:UCRcSR3Lvn9DZAmJpVPANfZQ,autor:UCwUAv3_LpWVtTIi7lkmTL7A,1
autor:UCRcSR3Lvn9DZAmJpVPANfZQ,autor:UCaT6M2zp7X6r6Whd8Vv3kHQ,1
autor:UCRcSR3Lvn9DZAmJpVPANfZQ,autor:UCRznz9-N3Qc1w-qNdLSIY2Q,1
autor:UCRcSR3Lvn9DZAmJpVPANfZQ,autor:UCqilIa8r7iek5sGYg_q6ofA,1
autor:UCRcSR3Lvn9DZAmJpVPANfZQ,autor:UCY7Hq7F9Lnucf-Yr6JkHZNw,1
autor:UCRcSR3Lvn9DZAmJpVPANfZQ,autor:UCgLrWFdYitoP-b7-PxtUr-w,1
autor:UCRcSR3Lvn9DZAmJpVPANfZQ,autor:UCi-vPdnpQreC7BkFs40mJGA,1
autor:UCRelkU8JiZBytTzebJxaa-w,autor:UCzoL2l5H5eVlorWGH8AZfAg,1
autor:UCRelkU8JiZBytTzebJxaa-w,autor:UCl0ekS9Tt0jJGtOEM18S63w,1
autor:UCRelkU8JiZBytTzebJxaa-w,autor:UCXSkL3ejZ8qWYyF_M7s_QKA,1
autor:UCRelkU8JiZBytTzebJxaa-w,autor:UCySYJU5kUh7X8gVt9la2ISA,1
autor:UCRelkU8JiZBytTzebJxaa-w,autor:UCZ51R_9Q9C0c8I3pAWhtmjQ,1
autor:UCRelkU8JiZBytTzebJxaa-w,autor:UCp4iw5_5SmV9VGTFSNVGOmQ,1
autor:UCRelkU8JiZBytTzebJxaa-w,autor:UCut6b9S98nv84cVX89PmKzA,1
autor:UCRelkU8JiZBytTzebJxaa-w,autor:UCsUCN0Yq_UyTvKjOJLmNrnQ,1
autor:UCRelkU8JiZBytTzebJxaa-w,autor:UCZLG9qH0tUjNhEGFIUt0CYw,1
autor:UCRelkU8JiZBytTzebJxaa-w,autor:UChs3tU2BcKOT0CezykvAsGw,1
autor:UCRelkU8JiZBytTzebJxaa-w,autor:UCrJn_rbo_ENAdeqneS-RmRw,1
autor:UCRelkU8JiZBytTzebJxaa-w,autor:UCThW2XNsAaBKme5PUt7n-Zg,1
autor:UCRelkU8JiZBytTzebJxaa-w,autor:UCmvOgzmmXbjUthHy-WJ52hQ,1
autor:UCRelkU8JiZBytTzebJxaa-w,autor:UCpsKOkt5iWTbenzeuq7dsmQ,1
autor:UCRelkU8JiZBytTzebJxaa-w,autor:UCi1b_TRQfgO1Z9O2gNGGWNA,1
autor:UCRelkU8JiZBytTzebJxaa-w,autor:UCfM3nrxtTQMY5jFx1v1J4Gg,1
autor:UCRelkU8JiZBytTzebJxaa-w,autor:UCjmPuazZJzscrwvk0QR9RVw,1
autor:UCRelkU8JiZBytTzebJxaa-w,autor:UCtNfIBnc5S5DbbQj_yxgJTw,1
autor:UCRelkU8JiZBytTzebJxaa-w,autor:UCmjppp6ujz3SAnULvP3sZMw,1
autor:UCRelkU8JiZBytTzebJxaa-w,autor:UCzSfZlOVxBSs5ObD25ywxDQ,1
autor:UCRelkU8JiZBytTzebJxaa-w,autor:UCTylKrsqkrBKIqubMu_5N0Q,1
autor:UCRelkU8JiZBytTzebJxaa-w,autor:UCh5ESQvtzyHDhCA7XyekCFA,1
autor:UCRelkU8JiZBytTzebJxaa-w,autor:UCjSKM9j0Q7HLDr1hD6D-TUw,1
autor:UCRelkU8JiZBytTzebJxaa-w,autor:UCujPF2nBgsTD62nWE3lcpIg,1
autor:UCRelkU8JiZBytTzebJxaa-w,autor:UCpIdtvoFHVLGASGB5ySqIEA,1
autor:UCRelkU8JiZBytTzebJxaa-w,autor:UChZknRmJkeGeQk0-mQuhDOg,1
autor:UCRelkU8JiZBytTzebJxaa-w,autor:UCXr8_5WtGeipe4haOoQDgyQ,1
autor:UCRelkU8JiZBytTzebJxaa-w,autor:UCljDbleJul41G1TzOjOZAVA,1
autor:UCRelkU8JiZBytTzebJxaa-w,autor:UCUIIIPTVDVHAXqhC_5V6lPA,1
autor:UCRelkU8JiZBytTzebJxaa-w,autor:UCj-LL25XJnjxepPKCc3NGog,1
autor:UCRelkU8JiZBytTzebJxaa-w,autor:UCtUR3_CAiE7fCoZHM6cMfyQ,1
autor:UCRelkU8JiZBytTzebJxaa-w,autor:UCr1emrogPKkKTs_WTtx71xg,1
autor:UCRelkU8JiZBytTzebJxaa-w,autor:UCSou6a2OuYGSvPjm5psquyA,1
autor:UCRelkU8JiZBytTzebJxaa-w,autor:UCV0iizTBoOfdAFX_thfI9BA,1
autor:UCRelkU8JiZBytTzebJxaa-w,autor:UCsjs5Hp_r86x1xbK6FAeqaA,1
autor:UCRelkU8JiZBytTzebJxaa-w,autor:UCwha8rxULYMVtNwZWeSkE1A,1
autor:UCRelkU8JiZBytTzebJxaa-w,autor:UCwW2OFy95P7ZBkOPxWkpvYg,1
autor:UCRelkU8JiZBytTzebJxaa-w,autor:UCpl8rF8uv_8uui-QRvuJaRA,1
autor:UCRelkU8JiZBytTzebJxaa-w,autor:UCsJJAvrVGupdmhOqgtDp8dg,1
autor:UCRelkU8JiZBytTzebJxaa-w,autor:UCTP3O0rMnc8z8v8jaDQwL0w,1
autor:UCRelkU8JiZBytTzebJxaa-w,autor:UCvApqeCbLod-wejtT4CcVuA,1
autor:UCRelkU8JiZBytTzebJxaa-w,autor:UCYN4wSQ1Sx4_LurxLlW7MPg,1
autor:UCRelkU8JiZBytTzebJxaa-w,autor:UCueV9cTyTDwgQSec1x2dYgA,1
autor:UCRelkU8JiZBytTzebJxaa-w,autor:UChgkn5Jt5tWKYMoEOuCjz3Q,1
autor:UCRelkU8JiZBytTzebJxaa-w,autor:UCRlCV9zSn7avAWh-9_XFWqQ,1
autor:UCRelkU8JiZBytTzebJxaa-w,autor:UCiMythXHsw7eQEMykCdmMUA,1
autor:UCRelkU8JiZBytTzebJxaa-w,autor:UCz3gu01bmjNv0DpRq-K3XYg,1
autor:UCRelkU8JiZBytTzebJxaa-w,autor:UCkd9W714-947dEE6ZOEBATA,1
autor:UCRelkU8JiZBytTzebJxaa-w,autor:UCTwSut16JyAg3mX6LVUNGqA,1
autor:UCRelkU8JiZBytTzebJxaa-w,autor:UCXXh7yg5KUFIWylTiKVEFKQ,1
autor:UCRelkU8JiZBytTzebJxaa-w,autor:UCylqlpsh8ENNM1LqgQ1KbxA,1
autor:UCRelkU8JiZBytTzebJxaa-w,autor:UCYwpX26TrCxq8TvbKGRYLXA,1
autor:UCRelkU8JiZBytTzebJxaa-w,autor:UCwO2SXr0ggzwg6QWWrr01nQ,1
autor:UCRelkU8JiZBytTzebJxaa-w,autor:UCXgr7vXlRrsaskPdo097kGA,1
autor:UCRelkU8JiZBytTzebJxaa-w,autor:UCsSXdJct-nsS8DsABoEsaYA,1
autor:UCRelkU8JiZBytTzebJxaa-w,autor:UCcfdg8crmMJwEuLUsAhV7yg,1
autor:UCRelkU8JiZBytTzebJxaa-w,autor:UCiGRBf2RNF0WRKhRVT7zFoA,1
autor:UCRelkU8JiZBytTzebJxaa-w,autor:UCWIZUtKJ636y-4TYrNvok0g,1
autor:UCRelkU8JiZBytTzebJxaa-w,autor:UCTD6q1nyIe3Y7HhqjaMj72w,1
autor:UCRelkU8JiZBytTzebJxaa-w,autor:UCplrIQtaPj6au60_f2-mOYw,1
autor:UCRelkU8JiZBytTzebJxaa-w,autor:UCxff05WuyvwELNITi7bj7UA,1
autor:UCRelkU8JiZBytTzebJxaa-w,autor:UCgvw7xIdGFupzpt1Y_BFkEA,1
autor:UCRelkU8JiZBytTzebJxaa-w,autor:UCipetjeiWj4CZB6EbyYziZg,1
autor:UCRelkU8JiZBytTzebJxaa-w,autor:UChep9kVb5gQmpodEEl10Xlg,1
autor:UCRfkkatKrNtAARnXMMYBGlA,autor:UCeQk-WfEA-cJRq4EKeE7TOw,1
autor:UCRfkkatKrNtAARnXMMYBGlA,autor:UCWaRixDdpgllTBf4V0jPnKQ,1
autor:UCRfkkatKrNtAARnXMMYBGlA,autor:UCjZgFEowMBrsjodqfovzdKw,1
autor:UCRfkkatKrNtAARnXMMYBGlA,autor:UChyps3dqY-VY1_wLeq-2lhw,1
autor:UCRfkkatKrNtAARnXMMYBGlA,autor:UCp29O_C7cchZV8IxV7Crdag,1
autor:UCRfkkatKrNtAARnXMMYBGlA,autor:UCV3fr-YOixFKCZBbJP1-X4w,1
autor:UCRfkkatKrNtAARnXMMYBGlA,autor:UCWvntqPQx99k_Z_skWKqNSA,1
autor:UCRfkkatKrNtAARnXMMYBGlA,autor:UCa36MjQLoPAmgJo-R3G8WQA,1
autor:UCRfkkatKrNtAARnXMMYBGlA,autor:UCzZ6dDCEsLMXbc5pCFXIprw,1
autor:UCRfkkatKrNtAARnXMMYBGlA,autor:UCwxoKK59nGCeBqB2sXfDBIw,1
autor:UCRfkkatKrNtAARnXMMYBGlA,autor:UCvDwJBBY1mHK70aTEYl6rsA,1
autor:UCRfkkatKrNtAARnXMMYBGlA,autor:UCiOZX__1gahg1ypIj0_XG_w,1
autor:UCRfkkatKrNtAARnXMMYBGlA,autor:UCoGdCoJg2Lh0OX_jv6cG16g,1
autor:UCRfkkatKrNtAARnXMMYBGlA,autor:UCaT4saRcyqCLE657Rq2hhZQ,1
autor:UCRfkkatKrNtAARnXMMYBGlA,autor:UCZFQwqh90apuL8eFhvRBkUg,1
autor:UCRfkkatKrNtAARnXMMYBGlA,autor:UCfo_yUPzy1f1POwwZxhZ06Q,1
autor:UCRfkkatKrNtAARnXMMYBGlA,autor:UCtsxPYw8VUsH_FfnKg-0lmw,1
autor:UCRfkkatKrNtAARnXMMYBGlA,autor:UCgGqw4aqMdMVSGkKiMgrJRQ,1
autor:UCRfkkatKrNtAARnXMMYBGlA,autor:UCtCtts20bW6F9CSohau51Iw,1
autor:UCRfkkatKrNtAARnXMMYBGlA,autor:UCheEJ5GZuIvV0fj-nXyVwXw,1
autor:UCRfkkatKrNtAARnXMMYBGlA,autor:UCql1n3Ey6ULMSOACjMe-fxQ,1
autor:UCRfkkatKrNtAARnXMMYBGlA,autor:UCyJhqmMbsvjpoarBBStA2kg,1
autor:UCRlCV9zSn7avAWh-9_XFWqQ,autor:UCzoL2l5H5eVlorWGH8AZfAg,1
autor:UCRlCV9zSn7avAWh-9_XFWqQ,autor:UCl0ekS9Tt0jJGtOEM18S63w,1
autor:UCRlCV9zSn7avAWh-9_XFWqQ,autor:UCXSkL3ejZ8qWYyF_M7s_QKA,1
autor:UCRlCV9zSn7avAWh-9_XFWqQ,autor:UCySYJU5kUh7X8gVt9la2ISA,1
autor:UCRlCV9zSn7avAWh-9_XFWqQ,autor:UCZ51R_9Q9C0c8I3pAWhtmjQ,1
autor:UCRlCV9zSn7avAWh-9_XFWqQ,autor:UCp4iw5_5SmV9VGTFSNVGOmQ,1
autor:UCRlCV9zSn7avAWh-9_XFWqQ,autor:UCut6b9S98nv84cVX89PmKzA,1
autor:UCRlCV9zSn7avAWh-9_XFWqQ,autor:UCsUCN0Yq_UyTvKjOJLmNrnQ,1
autor:UCRlCV9zSn7avAWh-9_XFWqQ,autor:UCZLG9qH0tUjNhEGFIUt0CYw,1
autor:UCRlCV9zSn7avAWh-9_XFWqQ,autor:UChs3tU2BcKOT0CezykvAsGw,1
autor:UCRlCV9zSn7avAWh-9_XFWqQ,autor:UCrJn_rbo_ENAdeqneS-RmRw,1
autor:UCRlCV9zSn7avAWh-9_XFWqQ,autor:UCThW2XNsAaBKme5PUt7n-Zg,1
autor:UCRlCV9zSn7avAWh-9_XFWqQ,autor:UCmvOgzmmXbjUthHy-WJ52hQ,1
autor:UCRlCV9zSn7avAWh-9_XFWqQ,autor:UCpsKOkt5iWTbenzeuq7dsmQ,1
autor:UCRlCV9zSn7avAWh-9_XFWqQ,autor:UCi1b_TRQfgO1Z9O2gNGGWNA,1
autor:UCRlCV9zSn7avAWh-9_XFWqQ,autor:UCfM3nrxtTQMY5jFx1v1J4Gg,1
autor:UCRlCV9zSn7avAWh-9_XFWqQ,autor:UCjmPuazZJzscrwvk0QR9RVw,1
autor:UCRlCV9zSn7avAWh-9_XFWqQ,autor:UCtNfIBnc5S5DbbQj_yxgJTw,1
autor:UCRlCV9zSn7avAWh-9_XFWqQ,autor:UCmjppp6ujz3SAnULvP3sZMw,1
autor:UCRlCV9zSn7avAWh-9_XFWqQ,autor:UCzSfZlOVxBSs5ObD25ywxDQ,1
autor:UCRlCV9zSn7avAWh-9_XFWqQ,autor:UCTylKrsqkrBKIqubMu_5N0Q,1
autor:UCRlCV9zSn7avAWh-9_XFWqQ,autor:UCh5ESQvtzyHDhCA7XyekCFA,1
autor:UCRlCV9zSn7avAWh-9_XFWqQ,autor:UCjSKM9j0Q7HLDr1hD6D-TUw,1
autor:UCRlCV9zSn7avAWh-9_XFWqQ,autor:UCujPF2nBgsTD62nWE3lcpIg,1
autor:UCRlCV9zSn7avAWh-9_XFWqQ,autor:UCpIdtvoFHVLGASGB5ySqIEA,1
autor:UCRlCV9zSn7avAWh-9_XFWqQ,autor:UChZknRmJkeGeQk0-mQuhDOg,1
autor:UCRlCV9zSn7avAWh-9_XFWqQ,autor:UCXr8_5WtGeipe4haOoQDgyQ,1
autor:UCRlCV9zSn7avAWh-9_XFWqQ,autor:UCljDbleJul41G1TzOjOZAVA,1
autor:UCRlCV9zSn7avAWh-9_XFWqQ,autor:UCUIIIPTVDVHAXqhC_5V6lPA,1
autor:UCRlCV9zSn7avAWh-9_XFWqQ,autor:UCj-LL25XJnjxepPKCc3NGog,1
autor:UCRlCV9zSn7avAWh-9_XFWqQ,autor:UCtUR3_CAiE7fCoZHM6cMfyQ,1
autor:UCRlCV9zSn7avAWh-9_XFWqQ,autor:UCr1emrogPKkKTs_WTtx71xg,1
autor:UCRlCV9zSn7avAWh-9_XFWqQ,autor:UCSou6a2OuYGSvPjm5psquyA,1
autor:UCRlCV9zSn7avAWh-9_XFWqQ,autor:UCV0iizTBoOfdAFX_thfI9BA,1
autor:UCRlCV9zSn7avAWh-9_XFWqQ,autor:UCsjs5Hp_r86x1xbK6FAeqaA,1
autor:UCRlCV9zSn7avAWh-9_XFWqQ,autor:UCwha8rxULYMVtNwZWeSkE1A,1
autor:UCRlCV9zSn7avAWh-9_XFWqQ,autor:UCwW2OFy95P7ZBkOPxWkpvYg,1
autor:UCRlCV9zSn7avAWh-9_XFWqQ,autor:UCpl8rF8uv_8uui-QRvuJaRA,1
autor:UCRlCV9zSn7avAWh-9_XFWqQ,autor:UCsJJAvrVGupdmhOqgtDp8dg,1
autor:UCRlCV9zSn7avAWh-9_XFWqQ,autor:UCTP3O0rMnc8z8v8jaDQwL0w,1
autor:UCRlCV9zSn7avAWh-9_XFWqQ,autor:UCvApqeCbLod-wejtT4CcVuA,1
autor:UCRlCV9zSn7avAWh-9_XFWqQ,autor:UCYN4wSQ1Sx4_LurxLlW7MPg,1
autor:UCRlCV9zSn7avAWh-9_XFWqQ,autor:UCueV9cTyTDwgQSec1x2dYgA,1
autor:UCRlCV9zSn7avAWh-9_XFWqQ,autor:UChgkn5Jt5tWKYMoEOuCjz3Q,1
autor:UCRlCV9zSn7avAWh-9_XFWqQ,autor:UCiMythXHsw7eQEMykCdmMUA,1
autor:UCRlCV9zSn7avAWh-9_XFWqQ,autor:UCz3gu01bmjNv0DpRq-K3XYg,1
autor:UCRlCV9zSn7avAWh-9_XFWqQ,autor:UCkd9W714-947dEE6ZOEBATA,1
autor:UCRlCV9zSn7avAWh-9_XFWqQ,autor:UCTwSut16JyAg3mX6LVUNGqA,1
autor:UCRlCV9zSn7avAWh-9_XFWqQ,autor:UCXXh7yg5KUFIWylTiKVEFKQ,1
autor:UCRlCV9zSn7avAWh-9_XFWqQ,autor:UCylqlpsh8ENNM1LqgQ1KbxA,1
autor:UCRlCV9zSn7avAWh-9_XFWqQ,autor:UCYwpX26TrCxq8TvbKGRYLXA,1
autor:UCRlCV9zSn7avAWh-9_XFWqQ,autor:UCwO2SXr0ggzwg6QWWrr01nQ,1
autor:UCRlCV9zSn7avAWh-9_XFWqQ,autor:UCXgr7vXlRrsaskPdo097kGA,1
autor:UCRlCV9zSn7avAWh-9_XFWqQ,autor:UCsSXdJct-nsS8DsABoEsaYA,1
autor:UCRlCV9zSn7avAWh-9_XFWqQ,autor:UCcfdg8crmMJwEuLUsAhV7yg,1
autor:UCRlCV9zSn7avAWh-9_XFWqQ,autor:UCiGRBf2RNF0WRKhRVT7zFoA,1
autor:UCRlCV9zSn7avAWh-9_XFWqQ,autor:UCWIZUtKJ636y-4TYrNvok0g,1
autor:UCRlCV9zSn7avAWh-9_XFWqQ,autor:UCTD6q1nyIe3Y7HhqjaMj72w,1
autor:UCRlCV9zSn7avAWh-9_XFWqQ,autor:UCplrIQtaPj6au60_f2-mOYw,1
autor:UCRlCV9zSn7avAWh-9_XFWqQ,autor:UCxff05WuyvwELNITi7bj7UA,1
autor:UCRlCV9zSn7avAWh-9_XFWqQ,autor:UCgvw7xIdGFupzpt1Y_BFkEA,1
autor:UCRlCV9zSn7avAWh-9_XFWqQ,autor:UCipetjeiWj4CZB6EbyYziZg,1
autor:UCRlCV9zSn7avAWh-9_XFWqQ,autor:UChep9kVb5gQmpodEEl10Xlg,1
autor:UCRvPToDkkumha7WJAfCDk1A,autor:UCWoAVGVqCn4xtINCMOTM4jg,1
autor:UCRvPToDkkumha7WJAfCDk1A,autor:UCylqlpsh8ENNM1LqgQ1KbxA,1
autor:UCRvPToDkkumha7WJAfCDk1A,autor:UCpe5jW3MIqkgTJ-PgkzvM6Q,1
autor:UCRvPToDkkumha7WJAfCDk1A,autor:UColMq7LmaoY3MT6aIDGrGvA,1
autor:UCRvPToDkkumha7WJAfCDk1A,autor:UCiC-Jn7wdgyQV4_Urk0DkWQ,1
autor:UCRvPToDkkumha7WJAfCDk1A,autor:UCsGoJEvb-cFPZ2rWoJcXzEQ,1
autor:UCRvPToDkkumha7WJAfCDk1A,autor:UCgJNFj5dnxXpcMvmuhZDPxA,1
autor:UCRvPToDkkumha7WJAfCDk1A,autor:UClqA491Xa5fQcXcJJa-vTWw,1
autor:UCRvPToDkkumha7WJAfCDk1A,autor:UCkbsS_3D-pvg1iHOld9uvIg,1
autor:UCRvPToDkkumha7WJAfCDk1A,autor:UCdFlugHJJa4l3YqWuNRmvXw,1
autor:UCRvPToDkkumha7WJAfCDk1A,autor:UCu8_3-Wg-YzNyvHYQDEscfw,1
autor:UCRvPToDkkumha7WJAfCDk1A,autor:UCZeIIQrGAedW8tCbKWmGY-A,1
autor:UCRvPToDkkumha7WJAfCDk1A,autor:UC_LYoGs5C3mbZKZuKuqYCvw,1
autor:UCRvPToDkkumha7WJAfCDk1A,autor:UCqCrvuoJpC-aVb0f4logQRQ,1
autor:UCRvPToDkkumha7WJAfCDk1A,autor:UClhMWQ7XKWywYvbRnuf8QsA,1
autor:UCRvPToDkkumha7WJAfCDk1A,autor:UCgQw_Sbq3ugruDUKsq1e0-A,1
autor:UCRvPToDkkumha7WJAfCDk1A,autor:UCaKAjTW9MVub_clgr4DRYjQ,1
autor:UCRvPToDkkumha7WJAfCDk1A,autor:UCwjUvRseNtJoItylIyIez7Q,1
autor:UCRvPToDkkumha7WJAfCDk1A,autor:UCe8JZoYkX5oKUZyivHYdXhw,1
autor:UCRvPToDkkumha7WJAfCDk1A,autor:UCkVtmkK07b2zaVVNssX4lOg,1
autor:UCRvPToDkkumha7WJAfCDk1A,autor:UCW-JC6lebVmf2P1dmY_L94g,1
autor:UCRvPToDkkumha7WJAfCDk1A,autor:UCW80DaMjQlEUibC98Cot-Dg,1
autor:UCRvPToDkkumha7WJAfCDk1A,autor:UCpsKOkt5iWTbenzeuq7dsmQ,1
autor:UCRvPToDkkumha7WJAfCDk1A,autor:UCeDNEtI8_a42bZ47wJiJMwQ,1
autor:UCRvPToDkkumha7WJAfCDk1A,autor:UCUoYsrx1oZnCZ0usbBJn4fA,1
autor:UCRvPToDkkumha7WJAfCDk1A,autor:UCwgCc9Jd_gG-uLE_SY-FfPg,1
autor:UCRvPToDkkumha7WJAfCDk1A,autor:UCuXmOjxC-htcprLgeVXz6Tg,1
autor:UCRvPToDkkumha7WJAfCDk1A,autor:UCV0lM03g5fg5pbPj97-sAtA,1
autor:UCRznz9-N3Qc1w-qNdLSIY2Q,autor:UCtMBF_1O2jY2INlb_luuB_A,1
autor:UCRznz9-N3Qc1w-qNdLSIY2Q,autor:UCSTAUWVc1_82DHYeqOsqEFA,1
autor:UCRznz9-N3Qc1w-qNdLSIY2Q,autor:UCyzf29IYjNw67gGIfsjgtxA,1
autor:UCRznz9-N3Qc1w-qNdLSIY2Q,autor:UCgLurCo-e019HGODcjXHWCw,1
autor:UCRznz9-N3Qc1w-qNdLSIY2Q,autor:UCxKR3RA8T-kxMgq_2WWhRcQ,1
autor:UCRznz9-N3Qc1w-qNdLSIY2Q,autor:UCXmrpc6Li0spcKxtS0Q_ptg,1
autor:UCRznz9-N3Qc1w-qNdLSIY2Q,autor:UC_ljZ1hZXR9pzexFz87P5ZA,1
autor:UCRznz9-N3Qc1w-qNdLSIY2Q,autor:UCs_5qeqdku9tGAq22y3OcuQ,1
autor:UCRznz9-N3Qc1w-qNdLSIY2Q,autor:UCwUAv3_LpWVtTIi7lkmTL7A,1
autor:UCRznz9-N3Qc1w-qNdLSIY2Q,autor:UCaT6M2zp7X6r6Whd8Vv3kHQ,1
autor:UCRznz9-N3Qc1w-qNdLSIY2Q,autor:UCqilIa8r7iek5sGYg_q6ofA,1
autor:UCRznz9-N3Qc1w-qNdLSIY2Q,autor:UCY7Hq7F9Lnucf-Yr6JkHZNw,1
autor:UCRznz9-N3Qc1w-qNdLSIY2Q,autor:UCgLrWFdYitoP-b7-PxtUr-w,1
autor:UCRznz9-N3Qc1w-qNdLSIY2Q,autor:UCi-vPdnpQreC7BkFs40mJGA,1
autor:UCSTAUWVc1_82DHYeqOsqEFA,autor:UCtMBF_1O2jY2INlb_luuB_A,1
autor:UCSTAUWVc1_82DHYeqOsqEFA,autor:UCyzf29IYjNw67gGIfsjgtxA,1
autor:UCSTAUWVc1_82DHYeqOsqEFA,autor:UCgLurCo-e019HGODcjXHWCw,1
autor:UCSTAUWVc1_82DHYeqOsqEFA,autor:UCxKR3RA8T-kxMgq_2WWhRcQ,1
autor:UCSTAUWVc1_82DHYeqOsqEFA,autor:UCXmrpc6Li0spcKxtS0Q_ptg,1
autor:UCSTAUWVc1_82DHYeqOsqEFA,autor:UC_ljZ1hZXR9pzexFz87P5ZA,1
autor:UCSTAUWVc1_82DHYeqOsqEFA,autor:UCs_5qeqdku9tGAq22y3OcuQ,1
autor:UCSTAUWVc1_82DHYeqOsqEFA,autor:UCwUAv3_LpWVtTIi7lkmTL7A,1
autor:UCSTAUWVc1_82DHYeqOsqEFA,autor:UCaT6M2zp7X6r6Whd8Vv3kHQ,1
autor:UCSTAUWVc1_82DHYeqOsqEFA,autor:UCqilIa8r7iek5sGYg_q6ofA,1
autor:UCSTAUWVc1_82DHYeqOsqEFA,autor:UCY7Hq7F9Lnucf-Yr6JkHZNw,1
autor:UCSTAUWVc1_82DHYeqOsqEFA,autor:UCgLrWFdYitoP-b7-PxtUr-w,1
autor:UCSTAUWVc1_82DHYeqOsqEFA,autor:UCi-vPdnpQreC7BkFs40mJGA,1
autor:UCSou6a2OuYGSvPjm5psquyA,autor:UCzoL2l5H5eVlorWGH8AZfAg,1
autor:UCSou6a2OuYGSvPjm5psquyA,autor:UCl0ekS9Tt0jJGtOEM18S63w,1
autor:UCSou6a2OuYGSvPjm5psquyA,autor:UCXSkL3ejZ8qWYyF_M7s_QKA,1
autor:UCSou6a2OuYGSvPjm5psquyA,autor:UCySYJU5kUh7X8gVt9la2ISA,1
autor:UCSou6a2OuYGSvPjm5psquyA,autor:UCZ51R_9Q9C0c8I3pAWhtmjQ,1
autor:UCSou6a2OuYGSvPjm5psquyA,autor:UCp4iw5_5SmV9VGTFSNVGOmQ,1
autor:UCSou6a2OuYGSvPjm5psquyA,autor:UCut6b9S98nv84cVX89PmKzA,1
autor:UCSou6a2OuYGSvPjm5psquyA,autor:UCsUCN0Yq_UyTvKjOJLmNrnQ,1
autor:UCSou6a2OuYGSvPjm5psquyA,autor:UCZLG9qH0tUjNhEGFIUt0CYw,1
autor:UCSou6a2OuYGSvPjm5psquyA,autor:UChs3tU2BcKOT0CezykvAsGw,1
autor:UCSou6a2OuYGSvPjm5psquyA,autor:UCrJn_rbo_ENAdeqneS-RmRw,1
autor:UCSou6a2OuYGSvPjm5psquyA,autor:UCThW2XNsAaBKme5PUt7n-Zg,1
autor:UCSou6a2OuYGSvPjm5psquyA,autor:UCmvOgzmmXbjUthHy-WJ52hQ,1
autor:UCSou6a2OuYGSvPjm5psquyA,autor:UCpsKOkt5iWTbenzeuq7dsmQ,1
autor:UCSou6a2OuYGSvPjm5psquyA,autor:UCi1b_TRQfgO1Z9O2gNGGWNA,1
autor:UCSou6a2OuYGSvPjm5psquyA,autor:UCfM3nrxtTQMY5jFx1v1J4Gg,1
autor:UCSou6a2OuYGSvPjm5psquyA,autor:UCjmPuazZJzscrwvk0QR9RVw,1
autor:UCSou6a2OuYGSvPjm5psquyA,autor:UCtNfIBnc5S5DbbQj_yxgJTw,1
autor:UCSou6a2OuYGSvPjm5psquyA,autor:UCmjppp6ujz3SAnULvP3sZMw,1
autor:UCSou6a2OuYGSvPjm5psquyA,autor:UCzSfZlOVxBSs5ObD25ywxDQ,1
autor:UCSou6a2OuYGSvPjm5psquyA,autor:UCTylKrsqkrBKIqubMu_5N0Q,1
autor:UCSou6a2OuYGSvPjm5psquyA,autor:UCh5ESQvtzyHDhCA7XyekCFA,1
autor:UCSou6a2OuYGSvPjm5psquyA,autor:UCjSKM9j0Q7HLDr1hD6D-TUw,1
autor:UCSou6a2OuYGSvPjm5psquyA,autor:UCujPF2nBgsTD62nWE3lcpIg,1
autor:UCSou6a2OuYGSvPjm5psquyA,autor:UCpIdtvoFHVLGASGB5ySqIEA,1
autor:UCSou6a2OuYGSvPjm5psquyA,autor:UChZknRmJkeGeQk0-mQuhDOg,1
autor:UCSou6a2OuYGSvPjm5psquyA,autor:UCXr8_5WtGeipe4haOoQDgyQ,1
autor:UCSou6a2OuYGSvPjm5psquyA,autor:UCljDbleJul41G1TzOjOZAVA,1
autor:UCSou6a2OuYGSvPjm5psquyA,autor:UCUIIIPTVDVHAXqhC_5V6lPA,1
autor:UCSou6a2OuYGSvPjm5psquyA,autor:UCj-LL25XJnjxepPKCc3NGog,1
autor:UCSou6a2OuYGSvPjm5psquyA,autor:UCtUR3_CAiE7fCoZHM6cMfyQ,1
autor:UCSou6a2OuYGSvPjm5psquyA,autor:UCr1emrogPKkKTs_WTtx71xg,1
autor:UCSou6a2OuYGSvPjm5psquyA,autor:UCV0iizTBoOfdAFX_thfI9BA,1
autor:UCSou6a2OuYGSvPjm5psquyA,autor:UCsjs5Hp_r86x1xbK6FAeqaA,1
autor:UCSou6a2OuYGSvPjm5psquyA,autor:UCwha8rxULYMVtNwZWeSkE1A,1
autor:UCSou6a2OuYGSvPjm5psquyA,autor:UCwW2OFy95P7ZBkOPxWkpvYg,1
autor:UCSou6a2OuYGSvPjm5psquyA,autor:UCpl8rF8uv_8uui-QRvuJaRA,1
autor:UCSou6a2OuYGSvPjm5psquyA,autor:UCsJJAvrVGupdmhOqgtDp8dg,1
autor:UCSou6a2OuYGSvPjm5psquyA,autor:UCTP3O0rMnc8z8v8jaDQwL0w,1
autor:UCSou6a2OuYGSvPjm5psquyA,autor:UCvApqeCbLod-wejtT4CcVuA,1
autor:UCSou6a2OuYGSvPjm5psquyA,autor:UCYN4wSQ1Sx4_LurxLlW7MPg,1
autor:UCSou6a2OuYGSvPjm5psquyA,autor:UCueV9cTyTDwgQSec1x2dYgA,1
autor:UCSou6a2OuYGSvPjm5psquyA,autor:UChgkn5Jt5tWKYMoEOuCjz3Q,1
autor:UCSou6a2OuYGSvPjm5psquyA,autor:UCiMythXHsw7eQEMykCdmMUA,1
autor:UCSou6a2OuYGSvPjm5psquyA,autor:UCz3gu01bmjNv0DpRq-K3XYg,1
autor:UCSou6a2OuYGSvPjm5psquyA,autor:UCkd9W714-947dEE6ZOEBATA,1
autor:UCSou6a2OuYGSvPjm5psquyA,autor:UCTwSut16JyAg3mX6LVUNGqA,1
autor:UCSou6a2OuYGSvPjm5psquyA,autor:UCXXh7yg5KUFIWylTiKVEFKQ,1
autor:UCSou6a2OuYGSvPjm5psquyA,autor:UCylqlpsh8ENNM1LqgQ1KbxA,1
autor:UCSou6a2OuYGSvPjm5psquyA,autor:UCYwpX26TrCxq8TvbKGRYLXA,1
autor:UCSou6a2OuYGSvPjm5psquyA,autor:UCwO2SXr0ggzwg6QWWrr01nQ,1
autor:UCSou6a2OuYGSvPjm5psquyA,autor:UCXgr7vXlRrsaskPdo097kGA,1
autor:UCSou6a2OuYGSvPjm5psquyA,autor:UCsSXdJct-nsS8DsABoEsaYA,1
autor:UCSou6a2OuYGSvPjm5psquyA,autor:UCcfdg8crmMJwEuLUsAhV7yg,1
autor:UCSou6a2OuYGSvPjm5psquyA,autor:UCiGRBf2RNF0WRKhRVT7zFoA,1
autor:UCSou6a2OuYGSvPjm5psquyA,autor:UCWIZUtKJ636y-4TYrNvok0g,1
autor:UCSou6a2OuYGSvPjm5psquyA,autor:UCTD6q1nyIe3Y7HhqjaMj72w,1
autor:UCSou6a2OuYGSvPjm5psquyA,autor:UCplrIQtaPj6au60_f2-mOYw,1
autor:UCSou6a2OuYGSvPjm5psquyA,autor:UCxff05WuyvwELNITi7bj7UA,1
autor:UCSou6a2OuYGSvPjm5psquyA,autor:UCgvw7xIdGFupzpt1Y_BFkEA,1
autor:UCSou6a2OuYGSvPjm5psquyA,autor:UCipetjeiWj4CZB6EbyYziZg,1
autor:UCSou6a2OuYGSvPjm5psquyA,autor:UChep9kVb5gQmpodEEl10Xlg,1
autor:UCTD6q1nyIe3Y7HhqjaMj72w,autor:UCzoL2l5H5eVlorWGH8AZfAg,1
autor:UCTD6q1nyIe3Y7HhqjaMj72w,autor:UCl0ekS9Tt0jJGtOEM18S63w,1
autor:UCTD6q1nyIe3Y7HhqjaMj72w,autor:UCXSkL3ejZ8qWYyF_M7s_QKA,1
autor:UCTD6q1nyIe3Y7HhqjaMj72w,autor:UCySYJU5kUh7X8gVt9la2ISA,1
autor:UCTD6q1nyIe3Y7HhqjaMj72w,autor:UCZ51R_9Q9C0c8I3pAWhtmjQ,1
autor:UCTD6q1nyIe3Y7HhqjaMj72w,autor:UCp4iw5_5SmV9VGTFSNVGOmQ,1
autor:UCTD6q1nyIe3Y7HhqjaMj72w,autor:UCut6b9S98nv84cVX89PmKzA,1
autor:UCTD6q1nyIe3Y7HhqjaMj72w,autor:UCsUCN0Yq_UyTvKjOJLmNrnQ,1
autor:UCTD6q1nyIe3Y7HhqjaMj72w,autor:UCZLG9qH0tUjNhEGFIUt0CYw,1
autor:UCTD6q1nyIe3Y7HhqjaMj72w,autor:UChs3tU2BcKOT0CezykvAsGw,1
autor:UCTD6q1nyIe3Y7HhqjaMj72w,autor:UCrJn_rbo_ENAdeqneS-RmRw,1
autor:UCTD6q1nyIe3Y7HhqjaMj72w,autor:UCThW2XNsAaBKme5PUt7n-Zg,1
autor:UCTD6q1nyIe3Y7HhqjaMj72w,autor:UCmvOgzmmXbjUthHy-WJ52hQ,1
autor:UCTD6q1nyIe3Y7HhqjaMj72w,autor:UCpsKOkt5iWTbenzeuq7dsmQ,1
autor:UCTD6q1nyIe3Y7HhqjaMj72w,autor:UCi1b_TRQfgO1Z9O2gNGGWNA,1
autor:UCTD6q1nyIe3Y7HhqjaMj72w,autor:UCfM3nrxtTQMY5jFx1v1J4Gg,1
autor:UCTD6q1nyIe3Y7HhqjaMj72w,autor:UCjmPuazZJzscrwvk0QR9RVw,1
autor:UCTD6q1nyIe3Y7HhqjaMj72w,autor:UCtNfIBnc5S5DbbQj_yxgJTw,1
autor:UCTD6q1nyIe3Y7HhqjaMj72w,autor:UCmjppp6ujz3SAnULvP3sZMw,1
autor:UCTD6q1nyIe3Y7HhqjaMj72w,autor:UCzSfZlOVxBSs5ObD25ywxDQ,1
autor:UCTD6q1nyIe3Y7HhqjaMj72w,autor:UCTylKrsqkrBKIqubMu_5N0Q,1
autor:UCTD6q1nyIe3Y7HhqjaMj72w,autor:UCh5ESQvtzyHDhCA7XyekCFA,1
autor:UCTD6q1nyIe3Y7HhqjaMj72w,autor:UCjSKM9j0Q7HLDr1hD6D-TUw,1
autor:UCTD6q1nyIe3Y7HhqjaMj72w,autor:UCujPF2nBgsTD62nWE3lcpIg,1
autor:UCTD6q1nyIe3Y7HhqjaMj72w,autor:UCpIdtvoFHVLGASGB5ySqIEA,1
autor:UCTD6q1nyIe3Y7HhqjaMj72w,autor:UChZknRmJkeGeQk0-mQuhDOg,1
autor:UCTD6q1nyIe3Y7HhqjaMj72w,autor:UCXr8_5WtGeipe4haOoQDgyQ,1
autor:UCTD6q1nyIe3Y7HhqjaMj72w,autor:UCljDbleJul41G1TzOjOZAVA,1
autor:UCTD6q1nyIe3Y7HhqjaMj72w,autor:UCUIIIPTVDVHAXqhC_5V6lPA,1
autor:UCTD6q1nyIe3Y7HhqjaMj72w,autor:UCj-LL25XJnjxepPKCc3NGog,1
autor:UCTD6q1nyIe3Y7HhqjaMj72w,autor:UCtUR3_CAiE7fCoZHM6cMfyQ,1
autor:UCTD6q1nyIe3Y7HhqjaMj72w,autor:UCr1emrogPKkKTs_WTtx71xg,1
autor:UCTD6q1nyIe3Y7HhqjaMj72w,autor:UCV0iizTBoOfdAFX_thfI9BA,1
autor:UCTD6q1nyIe3Y7HhqjaMj72w,autor:UCsjs5Hp_r86x1xbK6FAeqaA,1
autor:UCTD6q1nyIe3Y7HhqjaMj72w,autor:UCwha8rxULYMVtNwZWeSkE1A,1
autor:UCTD6q1nyIe3Y7HhqjaMj72w,autor:UCwW2OFy95P7ZBkOPxWkpvYg,1
autor:UCTD6q1nyIe3Y7HhqjaMj72w,autor:UCpl8rF8uv_8uui-QRvuJaRA,1
autor:UCTD6q1nyIe3Y7HhqjaMj72w,autor:UCsJJAvrVGupdmhOqgtDp8dg,1
autor:UCTD6q1nyIe3Y7HhqjaMj72w,autor:UCTP3O0rMnc8z8v8jaDQwL0w,1
autor:UCTD6q1nyIe3Y7HhqjaMj72w,autor:UCvApqeCbLod-wejtT4CcVuA,1
autor:UCTD6q1nyIe3Y7HhqjaMj72w,autor:UCYN4wSQ1Sx4_LurxLlW7MPg,1
autor:UCTD6q1nyIe3Y7HhqjaMj72w,autor:UCueV9cTyTDwgQSec1x2dYgA,1
autor:UCTD6q1nyIe3Y7HhqjaMj72w,autor:UChgkn5Jt5tWKYMoEOuCjz3Q,1
autor:UCTD6q1nyIe3Y7HhqjaMj72w,autor:UCiMythXHsw7eQEMykCdmMUA,1
autor:UCTD6q1nyIe3Y7HhqjaMj72w,autor:UCz3gu01bmjNv0DpRq-K3XYg,1
autor:UCTD6q1nyIe3Y7HhqjaMj72w,autor:UCkd9W714-947dEE6ZOEBATA,1
autor:UCTD6q1nyIe3Y7HhqjaMj72w,autor:UCTwSut16JyAg3mX6LVUNGqA,1
autor:UCTD6q1nyIe3Y7HhqjaMj72w,autor:UCXXh7yg5KUFIWylTiKVEFKQ,1
autor:UCTD6q1nyIe3Y7HhqjaMj72w,autor:UCylqlpsh8ENNM1LqgQ1KbxA,1
autor:UCTD6q1nyIe3Y7HhqjaMj72w,autor:UCYwpX26TrCxq8TvbKGRYLXA,1
autor:UCTD6q1nyIe3Y7HhqjaMj72w,autor:UCwO2SXr0ggzwg6QWWrr01nQ,1
autor:UCTD6q1nyIe3Y7HhqjaMj72w,autor:UCXgr7vXlRrsaskPdo097kGA,1
autor:UCTD6q1nyIe3Y7HhqjaMj72w,autor:UCsSXdJct-nsS8DsABoEsaYA,1
autor:UCTD6q1nyIe3Y7HhqjaMj72w,autor:UCcfdg8crmMJwEuLUsAhV7yg,1
autor:UCTD6q1nyIe3Y7HhqjaMj72w,autor:UCiGRBf2RNF0WRKhRVT7zFoA,1
autor:UCTD6q1nyIe3Y7HhqjaMj72w,autor:UCWIZUtKJ636y-4TYrNvok0g,1
autor:UCTD6q1nyIe3Y7HhqjaMj72w,autor:UCplrIQtaPj6au60_f2-mOYw,1
autor:UCTD6q1nyIe3Y7HhqjaMj72w,autor:UCxff05WuyvwELNITi7bj7UA,1
autor:UCTD6q1nyIe3Y7HhqjaMj72w,autor:UCgvw7xIdGFupzpt1Y_BFkEA,1
autor:UCTD6q1nyIe3Y7HhqjaMj72w,autor:UCipetjeiWj4CZB6EbyYziZg,1
autor:UCTD6q1nyIe3Y7HhqjaMj72w,autor:UChep9kVb5gQmpodEEl10Xlg,1
autor:UCTP3O0rMnc8z8v8jaDQwL0w,autor:UCzoL2l5H5eVlorWGH8AZfAg,1
autor:UCTP3O0rMnc8z8v8jaDQwL0w,autor:UCl0ekS9Tt0jJGtOEM18S63w,1
autor:UCTP3O0rMnc8z8v8jaDQwL0w,autor:UCXSkL3ejZ8qWYyF_M7s_QKA,1
autor:UCTP3O0rMnc8z8v8jaDQwL0w,autor:UCySYJU5kUh7X8gVt9la2ISA,1
autor:UCTP3O0rMnc8z8v8jaDQwL0w,autor:UCZ51R_9Q9C0c8I3pAWhtmjQ,1
autor:UCTP3O0rMnc8z8v8jaDQwL0w,autor:UCp4iw5_5SmV9VGTFSNVGOmQ,1
autor:UCTP3O0rMnc8z8v8jaDQwL0w,autor:UCut6b9S98nv84cVX89PmKzA,1
autor:UCTP3O0rMnc8z8v8jaDQwL0w,autor:UCsUCN0Yq_UyTvKjOJLmNrnQ,1
autor:UCTP3O0rMnc8z8v8jaDQwL0w,autor:UCZLG9qH0tUjNhEGFIUt0CYw,1
autor:UCTP3O0rMnc8z8v8jaDQwL0w,autor:UChs3tU2BcKOT0CezykvAsGw,1
autor:UCTP3O0rMnc8z8v8jaDQwL0w,autor:UCrJn_rbo_ENAdeqneS-RmRw,1
autor:UCTP3O0rMnc8z8v8jaDQwL0w,autor:UCThW2XNsAaBKme5PUt7n-Zg,1
autor:UCTP3O0rMnc8z8v8jaDQwL0w,autor:UCmvOgzmmXbjUthHy-WJ52hQ,1
autor:UCTP3O0rMnc8z8v8jaDQwL0w,autor:UCpsKOkt5iWTbenzeuq7dsmQ,1
autor:UCTP3O0rMnc8z8v8jaDQwL0w,autor:UCi1b_TRQfgO1Z9O2gNGGWNA,1
autor:UCTP3O0rMnc8z8v8jaDQwL0w,autor:UCfM3nrxtTQMY5jFx1v1J4Gg,1
autor:UCTP3O0rMnc8z8v8jaDQwL0w,autor:UCjmPuazZJzscrwvk0QR9RVw,1
autor:UCTP3O0rMnc8z8v8jaDQwL0w,autor:UCtNfIBnc5S5DbbQj_yxgJTw,1
autor:UCTP3O0rMnc8z8v8jaDQwL0w,autor:UCmjppp6ujz3SAnULvP3sZMw,1
autor:UCTP3O0rMnc8z8v8jaDQwL0w,autor:UCzSfZlOVxBSs5ObD25ywxDQ,1
autor:UCTP3O0rMnc8z8v8jaDQwL0w,autor:UCTylKrsqkrBKIqubMu_5N0Q,1
autor:UCTP3O0rMnc8z8v8jaDQwL0w,autor:UCh5ESQvtzyHDhCA7XyekCFA,1
autor:UCTP3O0rMnc8z8v8jaDQwL0w,autor:UCjSKM9j0Q7HLDr1hD6D-TUw,1
autor:UCTP3O0rMnc8z8v8jaDQwL0w,autor:UCujPF2nBgsTD62nWE3lcpIg,1
autor:UCTP3O0rMnc8z8v8jaDQwL0w,autor:UCpIdtvoFHVLGASGB5ySqIEA,1
autor:UCTP3O0rMnc8z8v8jaDQwL0w,autor:UChZknRmJkeGeQk0-mQuhDOg,1
autor:UCTP3O0rMnc8z8v8jaDQwL0w,autor:UCXr8_5WtGeipe4haOoQDgyQ,1
autor:UCTP3O0rMnc8z8v8jaDQwL0w,autor:UCljDbleJul41G1TzOjOZAVA,1
autor:UCTP3O0rMnc8z8v8jaDQwL0w,autor:UCUIIIPTVDVHAXqhC_5V6lPA,1
autor:UCTP3O0rMnc8z8v8jaDQwL0w,autor:UCj-LL25XJnjxepPKCc3NGog,1
autor:UCTP3O0rMnc8z8v8jaDQwL0w,autor:UCtUR3_CAiE7fCoZHM6cMfyQ,1
autor:UCTP3O0rMnc8z8v8jaDQwL0w,autor:UCr1emrogPKkKTs_WTtx71xg,1
autor:UCTP3O0rMnc8z8v8jaDQwL0w,autor:UCV0iizTBoOfdAFX_thfI9BA,1
autor:UCTP3O0rMnc8z8v8jaDQwL0w,autor:UCsjs5Hp_r86x1xbK6FAeqaA,1
autor:UCTP3O0rMnc8z8v8jaDQwL0w,autor:UCwha8rxULYMVtNwZWeSkE1A,1
autor:UCTP3O0rMnc8z8v8jaDQwL0w,autor:UCwW2OFy95P7ZBkOPxWkpvYg,1
autor:UCTP3O0rMnc8z8v8jaDQwL0w,autor:UCpl8rF8uv_8uui-QRvuJaRA,1
autor:UCTP3O0rMnc8z8v8jaDQwL0w,autor:UCsJJAvrVGupdmhOqgtDp8dg,1
autor:UCTP3O0rMnc8z8v8jaDQwL0w,autor:UCvApqeCbLod-wejtT4CcVuA,1
autor:UCTP3O0rMnc8z8v8jaDQwL0w,autor:UCYN4wSQ1Sx4_LurxLlW7MPg,1
autor:UCTP3O0rMnc8z8v8jaDQwL0w,autor:UCueV9cTyTDwgQSec1x2dYgA,1
autor:UCTP3O0rMnc8z8v8jaDQwL0w,autor:UChgkn5Jt5tWKYMoEOuCjz3Q,1
autor:UCTP3O0rMnc8z8v8jaDQwL0w,autor:UCiMythXHsw7eQEMykCdmMUA,1
autor:UCTP3O0rMnc8z8v8jaDQwL0w,autor:UCz3gu01bmjNv0DpRq-K3XYg,1
autor:UCTP3O0rMnc8z8v8jaDQwL0w,autor:UCkd9W714-947dEE6ZOEBATA,1
autor:UCTP3O0rMnc8z8v8jaDQwL0w,autor:UCTwSut16JyAg3mX6LVUNGqA,1
autor:UCTP3O0rMnc8z8v8jaDQwL0w,autor:UCXXh7yg5KUFIWylTiKVEFKQ,1
autor:UCTP3O0rMnc8z8v8jaDQwL0w,autor:UCylqlpsh8ENNM1LqgQ1KbxA,1
autor:UCTP3O0rMnc8z8v8jaDQwL0w,autor:UCYwpX26TrCxq8TvbKGRYLXA,1
autor:UCTP3O0rMnc8z8v8jaDQwL0w,autor:UCwO2SXr0ggzwg6QWWrr01nQ,1
autor:UCTP3O0rMnc8z8v8jaDQwL0w,autor:UCXgr7vXlRrsaskPdo097kGA,1
autor:UCTP3O0rMnc8z8v8jaDQwL0w,autor:UCsSXdJct-nsS8DsABoEsaYA,1
autor:UCTP3O0rMnc8z8v8jaDQwL0w,autor:UCcfdg8crmMJwEuLUsAhV7yg,1
autor:UCTP3O0rMnc8z8v8jaDQwL0w,autor:UCiGRBf2RNF0WRKhRVT7zFoA,1
autor:UCTP3O0rMnc8z8v8jaDQwL0w,autor:UCWIZUtKJ636y-4TYrNvok0g,1
autor:UCTP3O0rMnc8z8v8jaDQwL0w,autor:UCplrIQtaPj6au60_f2-mOYw,1
autor:UCTP3O0rMnc8z8v8jaDQwL0w,autor:UCxff05WuyvwELNITi7bj7UA,1
autor:UCTP3O0rMnc8z8v8jaDQwL0w,autor:UCgvw7xIdGFupzpt1Y_BFkEA,1
autor:UCTP3O0rMnc8z8v8jaDQwL0w,autor:UCipetjeiWj4CZB6EbyYziZg,1
autor:UCTP3O0rMnc8z8v8jaDQwL0w,autor:UChep9kVb5gQmpodEEl10Xlg,1
autor:UCTTILH6QCIxbTnEWxwRqs1g,autor:UCbrtvygfRT6QXqWDNrOf-cA,1
autor:UCTTILH6QCIxbTnEWxwRqs1g,autor:UCc_F88PzGWtA1OPNUEASulA,1
autor:UCTTILH6QCIxbTnEWxwRqs1g,autor:UCXVLc8CmAO813ubM-fLvCDw,1
autor:UCTTILH6QCIxbTnEWxwRqs1g,autor:UCvcu1kR8xMYy_I1Ty-2mV2Q,1
autor:UCTTILH6QCIxbTnEWxwRqs1g,autor:UCXl30Y_upRqbti52fmjK4YA,1
autor:UCTTILH6QCIxbTnEWxwRqs1g,autor:UCxcoDvP-g2_KTZDmVZtvb3w,1
autor:UCTTILH6QCIxbTnEWxwRqs1g,autor:UCwEe1RKlEv1UpNWmWYfSh4w,1
autor:UCTTILH6QCIxbTnEWxwRqs1g,autor:UCXO1BBohNWXkK9SBDAG2ySg,1
autor:UCTTILH6QCIxbTnEWxwRqs1g,autor:UChT7pzGytNd92Nmvi-zuWog,1
autor:UCTTILH6QCIxbTnEWxwRqs1g,autor:UCdQAuWwyC99MB7Y02Umj26Q,1
autor:UCTTILH6QCIxbTnEWxwRqs1g,autor:UCefAH1MbvADWUjE9WVcB9EQ,1
autor:UCTTILH6QCIxbTnEWxwRqs1g,autor:UCkxdJ_yGN2gghOMo2ybQtXQ,1
autor:UCTTILH6QCIxbTnEWxwRqs1g,autor:UCcFIBN-rtC3d3hXeuN5TfWw,1
autor:UCThW2XNsAaBKme5PUt7n-Zg,autor:UCzoL2l5H5eVlorWGH8AZfAg,1
autor:UCThW2XNsAaBKme5PUt7n-Zg,autor:UCl0ekS9Tt0jJGtOEM18S63w,1
autor:UCThW2XNsAaBKme5PUt7n-Zg,autor:UCXSkL3ejZ8qWYyF_M7s_QKA,1
autor:UCThW2XNsAaBKme5PUt7n-Zg,autor:UCySYJU5kUh7X8gVt9la2ISA,1
autor:UCThW2XNsAaBKme5PUt7n-Zg,autor:UCZ51R_9Q9C0c8I3pAWhtmjQ,1
autor:UCThW2XNsAaBKme5PUt7n-Zg,autor:UCp4iw5_5SmV9VGTFSNVGOmQ,1
autor:UCThW2XNsAaBKme5PUt7n-Zg,autor:UCut6b9S98nv84cVX89PmKzA,1
autor:UCThW2XNsAaBKme5PUt7n-Zg,autor:UCsUCN0Yq_UyTvKjOJLmNrnQ,1
autor:UCThW2XNsAaBKme5PUt7n-Zg,autor:UCZLG9qH0tUjNhEGFIUt0CYw,1
autor:UCThW2XNsAaBKme5PUt7n-Zg,autor:UChs3tU2BcKOT0CezykvAsGw,1
autor:UCThW2XNsAaBKme5PUt7n-Zg,autor:UCrJn_rbo_ENAdeqneS-RmRw,1
autor:UCThW2XNsAaBKme5PUt7n-Zg,autor:UCmvOgzmmXbjUthHy-WJ52hQ,1
autor:UCThW2XNsAaBKme5PUt7n-Zg,autor:UCpsKOkt5iWTbenzeuq7dsmQ,1
autor:UCThW2XNsAaBKme5PUt7n-Zg,autor:UCi1b_TRQfgO1Z9O2gNGGWNA,1
autor:UCThW2XNsAaBKme5PUt7n-Zg,autor:UCfM3nrxtTQMY5jFx1v1J4Gg,1
autor:UCThW2XNsAaBKme5PUt7n-Zg,autor:UCjmPuazZJzscrwvk0QR9RVw,1
autor:UCThW2XNsAaBKme5PUt7n-Zg,autor:UCtNfIBnc5S5DbbQj_yxgJTw,1
autor:UCThW2XNsAaBKme5PUt7n-Zg,autor:UCmjppp6ujz3SAnULvP3sZMw,1
autor:UCThW2XNsAaBKme5PUt7n-Zg,autor:UCzSfZlOVxBSs5ObD25ywxDQ,1
autor:UCThW2XNsAaBKme5PUt7n-Zg,autor:UCTylKrsqkrBKIqubMu_5N0Q,1
autor:UCThW2XNsAaBKme5PUt7n-Zg,autor:UCh5ESQvtzyHDhCA7XyekCFA,1
autor:UCThW2XNsAaBKme5PUt7n-Zg,autor:UCjSKM9j0Q7HLDr1hD6D-TUw,1
autor:UCThW2XNsAaBKme5PUt7n-Zg,autor:UCujPF2nBgsTD62nWE3lcpIg,1
autor:UCThW2XNsAaBKme5PUt7n-Zg,autor:UCpIdtvoFHVLGASGB5ySqIEA,1
autor:UCThW2XNsAaBKme5PUt7n-Zg,autor:UChZknRmJkeGeQk0-mQuhDOg,1
autor:UCThW2XNsAaBKme5PUt7n-Zg,autor:UCXr8_5WtGeipe4haOoQDgyQ,1
autor:UCThW2XNsAaBKme5PUt7n-Zg,autor:UCljDbleJul41G1TzOjOZAVA,1
autor:UCThW2XNsAaBKme5PUt7n-Zg,autor:UCUIIIPTVDVHAXqhC_5V6lPA,1
autor:UCThW2XNsAaBKme5PUt7n-Zg,autor:UCj-LL25XJnjxepPKCc3NGog,1
autor:UCThW2XNsAaBKme5PUt7n-Zg,autor:UCtUR3_CAiE7fCoZHM6cMfyQ,1
autor:UCThW2XNsAaBKme5PUt7n-Zg,autor:UCr1emrogPKkKTs_WTtx71xg,1
autor:UCThW2XNsAaBKme5PUt7n-Zg,autor:UCV0iizTBoOfdAFX_thfI9BA,1
autor:UCThW2XNsAaBKme5PUt7n-Zg,autor:UCsjs5Hp_r86x1xbK6FAeqaA,1
autor:UCThW2XNsAaBKme5PUt7n-Zg,autor:UCwha8rxULYMVtNwZWeSkE1A,1
autor:UCThW2XNsAaBKme5PUt7n-Zg,autor:UCwW2OFy95P7ZBkOPxWkpvYg,1
autor:UCThW2XNsAaBKme5PUt7n-Zg,autor:UCpl8rF8uv_8uui-QRvuJaRA,1
autor:UCThW2XNsAaBKme5PUt7n-Zg,autor:UCsJJAvrVGupdmhOqgtDp8dg,1
autor:UCThW2XNsAaBKme5PUt7n-Zg,autor:UCvApqeCbLod-wejtT4CcVuA,1
autor:UCThW2XNsAaBKme5PUt7n-Zg,autor:UCYN4wSQ1Sx4_LurxLlW7MPg,1
autor:UCThW2XNsAaBKme5PUt7n-Zg,autor:UCueV9cTyTDwgQSec1x2dYgA,1
autor:UCThW2XNsAaBKme5PUt7n-Zg,autor:UChgkn5Jt5tWKYMoEOuCjz3Q,1
autor:UCThW2XNsAaBKme5PUt7n-Zg,autor:UCiMythXHsw7eQEMykCdmMUA,1
autor:UCThW2XNsAaBKme5PUt7n-Zg,autor:UCz3gu01bmjNv0DpRq-K3XYg,1
autor:UCThW2XNsAaBKme5PUt7n-Zg,autor:UCkd9W714-947dEE6ZOEBATA,1
autor:UCThW2XNsAaBKme5PUt7n-Zg,autor:UCTwSut16JyAg3mX6LVUNGqA,1
autor:UCThW2XNsAaBKme5PUt7n-Zg,autor:UCXXh7yg5KUFIWylTiKVEFKQ,1
autor:UCThW2XNsAaBKme5PUt7n-Zg,autor:UCylqlpsh8ENNM1LqgQ1KbxA,1
autor:UCThW2XNsAaBKme5PUt7n-Zg,autor:UCYwpX26TrCxq8TvbKGRYLXA,1
autor:UCThW2XNsAaBKme5PUt7n-Zg,autor:UCwO2SXr0ggzwg6QWWrr01nQ,1
autor:UCThW2XNsAaBKme5PUt7n-Zg,autor:UCXgr7vXlRrsaskPdo097kGA,1
autor:UCThW2XNsAaBKme5PUt7n-Zg,autor:UCsSXdJct-nsS8DsABoEsaYA,1
autor:UCThW2XNsAaBKme5PUt7n-Zg,autor:UCcfdg8crmMJwEuLUsAhV7yg,1
autor:UCThW2XNsAaBKme5PUt7n-Zg,autor:UCiGRBf2RNF0WRKhRVT7zFoA,1
autor:UCThW2XNsAaBKme5PUt7n-Zg,autor:UCWIZUtKJ636y-4TYrNvok0g,1
autor:UCThW2XNsAaBKme5PUt7n-Zg,autor:UCplrIQtaPj6au60_f2-mOYw,1
autor:UCThW2XNsAaBKme5PUt7n-Zg,autor:UCxff05WuyvwELNITi7bj7UA,1
autor:UCThW2XNsAaBKme5PUt7n-Zg,autor:UCgvw7xIdGFupzpt1Y_BFkEA,1
autor:UCThW2XNsAaBKme5PUt7n-Zg,autor:UCipetjeiWj4CZB6EbyYziZg,1
autor:UCThW2XNsAaBKme5PUt7n-Zg,autor:UChep9kVb5gQmpodEEl10Xlg,1
autor:UCTwSut16JyAg3mX6LVUNGqA,autor:UCzoL2l5H5eVlorWGH8AZfAg,1
autor:UCTwSut16JyAg3mX6LVUNGqA,autor:UCl0ekS9Tt0jJGtOEM18S63w,1
autor:UCTwSut16JyAg3mX6LVUNGqA,autor:UCXSkL3ejZ8qWYyF_M7s_QKA,1
autor:UCTwSut16JyAg3mX6LVUNGqA,autor:UCySYJU5kUh7X8gVt9la2ISA,1
autor:UCTwSut16JyAg3mX6LVUNGqA,autor:UCZ51R_9Q9C0c8I3pAWhtmjQ,1
autor:UCTwSut16JyAg3mX6LVUNGqA,autor:UCp4iw5_5SmV9VGTFSNVGOmQ,1
autor:UCTwSut16JyAg3mX6LVUNGqA,autor:UCut6b9S98nv84cVX89PmKzA,1
autor:UCTwSut16JyAg3mX6LVUNGqA,autor:UCsUCN0Yq_UyTvKjOJLmNrnQ,1
autor:UCTwSut16JyAg3mX6LVUNGqA,autor:UCZLG9qH0tUjNhEGFIUt0CYw,1
autor:UCTwSut16JyAg3mX6LVUNGqA,autor:UChs3tU2BcKOT0CezykvAsGw,1
autor:UCTwSut16JyAg3mX6LVUNGqA,autor:UCrJn_rbo_ENAdeqneS-RmRw,1
autor:UCTwSut16JyAg3mX6LVUNGqA,autor:UCmvOgzmmXbjUthHy-WJ52hQ,1
autor:UCTwSut16JyAg3mX6LVUNGqA,autor:UCpsKOkt5iWTbenzeuq7dsmQ,1
autor:UCTwSut16JyAg3mX6LVUNGqA,autor:UCi1b_TRQfgO1Z9O2gNGGWNA,1
autor:UCTwSut16JyAg3mX6LVUNGqA,autor:UCfM3nrxtTQMY5jFx1v1J4Gg,1
autor:UCTwSut16JyAg3mX6LVUNGqA,autor:UCjmPuazZJzscrwvk0QR9RVw,1
autor:UCTwSut16JyAg3mX6LVUNGqA,autor:UCtNfIBnc5S5DbbQj_yxgJTw,1
autor:UCTwSut16JyAg3mX6LVUNGqA,autor:UCmjppp6ujz3SAnULvP3sZMw,1
autor:UCTwSut16JyAg3mX6LVUNGqA,autor:UCzSfZlOVxBSs5ObD25ywxDQ,1
autor:UCTwSut16JyAg3mX6LVUNGqA,autor:UCTylKrsqkrBKIqubMu_5N0Q,1
autor:UCTwSut16JyAg3mX6LVUNGqA,autor:UCh5ESQvtzyHDhCA7XyekCFA,1
autor:UCTwSut16JyAg3mX6LVUNGqA,autor:UCjSKM9j0Q7HLDr1hD6D-TUw,1
autor:UCTwSut16JyAg3mX6LVUNGqA,autor:UCujPF2nBgsTD62nWE3lcpIg,1
autor:UCTwSut16JyAg3mX6LVUNGqA,autor:UCpIdtvoFHVLGASGB5ySqIEA,1
autor:UCTwSut16JyAg3mX6LVUNGqA,autor:UChZknRmJkeGeQk0-mQuhDOg,1
autor:UCTwSut16JyAg3mX6LVUNGqA,autor:UCXr8_5WtGeipe4haOoQDgyQ,1
autor:UCTwSut16JyAg3mX6LVUNGqA,autor:UCljDbleJul41G1TzOjOZAVA,1
autor:UCTwSut16JyAg3mX6LVUNGqA,autor:UCUIIIPTVDVHAXqhC_5V6lPA,1
autor:UCTwSut16JyAg3mX6LVUNGqA,autor:UCj-LL25XJnjxepPKCc3NGog,1
autor:UCTwSut16JyAg3mX6LVUNGqA,autor:UCtUR3_CAiE7fCoZHM6cMfyQ,1
autor:UCTwSut16JyAg3mX6LVUNGqA,autor:UCr1emrogPKkKTs_WTtx71xg,1
autor:UCTwSut16JyAg3mX6LVUNGqA,autor:UCV0iizTBoOfdAFX_thfI9BA,1
autor:UCTwSut16JyAg3mX6LVUNGqA,autor:UCsjs5Hp_r86x1xbK6FAeqaA,1
autor:UCTwSut16JyAg3mX6LVUNGqA,autor:UCwha8rxULYMVtNwZWeSkE1A,1
autor:UCTwSut16JyAg3mX6LVUNGqA,autor:UCwW2OFy95P7ZBkOPxWkpvYg,1
autor:UCTwSut16JyAg3mX6LVUNGqA,autor:UCpl8rF8uv_8uui-QRvuJaRA,1
autor:UCTwSut16JyAg3mX6LVUNGqA,autor:UCsJJAvrVGupdmhOqgtDp8dg,1
autor:UCTwSut16JyAg3mX6LVUNGqA,autor:UCvApqeCbLod-wejtT4CcVuA,1
autor:UCTwSut16JyAg3mX6LVUNGqA,autor:UCYN4wSQ1Sx4_LurxLlW7MPg,1
autor:UCTwSut16JyAg3mX6LVUNGqA,autor:UCueV9cTyTDwgQSec1x2dYgA,1
autor:UCTwSut16JyAg3mX6LVUNGqA,autor:UChgkn5Jt5tWKYMoEOuCjz3Q,1
autor:UCTwSut16JyAg3mX6LVUNGqA,autor:UCiMythXHsw7eQEMykCdmMUA,1
autor:UCTwSut16JyAg3mX6LVUNGqA,autor:UCz3gu01bmjNv0DpRq-K3XYg,1
autor:UCTwSut16JyAg3mX6LVUNGqA,autor:UCkd9W714-947dEE6ZOEBATA,1
autor:UCTwSut16JyAg3mX6LVUNGqA,autor:UCXXh7yg5KUFIWylTiKVEFKQ,1
autor:UCTwSut16JyAg3mX6LVUNGqA,autor:UCylqlpsh8ENNM1LqgQ1KbxA,1
autor:UCTwSut16JyAg3mX6LVUNGqA,autor:UCYwpX26TrCxq8TvbKGRYLXA,1
autor:UCTwSut16JyAg3mX6LVUNGqA,autor:UCwO2SXr0ggzwg6QWWrr01nQ,1
autor:UCTwSut16JyAg3mX6LVUNGqA,autor:UCXgr7vXlRrsaskPdo097kGA,1
autor:UCTwSut16JyAg3mX6LVUNGqA,autor:UCsSXdJct-nsS8DsABoEsaYA,1
autor:UCTwSut16JyAg3mX6LVUNGqA,autor:UCcfdg8crmMJwEuLUsAhV7yg,1
autor:UCTwSut16JyAg3mX6LVUNGqA,autor:UCiGRBf2RNF0WRKhRVT7zFoA,1
autor:UCTwSut16JyAg3mX6LVUNGqA,autor:UCWIZUtKJ636y-4TYrNvok0g,1
autor:UCTwSut16JyAg3mX6LVUNGqA,autor:UCplrIQtaPj6au60_f2-mOYw,1
autor:UCTwSut16JyAg3mX6LVUNGqA,autor:UCxff05WuyvwELNITi7bj7UA,1
autor:UCTwSut16JyAg3mX6LVUNGqA,autor:UCgvw7xIdGFupzpt1Y_BFkEA,1
autor:UCTwSut16JyAg3mX6LVUNGqA,autor:UCipetjeiWj4CZB6EbyYziZg,1
autor:UCTwSut16JyAg3mX6LVUNGqA,autor:UChep9kVb5gQmpodEEl10Xlg,1
autor:UCTylKrsqkrBKIqubMu_5N0Q,autor:UCzoL2l5H5eVlorWGH8AZfAg,1
autor:UCTylKrsqkrBKIqubMu_5N0Q,autor:UCl0ekS9Tt0jJGtOEM18S63w,1
autor:UCTylKrsqkrBKIqubMu_5N0Q,autor:UCXSkL3ejZ8qWYyF_M7s_QKA,1
autor:UCTylKrsqkrBKIqubMu_5N0Q,autor:UCySYJU5kUh7X8gVt9la2ISA,1
autor:UCTylKrsqkrBKIqubMu_5N0Q,autor:UCZ51R_9Q9C0c8I3pAWhtmjQ,1
autor:UCTylKrsqkrBKIqubMu_5N0Q,autor:UCp4iw5_5SmV9VGTFSNVGOmQ,1
autor:UCTylKrsqkrBKIqubMu_5N0Q,autor:UCut6b9S98nv84cVX89PmKzA,1
autor:UCTylKrsqkrBKIqubMu_5N0Q,autor:UCsUCN0Yq_UyTvKjOJLmNrnQ,1
autor:UCTylKrsqkrBKIqubMu_5N0Q,autor:UCZLG9qH0tUjNhEGFIUt0CYw,1
autor:UCTylKrsqkrBKIqubMu_5N0Q,autor:UChs3tU2BcKOT0CezykvAsGw,1
autor:UCTylKrsqkrBKIqubMu_5N0Q,autor:UCrJn_rbo_ENAdeqneS-RmRw,1
autor:UCTylKrsqkrBKIqubMu_5N0Q,autor:UCmvOgzmmXbjUthHy-WJ52hQ,1
autor:UCTylKrsqkrBKIqubMu_5N0Q,autor:UCpsKOkt5iWTbenzeuq7dsmQ,1
autor:UCTylKrsqkrBKIqubMu_5N0Q,autor:UCi1b_TRQfgO1Z9O2gNGGWNA,1
autor:UCTylKrsqkrBKIqubMu_5N0Q,autor:UCfM3nrxtTQMY5jFx1v1J4Gg,1
autor:UCTylKrsqkrBKIqubMu_5N0Q,autor:UCjmPuazZJzscrwvk0QR9RVw,1
autor:UCTylKrsqkrBKIqubMu_5N0Q,autor:UCtNfIBnc5S5DbbQj_yxgJTw,1
autor:UCTylKrsqkrBKIqubMu_5N0Q,autor:UCmjppp6ujz3SAnULvP3sZMw,1
autor:UCTylKrsqkrBKIqubMu_5N0Q,autor:UCzSfZlOVxBSs5ObD25ywxDQ,1
autor:UCTylKrsqkrBKIqubMu_5N0Q,autor:UCh5ESQvtzyHDhCA7XyekCFA,1
autor:UCTylKrsqkrBKIqubMu_5N0Q,autor:UCjSKM9j0Q7HLDr1hD6D-TUw,1
autor:UCTylKrsqkrBKIqubMu_5N0Q,autor:UCujPF2nBgsTD62nWE3lcpIg,1
autor:UCTylKrsqkrBKIqubMu_5N0Q,autor:UCpIdtvoFHVLGASGB5ySqIEA,1
autor:UCTylKrsqkrBKIqubMu_5N0Q,autor:UChZknRmJkeGeQk0-mQuhDOg,1
autor:UCTylKrsqkrBKIqubMu_5N0Q,autor:UCXr8_5WtGeipe4haOoQDgyQ,1
autor:UCTylKrsqkrBKIqubMu_5N0Q,autor:UCljDbleJul41G1TzOjOZAVA,1
autor:UCTylKrsqkrBKIqubMu_5N0Q,autor:UCUIIIPTVDVHAXqhC_5V6lPA,1
autor:UCTylKrsqkrBKIqubMu_5N0Q,autor:UCj-LL25XJnjxepPKCc3NGog,1
autor:UCTylKrsqkrBKIqubMu_5N0Q,autor:UCtUR3_CAiE7fCoZHM6cMfyQ,1
autor:UCTylKrsqkrBKIqubMu_5N0Q,autor:UCr1emrogPKkKTs_WTtx71xg,1
autor:UCTylKrsqkrBKIqubMu_5N0Q,autor:UCV0iizTBoOfdAFX_thfI9BA,1
autor:UCTylKrsqkrBKIqubMu_5N0Q,autor:UCsjs5Hp_r86x1xbK6FAeqaA,1
autor:UCTylKrsqkrBKIqubMu_5N0Q,autor:UCwha8rxULYMVtNwZWeSkE1A,1
autor:UCTylKrsqkrBKIqubMu_5N0Q,autor:UCwW2OFy95P7ZBkOPxWkpvYg,1
autor:UCTylKrsqkrBKIqubMu_5N0Q,autor:UCpl8rF8uv_8uui-QRvuJaRA,1
autor:UCTylKrsqkrBKIqubMu_5N0Q,autor:UCsJJAvrVGupdmhOqgtDp8dg,1
autor:UCTylKrsqkrBKIqubMu_5N0Q,autor:UCvApqeCbLod-wejtT4CcVuA,1
autor:UCTylKrsqkrBKIqubMu_5N0Q,autor:UCYN4wSQ1Sx4_LurxLlW7MPg,1
autor:UCTylKrsqkrBKIqubMu_5N0Q,autor:UCueV9cTyTDwgQSec1x2dYgA,1
autor:UCTylKrsqkrBKIqubMu_5N0Q,autor:UChgkn5Jt5tWKYMoEOuCjz3Q,1
autor:UCTylKrsqkrBKIqubMu_5N0Q,autor:UCiMythXHsw7eQEMykCdmMUA,1
autor:UCTylKrsqkrBKIqubMu_5N0Q,autor:UCz3gu01bmjNv0DpRq-K3XYg,1
autor:UCTylKrsqkrBKIqubMu_5N0Q,autor:UCkd9W714-947dEE6ZOEBATA,1
autor:UCTylKrsqkrBKIqubMu_5N0Q,autor:UCXXh7yg5KUFIWylTiKVEFKQ,1
autor:UCTylKrsqkrBKIqubMu_5N0Q,autor:UCylqlpsh8ENNM1LqgQ1KbxA,1
autor:UCTylKrsqkrBKIqubMu_5N0Q,autor:UCYwpX26TrCxq8TvbKGRYLXA,1
autor:UCTylKrsqkrBKIqubMu_5N0Q,autor:UCwO2SXr0ggzwg6QWWrr01nQ,1
autor:UCTylKrsqkrBKIqubMu_5N0Q,autor:UCXgr7vXlRrsaskPdo097kGA,1
autor:UCTylKrsqkrBKIqubMu_5N0Q,autor:UCsSXdJct-nsS8DsABoEsaYA,1
autor:UCTylKrsqkrBKIqubMu_5N0Q,autor:UCcfdg8crmMJwEuLUsAhV7yg,1
autor:UCTylKrsqkrBKIqubMu_5N0Q,autor:UCiGRBf2RNF0WRKhRVT7zFoA,1
autor:UCTylKrsqkrBKIqubMu_5N0Q,autor:UCWIZUtKJ636y-4TYrNvok0g,1
autor:UCTylKrsqkrBKIqubMu_5N0Q,autor:UCplrIQtaPj6au60_f2-mOYw,1
autor:UCTylKrsqkrBKIqubMu_5N0Q,autor:UCxff05WuyvwELNITi7bj7UA,1
autor:UCTylKrsqkrBKIqubMu_5N0Q,autor:UCgvw7xIdGFupzpt1Y_BFkEA,1
autor:UCTylKrsqkrBKIqubMu_5N0Q,autor:UCipetjeiWj4CZB6EbyYziZg,1
autor:UCTylKrsqkrBKIqubMu_5N0Q,autor:UChep9kVb5gQmpodEEl10Xlg,1
autor:UCUIIIPTVDVHAXqhC_5V6lPA,autor:UCzoL2l5H5eVlorWGH8AZfAg,1
autor:UCUIIIPTVDVHAXqhC_5V6lPA,autor:UCl0ekS9Tt0jJGtOEM18S63w,1
autor:UCUIIIPTVDVHAXqhC_5V6lPA,autor:UCXSkL3ejZ8qWYyF_M7s_QKA,1
autor:UCUIIIPTVDVHAXqhC_5V6lPA,autor:UCySYJU5kUh7X8gVt9la2ISA,1
autor:UCUIIIPTVDVHAXqhC_5V6lPA,autor:UCZ51R_9Q9C0c8I3pAWhtmjQ,1
autor:UCUIIIPTVDVHAXqhC_5V6lPA,autor:UCp4iw5_5SmV9VGTFSNVGOmQ,1
autor:UCUIIIPTVDVHAXqhC_5V6lPA,autor:UCut6b9S98nv84cVX89PmKzA,1
autor:UCUIIIPTVDVHAXqhC_5V6lPA,autor:UCsUCN0Yq_UyTvKjOJLmNrnQ,1
autor:UCUIIIPTVDVHAXqhC_5V6lPA,autor:UCZLG9qH0tUjNhEGFIUt0CYw,1
autor:UCUIIIPTVDVHAXqhC_5V6lPA,autor:UChs3tU2BcKOT0CezykvAsGw,1
autor:UCUIIIPTVDVHAXqhC_5V6lPA,autor:UCrJn_rbo_ENAdeqneS-RmRw,1
autor:UCUIIIPTVDVHAXqhC_5V6lPA,autor:UCmvOgzmmXbjUthHy-WJ52hQ,1
autor:UCUIIIPTVDVHAXqhC_5V6lPA,autor:UCpsKOkt5iWTbenzeuq7dsmQ,1
autor:UCUIIIPTVDVHAXqhC_5V6lPA,autor:UCi1b_TRQfgO1Z9O2gNGGWNA,1
autor:UCUIIIPTVDVHAXqhC_5V6lPA,autor:UCfM3nrxtTQMY5jFx1v1J4Gg,1
autor:UCUIIIPTVDVHAXqhC_5V6lPA,autor:UCjmPuazZJzscrwvk0QR9RVw,1
autor:UCUIIIPTVDVHAXqhC_5V6lPA,autor:UCtNfIBnc5S5DbbQj_yxgJTw,1
autor:UCUIIIPTVDVHAXqhC_5V6lPA,autor:UCmjppp6ujz3SAnULvP3sZMw,1
autor:UCUIIIPTVDVHAXqhC_5V6lPA,autor:UCzSfZlOVxBSs5ObD25ywxDQ,1
autor:UCUIIIPTVDVHAXqhC_5V6lPA,autor:UCh5ESQvtzyHDhCA7XyekCFA,1
autor:UCUIIIPTVDVHAXqhC_5V6lPA,autor:UCjSKM9j0Q7HLDr1hD6D-TUw,1
autor:UCUIIIPTVDVHAXqhC_5V6lPA,autor:UCujPF2nBgsTD62nWE3lcpIg,1
autor:UCUIIIPTVDVHAXqhC_5V6lPA,autor:UCpIdtvoFHVLGASGB5ySqIEA,1
autor:UCUIIIPTVDVHAXqhC_5V6lPA,autor:UChZknRmJkeGeQk0-mQuhDOg,1
autor:UCUIIIPTVDVHAXqhC_5V6lPA,autor:UCXr8_5WtGeipe4haOoQDgyQ,1
autor:UCUIIIPTVDVHAXqhC_5V6lPA,autor:UCljDbleJul41G1TzOjOZAVA,1
autor:UCUIIIPTVDVHAXqhC_5V6lPA,autor:UCj-LL25XJnjxepPKCc3NGog,1
autor:UCUIIIPTVDVHAXqhC_5V6lPA,autor:UCtUR3_CAiE7fCoZHM6cMfyQ,1
autor:UCUIIIPTVDVHAXqhC_5V6lPA,autor:UCr1emrogPKkKTs_WTtx71xg,1
autor:UCUIIIPTVDVHAXqhC_5V6lPA,autor:UCV0iizTBoOfdAFX_thfI9BA,1
autor:UCUIIIPTVDVHAXqhC_5V6lPA,autor:UCsjs5Hp_r86x1xbK6FAeqaA,1
autor:UCUIIIPTVDVHAXqhC_5V6lPA,autor:UCwha8rxULYMVtNwZWeSkE1A,1
autor:UCUIIIPTVDVHAXqhC_5V6lPA,autor:UCwW2OFy95P7ZBkOPxWkpvYg,1
autor:UCUIIIPTVDVHAXqhC_5V6lPA,autor:UCpl8rF8uv_8uui-QRvuJaRA,1
autor:UCUIIIPTVDVHAXqhC_5V6lPA,autor:UCsJJAvrVGupdmhOqgtDp8dg,1
autor:UCUIIIPTVDVHAXqhC_5V6lPA,autor:UCvApqeCbLod-wejtT4CcVuA,1
autor:UCUIIIPTVDVHAXqhC_5V6lPA,autor:UCYN4wSQ1Sx4_LurxLlW7MPg,1
autor:UCUIIIPTVDVHAXqhC_5V6lPA,autor:UCueV9cTyTDwgQSec1x2dYgA,1
autor:UCUIIIPTVDVHAXqhC_5V6lPA,autor:UChgkn5Jt5tWKYMoEOuCjz3Q,1
autor:UCUIIIPTVDVHAXqhC_5V6lPA,autor:UCiMythXHsw7eQEMykCdmMUA,1
autor:UCUIIIPTVDVHAXqhC_5V6lPA,autor:UCz3gu01bmjNv0DpRq-K3XYg,1
autor:UCUIIIPTVDVHAXqhC_5V6lPA,autor:UCkd9W714-947dEE6ZOEBATA,1
autor:UCUIIIPTVDVHAXqhC_5V6lPA,autor:UCXXh7yg5KUFIWylTiKVEFKQ,1
autor:UCUIIIPTVDVHAXqhC_5V6lPA,autor:UCylqlpsh8ENNM1LqgQ1KbxA,1
autor:UCUIIIPTVDVHAXqhC_5V6lPA,autor:UCYwpX26TrCxq8TvbKGRYLXA,1
autor:UCUIIIPTVDVHAXqhC_5V6lPA,autor:UCwO2SXr0ggzwg6QWWrr01nQ,1
autor:UCUIIIPTVDVHAXqhC_5V6lPA,autor:UCXgr7vXlRrsaskPdo097kGA,1
autor:UCUIIIPTVDVHAXqhC_5V6lPA,autor:UCsSXdJct-nsS8DsABoEsaYA,1
autor:UCUIIIPTVDVHAXqhC_5V6lPA,autor:UCcfdg8crmMJwEuLUsAhV7yg,1
autor:UCUIIIPTVDVHAXqhC_5V6lPA,autor:UCiGRBf2RNF0WRKhRVT7zFoA,1
autor:UCUIIIPTVDVHAXqhC_5V6lPA,autor:UCWIZUtKJ636y-4TYrNvok0g,1
autor:UCUIIIPTVDVHAXqhC_5V6lPA,autor:UCplrIQtaPj6au60_f2-mOYw,1
autor:UCUIIIPTVDVHAXqhC_5V6lPA,autor:UCxff05WuyvwELNITi7bj7UA,1
autor:UCUIIIPTVDVHAXqhC_5V6lPA,autor:UCgvw7xIdGFupzpt1Y_BFkEA,1
autor:UCUIIIPTVDVHAXqhC_5V6lPA,autor:UCipetjeiWj4CZB6EbyYziZg,1
autor:UCUIIIPTVDVHAXqhC_5V6lPA,autor:UChep9kVb5gQmpodEEl10Xlg,1
autor:UCUoYsrx1oZnCZ0usbBJn4fA,autor:UCWoAVGVqCn4xtINCMOTM4jg,1
autor:UCUoYsrx1oZnCZ0usbBJn4fA,autor:UCylqlpsh8ENNM1LqgQ1KbxA,1
autor:UCUoYsrx1oZnCZ0usbBJn4fA,autor:UCpe5jW3MIqkgTJ-PgkzvM6Q,1
autor:UCUoYsrx1oZnCZ0usbBJn4fA,autor:UColMq7LmaoY3MT6aIDGrGvA,1
autor:UCUoYsrx1oZnCZ0usbBJn4fA,autor:UCiC-Jn7wdgyQV4_Urk0DkWQ,1
autor:UCUoYsrx1oZnCZ0usbBJn4fA,autor:UCsGoJEvb-cFPZ2rWoJcXzEQ,1
autor:UCUoYsrx1oZnCZ0usbBJn4fA,autor:UCgJNFj5dnxXpcMvmuhZDPxA,1
autor:UCUoYsrx1oZnCZ0usbBJn4fA,autor:UClqA491Xa5fQcXcJJa-vTWw,1
autor:UCUoYsrx1oZnCZ0usbBJn4fA,autor:UCkbsS_3D-pvg1iHOld9uvIg,1
autor:UCUoYsrx1oZnCZ0usbBJn4fA,autor:UCdFlugHJJa4l3YqWuNRmvXw,1
autor:UCUoYsrx1oZnCZ0usbBJn4fA,autor:UCu8_3-Wg-YzNyvHYQDEscfw,1
autor:UCUoYsrx1oZnCZ0usbBJn4fA,autor:UCZeIIQrGAedW8tCbKWmGY-A,1
autor:UCUoYsrx1oZnCZ0usbBJn4fA,autor:UC_LYoGs5C3mbZKZuKuqYCvw,1
autor:UCUoYsrx1oZnCZ0usbBJn4fA,autor:UCqCrvuoJpC-aVb0f4logQRQ,1
autor:UCUoYsrx1oZnCZ0usbBJn4fA,autor:UClhMWQ7XKWywYvbRnuf8QsA,1
autor:UCUoYsrx1oZnCZ0usbBJn4fA,autor:UCgQw_Sbq3ugruDUKsq1e0-A,1
autor:UCUoYsrx1oZnCZ0usbBJn4fA,autor:UCaKAjTW9MVub_clgr4DRYjQ,1
autor:UCUoYsrx1oZnCZ0usbBJn4fA,autor:UCwjUvRseNtJoItylIyIez7Q,1
autor:UCUoYsrx1oZnCZ0usbBJn4fA,autor:UCe8JZoYkX5oKUZyivHYdXhw,1
autor:UCUoYsrx1oZnCZ0usbBJn4fA,autor:UCkVtmkK07b2zaVVNssX4lOg,1
autor:UCUoYsrx1oZnCZ0usbBJn4fA,autor:UCW-JC6lebVmf2P1dmY_L94g,1
autor:UCUoYsrx1oZnCZ0usbBJn4fA,autor:UCW80DaMjQlEUibC98Cot-Dg,1
autor:UCUoYsrx1oZnCZ0usbBJn4fA,autor:UCpsKOkt5iWTbenzeuq7dsmQ,1
autor:UCUoYsrx1oZnCZ0usbBJn4fA,autor:UCeDNEtI8_a42bZ47wJiJMwQ,1
autor:UCUoYsrx1oZnCZ0usbBJn4fA,autor:UCwgCc9Jd_gG-uLE_SY-FfPg,1
autor:UCUoYsrx1oZnCZ0usbBJn4fA,autor:UCuXmOjxC-htcprLgeVXz6Tg,1
autor:UCUoYsrx1oZnCZ0usbBJn4fA,autor:UCV0lM03g5fg5pbPj97-sAtA,1
autor:UCV0iizTBoOfdAFX_thfI9BA,autor:UCzoL2l5H5eVlorWGH8AZfAg,1
autor:UCV0iizTBoOfdAFX_thfI9BA,autor:UCl0ekS9Tt0jJGtOEM18S63w,1
autor:UCV0iizTBoOfdAFX_thfI9BA,autor:UCXSkL3ejZ8qWYyF_M7s_QKA,1
autor:UCV0iizTBoOfdAFX_thfI9BA,autor:UCySYJU5kUh7X8gVt9la2ISA,1
autor:UCV0iizTBoOfdAFX_thfI9BA,autor:UCZ51R_9Q9C0c8I3pAWhtmjQ,1
autor:UCV0iizTBoOfdAFX_thfI9BA,autor:UCp4iw5_5SmV9VGTFSNVGOmQ,1
autor:UCV0iizTBoOfdAFX_thfI9BA,autor:UCut6b9S98nv84cVX89PmKzA,1
autor:UCV0iizTBoOfdAFX_thfI9BA,autor:UCsUCN0Yq_UyTvKjOJLmNrnQ,1
autor:UCV0iizTBoOfdAFX_thfI9BA,autor:UCZLG9qH0tUjNhEGFIUt0CYw,1
autor:UCV0iizTBoOfdAFX_thfI9BA,autor:UChs3tU2BcKOT0CezykvAsGw,1
autor:UCV0iizTBoOfdAFX_thfI9BA,autor:UCrJn_rbo_ENAdeqneS-RmRw,1
autor:UCV0iizTBoOfdAFX_thfI9BA,autor:UCmvOgzmmXbjUthHy-WJ52hQ,1
autor:UCV0iizTBoOfdAFX_thfI9BA,autor:UCpsKOkt5iWTbenzeuq7dsmQ,1
autor:UCV0iizTBoOfdAFX_thfI9BA,autor:UCi1b_TRQfgO1Z9O2gNGGWNA,1
autor:UCV0iizTBoOfdAFX_thfI9BA,autor:UCfM3nrxtTQMY5jFx1v1J4Gg,1
autor:UCV0iizTBoOfdAFX_thfI9BA,autor:UCjmPuazZJzscrwvk0QR9RVw,1
autor:UCV0iizTBoOfdAFX_thfI9BA,autor:UCtNfIBnc5S5DbbQj_yxgJTw,1
autor:UCV0iizTBoOfdAFX_thfI9BA,autor:UCmjppp6ujz3SAnULvP3sZMw,1
autor:UCV0iizTBoOfdAFX_thfI9BA,autor:UCzSfZlOVxBSs5ObD25ywxDQ,1
autor:UCV0iizTBoOfdAFX_thfI9BA,autor:UCh5ESQvtzyHDhCA7XyekCFA,1
autor:UCV0iizTBoOfdAFX_thfI9BA,autor:UCjSKM9j0Q7HLDr1hD6D-TUw,1
autor:UCV0iizTBoOfdAFX_thfI9BA,autor:UCujPF2nBgsTD62nWE3lcpIg,1
autor:UCV0iizTBoOfdAFX_thfI9BA,autor:UCpIdtvoFHVLGASGB5ySqIEA,1
autor:UCV0iizTBoOfdAFX_thfI9BA,autor:UChZknRmJkeGeQk0-mQuhDOg,1
autor:UCV0iizTBoOfdAFX_thfI9BA,autor:UCXr8_5WtGeipe4haOoQDgyQ,1
autor:UCV0iizTBoOfdAFX_thfI9BA,autor:UCljDbleJul41G1TzOjOZAVA,1
autor:UCV0iizTBoOfdAFX_thfI9BA,autor:UCj-LL25XJnjxepPKCc3NGog,1
autor:UCV0iizTBoOfdAFX_thfI9BA,autor:UCtUR3_CAiE7fCoZHM6cMfyQ,1
autor:UCV0iizTBoOfdAFX_thfI9BA,autor:UCr1emrogPKkKTs_WTtx71xg,1
autor:UCV0iizTBoOfdAFX_thfI9BA,autor:UCsjs5Hp_r86x1xbK6FAeqaA,1
autor:UCV0iizTBoOfdAFX_thfI9BA,autor:UCwha8rxULYMVtNwZWeSkE1A,1
autor:UCV0iizTBoOfdAFX_thfI9BA,autor:UCwW2OFy95P7ZBkOPxWkpvYg,1
autor:UCV0iizTBoOfdAFX_thfI9BA,autor:UCpl8rF8uv_8uui-QRvuJaRA,1
autor:UCV0iizTBoOfdAFX_thfI9BA,autor:UCsJJAvrVGupdmhOqgtDp8dg,1
autor:UCV0iizTBoOfdAFX_thfI9BA,autor:UCvApqeCbLod-wejtT4CcVuA,1
autor:UCV0iizTBoOfdAFX_thfI9BA,autor:UCYN4wSQ1Sx4_LurxLlW7MPg,1
autor:UCV0iizTBoOfdAFX_thfI9BA,autor:UCueV9cTyTDwgQSec1x2dYgA,1
autor:UCV0iizTBoOfdAFX_thfI9BA,autor:UChgkn5Jt5tWKYMoEOuCjz3Q,1
autor:UCV0iizTBoOfdAFX_thfI9BA,autor:UCiMythXHsw7eQEMykCdmMUA,1
autor:UCV0iizTBoOfdAFX_thfI9BA,autor:UCz3gu01bmjNv0DpRq-K3XYg,1
autor:UCV0iizTBoOfdAFX_thfI9BA,autor:UCkd9W714-947dEE6ZOEBATA,1
autor:UCV0iizTBoOfdAFX_thfI9BA,autor:UCXXh7yg5KUFIWylTiKVEFKQ,1
autor:UCV0iizTBoOfdAFX_thfI9BA,autor:UCylqlpsh8ENNM1LqgQ1KbxA,1
autor:UCV0iizTBoOfdAFX_thfI9BA,autor:UCYwpX26TrCxq8TvbKGRYLXA,1
autor:UCV0iizTBoOfdAFX_thfI9BA,autor:UCwO2SXr0ggzwg6QWWrr01nQ,1
autor:UCV0iizTBoOfdAFX_thfI9BA,autor:UCXgr7vXlRrsaskPdo097kGA,1
autor:UCV0iizTBoOfdAFX_thfI9BA,autor:UCsSXdJct-nsS8DsABoEsaYA,1
autor:UCV0iizTBoOfdAFX_thfI9BA,autor:UCcfdg8crmMJwEuLUsAhV7yg,1
autor:UCV0iizTBoOfdAFX_thfI9BA,autor:UCiGRBf2RNF0WRKhRVT7zFoA,1
autor:UCV0iizTBoOfdAFX_thfI9BA,autor:UCWIZUtKJ636y-4TYrNvok0g,1
autor:UCV0iizTBoOfdAFX_thfI9BA,autor:UCplrIQtaPj6au60_f2-mOYw,1
autor:UCV0iizTBoOfdAFX_thfI9BA,autor:UCxff05WuyvwELNITi7bj7UA,1
autor:UCV0iizTBoOfdAFX_thfI9BA,autor:UCgvw7xIdGFupzpt1Y_BFkEA,1
autor:UCV0iizTBoOfdAFX_thfI9BA,autor:UCipetjeiWj4CZB6EbyYziZg,1
autor:UCV0iizTBoOfdAFX_thfI9BA,autor:UChep9kVb5gQmpodEEl10Xlg,1
autor:UCV0lM03g5fg5pbPj97-sAtA,autor:UCWoAVGVqCn4xtINCMOTM4jg,1
autor:UCV0lM03g5fg5pbPj97-sAtA,autor:UCylqlpsh8ENNM1LqgQ1KbxA,1
autor:UCV0lM03g5fg5pbPj97-sAtA,autor:UCpe5jW3MIqkgTJ-PgkzvM6Q,1
autor:UCV0lM03g5fg5pbPj97-sAtA,autor:UColMq7LmaoY3MT6aIDGrGvA,1
autor:UCV0lM03g5fg5pbPj97-sAtA,autor:UCiC-Jn7wdgyQV4_Urk0DkWQ,1
autor:UCV0lM03g5fg5pbPj97-sAtA,autor:UCsGoJEvb-cFPZ2rWoJcXzEQ,1
autor:UCV0lM03g5fg5pbPj97-sAtA,autor:UCgJNFj5dnxXpcMvmuhZDPxA,1
autor:UCV0lM03g5fg5pbPj97-sAtA,autor:UClqA491Xa5fQcXcJJa-vTWw,1
autor:UCV0lM03g5fg5pbPj97-sAtA,autor:UCkbsS_3D-pvg1iHOld9uvIg,1
autor:UCV0lM03g5fg5pbPj97-sAtA,autor:UCdFlugHJJa4l3YqWuNRmvXw,1
autor:UCV0lM03g5fg5pbPj97-sAtA,autor:UCu8_3-Wg-YzNyvHYQDEscfw,1
autor:UCV0lM03g5fg5pbPj97-sAtA,autor:UCZeIIQrGAedW8tCbKWmGY-A,1
autor:UCV0lM03g5fg5pbPj97-sAtA,autor:UC_LYoGs5C3mbZKZuKuqYCvw,1
autor:UCV0lM03g5fg5pbPj97-sAtA,autor:UCqCrvuoJpC-aVb0f4logQRQ,1
autor:UCV0lM03g5fg5pbPj97-sAtA,autor:UClhMWQ7XKWywYvbRnuf8QsA,1
autor:UCV0lM03g5fg5pbPj97-sAtA,autor:UCgQw_Sbq3ugruDUKsq1e0-A,1
autor:UCV0lM03g5fg5pbPj97-sAtA,autor:UCaKAjTW9MVub_clgr4DRYjQ,1
autor:UCV0lM03g5fg5pbPj97-sAtA,autor:UCwjUvRseNtJoItylIyIez7Q,1
autor:UCV0lM03g5fg5pbPj97-sAtA,autor:UCe8JZoYkX5oKUZyivHYdXhw,1
autor:UCV0lM03g5fg5pbPj97-sAtA,autor:UCkVtmkK07b2zaVVNssX4lOg,1
autor:UCV0lM03g5fg5pbPj97-sAtA,autor:UCW-JC6lebVmf2P1dmY_L94g,1
autor:UCV0lM03g5fg5pbPj97-sAtA,autor:UCW80DaMjQlEUibC98Cot-Dg,1
autor:UCV0lM03g5fg5pbPj97-sAtA,autor:UCpsKOkt5iWTbenzeuq7dsmQ,1
autor:UCV0lM03g5fg5pbPj97-sAtA,autor:UCeDNEtI8_a42bZ47wJiJMwQ,1
autor:UCV0lM03g5fg5pbPj97-sAtA,autor:UCwgCc9Jd_gG-uLE_SY-FfPg,1
autor:UCV0lM03g5fg5pbPj97-sAtA,autor:UCuXmOjxC-htcprLgeVXz6Tg,1
autor:UCV3fr-YOixFKCZBbJP1-X4w,autor:UCeQk-WfEA-cJRq4EKeE7TOw,1
autor:UCV3fr-YOixFKCZBbJP1-X4w,autor:UCWaRixDdpgllTBf4V0jPnKQ,1
autor:UCV3fr-YOixFKCZBbJP1-X4w,autor:UCjZgFEowMBrsjodqfovzdKw,1
autor:UCV3fr-YOixFKCZBbJP1-X4w,autor:UChyps3dqY-VY1_wLeq-2lhw,1
autor:UCV3fr-YOixFKCZBbJP1-X4w,autor:UCp29O_C7cchZV8IxV7Crdag,1
autor:UCV3fr-YOixFKCZBbJP1-X4w,autor:UCWvntqPQx99k_Z_skWKqNSA,1
autor:UCV3fr-YOixFKCZBbJP1-X4w,autor:UCa36MjQLoPAmgJo-R3G8WQA,1
autor:UCV3fr-YOixFKCZBbJP1-X4w,autor:UCzZ6dDCEsLMXbc5pCFXIprw,1
autor:UCV3fr-YOixFKCZBbJP1-X4w,autor:UCwxoKK59nGCeBqB2sXfDBIw,1
autor:UCV3fr-YOixFKCZBbJP1-X4w,autor:UCvDwJBBY1mHK70aTEYl6rsA,1
autor:UCV3fr-YOixFKCZBbJP1-X4w,autor:UCiOZX__1gahg1ypIj0_XG_w,1
autor:UCV3fr-YOixFKCZBbJP1-X4w,autor:UCoGdCoJg2Lh0OX_jv6cG16g,1
autor:UCV3fr-YOixFKCZBbJP1-X4w,autor:UCaT4saRcyqCLE657Rq2hhZQ,1
autor:UCV3fr-YOixFKCZBbJP1-X4w,autor:UCZFQwqh90apuL8eFhvRBkUg,1
autor:UCV3fr-YOixFKCZBbJP1-X4w,autor:UCfo_yUPzy1f1POwwZxhZ06Q,1
autor:UCV3fr-YOixFKCZBbJP1-X4w,autor:UCtsxPYw8VUsH_FfnKg-0lmw,1
autor:UCV3fr-YOixFKCZBbJP1-X4w,autor:UCgGqw4aqMdMVSGkKiMgrJRQ,1
autor:UCV3fr-YOixFKCZBbJP1-X4w,autor:UCtCtts20bW6F9CSohau51Iw,1
autor:UCV3fr-YOixFKCZBbJP1-X4w,autor:UCheEJ5GZuIvV0fj-nXyVwXw,1
autor:UCV3fr-YOixFKCZBbJP1-X4w,autor:UCql1n3Ey6ULMSOACjMe-fxQ,1
autor:UCV3fr-YOixFKCZBbJP1-X4w,autor:UCyJhqmMbsvjpoarBBStA2kg,1
autor:UCVC2QugcI1G4RvlCiUqd1aQ,autor:UCZOmq6MwFDVoCaEl99BRRaw,1
autor:UCVC2QugcI1G4RvlCiUqd1aQ,autor:UCbrtvygfRT6QXqWDNrOf-cA,1
autor:UCVC2QugcI1G4RvlCiUqd1aQ,autor:UCnU8wO1OurAmGstDw6VGjgQ,1
autor:UCVC2QugcI1G4RvlCiUqd1aQ,autor:UC_6KbBY1bsYXz9fwFS0eQRg,1
autor:UCVC2QugcI1G4RvlCiUqd1aQ,autor:UCpsKOkt5iWTbenzeuq7dsmQ,1
autor:UCVC2QugcI1G4RvlCiUqd1aQ,autor:UCvcu1kR8xMYy_I1Ty-2mV2Q,1
autor:UCVC2QugcI1G4RvlCiUqd1aQ,autor:UCjJf-AJKRFFWtiN-CSwkDmA,1
autor:UCVQf0tzL7xRzFJsABVVULpg,autor:UCg3eIfd7BrsLEqS0BLkftHA,1
autor:UCVQf0tzL7xRzFJsABVVULpg,autor:UClsrFGJKWPxxw7MiaEdKLXw,1
autor:UCVQf0tzL7xRzFJsABVVULpg,autor:UCusjriFsDHEc2AOjqk-p5ig,1
autor:UCVQf0tzL7xRzFJsABVVULpg,autor:UCzZ6dDCEsLMXbc5pCFXIprw,1
autor:UCVQf0tzL7xRzFJsABVVULpg,autor:UCbYoNG5J3Au5BqtbXogfEFw,1
autor:UCVQf0tzL7xRzFJsABVVULpg,autor:UCf5lnNZF7Qrtli9v4N_23WQ,1
autor:UCVQf0tzL7xRzFJsABVVULpg,autor:UCtNyHmRZtvGF2hSvI2dUBWw,1
autor:UCVQf0tzL7xRzFJsABVVULpg,autor:UCgQJgI9vu1FI2dnC9mrFthw,1
autor:UCVQf0tzL7xRzFJsABVVULpg,autor:UCuP4UK33HKtJE_S39ksmaTw,1
autor:UCVdjCrh4tQoX3haNAZv-n5A,autor:UCp_dAUfv8i3LW3zWc24dLaQ,1
autor:UCVdjCrh4tQoX3haNAZv-n5A,autor:UCrqXyRsg-_hTosURZ-uvoKg,1
autor:UCVdjCrh4tQoX3haNAZv-n5A,autor:UCxhtlxPV8AYWaNNyU6S9H8Q,1
autor:UCVdjCrh4tQoX3haNAZv-n5A,autor:UCat2qkYvqmtDNEmo2PVuhXw,1
autor:UCVdjCrh4tQoX3haNAZv-n5A,autor:UCbNanjFI51cwGqMAb2rOrBw,1
autor:UCVdjCrh4tQoX3haNAZv-n5A,autor:UCtiHFjFu7d5v2XxHnKFUYig,1
autor:UCVdjCrh4tQoX3haNAZv-n5A,autor:UCozFYHN0e_-vlQbX3wQGOug,1
autor:UCVdjCrh4tQoX3haNAZv-n5A,autor:UCi2KiZq63sRq8Mfbcp-MelQ,1
autor:UCVdjCrh4tQoX3haNAZv-n5A,autor:UCZjm6U576nX8WOiLhmMR3bw,1
autor:UCVhif9eV0f8plICen2DnpKA,autor:UCZIQnb1fkwe39Iw2TAu-bGA,1
autor:UCVhif9eV0f8plICen2DnpKA,autor:UCyW68EGZey4ao_Vf2cR5Ztg,1
autor:UCVhif9eV0f8plICen2DnpKA,autor:UCvcu1kR8xMYy_I1Ty-2mV2Q,1
autor:UCW-JC6lebVmf2P1dmY_L94g,autor:UCWoAVGVqCn4xtINCMOTM4jg,1
autor:UCW-JC6lebVmf2P1dmY_L94g,autor:UCylqlpsh8ENNM1LqgQ1KbxA,1
autor:UCW-JC6lebVmf2P1dmY_L94g,autor:UCpe5jW3MIqkgTJ-PgkzvM6Q,1
autor:UCW-JC6lebVmf2P1dmY_L94g,autor:UColMq7LmaoY3MT6aIDGrGvA,1
autor:UCW-JC6lebVmf2P1dmY_L94g,autor:UCiC-Jn7wdgyQV4_Urk0DkWQ,1
autor:UCW-JC6lebVmf2P1dmY_L94g,autor:UCsGoJEvb-cFPZ2rWoJcXzEQ,1
autor:UCW-JC6lebVmf2P1dmY_L94g,autor:UCgJNFj5dnxXpcMvmuhZDPxA,1
autor:UCW-JC6lebVmf2P1dmY_L94g,autor:UClqA491Xa5fQcXcJJa-vTWw,1
autor:UCW-JC6lebVmf2P1dmY_L94g,autor:UCkbsS_3D-pvg1iHOld9uvIg,1
autor:UCW-JC6lebVmf2P1dmY_L94g,autor:UCdFlugHJJa4l3YqWuNRmvXw,1
autor:UCW-JC6lebVmf2P1dmY_L94g,autor:UCu8_3-Wg-YzNyvHYQDEscfw,1
autor:UCW-JC6lebVmf2P1dmY_L94g,autor:UCZeIIQrGAedW8tCbKWmGY-A,1
autor:UCW-JC6lebVmf2P1dmY_L94g,autor:UC_LYoGs5C3mbZKZuKuqYCvw,1
autor:UCW-JC6lebVmf2P1dmY_L94g,autor:UCqCrvuoJpC-aVb0f4logQRQ,1
autor:UCW-JC6lebVmf2P1dmY_L94g,autor:UClhMWQ7XKWywYvbRnuf8QsA,1
autor:UCW-JC6lebVmf2P1dmY_L94g,autor:UCgQw_Sbq3ugruDUKsq1e0-A,1
autor:UCW-JC6lebVmf2P1dmY_L94g,autor:UCaKAjTW9MVub_clgr4DRYjQ,1
autor:UCW-JC6lebVmf2P1dmY_L94g,autor:UCwjUvRseNtJoItylIyIez7Q,1
autor:UCW-JC6lebVmf2P1dmY_L94g,autor:UCe8JZoYkX5oKUZyivHYdXhw,1
autor:UCW-JC6lebVmf2P1dmY_L94g,autor:UCkVtmkK07b2zaVVNssX4lOg,1
autor:UCW-JC6lebVmf2P1dmY_L94g,autor:UCW80DaMjQlEUibC98Cot-Dg,1
autor:UCW-JC6lebVmf2P1dmY_L94g,autor:UCpsKOkt5iWTbenzeuq7dsmQ,1
autor:UCW-JC6lebVmf2P1dmY_L94g,autor:UCeDNEtI8_a42bZ47wJiJMwQ,1
autor:UCW-JC6lebVmf2P1dmY_L94g,autor:UCwgCc9Jd_gG-uLE_SY-FfPg,1
autor:UCW-JC6lebVmf2P1dmY_L94g,autor:UCuXmOjxC-htcprLgeVXz6Tg,1
autor:UCW80DaMjQlEUibC98Cot-Dg,autor:UCWoAVGVqCn4xtINCMOTM4jg,1
autor:UCW80DaMjQlEUibC98Cot-Dg,autor:UCylqlpsh8ENNM1LqgQ1KbxA,1
autor:UCW80DaMjQlEUibC98Cot-Dg,autor:UCpe5jW3MIqkgTJ-PgkzvM6Q,1
autor:UCW80DaMjQlEUibC98Cot-Dg,autor:UColMq7LmaoY3MT6aIDGrGvA,1
autor:UCW80DaMjQlEUibC98Cot-Dg,autor:UCiC-Jn7wdgyQV4_Urk0DkWQ,1
autor:UCW80DaMjQlEUibC98Cot-Dg,autor:UCsGoJEvb-cFPZ2rWoJcXzEQ,1
autor:UCW80DaMjQlEUibC98Cot-Dg,autor:UCgJNFj5dnxXpcMvmuhZDPxA,1
autor:UCW80DaMjQlEUibC98Cot-Dg,autor:UClqA491Xa5fQcXcJJa-vTWw,1
autor:UCW80DaMjQlEUibC98Cot-Dg,autor:UCkbsS_3D-pvg1iHOld9uvIg,1
autor:UCW80DaMjQlEUibC98Cot-Dg,autor:UCdFlugHJJa4l3YqWuNRmvXw,1
autor:UCW80DaMjQlEUibC98Cot-Dg,autor:UCu8_3-Wg-YzNyvHYQDEscfw,1
autor:UCW80DaMjQlEUibC98Cot-Dg,autor:UCZeIIQrGAedW8tCbKWmGY-A,1
autor:UCW80DaMjQlEUibC98Cot-Dg,autor:UC_LYoGs5C3mbZKZuKuqYCvw,1
autor:UCW80DaMjQlEUibC98Cot-Dg,autor:UCqCrvuoJpC-aVb0f4logQRQ,1
autor:UCW80DaMjQlEUibC98Cot-Dg,autor:UClhMWQ7XKWywYvbRnuf8QsA,1
autor:UCW80DaMjQlEUibC98Cot-Dg,autor:UCgQw_Sbq3ugruDUKsq1e0-A,1
autor:UCW80DaMjQlEUibC98Cot-Dg,autor:UCaKAjTW9MVub_clgr4DRYjQ,1
autor:UCW80DaMjQlEUibC98Cot-Dg,autor:UCwjUvRseNtJoItylIyIez7Q,1
autor:UCW80DaMjQlEUibC98Cot-Dg,autor:UCe8JZoYkX5oKUZyivHYdXhw,1
autor:UCW80DaMjQlEUibC98Cot-Dg,autor:UCkVtmkK07b2zaVVNssX4lOg,1
autor:UCW80DaMjQlEUibC98Cot-Dg,autor:UCpsKOkt5iWTbenzeuq7dsmQ,1
autor:UCW80DaMjQlEUibC98Cot-Dg,autor:UCeDNEtI8_a42bZ47wJiJMwQ,1
autor:UCW80DaMjQlEUibC98Cot-Dg,autor:UCwgCc9Jd_gG-uLE_SY-FfPg,1
autor:UCW80DaMjQlEUibC98Cot-Dg,autor:UCuXmOjxC-htcprLgeVXz6Tg,1
autor:UCWIZUtKJ636y-4TYrNvok0g,autor:UCzoL2l5H5eVlorWGH8AZfAg,1
autor:UCWIZUtKJ636y-4TYrNvok0g,autor:UCl0ekS9Tt0jJGtOEM18S63w,1
autor:UCWIZUtKJ636y-4TYrNvok0g,autor:UCXSkL3ejZ8qWYyF_M7s_QKA,1
autor:UCWIZUtKJ636y-4TYrNvok0g,autor:UCySYJU5kUh7X8gVt9la2ISA,1
autor:UCWIZUtKJ636y-4TYrNvok0g,autor:UCZ51R_9Q9C0c8I3pAWhtmjQ,1
autor:UCWIZUtKJ636y-4TYrNvok0g,autor:UCp4iw5_5SmV9VGTFSNVGOmQ,1
autor:UCWIZUtKJ636y-4TYrNvok0g,autor:UCut6b9S98nv84cVX89PmKzA,1
autor:UCWIZUtKJ636y-4TYrNvok0g,autor:UCsUCN0Yq_UyTvKjOJLmNrnQ,1
autor:UCWIZUtKJ636y-4TYrNvok0g,autor:UCZLG9qH0tUjNhEGFIUt0CYw,1
autor:UCWIZUtKJ636y-4TYrNvok0g,autor:UChs3tU2BcKOT0CezykvAsGw,1
autor:UCWIZUtKJ636y-4TYrNvok0g,autor:UCrJn_rbo_ENAdeqneS-RmRw,1
autor:UCWIZUtKJ636y-4TYrNvok0g,autor:UCmvOgzmmXbjUthHy-WJ52hQ,1
autor:UCWIZUtKJ636y-4TYrNvok0g,autor:UCpsKOkt5iWTbenzeuq7dsmQ,1
autor:UCWIZUtKJ636y-4TYrNvok0g,autor:UCi1b_TRQfgO1Z9O2gNGGWNA,1
autor:UCWIZUtKJ636y-4TYrNvok0g,autor:UCfM3nrxtTQMY5jFx1v1J4Gg,1
autor:UCWIZUtKJ636y-4TYrNvok0g,autor:UCjmPuazZJzscrwvk0QR9RVw,1
autor:UCWIZUtKJ636y-4TYrNvok0g,autor:UCtNfIBnc5S5DbbQj_yxgJTw,1
autor:UCWIZUtKJ636y-4TYrNvok0g,autor:UCmjppp6ujz3SAnULvP3sZMw,1
autor:UCWIZUtKJ636y-4TYrNvok0g,autor:UCzSfZlOVxBSs5ObD25ywxDQ,1
autor:UCWIZUtKJ636y-4TYrNvok0g,autor:UCh5ESQvtzyHDhCA7XyekCFA,1
autor:UCWIZUtKJ636y-4TYrNvok0g,autor:UCjSKM9j0Q7HLDr1hD6D-TUw,1
autor:UCWIZUtKJ636y-4TYrNvok0g,autor:UCujPF2nBgsTD62nWE3lcpIg,1
autor:UCWIZUtKJ636y-4TYrNvok0g,autor:UCpIdtvoFHVLGASGB5ySqIEA,1
autor:UCWIZUtKJ636y-4TYrNvok0g,autor:UChZknRmJkeGeQk0-mQuhDOg,1
autor:UCWIZUtKJ636y-4TYrNvok0g,autor:UCXr8_5WtGeipe4haOoQDgyQ,1
autor:UCWIZUtKJ636y-4TYrNvok0g,autor:UCljDbleJul41G1TzOjOZAVA,1
autor:UCWIZUtKJ636y-4TYrNvok0g,autor:UCj-LL25XJnjxepPKCc3NGog,1
autor:UCWIZUtKJ636y-4TYrNvok0g,autor:UCtUR3_CAiE7fCoZHM6cMfyQ,1
autor:UCWIZUtKJ636y-4TYrNvok0g,autor:UCr1emrogPKkKTs_WTtx71xg,1
autor:UCWIZUtKJ636y-4TYrNvok0g,autor:UCsjs5Hp_r86x1xbK6FAeqaA,1
autor:UCWIZUtKJ636y-4TYrNvok0g,autor:UCwha8rxULYMVtNwZWeSkE1A,1
autor:UCWIZUtKJ636y-4TYrNvok0g,autor:UCwW2OFy95P7ZBkOPxWkpvYg,1
autor:UCWIZUtKJ636y-4TYrNvok0g,autor:UCpl8rF8uv_8uui-QRvuJaRA,1
autor:UCWIZUtKJ636y-4TYrNvok0g,autor:UCsJJAvrVGupdmhOqgtDp8dg,1
autor:UCWIZUtKJ636y-4TYrNvok0g,autor:UCvApqeCbLod-wejtT4CcVuA,1
autor:UCWIZUtKJ636y-4TYrNvok0g,autor:UCYN4wSQ1Sx4_LurxLlW7MPg,1
autor:UCWIZUtKJ636y-4TYrNvok0g,autor:UCueV9cTyTDwgQSec1x2dYgA,1
autor:UCWIZUtKJ636y-4TYrNvok0g,autor:UChgkn5Jt5tWKYMoEOuCjz3Q,1
autor:UCWIZUtKJ636y-4TYrNvok0g,autor:UCiMythXHsw7eQEMykCdmMUA,1
autor:UCWIZUtKJ636y-4TYrNvok0g,autor:UCz3gu01bmjNv0DpRq-K3XYg,1
autor:UCWIZUtKJ636y-4TYrNvok0g,autor:UCkd9W714-947dEE6ZOEBATA,1
autor:UCWIZUtKJ636y-4TYrNvok0g,autor:UCXXh7yg5KUFIWylTiKVEFKQ,1
autor:UCWIZUtKJ636y-4TYrNvok0g,autor:UCylqlpsh8ENNM1LqgQ1KbxA,1
autor:UCWIZUtKJ636y-4TYrNvok0g,autor:UCYwpX26TrCxq8TvbKGRYLXA,1
autor:UCWIZUtKJ636y-4TYrNvok0g,autor:UCwO2SXr0ggzwg6QWWrr01nQ,1
autor:UCWIZUtKJ636y-4TYrNvok0g,autor:UCXgr7vXlRrsaskPdo097kGA,1
autor:UCWIZUtKJ636y-4TYrNvok0g,autor:UCsSXdJct-nsS8DsABoEsaYA,1
autor:UCWIZUtKJ636y-4TYrNvok0g,autor:UCcfdg8crmMJwEuLUsAhV7yg,1
autor:UCWIZUtKJ636y-4TYrNvok0g,autor:UCiGRBf2RNF0WRKhRVT7zFoA,1
autor:UCWIZUtKJ636y-4TYrNvok0g,autor:UCplrIQtaPj6au60_f2-mOYw,1
autor:UCWIZUtKJ636y-4TYrNvok0g,autor:UCxff05WuyvwELNITi7bj7UA,1
autor:UCWIZUtKJ636y-4TYrNvok0g,autor:UCgvw7xIdGFupzpt1Y_BFkEA,1
autor:UCWIZUtKJ636y-4TYrNvok0g,autor:UCipetjeiWj4CZB6EbyYziZg,1
autor:UCWIZUtKJ636y-4TYrNvok0g,autor:UChep9kVb5gQmpodEEl10Xlg,1
autor:UCWaRixDdpgllTBf4V0jPnKQ,autor:UCeQk-WfEA-cJRq4EKeE7TOw,1
autor:UCWaRixDdpgllTBf4V0jPnKQ,autor:UCjZgFEowMBrsjodqfovzdKw,1
autor:UCWaRixDdpgllTBf4V0jPnKQ,autor:UChyps3dqY-VY1_wLeq-2lhw,1
autor:UCWaRixDdpgllTBf4V0jPnKQ,autor:UCp29O_C7cchZV8IxV7Crdag,1
autor:UCWaRixDdpgllTBf4V0jPnKQ,autor:UCWvntqPQx99k_Z_skWKqNSA,1
autor:UCWaRixDdpgllTBf4V0jPnKQ,autor:UCa36MjQLoPAmgJo-R3G8WQA,1
autor:UCWaRixDdpgllTBf4V0jPnKQ,autor:UCzZ6dDCEsLMXbc5pCFXIprw,1
autor:UCWaRixDdpgllTBf4V0jPnKQ,autor:UCwxoKK59nGCeBqB2sXfDBIw,1
autor:UCWaRixDdpgllTBf4V0jPnKQ,autor:UCvDwJBBY1mHK70aTEYl6rsA,1
autor:UCWaRixDdpgllTBf4V0jPnKQ,autor:UCiOZX__1gahg1ypIj0_XG_w,1
autor:UCWaRixDdpgllTBf4V0jPnKQ,autor:UCoGdCoJg2Lh0OX_jv6cG16g,1
autor:UCWaRixDdpgllTBf4V0jPnKQ,autor:UCaT4saRcyqCLE657Rq2hhZQ,1
autor:UCWaRixDdpgllTBf4V0jPnKQ,autor:UCZFQwqh90apuL8eFhvRBkUg,1
autor:UCWaRixDdpgllTBf4V0jPnKQ,autor:UCfo_yUPzy1f1POwwZxhZ06Q,1
autor:UCWaRixDdpgllTBf4V0jPnKQ,autor:UCtsxPYw8VUsH_FfnKg-0lmw,1
autor:UCWaRixDdpgllTBf4V0jPnKQ,autor:UCgGqw4aqMdMVSGkKiMgrJRQ,1
autor:UCWaRixDdpgllTBf4V0jPnKQ,autor:UCtCtts20bW6F9CSohau51Iw,1
autor:UCWaRixDdpgllTBf4V0jPnKQ,autor:UCheEJ5GZuIvV0fj-nXyVwXw,1
autor:UCWaRixDdpgllTBf4V0jPnKQ,autor:UCql1n3Ey6ULMSOACjMe-fxQ,1
autor:UCWaRixDdpgllTBf4V0jPnKQ,autor:UCyJhqmMbsvjpoarBBStA2kg,1
autor:UCWoAVGVqCn4xtINCMOTM4jg,autor:UCylqlpsh8ENNM1LqgQ1KbxA,1
autor:UCWoAVGVqCn4xtINCMOTM4jg,autor:UCpe5jW3MIqkgTJ-PgkzvM6Q,1
autor:UCWoAVGVqCn4xtINCMOTM4jg,autor:UColMq7LmaoY3MT6aIDGrGvA,1
autor:UCWoAVGVqCn4xtINCMOTM4jg,autor:UCiC-Jn7wdgyQV4_Urk0DkWQ,1
autor:UCWoAVGVqCn4xtINCMOTM4jg,autor:UCsGoJEvb-cFPZ2rWoJcXzEQ,1
autor:UCWoAVGVqCn4xtINCMOTM4jg,autor:UCgJNFj5dnxXpcMvmuhZDPxA,1
autor:UCWoAVGVqCn4xtINCMOTM4jg,autor:UClqA491Xa5fQcXcJJa-vTWw,1
autor:UCWoAVGVqCn4xtINCMOTM4jg,autor:UCkbsS_3D-pvg1iHOld9uvIg,1
autor:UCWoAVGVqCn4xtINCMOTM4jg,autor:UCdFlugHJJa4l3YqWuNRmvXw,1
autor:UCWoAVGVqCn4xtINCMOTM4jg,autor:UCu8_3-Wg-YzNyvHYQDEscfw,1
autor:UCWoAVGVqCn4xtINCMOTM4jg,autor:UCZeIIQrGAedW8tCbKWmGY-A,1
autor:UCWoAVGVqCn4xtINCMOTM4jg,autor:UC_LYoGs5C3mbZKZuKuqYCvw,1
autor:UCWoAVGVqCn4xtINCMOTM4jg,autor:UCqCrvuoJpC-aVb0f4logQRQ,1
autor:UCWoAVGVqCn4xtINCMOTM4jg,autor:UClhMWQ7XKWywYvbRnuf8QsA,1
autor:UCWoAVGVqCn4xtINCMOTM4jg,autor:UCgQw_Sbq3ugruDUKsq1e0-A,1
autor:UCWoAVGVqCn4xtINCMOTM4jg,autor:UCaKAjTW9MVub_clgr4DRYjQ,1
autor:UCWoAVGVqCn4xtINCMOTM4jg,autor:UCwjUvRseNtJoItylIyIez7Q,1
autor:UCWoAVGVqCn4xtINCMOTM4jg,autor:UCe8JZoYkX5oKUZyivHYdXhw,1
autor:UCWoAVGVqCn4xtINCMOTM4jg,autor:UCkVtmkK07b2zaVVNssX4lOg,1
autor:UCWoAVGVqCn4xtINCMOTM4jg,autor:UCpsKOkt5iWTbenzeuq7dsmQ,1
autor:UCWoAVGVqCn4xtINCMOTM4jg,autor:UCeDNEtI8_a42bZ47wJiJMwQ,1
autor:UCWoAVGVqCn4xtINCMOTM4jg,autor:UCwgCc9Jd_gG-uLE_SY-FfPg,1
autor:UCWoAVGVqCn4xtINCMOTM4jg,autor:UCuXmOjxC-htcprLgeVXz6Tg,1
autor:UCWvntqPQx99k_Z_skWKqNSA,autor:UCeQk-WfEA-cJRq4EKeE7TOw,1
autor:UCWvntqPQx99k_Z_skWKqNSA,autor:UCjZgFEowMBrsjodqfovzdKw,1
autor:UCWvntqPQx99k_Z_skWKqNSA,autor:UChyps3dqY-VY1_wLeq-2lhw,1
autor:UCWvntqPQx99k_Z_skWKqNSA,autor:UCp29O_C7cchZV8IxV7Crdag,1
autor:UCWvntqPQx99k_Z_skWKqNSA,autor:UCa36MjQLoPAmgJo-R3G8WQA,1
autor:UCWvntqPQx99k_Z_skWKqNSA,autor:UCzZ6dDCEsLMXbc5pCFXIprw,1
autor:UCWvntqPQx99k_Z_skWKqNSA,autor:UCwxoKK59nGCeBqB2sXfDBIw,1
autor:UCWvntqPQx99k_Z_skWKqNSA,autor:UCvDwJBBY1mHK70aTEYl6rsA,1
autor:UCWvntqPQx99k_Z_skWKqNSA,autor:UCiOZX__1gahg1ypIj0_XG_w,1
autor:UCWvntqPQx99k_Z_skWKqNSA,autor:UCoGdCoJg2Lh0OX_jv6cG16g,1
autor:UCWvntqPQx99k_Z_skWKqNSA,autor:UCaT4saRcyqCLE657Rq2hhZQ,1
autor:UCWvntqPQx99k_Z_skWKqNSA,autor:UCZFQwqh90apuL8eFhvRBkUg,1
autor:UCWvntqPQx99k_Z_skWKqNSA,autor:UCfo_yUPzy1f1POwwZxhZ06Q,1
autor:UCWvntqPQx99k_Z_skWKqNSA,autor:UCtsxPYw8VUsH_FfnKg-0lmw,1
autor:UCWvntqPQx99k_Z_skWKqNSA,autor:UCgGqw4aqMdMVSGkKiMgrJRQ,1
autor:UCWvntqPQx99k_Z_skWKqNSA,autor:UCtCtts20bW6F9CSohau51Iw,1
autor:UCWvntqPQx99k_Z_skWKqNSA,autor:UCheEJ5GZuIvV0fj-nXyVwXw,1
autor:UCWvntqPQx99k_Z_skWKqNSA,autor:UCql1n3Ey6ULMSOACjMe-fxQ,1
autor:UCWvntqPQx99k_Z_skWKqNSA,autor:UCyJhqmMbsvjpoarBBStA2kg,1
autor:UCXN2s7DwTJm33xO-pNkAdaA,autor:UCfjhejO7LZy4doXURa7LZCQ,1
autor:UCXN2s7DwTJm33xO-pNkAdaA,autor:UCvl1tzQeBeGy6efPTRJXSCw,1
autor:UCXN2s7DwTJm33xO-pNkAdaA,autor:UCjZgFEowMBrsjodqfovzdKw,1
autor:UCXN2s7DwTJm33xO-pNkAdaA,autor:UCwCfs-2zbD5k0lG-UVg_JBw,1
autor:UCXN2s7DwTJm33xO-pNkAdaA,autor:UC_3xuTXvMIWU5MYP9HkJ3vQ,1
autor:UCXN2s7DwTJm33xO-pNkAdaA,autor:UCq3mDTTRZnUybct5M9OSXbg,1
autor:UCXN2s7DwTJm33xO-pNkAdaA,autor:UCfXykdbSU97rj987LDUGfvg,1
autor:UCXO1BBohNWXkK9SBDAG2ySg,autor:UCbrtvygfRT6QXqWDNrOf-cA,1
autor:UCXO1BBohNWXkK9SBDAG2ySg,autor:UCc_F88PzGWtA1OPNUEASulA,1
autor:UCXO1BBohNWXkK9SBDAG2ySg,autor:UCXVLc8CmAO813ubM-fLvCDw,1
autor:UCXO1BBohNWXkK9SBDAG2ySg,autor:UCvcu1kR8xMYy_I1Ty-2mV2Q,1
autor:UCXO1BBohNWXkK9SBDAG2ySg,autor:UCXl30Y_upRqbti52fmjK4YA,1
autor:UCXO1BBohNWXkK9SBDAG2ySg,autor:UCxcoDvP-g2_KTZDmVZtvb3w,1
autor:UCXO1BBohNWXkK9SBDAG2ySg,autor:UCwEe1RKlEv1UpNWmWYfSh4w,1
autor:UCXO1BBohNWXkK9SBDAG2ySg,autor:UChT7pzGytNd92Nmvi-zuWog,1
autor:UCXO1BBohNWXkK9SBDAG2ySg,autor:UCdQAuWwyC99MB7Y02Umj26Q,1
autor:UCXO1BBohNWXkK9SBDAG2ySg,autor:UCefAH1MbvADWUjE9WVcB9EQ,1
autor:UCXO1BBohNWXkK9SBDAG2ySg,autor:UCkxdJ_yGN2gghOMo2ybQtXQ,1
autor:UCXO1BBohNWXkK9SBDAG2ySg,autor:UCcFIBN-rtC3d3hXeuN5TfWw,1
autor:UCXSkL3ejZ8qWYyF_M7s_QKA,autor:UCzoL2l5H5eVlorWGH8AZfAg,1
autor:UCXSkL3ejZ8qWYyF_M7s_QKA,autor:UCl0ekS9Tt0jJGtOEM18S63w,1
autor:UCXSkL3ejZ8qWYyF_M7s_QKA,autor:UCySYJU5kUh7X8gVt9la2ISA,1
autor:UCXSkL3ejZ8qWYyF_M7s_QKA,autor:UCZ51R_9Q9C0c8I3pAWhtmjQ,1
autor:UCXSkL3ejZ8qWYyF_M7s_QKA,autor:UCp4iw5_5SmV9VGTFSNVGOmQ,1
autor:UCXSkL3ejZ8qWYyF_M7s_QKA,autor:UCut6b9S98nv84cVX89PmKzA,1
autor:UCXSkL3ejZ8qWYyF_M7s_QKA,autor:UCsUCN0Yq_UyTvKjOJLmNrnQ,1
autor:UCXSkL3ejZ8qWYyF_M7s_QKA,autor:UCZLG9qH0tUjNhEGFIUt0CYw,1
autor:UCXSkL3ejZ8qWYyF_M7s_QKA,autor:UChs3tU2BcKOT0CezykvAsGw,1
autor:UCXSkL3ejZ8qWYyF_M7s_QKA,autor:UCrJn_rbo_ENAdeqneS-RmRw,1
autor:UCXSkL3ejZ8qWYyF_M7s_QKA,autor:UCmvOgzmmXbjUthHy-WJ52hQ,1
autor:UCXSkL3ejZ8qWYyF_M7s_QKA,autor:UCpsKOkt5iWTbenzeuq7dsmQ,1
autor:UCXSkL3ejZ8qWYyF_M7s_QKA,autor:UCi1b_TRQfgO1Z9O2gNGGWNA,1
autor:UCXSkL3ejZ8qWYyF_M7s_QKA,autor:UCfM3nrxtTQMY5jFx1v1J4Gg,1
autor:UCXSkL3ejZ8qWYyF_M7s_QKA,autor:UCjmPuazZJzscrwvk0QR9RVw,1
autor:UCXSkL3ejZ8qWYyF_M7s_QKA,autor:UCtNfIBnc5S5DbbQj_yxgJTw,1
autor:UCXSkL3ejZ8qWYyF_M7s_QKA,autor:UCmjppp6ujz3SAnULvP3sZMw,1
autor:UCXSkL3ejZ8qWYyF_M7s_QKA,autor:UCzSfZlOVxBSs5ObD25ywxDQ,1
autor:UCXSkL3ejZ8qWYyF_M7s_QKA,autor:UCh5ESQvtzyHDhCA7XyekCFA,1
autor:UCXSkL3ejZ8qWYyF_M7s_QKA,autor:UCjSKM9j0Q7HLDr1hD6D-TUw,1
autor:UCXSkL3ejZ8qWYyF_M7s_QKA,autor:UCujPF2nBgsTD62nWE3lcpIg,1
autor:UCXSkL3ejZ8qWYyF_M7s_QKA,autor:UCpIdtvoFHVLGASGB5ySqIEA,1
autor:UCXSkL3ejZ8qWYyF_M7s_QKA,autor:UChZknRmJkeGeQk0-mQuhDOg,1
autor:UCXSkL3ejZ8qWYyF_M7s_QKA,autor:UCXr8_5WtGeipe4haOoQDgyQ,1
autor:UCXSkL3ejZ8qWYyF_M7s_QKA,autor:UCljDbleJul41G1TzOjOZAVA,1
autor:UCXSkL3ejZ8qWYyF_M7s_QKA,autor:UCj-LL25XJnjxepPKCc3NGog,1
autor:UCXSkL3ejZ8qWYyF_M7s_QKA,autor:UCtUR3_CAiE7fCoZHM6cMfyQ,1
autor:UCXSkL3ejZ8qWYyF_M7s_QKA,autor:UCr1emrogPKkKTs_WTtx71xg,1
autor:UCXSkL3ejZ8qWYyF_M7s_QKA,autor:UCsjs5Hp_r86x1xbK6FAeqaA,1
autor:UCXSkL3ejZ8qWYyF_M7s_QKA,autor:UCwha8rxULYMVtNwZWeSkE1A,1
autor:UCXSkL3ejZ8qWYyF_M7s_QKA,autor:UCwW2OFy95P7ZBkOPxWkpvYg,1
autor:UCXSkL3ejZ8qWYyF_M7s_QKA,autor:UCpl8rF8uv_8uui-QRvuJaRA,1
autor:UCXSkL3ejZ8qWYyF_M7s_QKA,autor:UCsJJAvrVGupdmhOqgtDp8dg,1
autor:UCXSkL3ejZ8qWYyF_M7s_QKA,autor:UCvApqeCbLod-wejtT4CcVuA,1
autor:UCXSkL3ejZ8qWYyF_M7s_QKA,autor:UCYN4wSQ1Sx4_LurxLlW7MPg,1
autor:UCXSkL3ejZ8qWYyF_M7s_QKA,autor:UCueV9cTyTDwgQSec1x2dYgA,1
autor:UCXSkL3ejZ8qWYyF_M7s_QKA,autor:UChgkn5Jt5tWKYMoEOuCjz3Q,1
autor:UCXSkL3ejZ8qWYyF_M7s_QKA,autor:UCiMythXHsw7eQEMykCdmMUA,1
autor:UCXSkL3ejZ8qWYyF_M7s_QKA,autor:UCz3gu01bmjNv0DpRq-K3XYg,1
autor:UCXSkL3ejZ8qWYyF_M7s_QKA,autor:UCkd9W714-947dEE6ZOEBATA,1
autor:UCXSkL3ejZ8qWYyF_M7s_QKA,autor:UCXXh7yg5KUFIWylTiKVEFKQ,1
autor:UCXSkL3ejZ8qWYyF_M7s_QKA,autor:UCylqlpsh8ENNM1LqgQ1KbxA,1
autor:UCXSkL3ejZ8qWYyF_M7s_QKA,autor:UCYwpX26TrCxq8TvbKGRYLXA,1
autor:UCXSkL3ejZ8qWYyF_M7s_QKA,autor:UCwO2SXr0ggzwg6QWWrr01nQ,1
autor:UCXSkL3ejZ8qWYyF_M7s_QKA,autor:UCXgr7vXlRrsaskPdo097kGA,1
autor:UCXSkL3ejZ8qWYyF_M7s_QKA,autor:UCsSXdJct-nsS8DsABoEsaYA,1
autor:UCXSkL3ejZ8qWYyF_M7s_QKA,autor:UCcfdg8crmMJwEuLUsAhV7yg,1
autor:UCXSkL3ejZ8qWYyF_M7s_QKA,autor:UCiGRBf2RNF0WRKhRVT7zFoA,1
autor:UCXSkL3ejZ8qWYyF_M7s_QKA,autor:UCplrIQtaPj6au60_f2-mOYw,1
autor:UCXSkL3ejZ8qWYyF_M7s_QKA,autor:UCxff05WuyvwELNITi7bj7UA,1
autor:UCXSkL3ejZ8qWYyF_M7s_QKA,autor:UCgvw7xIdGFupzpt1Y_BFkEA,1
autor:UCXSkL3ejZ8qWYyF_M7s_QKA,autor:UCipetjeiWj4CZB6EbyYziZg,1
autor:UCXSkL3ejZ8qWYyF_M7s_QKA,autor:UChep9kVb5gQmpodEEl10Xlg,1
autor:UCXVLc8CmAO813ubM-fLvCDw,autor:UCbrtvygfRT6QXqWDNrOf-cA,1
autor:UCXVLc8CmAO813ubM-fLvCDw,autor:UCc_F88PzGWtA1OPNUEASulA,1
autor:UCXVLc8CmAO813ubM-fLvCDw,autor:UCvcu1kR8xMYy_I1Ty-2mV2Q,1
autor:UCXVLc8CmAO813ubM-fLvCDw,autor:UCXl30Y_upRqbti52fmjK4YA,1
autor:UCXVLc8CmAO813ubM-fLvCDw,autor:UCxcoDvP-g2_KTZDmVZtvb3w,1
autor:UCXVLc8CmAO813ubM-fLvCDw,autor:UCwEe1RKlEv1UpNWmWYfSh4w,1
autor:UCXVLc8CmAO813ubM-fLvCDw,autor:UChT7pzGytNd92Nmvi-zuWog,1
autor:UCXVLc8CmAO813ubM-fLvCDw,autor:UCdQAuWwyC99MB7Y02Umj26Q,1
autor:UCXVLc8CmAO813ubM-fLvCDw,autor:UCefAH1MbvADWUjE9WVcB9EQ,1
autor:UCXVLc8CmAO813ubM-fLvCDw,autor:UCkxdJ_yGN2gghOMo2ybQtXQ,1
autor:UCXVLc8CmAO813ubM-fLvCDw,autor:UCcFIBN-rtC3d3hXeuN5TfWw,1
autor:UCXXh7yg5KUFIWylTiKVEFKQ,autor:UCzoL2l5H5eVlorWGH8AZfAg,1
autor:UCXXh7yg5KUFIWylTiKVEFKQ,autor:UCl0ekS9Tt0jJGtOEM18S63w,1
autor:UCXXh7yg5KUFIWylTiKVEFKQ,autor:UCySYJU5kUh7X8gVt9la2ISA,1
autor:UCXXh7yg5KUFIWylTiKVEFKQ,autor:UCZ51R_9Q9C0c8I3pAWhtmjQ,1
autor:UCXXh7yg5KUFIWylTiKVEFKQ,autor:UCp4iw5_5SmV9VGTFSNVGOmQ,1
autor:UCXXh7yg5KUFIWylTiKVEFKQ,autor:UCut6b9S98nv84cVX89PmKzA,1
autor:UCXXh7yg5KUFIWylTiKVEFKQ,autor:UCsUCN0Yq_UyTvKjOJLmNrnQ,1
autor:UCXXh7yg5KUFIWylTiKVEFKQ,autor:UCZLG9qH0tUjNhEGFIUt0CYw,1
autor:UCXXh7yg5KUFIWylTiKVEFKQ,autor:UChs3tU2BcKOT0CezykvAsGw,1
autor:UCXXh7yg5KUFIWylTiKVEFKQ,autor:UCrJn_rbo_ENAdeqneS-RmRw,1
autor:UCXXh7yg5KUFIWylTiKVEFKQ,autor:UCmvOgzmmXbjUthHy-WJ52hQ,1
autor:UCXXh7yg5KUFIWylTiKVEFKQ,autor:UCpsKOkt5iWTbenzeuq7dsmQ,1
autor:UCXXh7yg5KUFIWylTiKVEFKQ,autor:UCi1b_TRQfgO1Z9O2gNGGWNA,1
autor:UCXXh7yg5KUFIWylTiKVEFKQ,autor:UCfM3nrxtTQMY5jFx1v1J4Gg,1
autor:UCXXh7yg5KUFIWylTiKVEFKQ,autor:UCjmPuazZJzscrwvk0QR9RVw,1
autor:UCXXh7yg5KUFIWylTiKVEFKQ,autor:UCtNfIBnc5S5DbbQj_yxgJTw,1
autor:UCXXh7yg5KUFIWylTiKVEFKQ,autor:UCmjppp6ujz3SAnULvP3sZMw,1
autor:UCXXh7yg5KUFIWylTiKVEFKQ,autor:UCzSfZlOVxBSs5ObD25ywxDQ,1
autor:UCXXh7yg5KUFIWylTiKVEFKQ,autor:UCh5ESQvtzyHDhCA7XyekCFA,1
autor:UCXXh7yg5KUFIWylTiKVEFKQ,autor:UCjSKM9j0Q7HLDr1hD6D-TUw,1
autor:UCXXh7yg5KUFIWylTiKVEFKQ,autor:UCujPF2nBgsTD62nWE3lcpIg,1
autor:UCXXh7yg5KUFIWylTiKVEFKQ,autor:UCpIdtvoFHVLGASGB5ySqIEA,1
autor:UCXXh7yg5KUFIWylTiKVEFKQ,autor:UChZknRmJkeGeQk0-mQuhDOg,1
autor:UCXXh7yg5KUFIWylTiKVEFKQ,autor:UCXr8_5WtGeipe4haOoQDgyQ,1
autor:UCXXh7yg5KUFIWylTiKVEFKQ,autor:UCljDbleJul41G1TzOjOZAVA,1
autor:UCXXh7yg5KUFIWylTiKVEFKQ,autor:UCj-LL25XJnjxepPKCc3NGog,1
autor:UCXXh7yg5KUFIWylTiKVEFKQ,autor:UCtUR3_CAiE7fCoZHM6cMfyQ,1
autor:UCXXh7yg5KUFIWylTiKVEFKQ,autor:UCr1emrogPKkKTs_WTtx71xg,1
autor:UCXXh7yg5KUFIWylTiKVEFKQ,autor:UCsjs5Hp_r86x1xbK6FAeqaA,1
autor:UCXXh7yg5KUFIWylTiKVEFKQ,autor:UCwha8rxULYMVtNwZWeSkE1A,1
autor:UCXXh7yg5KUFIWylTiKVEFKQ,autor:UCwW2OFy95P7ZBkOPxWkpvYg,1
autor:UCXXh7yg5KUFIWylTiKVEFKQ,autor:UCpl8rF8uv_8uui-QRvuJaRA,1
autor:UCXXh7yg5KUFIWylTiKVEFKQ,autor:UCsJJAvrVGupdmhOqgtDp8dg,1
autor:UCXXh7yg5KUFIWylTiKVEFKQ,autor:UCvApqeCbLod-wejtT4CcVuA,1
autor:UCXXh7yg5KUFIWylTiKVEFKQ,autor:UCYN4wSQ1Sx4_LurxLlW7MPg,1
autor:UCXXh7yg5KUFIWylTiKVEFKQ,autor:UCueV9cTyTDwgQSec1x2dYgA,1
autor:UCXXh7yg5KUFIWylTiKVEFKQ,autor:UChgkn5Jt5tWKYMoEOuCjz3Q,1
autor:UCXXh7yg5KUFIWylTiKVEFKQ,autor:UCiMythXHsw7eQEMykCdmMUA,1
autor:UCXXh7yg5KUFIWylTiKVEFKQ,autor:UCz3gu01bmjNv0DpRq-K3XYg,1
autor:UCXXh7yg5KUFIWylTiKVEFKQ,autor:UCkd9W714-947dEE6ZOEBATA,1
autor:UCXXh7yg5KUFIWylTiKVEFKQ,autor:UCylqlpsh8ENNM1LqgQ1KbxA,1
autor:UCXXh7yg5KUFIWylTiKVEFKQ,autor:UCYwpX26TrCxq8TvbKGRYLXA,1
autor:UCXXh7yg5KUFIWylTiKVEFKQ,autor:UCwO2SXr0ggzwg6QWWrr01nQ,1
autor:UCXXh7yg5KUFIWylTiKVEFKQ,autor:UCXgr7vXlRrsaskPdo097kGA,1
autor:UCXXh7yg5KUFIWylTiKVEFKQ,autor:UCsSXdJct-nsS8DsABoEsaYA,1
autor:UCXXh7yg5KUFIWylTiKVEFKQ,autor:UCcfdg8crmMJwEuLUsAhV7yg,1
autor:UCXXh7yg5KUFIWylTiKVEFKQ,autor:UCiGRBf2RNF0WRKhRVT7zFoA,1
autor:UCXXh7yg5KUFIWylTiKVEFKQ,autor:UCplrIQtaPj6au60_f2-mOYw,1
autor:UCXXh7yg5KUFIWylTiKVEFKQ,autor:UCxff05WuyvwELNITi7bj7UA,1
autor:UCXXh7yg5KUFIWylTiKVEFKQ,autor:UCgvw7xIdGFupzpt1Y_BFkEA,1
autor:UCXXh7yg5KUFIWylTiKVEFKQ,autor:UCipetjeiWj4CZB6EbyYziZg,1
autor:UCXXh7yg5KUFIWylTiKVEFKQ,autor:UChep9kVb5gQmpodEEl10Xlg,1
autor:UCXgr7vXlRrsaskPdo097kGA,autor:UCzoL2l5H5eVlorWGH8AZfAg,1
autor:UCXgr7vXlRrsaskPdo097kGA,autor:UCl0ekS9Tt0jJGtOEM18S63w,1
autor:UCXgr7vXlRrsaskPdo097kGA,autor:UCySYJU5kUh7X8gVt9la2ISA,1
autor:UCXgr7vXlRrsaskPdo097kGA,autor:UCZ51R_9Q9C0c8I3pAWhtmjQ,1
autor:UCXgr7vXlRrsaskPdo097kGA,autor:UCp4iw5_5SmV9VGTFSNVGOmQ,1
autor:UCXgr7vXlRrsaskPdo097kGA,autor:UCut6b9S98nv84cVX89PmKzA,1
autor:UCXgr7vXlRrsaskPdo097kGA,autor:UCsUCN0Yq_UyTvKjOJLmNrnQ,1
autor:UCXgr7vXlRrsaskPdo097kGA,autor:UCZLG9qH0tUjNhEGFIUt0CYw,1
autor:UCXgr7vXlRrsaskPdo097kGA,autor:UChs3tU2BcKOT0CezykvAsGw,1
autor:UCXgr7vXlRrsaskPdo097kGA,autor:UCrJn_rbo_ENAdeqneS-RmRw,1
autor:UCXgr7vXlRrsaskPdo097kGA,autor:UCmvOgzmmXbjUthHy-WJ52hQ,1
autor:UCXgr7vXlRrsaskPdo097kGA,autor:UCpsKOkt5iWTbenzeuq7dsmQ,1
autor:UCXgr7vXlRrsaskPdo097kGA,autor:UCi1b_TRQfgO1Z9O2gNGGWNA,1
autor:UCXgr7vXlRrsaskPdo097kGA,autor:UCfM3nrxtTQMY5jFx1v1J4Gg,1
autor:UCXgr7vXlRrsaskPdo097kGA,autor:UCjmPuazZJzscrwvk0QR9RVw,1
autor:UCXgr7vXlRrsaskPdo097kGA,autor:UCtNfIBnc5S5DbbQj_yxgJTw,1
autor:UCXgr7vXlRrsaskPdo097kGA,autor:UCmjppp6ujz3SAnULvP3sZMw,1
autor:UCXgr7vXlRrsaskPdo097kGA,autor:UCzSfZlOVxBSs5ObD25ywxDQ,1
autor:UCXgr7vXlRrsaskPdo097kGA,autor:UCh5ESQvtzyHDhCA7XyekCFA,1
autor:UCXgr7vXlRrsaskPdo097kGA,autor:UCjSKM9j0Q7HLDr1hD6D-TUw,1
autor:UCXgr7vXlRrsaskPdo097kGA,autor:UCujPF2nBgsTD62nWE3lcpIg,1
autor:UCXgr7vXlRrsaskPdo097kGA,autor:UCpIdtvoFHVLGASGB5ySqIEA,1
autor:UCXgr7vXlRrsaskPdo097kGA,autor:UChZknRmJkeGeQk0-mQuhDOg,1
autor:UCXgr7vXlRrsaskPdo097kGA,autor:UCXr8_5WtGeipe4haOoQDgyQ,1
autor:UCXgr7vXlRrsaskPdo097kGA,autor:UCljDbleJul41G1TzOjOZAVA,1
autor:UCXgr7vXlRrsaskPdo097kGA,autor:UCj-LL25XJnjxepPKCc3NGog,1
autor:UCXgr7vXlRrsaskPdo097kGA,autor:UCtUR3_CAiE7fCoZHM6cMfyQ,1
autor:UCXgr7vXlRrsaskPdo097kGA,autor:UCr1emrogPKkKTs_WTtx71xg,1
autor:UCXgr7vXlRrsaskPdo097kGA,autor:UCsjs5Hp_r86x1xbK6FAeqaA,1
autor:UCXgr7vXlRrsaskPdo097kGA,autor:UCwha8rxULYMVtNwZWeSkE1A,1
autor:UCXgr7vXlRrsaskPdo097kGA,autor:UCwW2OFy95P7ZBkOPxWkpvYg,1
autor:UCXgr7vXlRrsaskPdo097kGA,autor:UCpl8rF8uv_8uui-QRvuJaRA,1
autor:UCXgr7vXlRrsaskPdo097kGA,autor:UCsJJAvrVGupdmhOqgtDp8dg,1
autor:UCXgr7vXlRrsaskPdo097kGA,autor:UCvApqeCbLod-wejtT4CcVuA,1
autor:UCXgr7vXlRrsaskPdo097kGA,autor:UCYN4wSQ1Sx4_LurxLlW7MPg,1
autor:UCXgr7vXlRrsaskPdo097kGA,autor:UCueV9cTyTDwgQSec1x2dYgA,1
autor:UCXgr7vXlRrsaskPdo097kGA,autor:UChgkn5Jt5tWKYMoEOuCjz3Q,1
autor:UCXgr7vXlRrsaskPdo097kGA,autor:UCiMythXHsw7eQEMykCdmMUA,1
autor:UCXgr7vXlRrsaskPdo097kGA,autor:UCz3gu01bmjNv0DpRq-K3XYg,1
autor:UCXgr7vXlRrsaskPdo097kGA,autor:UCkd9W714-947dEE6ZOEBATA,1
autor:UCXgr7vXlRrsaskPdo097kGA,autor:UCylqlpsh8ENNM1LqgQ1KbxA,1
autor:UCXgr7vXlRrsaskPdo097kGA,autor:UCYwpX26TrCxq8TvbKGRYLXA,1
autor:UCXgr7vXlRrsaskPdo097kGA,autor:UCwO2SXr0ggzwg6QWWrr01nQ,1
autor:UCXgr7vXlRrsaskPdo097kGA,autor:UCsSXdJct-nsS8DsABoEsaYA,1
autor:UCXgr7vXlRrsaskPdo097kGA,autor:UCcfdg8crmMJwEuLUsAhV7yg,1
autor:UCXgr7vXlRrsaskPdo097kGA,autor:UCiGRBf2RNF0WRKhRVT7zFoA,1
autor:UCXgr7vXlRrsaskPdo097kGA,autor:UCplrIQtaPj6au60_f2-mOYw,1
autor:UCXgr7vXlRrsaskPdo097kGA,autor:UCxff05WuyvwELNITi7bj7UA,1
autor:UCXgr7vXlRrsaskPdo097kGA,autor:UCgvw7xIdGFupzpt1Y_BFkEA,1
autor:UCXgr7vXlRrsaskPdo097kGA,autor:UCipetjeiWj4CZB6EbyYziZg,1
autor:UCXgr7vXlRrsaskPdo097kGA,autor:UChep9kVb5gQmpodEEl10Xlg,1
autor:UCXl30Y_upRqbti52fmjK4YA,autor:UCbrtvygfRT6QXqWDNrOf-cA,1
autor:UCXl30Y_upRqbti52fmjK4YA,autor:UCc_F88PzGWtA1OPNUEASulA,1
autor:UCXl30Y_upRqbti52fmjK4YA,autor:UCvcu1kR8xMYy_I1Ty-2mV2Q,1
autor:UCXl30Y_upRqbti52fmjK4YA,autor:UCxcoDvP-g2_KTZDmVZtvb3w,1
autor:UCXl30Y_upRqbti52fmjK4YA,autor:UCwEe1RKlEv1UpNWmWYfSh4w,1
autor:UCXl30Y_upRqbti52fmjK4YA,autor:UChT7pzGytNd92Nmvi-zuWog,1
autor:UCXl30Y_upRqbti52fmjK4YA,autor:UCdQAuWwyC99MB7Y02Umj26Q,1
autor:UCXl30Y_upRqbti52fmjK4YA,autor:UCefAH1MbvADWUjE9WVcB9EQ,1
autor:UCXl30Y_upRqbti52fmjK4YA,autor:UCkxdJ_yGN2gghOMo2ybQtXQ,1
autor:UCXl30Y_upRqbti52fmjK4YA,autor:UCcFIBN-rtC3d3hXeuN5TfWw,1
autor:UCXmrpc6Li0spcKxtS0Q_ptg,autor:UCtMBF_1O2jY2INlb_luuB_A,1
autor:UCXmrpc6Li0spcKxtS0Q_ptg,autor:UCyzf29IYjNw67gGIfsjgtxA,1
autor:UCXmrpc6Li0spcKxtS0Q_ptg,autor:UCgLurCo-e019HGODcjXHWCw,1
autor:UCXmrpc6Li0spcKxtS0Q_ptg,autor:UCxKR3RA8T-kxMgq_2WWhRcQ,1
autor:UCXmrpc6Li0spcKxtS0Q_ptg,autor:UC_ljZ1hZXR9pzexFz87P5ZA,1
autor:UCXmrpc6Li0spcKxtS0Q_ptg,autor:UCs_5qeqdku9tGAq22y3OcuQ,1
autor:UCXmrpc6Li0spcKxtS0Q_ptg,autor:UCwUAv3_LpWVtTIi7lkmTL7A,1
autor:UCXmrpc6Li0spcKxtS0Q_ptg,autor:UCaT6M2zp7X6r6Whd8Vv3kHQ,1
autor:UCXmrpc6Li0spcKxtS0Q_ptg,autor:UCqilIa8r7iek5sGYg_q6ofA,1
autor:UCXmrpc6Li0spcKxtS0Q_ptg,autor:UCY7Hq7F9Lnucf-Yr6JkHZNw,1
autor:UCXmrpc6Li0spcKxtS0Q_ptg,autor:UCgLrWFdYitoP-b7-PxtUr-w,1
autor:UCXmrpc6Li0spcKxtS0Q_ptg,autor:UCi-vPdnpQreC7BkFs40mJGA,1
autor:UCXr8_5WtGeipe4haOoQDgyQ,autor:UCzoL2l5H5eVlorWGH8AZfAg,1
autor:UCXr8_5WtGeipe4haOoQDgyQ,autor:UCl0ekS9Tt0jJGtOEM18S63w,1
autor:UCXr8_5WtGeipe4haOoQDgyQ,autor:UCySYJU5kUh7X8gVt9la2ISA,1
autor:UCXr8_5WtGeipe4haOoQDgyQ,autor:UCZ51R_9Q9C0c8I3pAWhtmjQ,1
autor:UCXr8_5WtGeipe4haOoQDgyQ,autor:UCp4iw5_5SmV9VGTFSNVGOmQ,1
autor:UCXr8_5WtGeipe4haOoQDgyQ,autor:UCut6b9S98nv84cVX89PmKzA,1
autor:UCXr8_5WtGeipe4haOoQDgyQ,autor:UCsUCN0Yq_UyTvKjOJLmNrnQ,1
autor:UCXr8_5WtGeipe4haOoQDgyQ,autor:UCZLG9qH0tUjNhEGFIUt0CYw,1
autor:UCXr8_5WtGeipe4haOoQDgyQ,autor:UChs3tU2BcKOT0CezykvAsGw,1
autor:UCXr8_5WtGeipe4haOoQDgyQ,autor:UCrJn_rbo_ENAdeqneS-RmRw,1
autor:UCXr8_5WtGeipe4haOoQDgyQ,autor:UCmvOgzmmXbjUthHy-WJ52hQ,1
autor:UCXr8_5WtGeipe4haOoQDgyQ,autor:UCpsKOkt5iWTbenzeuq7dsmQ,1
autor:UCXr8_5WtGeipe4haOoQDgyQ,autor:UCi1b_TRQfgO1Z9O2gNGGWNA,1
autor:UCXr8_5WtGeipe4haOoQDgyQ,autor:UCfM3nrxtTQMY5jFx1v1J4Gg,1
autor:UCXr8_5WtGeipe4haOoQDgyQ,autor:UCjmPuazZJzscrwvk0QR9RVw,1
autor:UCXr8_5WtGeipe4haOoQDgyQ,autor:UCtNfIBnc5S5DbbQj_yxgJTw,1
autor:UCXr8_5WtGeipe4haOoQDgyQ,autor:UCmjppp6ujz3SAnULvP3sZMw,1
autor:UCXr8_5WtGeipe4haOoQDgyQ,autor:UCzSfZlOVxBSs5ObD25ywxDQ,1
autor:UCXr8_5WtGeipe4haOoQDgyQ,autor:UCh5ESQvtzyHDhCA7XyekCFA,1
autor:UCXr8_5WtGeipe4haOoQDgyQ,autor:UCjSKM9j0Q7HLDr1hD6D-TUw,1
autor:UCXr8_5WtGeipe4haOoQDgyQ,autor:UCujPF2nBgsTD62nWE3lcpIg,1
autor:UCXr8_5WtGeipe4haOoQDgyQ,autor:UCpIdtvoFHVLGASGB5ySqIEA,1
autor:UCXr8_5WtGeipe4haOoQDgyQ,autor:UChZknRmJkeGeQk0-mQuhDOg,1
autor:UCXr8_5WtGeipe4haOoQDgyQ,autor:UCljDbleJul41G1TzOjOZAVA,1
autor:UCXr8_5WtGeipe4haOoQDgyQ,autor:UCj-LL25XJnjxepPKCc3NGog,1
autor:UCXr8_5WtGeipe4haOoQDgyQ,autor:UCtUR3_CAiE7fCoZHM6cMfyQ,1
autor:UCXr8_5WtGeipe4haOoQDgyQ,autor:UCr1emrogPKkKTs_WTtx71xg,1
autor:UCXr8_5WtGeipe4haOoQDgyQ,autor:UCsjs5Hp_r86x1xbK6FAeqaA,1
autor:UCXr8_5WtGeipe4haOoQDgyQ,autor:UCwha8rxULYMVtNwZWeSkE1A,1
autor:UCXr8_5WtGeipe4haOoQDgyQ,autor:UCwW2OFy95P7ZBkOPxWkpvYg,1
autor:UCXr8_5WtGeipe4haOoQDgyQ,autor:UCpl8rF8uv_8uui-QRvuJaRA,1
autor:UCXr8_5WtGeipe4haOoQDgyQ,autor:UCsJJAvrVGupdmhOqgtDp8dg,1
autor:UCXr8_5WtGeipe4haOoQDgyQ,autor:UCvApqeCbLod-wejtT4CcVuA,1
autor:UCXr8_5WtGeipe4haOoQDgyQ,autor:UCYN4wSQ1Sx4_LurxLlW7MPg,1
autor:UCXr8_5WtGeipe4haOoQDgyQ,autor:UCueV9cTyTDwgQSec1x2dYgA,1
autor:UCXr8_5WtGeipe4haOoQDgyQ,autor:UChgkn5Jt5tWKYMoEOuCjz3Q,1
autor:UCXr8_5WtGeipe4haOoQDgyQ,autor:UCiMythXHsw7eQEMykCdmMUA,1
autor:UCXr8_5WtGeipe4haOoQDgyQ,autor:UCz3gu01bmjNv0DpRq-K3XYg,1
autor:UCXr8_5WtGeipe4haOoQDgyQ,autor:UCkd9W714-947dEE6ZOEBATA,1
autor:UCXr8_5WtGeipe4haOoQDgyQ,autor:UCylqlpsh8ENNM1LqgQ1KbxA,1
autor:UCXr8_5WtGeipe4haOoQDgyQ,autor:UCYwpX26TrCxq8TvbKGRYLXA,1
autor:UCXr8_5WtGeipe4haOoQDgyQ,autor:UCwO2SXr0ggzwg6QWWrr01nQ,1
autor:UCXr8_5WtGeipe4haOoQDgyQ,autor:UCsSXdJct-nsS8DsABoEsaYA,1
autor:UCXr8_5WtGeipe4haOoQDgyQ,autor:UCcfdg8crmMJwEuLUsAhV7yg,1
autor:UCXr8_5WtGeipe4haOoQDgyQ,autor:UCiGRBf2RNF0WRKhRVT7zFoA,1
autor:UCXr8_5WtGeipe4haOoQDgyQ,autor:UCplrIQtaPj6au60_f2-mOYw,1
autor:UCXr8_5WtGeipe4haOoQDgyQ,autor:UCxff05WuyvwELNITi7bj7UA,1
autor:UCXr8_5WtGeipe4haOoQDgyQ,autor:UCgvw7xIdGFupzpt1Y_BFkEA,1
autor:UCXr8_5WtGeipe4haOoQDgyQ,autor:UCipetjeiWj4CZB6EbyYziZg,1
autor:UCXr8_5WtGeipe4haOoQDgyQ,autor:UChep9kVb5gQmpodEEl10Xlg,1
autor:UCY7Hq7F9Lnucf-Yr6JkHZNw,autor:UCtMBF_1O2jY2INlb_luuB_A,1
autor:UCY7Hq7F9Lnucf-Yr6JkHZNw,autor:UCyzf29IYjNw67gGIfsjgtxA,1
autor:UCY7Hq7F9Lnucf-Yr6JkHZNw,autor:UCgLurCo-e019HGODcjXHWCw,1
autor:UCY7Hq7F9Lnucf-Yr6JkHZNw,autor:UCxKR3RA8T-kxMgq_2WWhRcQ,1
autor:UCY7Hq7F9Lnucf-Yr6JkHZNw,autor:UC_ljZ1hZXR9pzexFz87P5ZA,1
autor:UCY7Hq7F9Lnucf-Yr6JkHZNw,autor:UCs_5qeqdku9tGAq22y3OcuQ,1
autor:UCY7Hq7F9Lnucf-Yr6JkHZNw,autor:UCwUAv3_LpWVtTIi7lkmTL7A,1
autor:UCY7Hq7F9Lnucf-Yr6JkHZNw,autor:UCaT6M2zp7X6r6Whd8Vv3kHQ,1
autor:UCY7Hq7F9Lnucf-Yr6JkHZNw,autor:UCqilIa8r7iek5sGYg_q6ofA,1
autor:UCY7Hq7F9Lnucf-Yr6JkHZNw,autor:UCgLrWFdYitoP-b7-PxtUr-w,1
autor:UCY7Hq7F9Lnucf-Yr6JkHZNw,autor:UCi-vPdnpQreC7BkFs40mJGA,1
autor:UCYN4wSQ1Sx4_LurxLlW7MPg,autor:UCzoL2l5H5eVlorWGH8AZfAg,1
autor:UCYN4wSQ1Sx4_LurxLlW7MPg,autor:UCl0ekS9Tt0jJGtOEM18S63w,1
autor:UCYN4wSQ1Sx4_LurxLlW7MPg,autor:UCySYJU5kUh7X8gVt9la2ISA,1
autor:UCYN4wSQ1Sx4_LurxLlW7MPg,autor:UCZ51R_9Q9C0c8I3pAWhtmjQ,1
autor:UCYN4wSQ1Sx4_LurxLlW7MPg,autor:UCp4iw5_5SmV9VGTFSNVGOmQ,1
autor:UCYN4wSQ1Sx4_LurxLlW7MPg,autor:UCut6b9S98nv84cVX89PmKzA,1
autor:UCYN4wSQ1Sx4_LurxLlW7MPg,autor:UCsUCN0Yq_UyTvKjOJLmNrnQ,1
autor:UCYN4wSQ1Sx4_LurxLlW7MPg,autor:UCZLG9qH0tUjNhEGFIUt0CYw,1
autor:UCYN4wSQ1Sx4_LurxLlW7MPg,autor:UChs3tU2BcKOT0CezykvAsGw,1
autor:UCYN4wSQ1Sx4_LurxLlW7MPg,autor:UCrJn_rbo_ENAdeqneS-RmRw,1
autor:UCYN4wSQ1Sx4_LurxLlW7MPg,autor:UCmvOgzmmXbjUthHy-WJ52hQ,1
autor:UCYN4wSQ1Sx4_LurxLlW7MPg,autor:UCpsKOkt5iWTbenzeuq7dsmQ,1
autor:UCYN4wSQ1Sx4_LurxLlW7MPg,autor:UCi1b_TRQfgO1Z9O2gNGGWNA,1
autor:UCYN4wSQ1Sx4_LurxLlW7MPg,autor:UCfM3nrxtTQMY5jFx1v1J4Gg,1
autor:UCYN4wSQ1Sx4_LurxLlW7MPg,autor:UCjmPuazZJzscrwvk0QR9RVw,1
autor:UCYN4wSQ1Sx4_LurxLlW7MPg,autor:UCtNfIBnc5S5DbbQj_yxgJTw,1
autor:UCYN4wSQ1Sx4_LurxLlW7MPg,autor:UCmjppp6ujz3SAnULvP3sZMw,1
autor:UCYN4wSQ1Sx4_LurxLlW7MPg,autor:UCzSfZlOVxBSs5ObD25ywxDQ,1
autor:UCYN4wSQ1Sx4_LurxLlW7MPg,autor:UCh5ESQvtzyHDhCA7XyekCFA,1
autor:UCYN4wSQ1Sx4_LurxLlW7MPg,autor:UCjSKM9j0Q7HLDr1hD6D-TUw,1
autor:UCYN4wSQ1Sx4_LurxLlW7MPg,autor:UCujPF2nBgsTD62nWE3lcpIg,1
autor:UCYN4wSQ1Sx4_LurxLlW7MPg,autor:UCpIdtvoFHVLGASGB5ySqIEA,1
autor:UCYN4wSQ1Sx4_LurxLlW7MPg,autor:UChZknRmJkeGeQk0-mQuhDOg,1
autor:UCYN4wSQ1Sx4_LurxLlW7MPg,autor:UCljDbleJul41G1TzOjOZAVA,1
autor:UCYN4wSQ1Sx4_LurxLlW7MPg,autor:UCj-LL25XJnjxepPKCc3NGog,1
autor:UCYN4wSQ1Sx4_LurxLlW7MPg,autor:UCtUR3_CAiE7fCoZHM6cMfyQ,1
autor:UCYN4wSQ1Sx4_LurxLlW7MPg,autor:UCr1emrogPKkKTs_WTtx71xg,1
autor:UCYN4wSQ1Sx4_LurxLlW7MPg,autor:UCsjs5Hp_r86x1xbK6FAeqaA,1
autor:UCYN4wSQ1Sx4_LurxLlW7MPg,autor:UCwha8rxULYMVtNwZWeSkE1A,1
autor:UCYN4wSQ1Sx4_LurxLlW7MPg,autor:UCwW2OFy95P7ZBkOPxWkpvYg,1
autor:UCYN4wSQ1Sx4_LurxLlW7MPg,autor:UCpl8rF8uv_8uui-QRvuJaRA,1
autor:UCYN4wSQ1Sx4_LurxLlW7MPg,autor:UCsJJAvrVGupdmhOqgtDp8dg,1
autor:UCYN4wSQ1Sx4_LurxLlW7MPg,autor:UCvApqeCbLod-wejtT4CcVuA,1
autor:UCYN4wSQ1Sx4_LurxLlW7MPg,autor:UCueV9cTyTDwgQSec1x2dYgA,1
autor:UCYN4wSQ1Sx4_LurxLlW7MPg,autor:UChgkn5Jt5tWKYMoEOuCjz3Q,1
autor:UCYN4wSQ1Sx4_LurxLlW7MPg,autor:UCiMythXHsw7eQEMykCdmMUA,1
autor:UCYN4wSQ1Sx4_LurxLlW7MPg,autor:UCz3gu01bmjNv0DpRq-K3XYg,1
autor:UCYN4wSQ1Sx4_LurxLlW7MPg,autor:UCkd9W714-947dEE6ZOEBATA,1
autor:UCYN4wSQ1Sx4_LurxLlW7MPg,autor:UCylqlpsh8ENNM1LqgQ1KbxA,1
autor:UCYN4wSQ1Sx4_LurxLlW7MPg,autor:UCYwpX26TrCxq8TvbKGRYLXA,1
autor:UCYN4wSQ1Sx4_LurxLlW7MPg,autor:UCwO2SXr0ggzwg6QWWrr01nQ,1
autor:UCYN4wSQ1Sx4_LurxLlW7MPg,autor:UCsSXdJct-nsS8DsABoEsaYA,1
autor:UCYN4wSQ1Sx4_LurxLlW7MPg,autor:UCcfdg8crmMJwEuLUsAhV7yg,1
autor:UCYN4wSQ1Sx4_LurxLlW7MPg,autor:UCiGRBf2RNF0WRKhRVT7zFoA,1
autor:UCYN4wSQ1Sx4_LurxLlW7MPg,autor:UCplrIQtaPj6au60_f2-mOYw,1
autor:UCYN4wSQ1Sx4_LurxLlW7MPg,autor:UCxff05WuyvwELNITi7bj7UA,1
autor:UCYN4wSQ1Sx4_LurxLlW7MPg,autor:UCgvw7xIdGFupzpt1Y_BFkEA,1
autor:UCYN4wSQ1Sx4_LurxLlW7MPg,autor:UCipetjeiWj4CZB6EbyYziZg,1
autor:UCYN4wSQ1Sx4_LurxLlW7MPg,autor:UChep9kVb5gQmpodEEl10Xlg,1
autor:UCYwpX26TrCxq8TvbKGRYLXA,autor:UCzoL2l5H5eVlorWGH8AZfAg,1
autor:UCYwpX26TrCxq8TvbKGRYLXA,autor:UCl0ekS9Tt0jJGtOEM18S63w,1
autor:UCYwpX26TrCxq8TvbKGRYLXA,autor:UCySYJU5kUh7X8gVt9la2ISA,1
autor:UCYwpX26TrCxq8TvbKGRYLXA,autor:UCZ51R_9Q9C0c8I3pAWhtmjQ,1
autor:UCYwpX26TrCxq8TvbKGRYLXA,autor:UCp4iw5_5SmV9VGTFSNVGOmQ,1
autor:UCYwpX26TrCxq8TvbKGRYLXA,autor:UCut6b9S98nv84cVX89PmKzA,1
autor:UCYwpX26TrCxq8TvbKGRYLXA,autor:UCsUCN0Yq_UyTvKjOJLmNrnQ,1
autor:UCYwpX26TrCxq8TvbKGRYLXA,autor:UCZLG9qH0tUjNhEGFIUt0CYw,1
autor:UCYwpX26TrCxq8TvbKGRYLXA,autor:UChs3tU2BcKOT0CezykvAsGw,1
autor:UCYwpX26TrCxq8TvbKGRYLXA,autor:UCrJn_rbo_ENAdeqneS-RmRw,1
autor:UCYwpX26TrCxq8TvbKGRYLXA,autor:UCmvOgzmmXbjUthHy-WJ52hQ,1
autor:UCYwpX26TrCxq8TvbKGRYLXA,autor:UCpsKOkt5iWTbenzeuq7dsmQ,1
autor:UCYwpX26TrCxq8TvbKGRYLXA,autor:UCi1b_TRQfgO1Z9O2gNGGWNA,1
autor:UCYwpX26TrCxq8TvbKGRYLXA,autor:UCfM3nrxtTQMY5jFx1v1J4Gg,1
autor:UCYwpX26TrCxq8TvbKGRYLXA,autor:UCjmPuazZJzscrwvk0QR9RVw,1
autor:UCYwpX26TrCxq8TvbKGRYLXA,autor:UCtNfIBnc5S5DbbQj_yxgJTw,1
autor:UCYwpX26TrCxq8TvbKGRYLXA,autor:UCmjppp6ujz3SAnULvP3sZMw,1
autor:UCYwpX26TrCxq8TvbKGRYLXA,autor:UCzSfZlOVxBSs5ObD25ywxDQ,1
autor:UCYwpX26TrCxq8TvbKGRYLXA,autor:UCh5ESQvtzyHDhCA7XyekCFA,1
autor:UCYwpX26TrCxq8TvbKGRYLXA,autor:UCjSKM9j0Q7HLDr1hD6D-TUw,1
autor:UCYwpX26TrCxq8TvbKGRYLXA,autor:UCujPF2nBgsTD62nWE3lcpIg,1
autor:UCYwpX26TrCxq8TvbKGRYLXA,autor:UCpIdtvoFHVLGASGB5ySqIEA,1
autor:UCYwpX26TrCxq8TvbKGRYLXA,autor:UChZknRmJkeGeQk0-mQuhDOg,1
autor:UCYwpX26TrCxq8TvbKGRYLXA,autor:UCljDbleJul41G1TzOjOZAVA,1
autor:UCYwpX26TrCxq8TvbKGRYLXA,autor:UCj-LL25XJnjxepPKCc3NGog,1
autor:UCYwpX26TrCxq8TvbKGRYLXA,autor:UCtUR3_CAiE7fCoZHM6cMfyQ,1
autor:UCYwpX26TrCxq8TvbKGRYLXA,autor:UCr1emrogPKkKTs_WTtx71xg,1
autor:UCYwpX26TrCxq8TvbKGRYLXA,autor:UCsjs5Hp_r86x1xbK6FAeqaA,1
autor:UCYwpX26TrCxq8TvbKGRYLXA,autor:UCwha8rxULYMVtNwZWeSkE1A,1
autor:UCYwpX26TrCxq8TvbKGRYLXA,autor:UCwW2OFy95P7ZBkOPxWkpvYg,1
autor:UCYwpX26TrCxq8TvbKGRYLXA,autor:UCpl8rF8uv_8uui-QRvuJaRA,1
autor:UCYwpX26TrCxq8TvbKGRYLXA,autor:UCsJJAvrVGupdmhOqgtDp8dg,1
autor:UCYwpX26TrCxq8TvbKGRYLXA,autor:UCvApqeCbLod-wejtT4CcVuA,1
autor:UCYwpX26TrCxq8TvbKGRYLXA,autor:UCueV9cTyTDwgQSec1x2dYgA,1
autor:UCYwpX26TrCxq8TvbKGRYLXA,autor:UChgkn5Jt5tWKYMoEOuCjz3Q,1
autor:UCYwpX26TrCxq8TvbKGRYLXA,autor:UCiMythXHsw7eQEMykCdmMUA,1
autor:UCYwpX26TrCxq8TvbKGRYLXA,autor:UCz3gu01bmjNv0DpRq-K3XYg,1
autor:UCYwpX26TrCxq8TvbKGRYLXA,autor:UCkd9W714-947dEE6ZOEBATA,1
autor:UCYwpX26TrCxq8TvbKGRYLXA,autor:UCylqlpsh8ENNM1LqgQ1KbxA,1
autor:UCYwpX26TrCxq8TvbKGRYLXA,autor:UCwO2SXr0ggzwg6QWWrr01nQ,1
autor:UCYwpX26TrCxq8TvbKGRYLXA,autor:UCsSXdJct-nsS8DsABoEsaYA,1
autor:UCYwpX26TrCxq8TvbKGRYLXA,autor:UCcfdg8crmMJwEuLUsAhV7yg,1
autor:UCYwpX26TrCxq8TvbKGRYLXA,autor:UCiGRBf2RNF0WRKhRVT7zFoA,1
autor:UCYwpX26TrCxq8TvbKGRYLXA,autor:UCplrIQtaPj6au60_f2-mOYw,1
autor:UCYwpX26TrCxq8TvbKGRYLXA,autor:UCxff05WuyvwELNITi7bj7UA,1
autor:UCYwpX26TrCxq8TvbKGRYLXA,autor:UCgvw7xIdGFupzpt1Y_BFkEA,1
autor:UCYwpX26TrCxq8TvbKGRYLXA,autor:UCipetjeiWj4CZB6EbyYziZg,1
autor:UCYwpX26TrCxq8TvbKGRYLXA,autor:UChep9kVb5gQmpodEEl10Xlg,1
autor:UCZ51R_9Q9C0c8I3pAWhtmjQ,autor:UCzoL2l5H5eVlorWGH8AZfAg,1
autor:UCZ51R_9Q9C0c8I3pAWhtmjQ,autor:UCl0ekS9Tt0jJGtOEM18S63w,1
autor:UCZ51R_9Q9C0c8I3pAWhtmjQ,autor:UCySYJU5kUh7X8gVt9la2ISA,1
autor:UCZ51R_9Q9C0c8I3pAWhtmjQ,autor:UCp4iw5_5SmV9VGTFSNVGOmQ,1
autor:UCZ51R_9Q9C0c8I3pAWhtmjQ,autor:UCut6b9S98nv84cVX89PmKzA,1
autor:UCZ51R_9Q9C0c8I3pAWhtmjQ,autor:UCsUCN0Yq_UyTvKjOJLmNrnQ,1
autor:UCZ51R_9Q9C0c8I3pAWhtmjQ,autor:UCZLG9qH0tUjNhEGFIUt0CYw,1
autor:UCZ51R_9Q9C0c8I3pAWhtmjQ,autor:UChs3tU2BcKOT0CezykvAsGw,1
autor:UCZ51R_9Q9C0c8I3pAWhtmjQ,autor:UCrJn_rbo_ENAdeqneS-RmRw,1
autor:UCZ51R_9Q9C0c8I3pAWhtmjQ,autor:UCmvOgzmmXbjUthHy-WJ52hQ,1
autor:UCZ51R_9Q9C0c8I3pAWhtmjQ,autor:UCpsKOkt5iWTbenzeuq7dsmQ,1
autor:UCZ51R_9Q9C0c8I3pAWhtmjQ,autor:UCi1b_TRQfgO1Z9O2gNGGWNA,1
autor:UCZ51R_9Q9C0c8I3pAWhtmjQ,autor:UCfM3nrxtTQMY5jFx1v1J4Gg,1
autor:UCZ51R_9Q9C0c8I3pAWhtmjQ,autor:UCjmPuazZJzscrwvk0QR9RVw,1
autor:UCZ51R_9Q9C0c8I3pAWhtmjQ,autor:UCtNfIBnc5S5DbbQj_yxgJTw,1
autor:UCZ51R_9Q9C0c8I3pAWhtmjQ,autor:UCmjppp6ujz3SAnULvP3sZMw,1
autor:UCZ51R_9Q9C0c8I3pAWhtmjQ,autor:UCzSfZlOVxBSs5ObD25ywxDQ,1
autor:UCZ51R_9Q9C0c8I3pAWhtmjQ,autor:UCh5ESQvtzyHDhCA7XyekCFA,1
autor:UCZ51R_9Q9C0c8I3pAWhtmjQ,autor:UCjSKM9j0Q7HLDr1hD6D-TUw,1
autor:UCZ51R_9Q9C0c8I3pAWhtmjQ,autor:UCujPF2nBgsTD62nWE3lcpIg,1
autor:UCZ51R_9Q9C0c8I3pAWhtmjQ,autor:UCpIdtvoFHVLGASGB5ySqIEA,1
autor:UCZ51R_9Q9C0c8I3pAWhtmjQ,autor:UChZknRmJkeGeQk0-mQuhDOg,1
autor:UCZ51R_9Q9C0c8I3pAWhtmjQ,autor:UCljDbleJul41G1TzOjOZAVA,1
autor:UCZ51R_9Q9C0c8I3pAWhtmjQ,autor:UCj-LL25XJnjxepPKCc3NGog,1
autor:UCZ51R_9Q9C0c8I3pAWhtmjQ,autor:UCtUR3_CAiE7fCoZHM6cMfyQ,1
autor:UCZ51R_9Q9C0c8I3pAWhtmjQ,autor:UCr1emrogPKkKTs_WTtx71xg,1
autor:UCZ51R_9Q9C0c8I3pAWhtmjQ,autor:UCsjs5Hp_r86x1xbK6FAeqaA,1
autor:UCZ51R_9Q9C0c8I3pAWhtmjQ,autor:UCwha8rxULYMVtNwZWeSkE1A,1
autor:UCZ51R_9Q9C0c8I3pAWhtmjQ,autor:UCwW2OFy95P7ZBkOPxWkpvYg,1
autor:UCZ51R_9Q9C0c8I3pAWhtmjQ,autor:UCpl8rF8uv_8uui-QRvuJaRA,1
autor:UCZ51R_9Q9C0c8I3pAWhtmjQ,autor:UCsJJAvrVGupdmhOqgtDp8dg,1
autor:UCZ51R_9Q9C0c8I3pAWhtmjQ,autor:UCvApqeCbLod-wejtT4CcVuA,1
autor:UCZ51R_9Q9C0c8I3pAWhtmjQ,autor:UCueV9cTyTDwgQSec1x2dYgA,1
autor:UCZ51R_9Q9C0c8I3pAWhtmjQ,autor:UChgkn5Jt5tWKYMoEOuCjz3Q,1
autor:UCZ51R_9Q9C0c8I3pAWhtmjQ,autor:UCiMythXHsw7eQEMykCdmMUA,1
autor:UCZ51R_9Q9C0c8I3pAWhtmjQ,autor:UCz3gu01bmjNv0DpRq-K3XYg,1
autor:UCZ51R_9Q9C0c8I3pAWhtmjQ,autor:UCkd9W714-947dEE6ZOEBATA,1
autor:UCZ51R_9Q9C0c8I3pAWhtmjQ,autor:UCylqlpsh8ENNM1LqgQ1KbxA,1
autor:UCZ51R_9Q9C0c8I3pAWhtmjQ,autor:UCwO2SXr0ggzwg6QWWrr01nQ,1
autor:UCZ51R_9Q9C0c8I3pAWhtmjQ,autor:UCsSXdJct-nsS8DsABoEsaYA,1
autor:UCZ51R_9Q9C0c8I3pAWhtmjQ,autor:UCcfdg8crmMJwEuLUsAhV7yg,1
autor:UCZ51R_9Q9C0c8I3pAWhtmjQ,autor:UCiGRBf2RNF0WRKhRVT7zFoA,1
autor:UCZ51R_9Q9C0c8I3pAWhtmjQ,autor:UCplrIQtaPj6au60_f2-mOYw,1
autor:UCZ51R_9Q9C0c8I3pAWhtmjQ,autor:UCxff05WuyvwELNITi7bj7UA,1
autor:UCZ51R_9Q9C0c8I3pAWhtmjQ,autor:UCgvw7xIdGFupzpt1Y_BFkEA,1
autor:UCZ51R_9Q9C0c8I3pAWhtmjQ,autor:UCipetjeiWj4CZB6EbyYziZg,1
autor:UCZ51R_9Q9C0c8I3pAWhtmjQ,autor:UChep9kVb5gQmpodEEl10Xlg,1
autor:UCZFQwqh90apuL8eFhvRBkUg,autor:UCeQk-WfEA-cJRq4EKeE7TOw,1
autor:UCZFQwqh90apuL8eFhvRBkUg,autor:UCjZgFEowMBrsjodqfovzdKw,1
autor:UCZFQwqh90apuL8eFhvRBkUg,autor:UChyps3dqY-VY1_wLeq-2lhw,1
autor:UCZFQwqh90apuL8eFhvRBkUg,autor:UCp29O_C7cchZV8IxV7Crdag,1
autor:UCZFQwqh90apuL8eFhvRBkUg,autor:UCa36MjQLoPAmgJo-R3G8WQA,1
autor:UCZFQwqh90apuL8eFhvRBkUg,autor:UCzZ6dDCEsLMXbc5pCFXIprw,1
autor:UCZFQwqh90apuL8eFhvRBkUg,autor:UCwxoKK59nGCeBqB2sXfDBIw,1
autor:UCZFQwqh90apuL8eFhvRBkUg,autor:UCvDwJBBY1mHK70aTEYl6rsA,1
autor:UCZFQwqh90apuL8eFhvRBkUg,autor:UCiOZX__1gahg1ypIj0_XG_w,1
autor:UCZFQwqh90apuL8eFhvRBkUg,autor:UCoGdCoJg2Lh0OX_jv6cG16g,1
autor:UCZFQwqh90apuL8eFhvRBkUg,autor:UCaT4saRcyqCLE657Rq2hhZQ,1
autor:UCZFQwqh90apuL8eFhvRBkUg,autor:UCfo_yUPzy1f1POwwZxhZ06Q,1
autor:UCZFQwqh90apuL8eFhvRBkUg,autor:UCtsxPYw8VUsH_FfnKg-0lmw,1
autor:UCZFQwqh90apuL8eFhvRBkUg,autor:UCgGqw4aqMdMVSGkKiMgrJRQ,1
autor:UCZFQwqh90apuL8eFhvRBkUg,autor:UCtCtts20bW6F9CSohau51Iw,1
autor:UCZFQwqh90apuL8eFhvRBkUg,autor:UCheEJ5GZuIvV0fj-nXyVwXw,1
autor:UCZFQwqh90apuL8eFhvRBkUg,autor:UCql1n3Ey6ULMSOACjMe-fxQ,1
autor:UCZFQwqh90apuL8eFhvRBkUg,autor:UCyJhqmMbsvjpoarBBStA2kg,1
autor:UCZIQnb1fkwe39Iw2TAu-bGA,autor:UCyW68EGZey4ao_Vf2cR5Ztg,1
autor:UCZIQnb1fkwe39Iw2TAu-bGA,autor:UCvcu1kR8xMYy_I1Ty-2mV2Q,1
autor:UCZLG9qH0tUjNhEGFIUt0CYw,autor:UCzoL2l5H5eVlorWGH8AZfAg,1
autor:UCZLG9qH0tUjNhEGFIUt0CYw,autor:UCl0ekS9Tt0jJGtOEM18S63w,1
autor:UCZLG9qH0tUjNhEGFIUt0CYw,autor:UCySYJU5kUh7X8gVt9la2ISA,1
autor:UCZLG9qH0tUjNhEGFIUt0CYw,autor:UCp4iw5_5SmV9VGTFSNVGOmQ,1
autor:UCZLG9qH0tUjNhEGFIUt0CYw,autor:UCut6b9S98nv84cVX89PmKzA,1
autor:UCZLG9qH0tUjNhEGFIUt0CYw,autor:UCsUCN0Yq_UyTvKjOJLmNrnQ,1
autor:UCZLG9qH0tUjNhEGFIUt0CYw,autor:UChs3tU2BcKOT0CezykvAsGw,1
autor:UCZLG9qH0tUjNhEGFIUt0CYw,autor:UCrJn_rbo_ENAdeqneS-RmRw,1
autor:UCZLG9qH0tUjNhEGFIUt0CYw,autor:UCmvOgzmmXbjUthHy-WJ52hQ,1
autor:UCZLG9qH0tUjNhEGFIUt0CYw,autor:UCpsKOkt5iWTbenzeuq7dsmQ,1
autor:UCZLG9qH0tUjNhEGFIUt0CYw,autor:UCi1b_TRQfgO1Z9O2gNGGWNA,1
autor:UCZLG9qH0tUjNhEGFIUt0CYw,autor:UCfM3nrxtTQMY5jFx1v1J4Gg,1
autor:UCZLG9qH0tUjNhEGFIUt0CYw,autor:UCjmPuazZJzscrwvk0QR9RVw,1
autor:UCZLG9qH0tUjNhEGFIUt0CYw,autor:UCtNfIBnc5S5DbbQj_yxgJTw,1
autor:UCZLG9qH0tUjNhEGFIUt0CYw,autor:UCmjppp6ujz3SAnULvP3sZMw,1
autor:UCZLG9qH0tUjNhEGFIUt0CYw,autor:UCzSfZlOVxBSs5ObD25ywxDQ,1
autor:UCZLG9qH0tUjNhEGFIUt0CYw,autor:UCh5ESQvtzyHDhCA7XyekCFA,1
autor:UCZLG9qH0tUjNhEGFIUt0CYw,autor:UCjSKM9j0Q7HLDr1hD6D-TUw,1
autor:UCZLG9qH0tUjNhEGFIUt0CYw,autor:UCujPF2nBgsTD62nWE3lcpIg,1
autor:UCZLG9qH0tUjNhEGFIUt0CYw,autor:UCpIdtvoFHVLGASGB5ySqIEA,1
autor:UCZLG9qH0tUjNhEGFIUt0CYw,autor:UChZknRmJkeGeQk0-mQuhDOg,1
autor:UCZLG9qH0tUjNhEGFIUt0CYw,autor:UCljDbleJul41G1TzOjOZAVA,1
autor:UCZLG9qH0tUjNhEGFIUt0CYw,autor:UCj-LL25XJnjxepPKCc3NGog,1
autor:UCZLG9qH0tUjNhEGFIUt0CYw,autor:UCtUR3_CAiE7fCoZHM6cMfyQ,1
autor:UCZLG9qH0tUjNhEGFIUt0CYw,autor:UCr1emrogPKkKTs_WTtx71xg,1
autor:UCZLG9qH0tUjNhEGFIUt0CYw,autor:UCsjs5Hp_r86x1xbK6FAeqaA,1
autor:UCZLG9qH0tUjNhEGFIUt0CYw,autor:UCwha8rxULYMVtNwZWeSkE1A,1
autor:UCZLG9qH0tUjNhEGFIUt0CYw,autor:UCwW2OFy95P7ZBkOPxWkpvYg,1
autor:UCZLG9qH0tUjNhEGFIUt0CYw,autor:UCpl8rF8uv_8uui-QRvuJaRA,1
autor:UCZLG9qH0tUjNhEGFIUt0CYw,autor:UCsJJAvrVGupdmhOqgtDp8dg,1
autor:UCZLG9qH0tUjNhEGFIUt0CYw,autor:UCvApqeCbLod-wejtT4CcVuA,1
autor:UCZLG9qH0tUjNhEGFIUt0CYw,autor:UCueV9cTyTDwgQSec1x2dYgA,1
autor:UCZLG9qH0tUjNhEGFIUt0CYw,autor:UChgkn5Jt5tWKYMoEOuCjz3Q,1
autor:UCZLG9qH0tUjNhEGFIUt0CYw,autor:UCiMythXHsw7eQEMykCdmMUA,1
autor:UCZLG9qH0tUjNhEGFIUt0CYw,autor:UCz3gu01bmjNv0DpRq-K3XYg,1
autor:UCZLG9qH0tUjNhEGFIUt0CYw,autor:UCkd9W714-947dEE6ZOEBATA,1
autor:UCZLG9qH0tUjNhEGFIUt0CYw,autor:UCylqlpsh8ENNM1LqgQ1KbxA,1
autor:UCZLG9qH0tUjNhEGFIUt0CYw,autor:UCwO2SXr0ggzwg6QWWrr01nQ,1
autor:UCZLG9qH0tUjNhEGFIUt0CYw,autor:UCsSXdJct-nsS8DsABoEsaYA,1
autor:UCZLG9qH0tUjNhEGFIUt0CYw,autor:UCcfdg8crmMJwEuLUsAhV7yg,1
autor:UCZLG9qH0tUjNhEGFIUt0CYw,autor:UCiGRBf2RNF0WRKhRVT7zFoA,1
autor:UCZLG9qH0tUjNhEGFIUt0CYw,autor:UCplrIQtaPj6au60_f2-mOYw,1
autor:UCZLG9qH0tUjNhEGFIUt0CYw,autor:UCxff05WuyvwELNITi7bj7UA,1
autor:UCZLG9qH0tUjNhEGFIUt0CYw,autor:UCgvw7xIdGFupzpt1Y_BFkEA,1
autor:UCZLG9qH0tUjNhEGFIUt0CYw,autor:UCipetjeiWj4CZB6EbyYziZg,1
autor:UCZLG9qH0tUjNhEGFIUt0CYw,autor:UChep9kVb5gQmpodEEl10Xlg,1
autor:UCZOmq6MwFDVoCaEl99BRRaw,autor:UCbrtvygfRT6QXqWDNrOf-cA,1
autor:UCZOmq6MwFDVoCaEl99BRRaw,autor:UCnU8wO1OurAmGstDw6VGjgQ,1
autor:UCZOmq6MwFDVoCaEl99BRRaw,autor:UC_6KbBY1bsYXz9fwFS0eQRg,1
autor:UCZOmq6MwFDVoCaEl99BRRaw,autor:UCpsKOkt5iWTbenzeuq7dsmQ,1
autor:UCZOmq6MwFDVoCaEl99BRRaw,autor:UCvcu1kR8xMYy_I1Ty-2mV2Q,1
autor:UCZOmq6MwFDVoCaEl99BRRaw,autor:UCjJf-AJKRFFWtiN-CSwkDmA,1
autor:UCZeIIQrGAedW8tCbKWmGY-A,autor:UCylqlpsh8ENNM1LqgQ1KbxA,1
autor:UCZeIIQrGAedW8tCbKWmGY-A,autor:UCpe5jW3MIqkgTJ-PgkzvM6Q,1
autor:UCZeIIQrGAedW8tCbKWmGY-A,autor:UColMq7LmaoY3MT6aIDGrGvA,1
autor:UCZeIIQrGAedW8tCbKWmGY-A,autor:UCiC-Jn7wdgyQV4_Urk0DkWQ,1
autor:UCZeIIQrGAedW8tCbKWmGY-A,autor:UCsGoJEvb-cFPZ2rWoJcXzEQ,1
autor:UCZeIIQrGAedW8tCbKWmGY-A,autor:UCgJNFj5dnxXpcMvmuhZDPxA,1
autor:UCZeIIQrGAedW8tCbKWmGY-A,autor:UClqA491Xa5fQcXcJJa-vTWw,1
autor:UCZeIIQrGAedW8tCbKWmGY-A,autor:UCkbsS_3D-pvg1iHOld9uvIg,1
autor:UCZeIIQrGAedW8tCbKWmGY-A,autor:UCdFlugHJJa4l3YqWuNRmvXw,1
autor:UCZeIIQrGAedW8tCbKWmGY-A,autor:UCu8_3-Wg-YzNyvHYQDEscfw,1
autor:UCZeIIQrGAedW8tCbKWmGY-A,autor:UC_LYoGs5C3mbZKZuKuqYCvw,1
autor:UCZeIIQrGAedW8tCbKWmGY-A,autor:UCqCrvuoJpC-aVb0f4logQRQ,1
autor:UCZeIIQrGAedW8tCbKWmGY-A,autor:UClhMWQ7XKWywYvbRnuf8QsA,1
autor:UCZeIIQrGAedW8tCbKWmGY-A,autor:UCgQw_Sbq3ugruDUKsq1e0-A,1
autor:UCZeIIQrGAedW8tCbKWmGY-A,autor:UCaKAjTW9MVub_clgr4DRYjQ,1
autor:UCZeIIQrGAedW8tCbKWmGY-A,autor:UCwjUvRseNtJoItylIyIez7Q,1
autor:UCZeIIQrGAedW8tCbKWmGY-A,autor:UCe8JZoYkX5oKUZyivHYdXhw,1
autor:UCZeIIQrGAedW8tCbKWmGY-A,autor:UCkVtmkK07b2zaVVNssX4lOg,1
autor:UCZeIIQrGAedW8tCbKWmGY-A,autor:UCpsKOkt5iWTbenzeuq7dsmQ,1
autor:UCZeIIQrGAedW8tCbKWmGY-A,autor:UCeDNEtI8_a42bZ47wJiJMwQ,1
autor:UCZeIIQrGAedW8tCbKWmGY-A,autor:UCwgCc9Jd_gG-uLE_SY-FfPg,1
autor:UCZeIIQrGAedW8tCbKWmGY-A,autor:UCuXmOjxC-htcprLgeVXz6Tg,1
autor:UCZjm6U576nX8WOiLhmMR3bw,autor:UCp_dAUfv8i3LW3zWc24dLaQ,1
autor:UCZjm6U576nX8WOiLhmMR3bw,autor:UCrqXyRsg-_hTosURZ-uvoKg,1
autor:UCZjm6U576nX8WOiLhmMR3bw,autor:UCxhtlxPV8AYWaNNyU6S9H8Q,1
autor:UCZjm6U576nX8WOiLhmMR3bw,autor:UCat2qkYvqmtDNEmo2PVuhXw,1
autor:UCZjm6U576nX8WOiLhmMR3bw,autor:UCbNanjFI51cwGqMAb2rOrBw,1
autor:UCZjm6U576nX8WOiLhmMR3bw,autor:UCtiHFjFu7d5v2XxHnKFUYig,1
autor:UCZjm6U576nX8WOiLhmMR3bw,autor:UCozFYHN0e_-vlQbX3wQGOug,1
autor:UCZjm6U576nX8WOiLhmMR3bw,autor:UCi2KiZq63sRq8Mfbcp-MelQ,1
autor:UC_3xuTXvMIWU5MYP9HkJ3vQ,autor:UCfjhejO7LZy4doXURa7LZCQ,1
autor:UC_3xuTXvMIWU5MYP9HkJ3vQ,autor:UCvl1tzQeBeGy6efPTRJXSCw,1
autor:UC_3xuTXvMIWU5MYP9HkJ3vQ,autor:UCjZgFEowMBrsjodqfovzdKw,1
autor:UC_3xuTXvMIWU5MYP9HkJ3vQ,autor:UCwCfs-2zbD5k0lG-UVg_JBw,1
autor:UC_3xuTXvMIWU5MYP9HkJ3vQ,autor:UCq3mDTTRZnUybct5M9OSXbg,1
autor:UC_3xuTXvMIWU5MYP9HkJ3vQ,autor:UCfXykdbSU97rj987LDUGfvg,1
autor:UC_6KbBY1bsYXz9fwFS0eQRg,autor:UCbrtvygfRT6QXqWDNrOf-cA,1
autor:UC_6KbBY1bsYXz9fwFS0eQRg,autor:UCnU8wO1OurAmGstDw6VGjgQ,1
autor:UC_6KbBY1bsYXz9fwFS0eQRg,autor:UCpsKOkt5iWTbenzeuq7dsmQ,1
autor:UC_6KbBY1bsYXz9fwFS0eQRg,autor:UCvcu1kR8xMYy_I1Ty-2mV2Q,1
autor:UC_6KbBY1bsYXz9fwFS0eQRg,autor:UCjJf-AJKRFFWtiN-CSwkDmA,1
autor:UC_LYoGs5C3mbZKZuKuqYCvw,autor:UCylqlpsh8ENNM1LqgQ1KbxA,1
autor:UC_LYoGs5C3mbZKZuKuqYCvw,autor:UCpe5jW3MIqkgTJ-PgkzvM6Q,1
autor:UC_LYoGs5C3mbZKZuKuqYCvw,autor:UColMq7LmaoY3MT6aIDGrGvA,1
autor:UC_LYoGs5C3mbZKZuKuqYCvw,autor:UCiC-Jn7wdgyQV4_Urk0DkWQ,1
autor:UC_LYoGs5C3mbZKZuKuqYCvw,autor:UCsGoJEvb-cFPZ2rWoJcXzEQ,1
autor:UC_LYoGs5C3mbZKZuKuqYCvw,autor:UCgJNFj5dnxXpcMvmuhZDPxA,1
autor:UC_LYoGs5C3mbZKZuKuqYCvw,autor:UClqA491Xa5fQcXcJJa-vTWw,1
autor:UC_LYoGs5C3mbZKZuKuqYCvw,autor:UCkbsS_3D-pvg1iHOld9uvIg,1
autor:UC_LYoGs5C3mbZKZuKuqYCvw,autor:UCdFlugHJJa4l3YqWuNRmvXw,1
autor:UC_LYoGs5C3mbZKZuKuqYCvw,autor:UCu8_3-Wg-YzNyvHYQDEscfw,1
autor:UC_LYoGs5C3mbZKZuKuqYCvw,autor:UCqCrvuoJpC-aVb0f4logQRQ,1
autor:UC_LYoGs5C3mbZKZuKuqYCvw,autor:UClhMWQ7XKWywYvbRnuf8QsA,1
autor:UC_LYoGs5C3mbZKZuKuqYCvw,autor:UCgQw_Sbq3ugruDUKsq1e0-A,1
autor:UC_LYoGs5C3mbZKZuKuqYCvw,autor:UCaKAjTW9MVub_clgr4DRYjQ,1
autor:UC_LYoGs5C3mbZKZuKuqYCvw,autor:UCwjUvRseNtJoItylIyIez7Q,1
autor:UC_LYoGs5C3mbZKZuKuqYCvw,autor:UCe8JZoYkX5oKUZyivHYdXhw,1
autor:UC_LYoGs5C3mbZKZuKuqYCvw,autor:UCkVtmkK07b2zaVVNssX4lOg,1
autor:UC_LYoGs5C3mbZKZuKuqYCvw,autor:UCpsKOkt5iWTbenzeuq7dsmQ,1
autor:UC_LYoGs5C3mbZKZuKuqYCvw,autor:UCeDNEtI8_a42bZ47wJiJMwQ,1
autor:UC_LYoGs5C3mbZKZuKuqYCvw,autor:UCwgCc9Jd_gG-uLE_SY-FfPg,1
autor:UC_LYoGs5C3mbZKZuKuqYCvw,autor:UCuXmOjxC-htcprLgeVXz6Tg,1
autor:UC_ljZ1hZXR9pzexFz87P5ZA,autor:UCtMBF_1O2jY2INlb_luuB_A,1
autor:UC_ljZ1hZXR9pzexFz87P5ZA,autor:UCyzf29IYjNw67gGIfsjgtxA,1
autor:UC_ljZ1hZXR9pzexFz87P5ZA,autor:UCgLurCo-e019HGODcjXHWCw,1
autor:UC_ljZ1hZXR9pzexFz87P5ZA,autor:UCxKR3RA8T-kxMgq_2WWhRcQ,1
autor:UC_ljZ1hZXR9pzexFz87P5ZA,autor:UCs_5qeqdku9tGAq22y3OcuQ,1
autor:UC_ljZ1hZXR9pzexFz87P5ZA,autor:UCwUAv3_LpWVtTIi7lkmTL7A,1
autor:UC_ljZ1hZXR9pzexFz87P5ZA,autor:UCaT6M2zp7X6r6Whd8Vv3kHQ,1
autor:UC_ljZ1hZXR9pzexFz87P5ZA,autor:UCqilIa8r7iek5sGYg_q6ofA,1
autor:UC_ljZ1hZXR9pzexFz87P5ZA,autor:UCgLrWFdYitoP-b7-PxtUr-w,1
autor:UC_ljZ1hZXR9pzexFz87P5ZA,autor:UCi-vPdnpQreC7BkFs40mJGA,1
autor:UCa36MjQLoPAmgJo-R3G8WQA,autor:UCeQk-WfEA-cJRq4EKeE7TOw,1
autor:UCa36MjQLoPAmgJo-R3G8WQA,autor:UCjZgFEowMBrsjodqfovzdKw,1
autor:UCa36MjQLoPAmgJo-R3G8WQA,autor:UChyps3dqY-VY1_wLeq-2lhw,1
autor:UCa36MjQLoPAmgJo-R3G8WQA,autor:UCp29O_C7cchZV8IxV7Crdag,1
autor:UCa36MjQLoPAmgJo-R3G8WQA,autor:UCzZ6dDCEsLMXbc5pCFXIprw,1
autor:UCa36MjQLoPAmgJo-R3G8WQA,autor:UCwxoKK59nGCeBqB2sXfDBIw,1
autor:UCa36MjQLoPAmgJo-R3G8WQA,autor:UCvDwJBBY1mHK70aTEYl6rsA,1
autor:UCa36MjQLoPAmgJo-R3G8WQA,autor:UCiOZX__1gahg1ypIj0_XG_w,1
autor:UCa36MjQLoPAmgJo-R3G8WQA,autor:UCoGdCoJg2Lh0OX_jv6cG16g,1
autor:UCa36MjQLoPAmgJo-R3G8WQA,autor:UCaT4saRcyqCLE657Rq2hhZQ,1
autor:UCa36MjQLoPAmgJo-R3G8WQA,autor:UCfo_yUPzy1f1POwwZxhZ06Q,1
autor:UCa36MjQLoPAmgJo-R3G8WQA,autor:UCtsxPYw8VUsH_FfnKg-0lmw,1
autor:UCa36MjQLoPAmgJo-R3G8WQA,autor:UCgGqw4aqMdMVSGkKiMgrJRQ,1
autor:UCa36MjQLoPAmgJo-R3G8WQA,autor:UCtCtts20bW6F9CSohau51Iw,1
autor:UCa36MjQLoPAmgJo-R3G8WQA,autor:UCheEJ5GZuIvV0fj-nXyVwXw,1
autor:UCa36MjQLoPAmgJo-R3G8WQA,autor:UCql1n3Ey6ULMSOACjMe-fxQ,1
autor:UCa36MjQLoPAmgJo-R3G8WQA,autor:UCyJhqmMbsvjpoarBBStA2kg,1
autor:UCaKAjTW9MVub_clgr4DRYjQ,autor:UCylqlpsh8ENNM1LqgQ1KbxA,1
autor:UCaKAjTW9MVub_clgr4DRYjQ,autor:UCpe5jW3MIqkgTJ-PgkzvM6Q,1
autor:UCaKAjTW9MVub_clgr4DRYjQ,autor:UColMq7LmaoY3MT6aIDGrGvA,1
autor:UCaKAjTW9MVub_clgr4DRYjQ,autor:UCiC-Jn7wdgyQV4_Urk0DkWQ,1
autor:UCaKAjTW9MVub_clgr4DRYjQ,autor:UCsGoJEvb-cFPZ2rWoJcXzEQ,1
autor:UCaKAjTW9MVub_clgr4DRYjQ,autor:UCgJNFj5dnxXpcMvmuhZDPxA,1
autor:UCaKAjTW9MVub_clgr4DRYjQ,autor:UClqA491Xa5fQcXcJJa-vTWw,1
autor:UCaKAjTW9MVub_clgr4DRYjQ,autor:UCkbsS_3D-pvg1iHOld9uvIg,1
autor:UCaKAjTW9MVub_clgr4DRYjQ,autor:UCdFlugHJJa4l3YqWuNRmvXw,1
autor:UCaKAjTW9MVub_clgr4DRYjQ,autor:UCu8_3-Wg-YzNyvHYQDEscfw,1
autor:UCaKAjTW9MVub_clgr4DRYjQ,autor:UCqCrvuoJpC-aVb0f4logQRQ,1
autor:UCaKAjTW9MVub_clgr4DRYjQ,autor:UClhMWQ7XKWywYvbRnuf8QsA,1
autor:UCaKAjTW9MVub_clgr4DRYjQ,autor:UCgQw_Sbq3ugruDUKsq1e0-A,1
autor:UCaKAjTW9MVub_clgr4DRYjQ,autor:UCwjUvRseNtJoItylIyIez7Q,1
autor:UCaKAjTW9MVub_clgr4DRYjQ,autor:UCe8JZoYkX5oKUZyivHYdXhw,1
autor:UCaKAjTW9MVub_clgr4DRYjQ,autor:UCkVtmkK07b2zaVVNssX4lOg,1
autor:UCaKAjTW9MVub_clgr4DRYjQ,autor:UCpsKOkt5iWTbenzeuq7dsmQ,1
autor:UCaKAjTW9MVub_clgr4DRYjQ,autor:UCeDNEtI8_a42bZ47wJiJMwQ,1
autor:UCaKAjTW9MVub_clgr4DRYjQ,autor:UCwgCc9Jd_gG-uLE_SY-FfPg,1
autor:UCaKAjTW9MVub_clgr4DRYjQ,autor:UCuXmOjxC-htcprLgeVXz6Tg,1
autor:UCaT4saRcyqCLE657Rq2hhZQ,autor:UCeQk-WfEA-cJRq4EKeE7TOw,1
autor:UCaT4saRcyqCLE657Rq2hhZQ,autor:UCjZgFEowMBrsjodqfovzdKw,1
autor:UCaT4saRcyqCLE657Rq2hhZQ,autor:UChyps3dqY-VY1_wLeq-2lhw,1
autor:UCaT4saRcyqCLE657Rq2hhZQ,autor:UCp29O_C7cchZV8IxV7Crdag,1
autor:UCaT4saRcyqCLE657Rq2hhZQ,autor:UCzZ6dDCEsLMXbc5pCFXIprw,1
autor:UCaT4saRcyqCLE657Rq2hhZQ,autor:UCwxoKK59nGCeBqB2sXfDBIw,1
autor:UCaT4saRcyqCLE657Rq2hhZQ,autor:UCvDwJBBY1mHK70aTEYl6rsA,1
autor:UCaT4saRcyqCLE657Rq2hhZQ,autor:UCiOZX__1gahg1ypIj0_XG_w,1
autor:UCaT4saRcyqCLE657Rq2hhZQ,autor:UCoGdCoJg2Lh0OX_jv6cG16g,1
autor:UCaT4saRcyqCLE657Rq2hhZQ,autor:UCfo_yUPzy1f1POwwZxhZ06Q,1
autor:UCaT4saRcyqCLE657Rq2hhZQ,autor:UCtsxPYw8VUsH_FfnKg-0lmw,1
autor:UCaT4saRcyqCLE657Rq2hhZQ,autor:UCgGqw4aqMdMVSGkKiMgrJRQ,1
autor:UCaT4saRcyqCLE657Rq2hhZQ,autor:UCtCtts20bW6F9CSohau51Iw,1
autor:UCaT4saRcyqCLE657Rq2hhZQ,autor:UCheEJ5GZuIvV0fj-nXyVwXw,1
autor:UCaT4saRcyqCLE657Rq2hhZQ,autor:UCql1n3Ey6ULMSOACjMe-fxQ,1
autor:UCaT4saRcyqCLE657Rq2hhZQ,autor:UCyJhqmMbsvjpoarBBStA2kg,1
autor:UCaT6M2zp7X6r6Whd8Vv3kHQ,autor:UCtMBF_1O2jY2INlb_luuB_A,1
autor:UCaT6M2zp7X6r6Whd8Vv3kHQ,autor:UCyzf29IYjNw67gGIfsjgtxA,1
autor:UCaT6M2zp7X6r6Whd8Vv3kHQ,autor:UCgLurCo-e019HGODcjXHWCw,1
autor:UCaT6M2zp7X6r6Whd8Vv3kHQ,autor:UCxKR3RA8T-kxMgq_2WWhRcQ,1
autor:UCaT6M2zp7X6r6Whd8Vv3kHQ,autor:UCs_5qeqdku9tGAq22y3OcuQ,1
autor:UCaT6M2zp7X6r6Whd8Vv3kHQ,autor:UCwUAv3_LpWVtTIi7lkmTL7A,1
autor:UCaT6M2zp7X6r6Whd8Vv3kHQ,autor:UCqilIa8r7iek5sGYg_q6ofA,1
autor:UCaT6M2zp7X6r6Whd8Vv3kHQ,autor:UCgLrWFdYitoP-b7-PxtUr-w,1
autor:UCaT6M2zp7X6r6Whd8Vv3kHQ,autor:UCi-vPdnpQreC7BkFs40mJGA,1
autor:UCat2qkYvqmtDNEmo2PVuhXw,autor:UCp_dAUfv8i3LW3zWc24dLaQ,1
autor:UCat2qkYvqmtDNEmo2PVuhXw,autor:UCrqXyRsg-_hTosURZ-uvoKg,1
autor:UCat2qkYvqmtDNEmo2PVuhXw,autor:UCxhtlxPV8AYWaNNyU6S9H8Q,1
autor:UCat2qkYvqmtDNEmo2PVuhXw,autor:UCbNanjFI51cwGqMAb2rOrBw,1
autor:UCat2qkYvqmtDNEmo2PVuhXw,autor:UCtiHFjFu7d5v2XxHnKFUYig,1
autor:UCat2qkYvqmtDNEmo2PVuhXw,autor:UCozFYHN0e_-vlQbX3wQGOug,1
autor:UCat2qkYvqmtDNEmo2PVuhXw,autor:UCi2KiZq63sRq8Mfbcp-MelQ,1
autor:UCbNanjFI51cwGqMAb2rOrBw,autor:UCp_dAUfv8i3LW3zWc24dLaQ,1
autor:UCbNanjFI51cwGqMAb2rOrBw,autor:UCrqXyRsg-_hTosURZ-uvoKg,1
autor:UCbNanjFI51cwGqMAb2rOrBw,autor:UCxhtlxPV8AYWaNNyU6S9H8Q,1
autor:UCbNanjFI51cwGqMAb2rOrBw,autor:UCtiHFjFu7d5v2XxHnKFUYig,1
autor:UCbNanjFI51cwGqMAb2rOrBw,autor:UCozFYHN0e_-vlQbX3wQGOug,1
autor:UCbNanjFI51cwGqMAb2rOrBw,autor:UCi2KiZq63sRq8Mfbcp-MelQ,1
autor:UCbYoNG5J3Au5BqtbXogfEFw,autor:UCg3eIfd7BrsLEqS0BLkftHA,1
autor:UCbYoNG5J3Au5BqtbXogfEFw,autor:UClsrFGJKWPxxw7MiaEdKLXw,1
autor:UCbYoNG5J3Au5BqtbXogfEFw,autor:UCusjriFsDHEc2AOjqk-p5ig,1
autor:UCbYoNG5J3Au5BqtbXogfEFw,autor:UCzZ6dDCEsLMXbc5pCFXIprw,1
autor:UCbYoNG5J3Au5BqtbXogfEFw,autor:UCf5lnNZF7Qrtli9v4N_23WQ,1
autor:UCbYoNG5J3Au5BqtbXogfEFw,autor:UCtNyHmRZtvGF2hSvI2dUBWw,1
autor:UCbYoNG5J3Au5BqtbXogfEFw,autor:UCgQJgI9vu1FI2dnC9mrFthw,1
autor:UCbYoNG5J3Au5BqtbXogfEFw,autor:UCuP4UK33HKtJE_S39ksmaTw,1
autor:UCbrtvygfRT6QXqWDNrOf-cA,autor:UCc_F88PzGWtA1OPNUEASulA,1
autor:UCbrtvygfRT6QXqWDNrOf-cA,autor:UCvcu1kR8xMYy_I1Ty-2mV2Q,2
autor:UCbrtvygfRT6QXqWDNrOf-cA,autor:UCxcoDvP-g2_KTZDmVZtvb3w,1
autor:UCbrtvygfRT6QXqWDNrOf-cA,autor:UCwEe1RKlEv1UpNWmWYfSh4w,1
autor:UCbrtvygfRT6QXqWDNrOf-cA,autor:UCjJf-AJKRFFWtiN-CSwkDmA,1
autor:UCbrtvygfRT6QXqWDNrOf-cA,autor:UCnU8wO1OurAmGstDw6VGjgQ,1
autor:UCbrtvygfRT6QXqWDNrOf-cA,autor:UChT7pzGytNd92Nmvi-zuWog,1
autor:UCbrtvygfRT6QXqWDNrOf-cA,autor:UCdQAuWwyC99MB7Y02Umj26Q,1
autor:UCbrtvygfRT6QXqWDNrOf-cA,autor:UCpsKOkt5iWTbenzeuq7dsmQ,1
autor:UCbrtvygfRT6QXqWDNrOf-cA,autor:UCefAH1MbvADWUjE9WVcB9EQ,1
autor:UCbrtvygfRT6QXqWDNrOf-cA,autor:UCkxdJ_yGN2gghOMo2ybQtXQ,1
autor:UCbrtvygfRT6QXqWDNrOf-cA,autor:UCcFIBN-rtC3d3hXeuN5TfWw,1
autor:UCcFIBN-rtC3d3hXeuN5TfWw,autor:UCc_F88PzGWtA1OPNUEASulA,1
autor:UCcFIBN-rtC3d3hXeuN5TfWw,autor:UCvcu1kR8xMYy_I1Ty-2mV2Q,1
autor:UCcFIBN-rtC3d3hXeuN5TfWw,autor:UCxcoDvP-g2_KTZDmVZtvb3w,1
autor:UCcFIBN-rtC3d3hXeuN5TfWw,autor:UCwEe1RKlEv1UpNWmWYfSh4w,1
autor:UCcFIBN-rtC3d3hXeuN5TfWw,autor:UChT7pzGytNd92Nmvi-zuWog,1
autor:UCcFIBN-rtC3d3hXeuN5TfWw,autor:UCdQAuWwyC99MB7Y02Umj26Q,1
autor:UCcFIBN-rtC3d3hXeuN5TfWw,autor:UCefAH1MbvADWUjE9WVcB9EQ,1
autor:UCcFIBN-rtC3d3hXeuN5TfWw,autor:UCkxdJ_yGN2gghOMo2ybQtXQ,1
autor:UCc_F88PzGWtA1OPNUEASulA,autor:UCvcu1kR8xMYy_I1Ty-2mV2Q,1
autor:UCc_F88PzGWtA1OPNUEASulA,autor:UCxcoDvP-g2_KTZDmVZtvb3w,1
autor:UCc_F88PzGWtA1OPNUEASulA,autor:UCwEe1RKlEv1UpNWmWYfSh4w,1
autor:UCc_F88PzGWtA1OPNUEASulA,autor:UChT7pzGytNd92Nmvi-zuWog,1
autor:UCc_F88PzGWtA1OPNUEASulA,autor:UCdQAuWwyC99MB7Y02Umj26Q,1
autor:UCc_F88PzGWtA1OPNUEASulA,autor:UCefAH1MbvADWUjE9WVcB9EQ,1
autor:UCc_F88PzGWtA1OPNUEASulA,autor:UCkxdJ_yGN2gghOMo2ybQtXQ,1
autor:UCcfdg8crmMJwEuLUsAhV7yg,autor:UCzoL2l5H5eVlorWGH8AZfAg,1
autor:UCcfdg8crmMJwEuLUsAhV7yg,autor:UCl0ekS9Tt0jJGtOEM18S63w,1
autor:UCcfdg8crmMJwEuLUsAhV7yg,autor:UCySYJU5kUh7X8gVt9la2ISA,1
autor:UCcfdg8crmMJwEuLUsAhV7yg,autor:UCp4iw5_5SmV9VGTFSNVGOmQ,1
autor:UCcfdg8crmMJwEuLUsAhV7yg,autor:UCut6b9S98nv84cVX89PmKzA,1
autor:UCcfdg8crmMJwEuLUsAhV7yg,autor:UCsUCN0Yq_UyTvKjOJLmNrnQ,1
autor:UCcfdg8crmMJwEuLUsAhV7yg,autor:UChs3tU2BcKOT0CezykvAsGw,1
autor:UCcfdg8crmMJwEuLUsAhV7yg,autor:UCrJn_rbo_ENAdeqneS-RmRw,1
autor:UCcfdg8crmMJwEuLUsAhV7yg,autor:UCmvOgzmmXbjUthHy-WJ52hQ,1
autor:UCcfdg8crmMJwEuLUsAhV7yg,autor:UCpsKOkt5iWTbenzeuq7dsmQ,1
autor:UCcfdg8crmMJwEuLUsAhV7yg,autor:UCi1b_TRQfgO1Z9O2gNGGWNA,1
autor:UCcfdg8crmMJwEuLUsAhV7yg,autor:UCfM3nrxtTQMY5jFx1v1J4Gg,1
autor:UCcfdg8crmMJwEuLUsAhV7yg,autor:UCjmPuazZJzscrwvk0QR9RVw,1
autor:UCcfdg8crmMJwEuLUsAhV7yg,autor:UCtNfIBnc5S5DbbQj_yxgJTw,1
autor:UCcfdg8crmMJwEuLUsAhV7yg,autor:UCmjppp6ujz3SAnULvP3sZMw,1
autor:UCcfdg8crmMJwEuLUsAhV7yg,autor:UCzSfZlOVxBSs5ObD25ywxDQ,1
autor:UCcfdg8crmMJwEuLUsAhV7yg,autor:UCh5ESQvtzyHDhCA7XyekCFA,1
autor:UCcfdg8crmMJwEuLUsAhV7yg,autor:UCjSKM9j0Q7HLDr1hD6D-TUw,1
autor:UCcfdg8crmMJwEuLUsAhV7yg,autor:UCujPF2nBgsTD62nWE3lcpIg,1
autor:UCcfdg8crmMJwEuLUsAhV7yg,autor:UCpIdtvoFHVLGASGB5ySqIEA,1
autor:UCcfdg8crmMJwEuLUsAhV7yg,autor:UChZknRmJkeGeQk0-mQuhDOg,1
autor:UCcfdg8crmMJwEuLUsAhV7yg,autor:UCljDbleJul41G1TzOjOZAVA,1
autor:UCcfdg8crmMJwEuLUsAhV7yg,autor:UCj-LL25XJnjxepPKCc3NGog,1
autor:UCcfdg8crmMJwEuLUsAhV7yg,autor:UCtUR3_CAiE7fCoZHM6cMfyQ,1
autor:UCcfdg8crmMJwEuLUsAhV7yg,autor:UCr1emrogPKkKTs_WTtx71xg,1
autor:UCcfdg8crmMJwEuLUsAhV7yg,autor:UCsjs5Hp_r86x1xbK6FAeqaA,1
autor:UCcfdg8crmMJwEuLUsAhV7yg,autor:UCwha8rxULYMVtNwZWeSkE1A,1
autor:UCcfdg8crmMJwEuLUsAhV7yg,autor:UCwW2OFy95P7ZBkOPxWkpvYg,1
autor:UCcfdg8crmMJwEuLUsAhV7yg,autor:UCpl8rF8uv_8uui-QRvuJaRA,1
autor:UCcfdg8crmMJwEuLUsAhV7yg,autor:UCsJJAvrVGupdmhOqgtDp8dg,1
autor:UCcfdg8crmMJwEuLUsAhV7yg,autor:UCvApqeCbLod-wejtT4CcVuA,1
autor:UCcfdg8crmMJwEuLUsAhV7yg,autor:UCueV9cTyTDwgQSec1x2dYgA,1
autor:UCcfdg8crmMJwEuLUsAhV7yg,autor:UChgkn5Jt5tWKYMoEOuCjz3Q,1
autor:UCcfdg8crmMJwEuLUsAhV7yg,autor:UCiMythXHsw7eQEMykCdmMUA,1
autor:UCcfdg8crmMJwEuLUsAhV7yg,autor:UCz3gu01bmjNv0DpRq-K3XYg,1
autor:UCcfdg8crmMJwEuLUsAhV7yg,autor:UCkd9W714-947dEE6ZOEBATA,1
autor:UCcfdg8crmMJwEuLUsAhV7yg,autor:UCylqlpsh8ENNM1LqgQ1KbxA,1
autor:UCcfdg8crmMJwEuLUsAhV7yg,autor:UCwO2SXr0ggzwg6QWWrr01nQ,1
autor:UCcfdg8crmMJwEuLUsAhV7yg,autor:UCsSXdJct-nsS8DsABoEsaYA,1
autor:UCcfdg8crmMJwEuLUsAhV7yg,autor:UCiGRBf2RNF0WRKhRVT7zFoA,1
autor:UCcfdg8crmMJwEuLUsAhV7yg,autor:UCplrIQtaPj6au60_f2-mOYw,1
autor:UCcfdg8crmMJwEuLUsAhV7yg,autor:UCxff05WuyvwELNITi7bj7UA,1
autor:UCcfdg8crmMJwEuLUsAhV7yg,autor:UCgvw7xIdGFupzpt1Y_BFkEA,1
autor:UCcfdg8crmMJwEuLUsAhV7yg,autor:UCipetjeiWj4CZB6EbyYziZg,1
autor:UCcfdg8crmMJwEuLUsAhV7yg,autor:UChep9kVb5gQmpodEEl10Xlg,1
autor:UCdFlugHJJa4l3YqWuNRmvXw,autor:UCylqlpsh8ENNM1LqgQ1KbxA,1
autor:UCdFlugHJJa4l3YqWuNRmvXw,autor:UCpe5jW3MIqkgTJ-PgkzvM6Q,1
autor:UCdFlugHJJa4l3YqWuNRmvXw,autor:UColMq7LmaoY3MT6aIDGrGvA,1
autor:UCdFlugHJJa4l3YqWuNRmvXw,autor:UCiC-Jn7wdgyQV4_Urk0DkWQ,1
autor:UCdFlugHJJa4l3YqWuNRmvXw,autor:UCk4O-J1BhoqPmig1KLGJePA,1
autor:UCdFlugHJJa4l3YqWuNRmvXw,autor:UCsGoJEvb-cFPZ2rWoJcXzEQ,1
autor:UCdFlugHJJa4l3YqWuNRmvXw,autor:UCgJNFj5dnxXpcMvmuhZDPxA,1
autor:UCdFlugHJJa4l3YqWuNRmvXw,autor:UClqA491Xa5fQcXcJJa-vTWw,1
autor:UCdFlugHJJa4l3YqWuNRmvXw,autor:UCkbsS_3D-pvg1iHOld9uvIg,1
autor:UCdFlugHJJa4l3YqWuNRmvXw,autor:UCu8_3-Wg-YzNyvHYQDEscfw,1
autor:UCdFlugHJJa4l3YqWuNRmvXw,autor:UCqCrvuoJpC-aVb0f4logQRQ,1
autor:UCdFlugHJJa4l3YqWuNRmvXw,autor:UClhMWQ7XKWywYvbRnuf8QsA,1
autor:UCdFlugHJJa4l3YqWuNRmvXw,autor:UCgQw_Sbq3ugruDUKsq1e0-A,1
autor:UCdFlugHJJa4l3YqWuNRmvXw,autor:UCwjUvRseNtJoItylIyIez7Q,1
autor:UCdFlugHJJa4l3YqWuNRmvXw,autor:UCe8JZoYkX5oKUZyivHYdXhw,1
autor:UCdFlugHJJa4l3YqWuNRmvXw,autor:UCkVtmkK07b2zaVVNssX4lOg,1
autor:UCdFlugHJJa4l3YqWuNRmvXw,autor:UCpsKOkt5iWTbenzeuq7dsmQ,1
autor:UCdFlugHJJa4l3YqWuNRmvXw,autor:UCeDNEtI8_a42bZ47wJiJMwQ,1
autor:UCdFlugHJJa4l3YqWuNRmvXw,autor:UCwgCc9Jd_gG-uLE_SY-FfPg,1
autor:UCdFlugHJJa4l3YqWuNRmvXw,autor:UCfRqgt2O-vjzUDMZY_tnxQw,1
autor:UCdFlugHJJa4l3YqWuNRmvXw,autor:UCuXmOjxC-htcprLgeVXz6Tg,1
autor:UCdQAuWwyC99MB7Y02Umj26Q,autor:UCvcu1kR8xMYy_I1Ty-2mV2Q,1
autor:UCdQAuWwyC99MB7Y02Umj26Q,autor:UCxcoDvP-g2_KTZDmVZtvb3w,1
autor:UCdQAuWwyC99MB7Y02Umj26Q,autor:UCwEe1RKlEv1UpNWmWYfSh4w,1
autor:UCdQAuWwyC99MB7Y02Umj26Q,autor:UChT7pzGytNd92Nmvi-zuWog,1
autor:UCdQAuWwyC99MB7Y02Umj26Q,autor:UCefAH1MbvADWUjE9WVcB9EQ,1
autor:UCdQAuWwyC99MB7Y02Umj26Q,autor:UCkxdJ_yGN2gghOMo2ybQtXQ,1
autor:UCe8JZoYkX5oKUZyivHYdXhw,autor:UCylqlpsh8ENNM1LqgQ1KbxA,1
autor:UCe8JZoYkX5oKUZyivHYdXhw,autor:UCpe5jW3MIqkgTJ-PgkzvM6Q,1
autor:UCe8JZoYkX5oKUZyivHYdXhw,autor:UColMq7LmaoY3MT6aIDGrGvA,1
autor:UCe8JZoYkX5oKUZyivHYdXhw,autor:UCiC-Jn7wdgyQV4_Urk0DkWQ,1
autor:UCe8JZoYkX5oKUZyivHYdXhw,autor:UCsGoJEvb-cFPZ2rWoJcXzEQ,1
autor:UCe8JZoYkX5oKUZyivHYdXhw,autor:UCgJNFj5dnxXpcMvmuhZDPxA,1
autor:UCe8JZoYkX5oKUZyivHYdXhw,autor:UClqA491Xa5fQcXcJJa-vTWw,1
autor:UCe8JZoYkX5oKUZyivHYdXhw,autor:UCkbsS_3D-pvg1iHOld9uvIg,1
autor:UCe8JZoYkX5oKUZyivHYdXhw,autor:UCu8_3-Wg-YzNyvHYQDEscfw,1
autor:UCe8JZoYkX5oKUZyivHYdXhw,autor:UCqCrvuoJpC-aVb0f4logQRQ,1
autor:UCe8JZoYkX5oKUZyivHYdXhw,autor:UClhMWQ7XKWywYvbRnuf8QsA,1
autor:UCe8JZoYkX5oKUZyivHYdXhw,autor:UCgQw_Sbq3ugruDUKsq1e0-A,1
autor:UCe8JZoYkX5oKUZyivHYdXhw,autor:UCwjUvRseNtJoItylIyIez7Q,1
autor:UCe8JZoYkX5oKUZyivHYdXhw,autor:UCkVtmkK07b2zaVVNssX4lOg,1
autor:UCe8JZoYkX5oKUZyivHYdXhw,autor:UCpsKOkt5iWTbenzeuq7dsmQ,1
autor:UCe8JZoYkX5oKUZyivHYdXhw,autor:UCeDNEtI8_a42bZ47wJiJMwQ,1
autor:UCe8JZoYkX5oKUZyivHYdXhw,autor:UCwgCc9Jd_gG-uLE_SY-FfPg,1
autor:UCe8JZoYkX5oKUZyivHYdXhw,autor:UCuXmOjxC-htcprLgeVXz6Tg,1
autor:UCeDNEtI8_a42bZ47wJiJMwQ,autor:UCylqlpsh8ENNM1LqgQ1KbxA,1
autor:UCeDNEtI8_a42bZ47wJiJMwQ,autor:UCpe5jW3MIqkgTJ-PgkzvM6Q,1
autor:UCeDNEtI8_a42bZ47wJiJMwQ,autor:UColMq7LmaoY3MT6aIDGrGvA,1
autor:UCeDNEtI8_a42bZ47wJiJMwQ,autor:UCiC-Jn7wdgyQV4_Urk0DkWQ,1
autor:UCeDNEtI8_a42bZ47wJiJMwQ,autor:UCsGoJEvb-cFPZ2rWoJcXzEQ,1
autor:UCeDNEtI8_a42bZ47wJiJMwQ,autor:UCgJNFj5dnxXpcMvmuhZDPxA,1
autor:UCeDNEtI8_a42bZ47wJiJMwQ,autor:UClqA491Xa5fQcXcJJa-vTWw,1
autor:UCeDNEtI8_a42bZ47wJiJMwQ,autor:UCkbsS_3D-pvg1iHOld9uvIg,1
autor:UCeDNEtI8_a42bZ47wJiJMwQ,autor:UCu8_3-Wg-YzNyvHYQDEscfw,1
autor:UCeDNEtI8_a42bZ47wJiJMwQ,autor:UCqCrvuoJpC-aVb0f4logQRQ,1
autor:UCeDNEtI8_a42bZ47wJiJMwQ,autor:UClhMWQ7XKWywYvbRnuf8QsA,1
autor:UCeDNEtI8_a42bZ47wJiJMwQ,autor:UCgQw_Sbq3ugruDUKsq1e0-A,1
autor:UCeDNEtI8_a42bZ47wJiJMwQ,autor:UCwjUvRseNtJoItylIyIez7Q,1
autor:UCeDNEtI8_a42bZ47wJiJMwQ,autor:UCkVtmkK07b2zaVVNssX4lOg,1
autor:UCeDNEtI8_a42bZ47wJiJMwQ,autor:UCpsKOkt5iWTbenzeuq7dsmQ,1
autor:UCeDNEtI8_a42bZ47wJiJMwQ,autor:UCwgCc9Jd_gG-uLE_SY-FfPg,1
autor:UCeDNEtI8_a42bZ47wJiJMwQ,autor:UCuXmOjxC-htcprLgeVXz6Tg,1
autor:UCeQk-WfEA-cJRq4EKeE7TOw,autor:UCjZgFEowMBrsjodqfovzdKw,1
autor:UCeQk-WfEA-cJRq4EKeE7TOw,autor:UChyps3dqY-VY1_wLeq-2lhw,1
autor:UCeQk-WfEA-cJRq4EKeE7TOw,autor:UCp29O_C7cchZV8IxV7Crdag,1
autor:UCeQk-WfEA-cJRq4EKeE7TOw,autor:UCzZ6dDCEsLMXbc5pCFXIprw,1
autor:UCeQk-WfEA-cJRq4EKeE7TOw,autor:UCwxoKK59nGCeBqB2sXfDBIw,1
autor:UCeQk-WfEA-cJRq4EKeE7TOw,autor:UCvDwJBBY1mHK70aTEYl6rsA,1
autor:UCeQk-WfEA-cJRq4EKeE7TOw,autor:UCiOZX__1gahg1ypIj0_XG_w,1
autor:UCeQk-WfEA-cJRq4EKeE7TOw,autor:UCoGdCoJg2Lh0OX_jv6cG16g,1
autor:UCeQk-WfEA-cJRq4EKeE7TOw,autor:UCfo_yUPzy1f1POwwZxhZ06Q,1
autor:UCeQk-WfEA-cJRq4EKeE7TOw,autor:UCtsxPYw8VUsH_FfnKg-0lmw,1
autor:UCeQk-WfEA-cJRq4EKeE7TOw,autor:UCgGqw4aqMdMVSGkKiMgrJRQ,1
autor:UCeQk-WfEA-cJRq4EKeE7TOw,autor:UCtCtts20bW6F9CSohau51Iw,1
autor:UCeQk-WfEA-cJRq4EKeE7TOw,autor:UCheEJ5GZuIvV0fj-nXyVwXw,1
autor:UCeQk-WfEA-cJRq4EKeE7TOw,autor:UCql1n3Ey6ULMSOACjMe-fxQ,1
autor:UCeQk-WfEA-cJRq4EKeE7TOw,autor:UCyJhqmMbsvjpoarBBStA2kg,1
autor:UCefAH1MbvADWUjE9WVcB9EQ,autor:UCvcu1kR8xMYy_I1Ty-2mV2Q,1
autor:UCefAH1MbvADWUjE9WVcB9EQ,autor:UCxcoDvP-g2_KTZDmVZtvb3w,1
autor:UCefAH1MbvADWUjE9WVcB9EQ,autor:UCwEe1RKlEv1UpNWmWYfSh4w,1
autor:UCefAH1MbvADWUjE9WVcB9EQ,autor:UChT7pzGytNd92Nmvi-zuWog,1
autor:UCefAH1MbvADWUjE9WVcB9EQ,autor:UCkxdJ_yGN2gghOMo2ybQtXQ,1
autor:UCf5lnNZF7Qrtli9v4N_23WQ,autor:UCg3eIfd7BrsLEqS0BLkftHA,1
autor:UCf5lnNZF7Qrtli9v4N_23WQ,autor:UClsrFGJKWPxxw7MiaEdKLXw,1
autor:UCf5lnNZF7Qrtli9v4N_23WQ,autor:UCusjriFsDHEc2AOjqk-p5ig,1
autor:UCf5lnNZF7Qrtli9v4N_23WQ,autor:UCzZ6dDCEsLMXbc5pCFXIprw,1
autor:UCf5lnNZF7Qrtli9v4N_23WQ,autor:UCtNyHmRZtvGF2hSvI2dUBWw,1
autor:UCf5lnNZF7Qrtli9v4N_23WQ,autor:UCgQJgI9vu1FI2dnC9mrFthw,1
autor:UCf5lnNZF7Qrtli9v4N_23WQ,autor:UCuP4UK33HKtJE_S39ksmaTw,1
autor:UCfM3nrxtTQMY5jFx1v1J4Gg,autor:UCzoL2l5H5eVlorWGH8AZfAg,1
autor:UCfM3nrxtTQMY5jFx1v1J4Gg,autor:UCl0ekS9Tt0jJGtOEM18S63w,1
autor:UCfM3nrxtTQMY5jFx1v1J4Gg,autor:UCySYJU5kUh7X8gVt9la2ISA,1
autor:UCfM3nrxtTQMY5jFx1v1J4Gg,autor:UCp4iw5_5SmV9VGTFSNVGOmQ,1
autor:UCfM3nrxtTQMY5jFx1v1J4Gg,autor:UCut6b9S98nv84cVX89PmKzA,1
autor:UCfM3nrxtTQMY5jFx1v1J4Gg,autor:UCsUCN0Yq_UyTvKjOJLmNrnQ,1
autor:UCfM3nrxtTQMY5jFx1v1J4Gg,autor:UChs3tU2BcKOT0CezykvAsGw,1
autor:UCfM3nrxtTQMY5jFx1v1J4Gg,autor:UCrJn_rbo_ENAdeqneS-RmRw,1
autor:UCfM3nrxtTQMY5jFx1v1J4Gg,autor:UCmvOgzmmXbjUthHy-WJ52hQ,1
autor:UCfM3nrxtTQMY5jFx1v1J4Gg,autor:UCpsKOkt5iWTbenzeuq7dsmQ,1
autor:UCfM3nrxtTQMY5jFx1v1J4Gg,autor:UCi1b_TRQfgO1Z9O2gNGGWNA,1
autor:UCfM3nrxtTQMY5jFx1v1J4Gg,autor:UCjmPuazZJzscrwvk0QR9RVw,1
autor:UCfM3nrxtTQMY5jFx1v1J4Gg,autor:UCtNfIBnc5S5DbbQj_yxgJTw,1
autor:UCfM3nrxtTQMY5jFx1v1J4Gg,autor:UCmjppp6ujz3SAnULvP3sZMw,1
autor:UCfM3nrxtTQMY5jFx1v1J4Gg,autor:UCzSfZlOVxBSs5ObD25ywxDQ,1
autor:UCfM3nrxtTQMY5jFx1v1J4Gg,autor:UCh5ESQvtzyHDhCA7XyekCFA,1
autor:UCfM3nrxtTQMY5jFx1v1J4Gg,autor:UCjSKM9j0Q7HLDr1hD6D-TUw,1
autor:UCfM3nrxtTQMY5jFx1v1J4Gg,autor:UCujPF2nBgsTD62nWE3lcpIg,1
autor:UCfM3nrxtTQMY5jFx1v1J4Gg,autor:UCpIdtvoFHVLGASGB5ySqIEA,1
autor:UCfM3nrxtTQMY5jFx1v1J4Gg,autor:UChZknRmJkeGeQk0-mQuhDOg,1
autor:UCfM3nrxtTQMY5jFx1v1J4Gg,autor:UCljDbleJul41G1TzOjOZAVA,1
autor:UCfM3nrxtTQMY5jFx1v1J4Gg,autor:UCj-LL25XJnjxepPKCc3NGog,1
autor:UCfM3nrxtTQMY5jFx1v1J4Gg,autor:UCtUR3_CAiE7fCoZHM6cMfyQ,1
autor:UCfM3nrxtTQMY5jFx1v1J4Gg,autor:UCr1emrogPKkKTs_WTtx71xg,1
autor:UCfM3nrxtTQMY5jFx1v1J4Gg,autor:UCsjs5Hp_r86x1xbK6FAeqaA,1
autor:UCfM3nrxtTQMY5jFx1v1J4Gg,autor:UCwha8rxULYMVtNwZWeSkE1A,1
autor:UCfM3nrxtTQMY5jFx1v1J4Gg,autor:UCwW2OFy95P7ZBkOPxWkpvYg,1
autor:UCfM3nrxtTQMY5jFx1v1J4Gg,autor:UCpl8rF8uv_8uui-QRvuJaRA,1
autor:UCfM3nrxtTQMY5jFx1v1J4Gg,autor:UCsJJAvrVGupdmhOqgtDp8dg,1
autor:UCfM3nrxtTQMY5jFx1v1J4Gg,autor:UCvApqeCbLod-wejtT4CcVuA,1
autor:UCfM3nrxtTQMY5jFx1v1J4Gg,autor:UCueV9cTyTDwgQSec1x2dYgA,1
autor:UCfM3nrxtTQMY5jFx1v1J4Gg,autor:UChgkn5Jt5tWKYMoEOuCjz3Q,1
autor:UCfM3nrxtTQMY5jFx1v1J4Gg,autor:UCiMythXHsw7eQEMykCdmMUA,1
autor:UCfM3nrxtTQMY5jFx1v1J4Gg,autor:UCz3gu01bmjNv0DpRq-K3XYg,1
autor:UCfM3nrxtTQMY5jFx1v1J4Gg,autor:UCkd9W714-947dEE6ZOEBATA,1
autor:UCfM3nrxtTQMY5jFx1v1J4Gg,autor:UCylqlpsh8ENNM1LqgQ1KbxA,1
autor:UCfM3nrxtTQMY5jFx1v1J4Gg,autor:UCwO2SXr0ggzwg6QWWrr01nQ,1
autor:UCfM3nrxtTQMY5jFx1v1J4Gg,autor:UCsSXdJct-nsS8DsABoEsaYA,1
autor:UCfM3nrxtTQMY5jFx1v1J4Gg,autor:UCiGRBf2RNF0WRKhRVT7zFoA,1
autor:UCfM3nrxtTQMY5jFx1v1J4Gg,autor:UCplrIQtaPj6au60_f2-mOYw,1
autor:UCfM3nrxtTQMY5jFx1v1J4Gg,autor:UCxff05WuyvwELNITi7bj7UA,1
autor:UCfM3nrxtTQMY5jFx1v1J4Gg,autor:UCgvw7xIdGFupzpt1Y_BFkEA,1
autor:UCfM3nrxtTQMY5jFx1v1J4Gg,autor:UCipetjeiWj4CZB6EbyYziZg,1
autor:UCfM3nrxtTQMY5jFx1v1J4Gg,autor:UChep9kVb5gQmpodEEl10Xlg,1
autor:UCfRqgt2O-vjzUDMZY_tnxQw,autor:UCk4O-J1BhoqPmig1KLGJePA,1
autor:UCfXykdbSU97rj987LDUGfvg,autor:UCfjhejO7LZy4doXURa7LZCQ,1
autor:UCfXykdbSU97rj987LDUGfvg,autor:UCvl1tzQeBeGy6efPTRJXSCw,1
autor:UCfXykdbSU97rj987LDUGfvg,autor:UCjZgFEowMBrsjodqfovzdKw,1
autor:UCfXykdbSU97rj987LDUGfvg,autor:UCwCfs-2zbD5k0lG-UVg_JBw,1
autor:UCfXykdbSU97rj987LDUGfvg,autor:UCq3mDTTRZnUybct5M9OSXbg,1
autor:UCfjhejO7LZy4doXURa7LZCQ,autor:UCvl1tzQeBeGy6efPTRJXSCw,1
autor:UCfjhejO7LZy4doXURa7LZCQ,autor:UCjZgFEowMBrsjodqfovzdKw,1
autor:UCfjhejO7LZy4doXURa7LZCQ,autor:UCwCfs-2zbD5k0lG-UVg_JBw,1
autor:UCfjhejO7LZy4doXURa7LZCQ,autor:UCq3mDTTRZnUybct5M9OSXbg,1
autor:UCfo_yUPzy1f1POwwZxhZ06Q,autor:UCjZgFEowMBrsjodqfovzdKw,1
autor:UCfo_yUPzy1f1POwwZxhZ06Q,autor:UChyps3dqY-VY1_wLeq-2lhw,1
autor:UCfo_yUPzy1f1POwwZxhZ06Q,autor:UCp29O_C7cchZV8IxV7Crdag,1
autor:UCfo_yUPzy1f1POwwZxhZ06Q,autor:UCzZ6dDCEsLMXbc5pCFXIprw,1
autor:UCfo_yUPzy1f1POwwZxhZ06Q,autor:UCwxoKK59nGCeBqB2sXfDBIw,1
autor:UCfo_yUPzy1f1POwwZxhZ06Q,autor:UCvDwJBBY1mHK70aTEYl6rsA,1
autor:UCfo_yUPzy1f1POwwZxhZ06Q,autor:UCiOZX__1gahg1ypIj0_XG_w,1
autor:UCfo_yUPzy1f1POwwZxhZ06Q,autor:UCoGdCoJg2Lh0OX_jv6cG16g,1
autor:UCfo_yUPzy1f1POwwZxhZ06Q,autor:UCtsxPYw8VUsH_FfnKg-0lmw,1
autor:UCfo_yUPzy1f1POwwZxhZ06Q,autor:UCgGqw4aqMdMVSGkKiMgrJRQ,1
autor:UCfo_yUPzy1f1POwwZxhZ06Q,autor:UCtCtts20bW6F9CSohau51Iw,1
autor:UCfo_yUPzy1f1POwwZxhZ06Q,autor:UCheEJ5GZuIvV0fj-nXyVwXw,1
autor:UCfo_yUPzy1f1POwwZxhZ06Q,autor:UCql1n3Ey6ULMSOACjMe-fxQ,1
autor:UCfo_yUPzy1f1POwwZxhZ06Q,autor:UCyJhqmMbsvjpoarBBStA2kg,1
autor:UCg3eIfd7BrsLEqS0BLkftHA,autor:UClsrFGJKWPxxw7MiaEdKLXw,1
autor:UCg3eIfd7BrsLEqS0BLkftHA,autor:UCusjriFsDHEc2AOjqk-p5ig,1
autor:UCg3eIfd7BrsLEqS0BLkftHA,autor:UCzZ6dDCEsLMXbc5pCFXIprw,1
autor:UCg3eIfd7BrsLEqS0BLkftHA,autor:UCtNyHmRZtvGF2hSvI2dUBWw,1
autor:UCg3eIfd7BrsLEqS0BLkftHA,autor:UCgQJgI9vu1FI2dnC9mrFthw,1
autor:UCg3eIfd7BrsLEqS0BLkftHA,autor:UCuP4UK33HKtJE_S39ksmaTw,1
autor:UCgGqw4aqMdMVSGkKiMgrJRQ,autor:UCjZgFEowMBrsjodqfovzdKw,1
autor:UCgGqw4aqMdMVSGkKiMgrJRQ,autor:UChyps3dqY-VY1_wLeq-2lhw,1
autor:UCgGqw4aqMdMVSGkKiMgrJRQ,autor:UCp29O_C7cchZV8IxV7Crdag,1
autor:UCgGqw4aqMdMVSGkKiMgrJRQ,autor:UCzZ6dDCEsLMXbc5pCFXIprw,1
autor:UCgGqw4aqMdMVSGkKiMgrJRQ,autor:UCwxoKK59nGCeBqB2sXfDBIw,1
autor:UCgGqw4aqMdMVSGkKiMgrJRQ,autor:UCvDwJBBY1mHK70aTEYl6rsA,1
autor:UCgGqw4aqMdMVSGkKiMgrJRQ,autor:UCiOZX__1gahg1ypIj0_XG_w,1
autor:UCgGqw4aqMdMVSGkKiMgrJRQ,autor:UCoGdCoJg2Lh0OX_jv6cG16g,1
autor:UCgGqw4aqMdMVSGkKiMgrJRQ,autor:UCtsxPYw8VUsH_FfnKg-0lmw,1
autor:UCgGqw4aqMdMVSGkKiMgrJRQ,autor:UCtCtts20bW6F9CSohau51Iw,1
autor:UCgGqw4aqMdMVSGkKiMgrJRQ,autor:UCheEJ5GZuIvV0fj-nXyVwXw,1
autor:UCgGqw4aqMdMVSGkKiMgrJRQ,autor:UCql1n3Ey6ULMSOACjMe-fxQ,1
autor:UCgGqw4aqMdMVSGkKiMgrJRQ,autor:UCyJhqmMbsvjpoarBBStA2kg,1
autor:UCgJNFj5dnxXpcMvmuhZDPxA,autor:UCylqlpsh8ENNM1LqgQ1KbxA,1
autor:UCgJNFj5dnxXpcMvmuhZDPxA,autor:UCpe5jW3MIqkgTJ-PgkzvM6Q,1
autor:UCgJNFj5dnxXpcMvmuhZDPxA,autor:UColMq7LmaoY3MT6aIDGrGvA,1
autor:UCgJNFj5dnxXpcMvmuhZDPxA,autor:UCiC-Jn7wdgyQV4_Urk0DkWQ,1
autor:UCgJNFj5dnxXpcMvmuhZDPxA,autor:UCsGoJEvb-cFPZ2rWoJcXzEQ,1
autor:UCgJNFj5dnxXpcMvmuhZDPxA,autor:UClqA491Xa5fQcXcJJa-vTWw,1
autor:UCgJNFj5dnxXpcMvmuhZDPxA,autor:UCkbsS_3D-pvg1iHOld9uvIg,1
autor:UCgJNFj5dnxXpcMvmuhZDPxA,autor:UCu8_3-Wg-YzNyvHYQDEscfw,1
autor:UCgJNFj5dnxXpcMvmuhZDPxA,autor:UCqCrvuoJpC-aVb0f4logQRQ,1
autor:UCgJNFj5dnxXpcMvmuhZDPxA,autor:UClhMWQ7XKWywYvbRnuf8QsA,1
autor:UCgJNFj5dnxXpcMvmuhZDPxA,autor:UCgQw_Sbq3ugruDUKsq1e0-A,1
autor:UCgJNFj5dnxXpcMvmuhZDPxA,autor:UCwjUvRseNtJoItylIyIez7Q,1
autor:UCgJNFj5dnxXpcMvmuhZDPxA,autor:UCkVtmkK07b2zaVVNssX4lOg,1
autor:UCgJNFj5dnxXpcMvmuhZDPxA,autor:UCpsKOkt5iWTbenzeuq7dsmQ,1
autor:UCgJNFj5dnxXpcMvmuhZDPxA,autor:UCwgCc9Jd_gG-uLE_SY-FfPg,1
autor:UCgJNFj5dnxXpcMvmuhZDPxA,autor:UCuXmOjxC-htcprLgeVXz6Tg,1
autor:UCgLrWFdYitoP-b7-PxtUr-w,autor:UCtMBF_1O2jY2INlb_luuB_A,1
autor:UCgLrWFdYitoP-b7-PxtUr-w,autor:UCyzf29IYjNw67gGIfsjgtxA,1
autor:UCgLrWFdYitoP-b7-PxtUr-w,autor:UCgLurCo-e019HGODcjXHWCw,1
autor:UCgLrWFdYitoP-b7-PxtUr-w,autor:UCxKR3RA8T-kxMgq_2WWhRcQ,1
autor:UCgLrWFdYitoP-b7-PxtUr-w,autor:UCs_5qeqdku9tGAq22y3OcuQ,1
autor:UCgLrWFdYitoP-b7-PxtUr-w,autor:UCwUAv3_LpWVtTIi7lkmTL7A,1
autor:UCgLrWFdYitoP-b7-PxtUr-w,autor:UCqilIa8r7iek5sGYg_q6ofA,1
autor:UCgLrWFdYitoP-b7-PxtUr-w,autor:UCi-vPdnpQreC7BkFs40mJGA,1
autor:UCgLurCo-e019HGODcjXHWCw,autor:UCtMBF_1O2jY2INlb_luuB_A,1
autor:UCgLurCo-e019HGODcjXHWCw,autor:UCyzf29IYjNw67gGIfsjgtxA,1
autor:UCgLurCo-e019HGODcjXHWCw,autor:UCxKR3RA8T-kxMgq_2WWhRcQ,1
autor:UCgLurCo-e019HGODcjXHWCw,autor:UCs_5qeqdku9tGAq22y3OcuQ,1
autor:UCgLurCo-e019HGODcjXHWCw,autor:UCwUAv3_LpWVtTIi7lkmTL7A,1
autor:UCgLurCo-e019HGODcjXHWCw,autor:UCqilIa8r7iek5sGYg_q6ofA,1
autor:UCgLurCo-e019HGODcjXHWCw,autor:UCi-vPdnpQreC7BkFs40mJGA,1
autor:UCgQJgI9vu1FI2dnC9mrFthw,autor:UClsrFGJKWPxxw7MiaEdKLXw,1
autor:UCgQJgI9vu1FI2dnC9mrFthw,autor:UCusjriFsDHEc2AOjqk-p5ig,1
autor:UCgQJgI9vu1FI2dnC9mrFthw,autor:UCzZ6dDCEsLMXbc5pCFXIprw,1
autor:UCgQJgI9vu1FI2dnC9mrFthw,autor:UCtNyHmRZtvGF2hSvI2dUBWw,1
autor:UCgQJgI9vu1FI2dnC9mrFthw,autor:UCuP4UK33HKtJE_S39ksmaTw,1
autor:UCgQw_Sbq3ugruDUKsq1e0-A,autor:UCylqlpsh8ENNM1LqgQ1KbxA,1
autor:UCgQw_Sbq3ugruDUKsq1e0-A,autor:UCpe5jW3MIqkgTJ-PgkzvM6Q,1
autor:UCgQw_Sbq3ugruDUKsq1e0-A,autor:UColMq7LmaoY3MT6aIDGrGvA,1
autor:UCgQw_Sbq3ugruDUKsq1e0-A,autor:UCiC-Jn7wdgyQV4_Urk0DkWQ,1
autor:UCgQw_Sbq3ugruDUKsq1e0-A,autor:UCsGoJEvb-cFPZ2rWoJcXzEQ,1
autor:UCgQw_Sbq3ugruDUKsq1e0-A,autor:UClqA491Xa5fQcXcJJa-vTWw,1
autor:UCgQw_Sbq3ugruDUKsq1e0-A,autor:UCkbsS_3D-pvg1iHOld9uvIg,1
autor:UCgQw_Sbq3ugruDUKsq1e0-A,autor:UCu8_3-Wg-YzNyvHYQDEscfw,1
autor:UCgQw_Sbq3ugruDUKsq1e0-A,autor:UCqCrvuoJpC-aVb0f4logQRQ,1
autor:UCgQw_Sbq3ugruDUKsq1e0-A,autor:UClhMWQ7XKWywYvbRnuf8QsA,1
autor:UCgQw_Sbq3ugruDUKsq1e0-A,autor:UCwjUvRseNtJoItylIyIez7Q,1
autor:UCgQw_Sbq3ugruDUKsq1e0-A,autor:UCkVtmkK07b2zaVVNssX4lOg,1
autor:UCgQw_Sbq3ugruDUKsq1e0-A,autor:UCpsKOkt5iWTbenzeuq7dsmQ,1
autor:UCgQw_Sbq3ugruDUKsq1e0-A,autor:UCwgCc9Jd_gG-uLE_SY-FfPg,1
autor:UCgQw_Sbq3ugruDUKsq1e0-A,autor:UCuXmOjxC-htcprLgeVXz6Tg,1
autor:UCgvw7xIdGFupzpt1Y_BFkEA,autor:UCzoL2l5H5eVlorWGH8AZfAg,1
autor:UCgvw7xIdGFupzpt1Y_BFkEA,autor:UCl0ekS9Tt0jJGtOEM18S63w,1
autor:UCgvw7xIdGFupzpt1Y_BFkEA,autor:UCySYJU5kUh7X8gVt9la2ISA,1
autor:UCgvw7xIdGFupzpt1Y_BFkEA,autor:UCp4iw5_5SmV9VGTFSNVGOmQ,1
autor:UCgvw7xIdGFupzpt1Y_BFkEA,autor:UCut6b9S98nv84cVX89PmKzA,1
autor:UCgvw7xIdGFupzpt1Y_BFkEA,autor:UCsUCN0Yq_UyTvKjOJLmNrnQ,1
autor:UCgvw7xIdGFupzpt1Y_BFkEA,autor:UChs3tU2BcKOT0CezykvAsGw,1
autor:UCgvw7xIdGFupzpt1Y_BFkEA,autor:UCrJn_rbo_ENAdeqneS-RmRw,1
autor:UCgvw7xIdGFupzpt1Y_BFkEA,autor:UCmvOgzmmXbjUthHy-WJ52hQ,1
autor:UCgvw7xIdGFupzpt1Y_BFkEA,autor:UCpsKOkt5iWTbenzeuq7dsmQ,1
autor:UCgvw7xIdGFupzpt1Y_BFkEA,autor:UCi1b_TRQfgO1Z9O2gNGGWNA,1
autor:UCgvw7xIdGFupzpt1Y_BFkEA,autor:UCjmPuazZJzscrwvk0QR9RVw,1
autor:UCgvw7xIdGFupzpt1Y_BFkEA,autor:UCtNfIBnc5S5DbbQj_yxgJTw,1
autor:UCgvw7xIdGFupzpt1Y_BFkEA,autor:UCmjppp6ujz3SAnULvP3sZMw,1
autor:UCgvw7xIdGFupzpt1Y_BFkEA,autor:UCzSfZlOVxBSs5ObD25ywxDQ,1
autor:UCgvw7xIdGFupzpt1Y_BFkEA,autor:UCh5ESQvtzyHDhCA7XyekCFA,1
autor:UCgvw7xIdGFupzpt1Y_BFkEA,autor:UCjSKM9j0Q7HLDr1hD6D-TUw,1
autor:UCgvw7xIdGFupzpt1Y_BFkEA,autor:UCujPF2nBgsTD62nWE3lcpIg,1
autor:UCgvw7xIdGFupzpt1Y_BFkEA,autor:UCpIdtvoFHVLGASGB5ySqIEA,1
autor:UCgvw7xIdGFupzpt1Y_BFkEA,autor:UChZknRmJkeGeQk0-mQuhDOg,1
autor:UCgvw7xIdGFupzpt1Y_BFkEA,autor:UCljDbleJul41G1TzOjOZAVA,1
autor:UCgvw7xIdGFupzpt1Y_BFkEA,autor:UCj-LL25XJnjxepPKCc3NGog,1
autor:UCgvw7xIdGFupzpt1Y_BFkEA,autor:UCtUR3_CAiE7fCoZHM6cMfyQ,1
autor:UCgvw7xIdGFupzpt1Y_BFkEA,autor:UCr1emrogPKkKTs_WTtx71xg,1
autor:UCgvw7xIdGFupzpt1Y_BFkEA,autor:UCsjs5Hp_r86x1xbK6FAeqaA,1
autor:UCgvw7xIdGFupzpt1Y_BFkEA,autor:UCwha8rxULYMVtNwZWeSkE1A,1
autor:UCgvw7xIdGFupzpt1Y_BFkEA,autor:UCwW2OFy95P7ZBkOPxWkpvYg,1
autor:UCgvw7xIdGFupzpt1Y_BFkEA,autor:UCpl8rF8uv_8uui-QRvuJaRA,1
autor:UCgvw7xIdGFupzpt1Y_BFkEA,autor:UCsJJAvrVGupdmhOqgtDp8dg,1
autor:UCgvw7xIdGFupzpt1Y_BFkEA,autor:UCvApqeCbLod-wejtT4CcVuA,1
autor:UCgvw7xIdGFupzpt1Y_BFkEA,autor:UCueV9cTyTDwgQSec1x2dYgA,1
autor:UCgvw7xIdGFupzpt1Y_BFkEA,autor:UChgkn5Jt5tWKYMoEOuCjz3Q,1
autor:UCgvw7xIdGFupzpt1Y_BFkEA,autor:UCiMythXHsw7eQEMykCdmMUA,1
autor:UCgvw7xIdGFupzpt1Y_BFkEA,autor:UCz3gu01bmjNv0DpRq-K3XYg,1
autor:UCgvw7xIdGFupzpt1Y_BFkEA,autor:UCkd9W714-947dEE6ZOEBATA,1
autor:UCgvw7xIdGFupzpt1Y_BFkEA,autor:UCylqlpsh8ENNM1LqgQ1KbxA,1
autor:UCgvw7xIdGFupzpt1Y_BFkEA,autor:UCwO2SXr0ggzwg6QWWrr01nQ,1
autor:UCgvw7xIdGFupzpt1Y_BFkEA,autor:UCsSXdJct-nsS8DsABoEsaYA,1
autor:UCgvw7xIdGFupzpt1Y_BFkEA,autor:UCiGRBf2RNF0WRKhRVT7zFoA,1
autor:UCgvw7xIdGFupzpt1Y_BFkEA,autor:UCplrIQtaPj6au60_f2-mOYw,1
autor:UCgvw7xIdGFupzpt1Y_BFkEA,autor:UCxff05WuyvwELNITi7bj7UA,1
autor:UCgvw7xIdGFupzpt1Y_BFkEA,autor:UCipetjeiWj4CZB6EbyYziZg,1
autor:UCgvw7xIdGFupzpt1Y_BFkEA,autor:UChep9kVb5gQmpodEEl10Xlg,1
autor:UCh5ESQvtzyHDhCA7XyekCFA,autor:UCzoL2l5H5eVlorWGH8AZfAg,1
autor:UCh5ESQvtzyHDhCA7XyekCFA,autor:UCl0ekS9Tt0jJGtOEM18S63w,1
autor:UCh5ESQvtzyHDhCA7XyekCFA,autor:UCySYJU5kUh7X8gVt9la2ISA,1
autor:UCh5ESQvtzyHDhCA7XyekCFA,autor:UCp4iw5_5SmV9VGTFSNVGOmQ,1
autor:UCh5ESQvtzyHDhCA7XyekCFA,autor:UCut6b9S98nv84cVX89PmKzA,1
autor:UCh5ESQvtzyHDhCA7XyekCFA,autor:UCsUCN0Yq_UyTvKjOJLmNrnQ,1
autor:UCh5ESQvtzyHDhCA7XyekCFA,autor:UChs3tU2BcKOT0CezykvAsGw,1
autor:UCh5ESQvtzyHDhCA7XyekCFA,autor:UCrJn_rbo_ENAdeqneS-RmRw,1
autor:UCh5ESQvtzyHDhCA7XyekCFA,autor:UCmvOgzmmXbjUthHy-WJ52hQ,1
autor:UCh5ESQvtzyHDhCA7XyekCFA,autor:UCpsKOkt5iWTbenzeuq7dsmQ,1
autor:UCh5ESQvtzyHDhCA7XyekCFA,autor:UCi1b_TRQfgO1Z9O2gNGGWNA,1
autor:UCh5ESQvtzyHDhCA7XyekCFA,autor:UCjmPuazZJzscrwvk0QR9RVw,1
autor:UCh5ESQvtzyHDhCA7XyekCFA,autor:UCtNfIBnc5S5DbbQj_yxgJTw,1
autor:UCh5ESQvtzyHDhCA7XyekCFA,autor:UCmjppp6ujz3SAnULvP3sZMw,1
autor:UCh5ESQvtzyHDhCA7XyekCFA,autor:UCzSfZlOVxBSs5ObD25ywxDQ,1
autor:UCh5ESQvtzyHDhCA7XyekCFA,autor:UCjSKM9j0Q7HLDr1hD6D-TUw,1
autor:UCh5ESQvtzyHDhCA7XyekCFA,autor:UCujPF2nBgsTD62nWE3lcpIg,1
autor:UCh5ESQvtzyHDhCA7XyekCFA,autor:UCpIdtvoFHVLGASGB5ySqIEA,1
autor:UCh5ESQvtzyHDhCA7XyekCFA,autor:UChZknRmJkeGeQk0-mQuhDOg,1
autor:UCh5ESQvtzyHDhCA7XyekCFA,autor:UCljDbleJul41G1TzOjOZAVA,1
autor:UCh5ESQvtzyHDhCA7XyekCFA,autor:UCj-LL25XJnjxepPKCc3NGog,1
autor:UCh5ESQvtzyHDhCA7XyekCFA,autor:UCtUR3_CAiE7fCoZHM6cMfyQ,1
autor:UCh5ESQvtzyHDhCA7XyekCFA,autor:UCr1emrogPKkKTs_WTtx71xg,1
autor:UCh5ESQvtzyHDhCA7XyekCFA,autor:UCsjs5Hp_r86x1xbK6FAeqaA,1
autor:UCh5ESQvtzyHDhCA7XyekCFA,autor:UCwha8rxULYMVtNwZWeSkE1A,1
autor:UCh5ESQvtzyHDhCA7XyekCFA,autor:UCwW2OFy95P7ZBkOPxWkpvYg,1
autor:UCh5ESQvtzyHDhCA7XyekCFA,autor:UCpl8rF8uv_8uui-QRvuJaRA,1
autor:UCh5ESQvtzyHDhCA7XyekCFA,autor:UCsJJAvrVGupdmhOqgtDp8dg,1
autor:UCh5ESQvtzyHDhCA7XyekCFA,autor:UCvApqeCbLod-wejtT4CcVuA,1
autor:UCh5ESQvtzyHDhCA7XyekCFA,autor:UCueV9cTyTDwgQSec1x2dYgA,1
autor:UCh5ESQvtzyHDhCA7XyekCFA,autor:UChgkn5Jt5tWKYMoEOuCjz3Q,1
autor:UCh5ESQvtzyHDhCA7XyekCFA,autor:UCiMythXHsw7eQEMykCdmMUA,1
autor:UCh5ESQvtzyHDhCA7XyekCFA,autor:UCz3gu01bmjNv0DpRq-K3XYg,1
autor:UCh5ESQvtzyHDhCA7XyekCFA,autor:UCkd9W714-947dEE6ZOEBATA,1
autor:UCh5ESQvtzyHDhCA7XyekCFA,autor:UCylqlpsh8ENNM1LqgQ1KbxA,1
autor:UCh5ESQvtzyHDhCA7XyekCFA,autor:UCwO2SXr0ggzwg6QWWrr01nQ,1
autor:UCh5ESQvtzyHDhCA7XyekCFA,autor:UCsSXdJct-nsS8DsABoEsaYA,1
autor:UCh5ESQvtzyHDhCA7XyekCFA,autor:UCiGRBf2RNF0WRKhRVT7zFoA,1
autor:UCh5ESQvtzyHDhCA7XyekCFA,autor:UCplrIQtaPj6au60_f2-mOYw,1
autor:UCh5ESQvtzyHDhCA7XyekCFA,autor:UCxff05WuyvwELNITi7bj7UA,1
autor:UCh5ESQvtzyHDhCA7XyekCFA,autor:UCipetjeiWj4CZB6EbyYziZg,1
autor:UCh5ESQvtzyHDhCA7XyekCFA,autor:UChep9kVb5gQmpodEEl10Xlg,1
autor:UChT7pzGytNd92Nmvi-zuWog,autor:UCvcu1kR8xMYy_I1Ty-2mV2Q,1
autor:UChT7pzGytNd92Nmvi-zuWog,autor:UCxcoDvP-g2_KTZDmVZtvb3w,1
autor:UChT7pzGytNd92Nmvi-zuWog,autor:UCwEe1RKlEv1UpNWmWYfSh4w,1
autor:UChT7pzGytNd92Nmvi-zuWog,autor:UCkxdJ_yGN2gghOMo2ybQtXQ,1
autor:UChZknRmJkeGeQk0-mQuhDOg,autor:UCzoL2l5H5eVlorWGH8AZfAg,1
autor:UChZknRmJkeGeQk0-mQuhDOg,autor:UCl0ekS9Tt0jJGtOEM18S63w,1
autor:UChZknRmJkeGeQk0-mQuhDOg,autor:UCySYJU5kUh7X8gVt9la2ISA,1
autor:UChZknRmJkeGeQk0-mQuhDOg,autor:UCp4iw5_5SmV9VGTFSNVGOmQ,1
autor:UChZknRmJkeGeQk0-mQuhDOg,autor:UCut6b9S98nv84cVX89PmKzA,1
autor:UChZknRmJkeGeQk0-mQuhDOg,autor:UCsUCN0Yq_UyTvKjOJLmNrnQ,1
autor:UChZknRmJkeGeQk0-mQuhDOg,autor:UChs3tU2BcKOT0CezykvAsGw,1
autor:UChZknRmJkeGeQk0-mQuhDOg,autor:UCrJn_rbo_ENAdeqneS-RmRw,1
autor:UChZknRmJkeGeQk0-mQuhDOg,autor:UCmvOgzmmXbjUthHy-WJ52hQ,1
autor:UChZknRmJkeGeQk0-mQuhDOg,autor:UCpsKOkt5iWTbenzeuq7dsmQ,1
autor:UChZknRmJkeGeQk0-mQuhDOg,autor:UCi1b_TRQfgO1Z9O2gNGGWNA,1
autor:UChZknRmJkeGeQk0-mQuhDOg,autor:UCjmPuazZJzscrwvk0QR9RVw,1
autor:UChZknRmJkeGeQk0-mQuhDOg,autor:UCtNfIBnc5S5DbbQj_yxgJTw,1
autor:UChZknRmJkeGeQk0-mQuhDOg,autor:UCmjppp6ujz3SAnULvP3sZMw,1
autor:UChZknRmJkeGeQk0-mQuhDOg,autor:UCzSfZlOVxBSs5ObD25ywxDQ,1
autor:UChZknRmJkeGeQk0-mQuhDOg,autor:UCjSKM9j0Q7HLDr1hD6D-TUw,1
autor:UChZknRmJkeGeQk0-mQuhDOg,autor:UCujPF2nBgsTD62nWE3lcpIg,1
autor:UChZknRmJkeGeQk0-mQuhDOg,autor:UCpIdtvoFHVLGASGB5ySqIEA,1
autor:UChZknRmJkeGeQk0-mQuhDOg,autor:UCljDbleJul41G1TzOjOZAVA,1
autor:UChZknRmJkeGeQk0-mQuhDOg,autor:UCj-LL25XJnjxepPKCc3NGog,1
autor:UChZknRmJkeGeQk0-mQuhDOg,autor:UCtUR3_CAiE7fCoZHM6cMfyQ,1
autor:UChZknRmJkeGeQk0-mQuhDOg,autor:UCr1emrogPKkKTs_WTtx71xg,1
autor:UChZknRmJkeGeQk0-mQuhDOg,autor:UCsjs5Hp_r86x1xbK6FAeqaA,1
autor:UChZknRmJkeGeQk0-mQuhDOg,autor:UCwha8rxULYMVtNwZWeSkE1A,1
autor:UChZknRmJkeGeQk0-mQuhDOg,autor:UCwW2OFy95P7ZBkOPxWkpvYg,1
autor:UChZknRmJkeGeQk0-mQuhDOg,autor:UCpl8rF8uv_8uui-QRvuJaRA,1
autor:UChZknRmJkeGeQk0-mQuhDOg,autor:UCsJJAvrVGupdmhOqgtDp8dg,1
autor:UChZknRmJkeGeQk0-mQuhDOg,autor:UCvApqeCbLod-wejtT4CcVuA,1
autor:UChZknRmJkeGeQk0-mQuhDOg,autor:UCueV9cTyTDwgQSec1x2dYgA,1
autor:UChZknRmJkeGeQk0-mQuhDOg,autor:UChgkn5Jt5tWKYMoEOuCjz3Q,1
autor:UChZknRmJkeGeQk0-mQuhDOg,autor:UCiMythXHsw7eQEMykCdmMUA,1
autor:UChZknRmJkeGeQk0-mQuhDOg,autor:UCz3gu01bmjNv0DpRq-K3XYg,1
autor:UChZknRmJkeGeQk0-mQuhDOg,autor:UCkd9W714-947dEE6ZOEBATA,1
autor:UChZknRmJkeGeQk0-mQuhDOg,autor:UCylqlpsh8ENNM1LqgQ1KbxA,1
autor:UChZknRmJkeGeQk0-mQuhDOg,autor:UCwO2SXr0ggzwg6QWWrr01nQ,1
autor:UChZknRmJkeGeQk0-mQuhDOg,autor:UCsSXdJct-nsS8DsABoEsaYA,1
autor:UChZknRmJkeGeQk0-mQuhDOg,autor:UCiGRBf2RNF0WRKhRVT7zFoA,1
autor:UChZknRmJkeGeQk0-mQuhDOg,autor:UCplrIQtaPj6au60_f2-mOYw,1
autor:UChZknRmJkeGeQk0-mQuhDOg,autor:UCxff05WuyvwELNITi7bj7UA,1
autor:UChZknRmJkeGeQk0-mQuhDOg,autor:UCipetjeiWj4CZB6EbyYziZg,1
autor:UChZknRmJkeGeQk0-mQuhDOg,autor:UChep9kVb5gQmpodEEl10Xlg,1
autor:UCheEJ5GZuIvV0fj-nXyVwXw,autor:UCjZgFEowMBrsjodqfovzdKw,1
autor:UCheEJ5GZuIvV0fj-nXyVwXw,autor:UChyps3dqY-VY1_wLeq-2lhw,1
autor:UCheEJ5GZuIvV0fj-nXyVwXw,autor:UCp29O_C7cchZV8IxV7Crdag,1
autor:UCheEJ5GZuIvV0fj-nXyVwXw,autor:UCzZ6dDCEsLMXbc5pCFXIprw,1
autor:UCheEJ5GZuIvV0fj-nXyVwXw,autor:UCwxoKK59nGCeBqB2sXfDBIw,1
autor:UCheEJ5GZuIvV0fj-nXyVwXw,autor:UCvDwJBBY1mHK70aTEYl6rsA,1
autor:UCheEJ5GZuIvV0fj-nXyVwXw,autor:UCiOZX__1gahg1ypIj0_XG_w,1
autor:UCheEJ5GZuIvV0fj-nXyVwXw,autor:UCoGdCoJg2Lh0OX_jv6cG16g,1
autor:UCheEJ5GZuIvV0fj-nXyVwXw,autor:UCtsxPYw8VUsH_FfnKg-0lmw,1
autor:UCheEJ5GZuIvV0fj-nXyVwXw,autor:UCtCtts20bW6F9CSohau51Iw,1
autor:UCheEJ5GZuIvV0fj-nXyVwXw,autor:UCql1n3Ey6ULMSOACjMe-fxQ,1
autor:UCheEJ5GZuIvV0fj-nXyVwXw,autor:UCyJhqmMbsvjpoarBBStA2kg,1
autor:UChep9kVb5gQmpodEEl10Xlg,autor:UCzoL2l5H5eVlorWGH8AZfAg,1
autor:UChep9kVb5gQmpodEEl10Xlg,autor:UCl0ekS9Tt0jJGtOEM18S63w,1
autor:UChep9kVb5gQmpodEEl10Xlg,autor:UCySYJU5kUh7X8gVt9la2ISA,1
autor:UChep9kVb5gQmpodEEl10Xlg,autor:UCp4iw5_5SmV9VGTFSNVGOmQ,1
autor:UChep9kVb5gQmpodEEl10Xlg,autor:UCut6b9S98nv84cVX89PmKzA,1
autor:UChep9kVb5gQmpodEEl10Xlg,autor:UCsUCN0Yq_UyTvKjOJLmNrnQ,1
autor:UChep9kVb5gQmpodEEl10Xlg,autor:UChs3tU2BcKOT0CezykvAsGw,1
autor:UChep9kVb5gQmpodEEl10Xlg,autor:UCrJn_rbo_ENAdeqneS-RmRw,1
autor:UChep9kVb5gQmpodEEl10Xlg,autor:UCmvOgzmmXbjUthHy-WJ52hQ,1
autor:UChep9kVb5gQmpodEEl10Xlg,autor:UCpsKOkt5iWTbenzeuq7dsmQ,1
autor:UChep9kVb5gQmpodEEl10Xlg,autor:UCi1b_TRQfgO1Z9O2gNGGWNA,1
autor:UChep9kVb5gQmpodEEl10Xlg,autor:UCjmPuazZJzscrwvk0QR9RVw,1
autor:UChep9kVb5gQmpodEEl10Xlg,autor:UCtNfIBnc5S5DbbQj_yxgJTw,1
autor:UChep9kVb5gQmpodEEl10Xlg,autor:UCmjppp6ujz3SAnULvP3sZMw,1
autor:UChep9kVb5gQmpodEEl10Xlg,autor:UCzSfZlOVxBSs5ObD25ywxDQ,1
autor:UChep9kVb5gQmpodEEl10Xlg,autor:UCjSKM9j0Q7HLDr1hD6D-TUw,1
autor:UChep9kVb5gQmpodEEl10Xlg,autor:UCujPF2nBgsTD62nWE3lcpIg,1
autor:UChep9kVb5gQmpodEEl10Xlg,autor:UCpIdtvoFHVLGASGB5ySqIEA,1
autor:UChep9kVb5gQmpodEEl10Xlg,autor:UCljDbleJul41G1TzOjOZAVA,1
autor:UChep9kVb5gQmpodEEl10Xlg,autor:UCj-LL25XJnjxepPKCc3NGog,1
autor:UChep9kVb5gQmpodEEl10Xlg,autor:UCtUR3_CAiE7fCoZHM6cMfyQ,1
autor:UChep9kVb5gQmpodEEl10Xlg,autor:UCr1emrogPKkKTs_WTtx71xg,1
autor:UChep9kVb5gQmpodEEl10Xlg,autor:UCsjs5Hp_r86x1xbK6FAeqaA,1
autor:UChep9kVb5gQmpodEEl10Xlg,autor:UCwha8rxULYMVtNwZWeSkE1A,1
autor:UChep9kVb5gQmpodEEl10Xlg,autor:UCwW2OFy95P7ZBkOPxWkpvYg,1
autor:UChep9kVb5gQmpodEEl10Xlg,autor:UCpl8rF8uv_8uui-QRvuJaRA,1
autor:UChep9kVb5gQmpodEEl10Xlg,autor:UCsJJAvrVGupdmhOqgtDp8dg,1
autor:UChep9kVb5gQmpodEEl10Xlg,autor:UCvApqeCbLod-wejtT4CcVuA,1
autor:UChep9kVb5gQmpodEEl10Xlg,autor:UCueV9cTyTDwgQSec1x2dYgA,1
autor:UChep9kVb5gQmpodEEl10Xlg,autor:UChgkn5Jt5tWKYMoEOuCjz3Q,1
autor:UChep9kVb5gQmpodEEl10Xlg,autor:UCiMythXHsw7eQEMykCdmMUA,1
autor:UChep9kVb5gQmpodEEl10Xlg,autor:UCz3gu01bmjNv0DpRq-K3XYg,1
autor:UChep9kVb5gQmpodEEl10Xlg,autor:UCkd9W714-947dEE6ZOEBATA,1
autor:UChep9kVb5gQmpodEEl10Xlg,autor:UCylqlpsh8ENNM1LqgQ1KbxA,1
autor:UChep9kVb5gQmpodEEl10Xlg,autor:UCwO2SXr0ggzwg6QWWrr01nQ,1
autor:UChep9kVb5gQmpodEEl10Xlg,autor:UCsSXdJct-nsS8DsABoEsaYA,1
autor:UChep9kVb5gQmpodEEl10Xlg,autor:UCiGRBf2RNF0WRKhRVT7zFoA,1
autor:UChep9kVb5gQmpodEEl10Xlg,autor:UCplrIQtaPj6au60_f2-mOYw,1
autor:UChep9kVb5gQmpodEEl10Xlg,autor:UCxff05WuyvwELNITi7bj7UA,1
autor:UChep9kVb5gQmpodEEl10Xlg,autor:UCipetjeiWj4CZB6EbyYziZg,1
autor:UChgkn5Jt5tWKYMoEOuCjz3Q,autor:UCzoL2l5H5eVlorWGH8AZfAg,1
autor:UChgkn5Jt5tWKYMoEOuCjz3Q,autor:UCl0ekS9Tt0jJGtOEM18S63w,1
autor:UChgkn5Jt5tWKYMoEOuCjz3Q,autor:UCySYJU5kUh7X8gVt9la2ISA,1
autor:UChgkn5Jt5tWKYMoEOuCjz3Q,autor:UCp4iw5_5SmV9VGTFSNVGOmQ,1
autor:UChgkn5Jt5tWKYMoEOuCjz3Q,autor:UCut6b9S98nv84cVX89PmKzA,1
autor:UChgkn5Jt5tWKYMoEOuCjz3Q,autor:UCsUCN0Yq_UyTvKjOJLmNrnQ,1
autor:UChgkn5Jt5tWKYMoEOuCjz3Q,autor:UChs3tU2BcKOT0CezykvAsGw,1
autor:UChgkn5Jt5tWKYMoEOuCjz3Q,autor:UCrJn_rbo_ENAdeqneS-RmRw,1
autor:UChgkn5Jt5tWKYMoEOuCjz3Q,autor:UCmvOgzmmXbjUthHy-WJ52hQ,1
autor:UChgkn5Jt5tWKYMoEOuCjz3Q,autor:UCpsKOkt5iWTbenzeuq7dsmQ,1
autor:UChgkn5Jt5tWKYMoEOuCjz3Q,autor:UCi1b_TRQfgO1Z9O2gNGGWNA,1
autor:UChgkn5Jt5tWKYMoEOuCjz3Q,autor:UCjmPuazZJzscrwvk0QR9RVw,1
autor:UChgkn5Jt5tWKYMoEOuCjz3Q,autor:UCtNfIBnc5S5DbbQj_yxgJTw,1
autor:UChgkn5Jt5tWKYMoEOuCjz3Q,autor:UCmjppp6ujz3SAnULvP3sZMw,1
autor:UChgkn5Jt5tWKYMoEOuCjz3Q,autor:UCzSfZlOVxBSs5ObD25ywxDQ,1
autor:UChgkn5Jt5tWKYMoEOuCjz3Q,autor:UCjSKM9j0Q7HLDr1hD6D-TUw,1
autor:UChgkn5Jt5tWKYMoEOuCjz3Q,autor:UCujPF2nBgsTD62nWE3lcpIg,1
autor:UChgkn5Jt5tWKYMoEOuCjz3Q,autor:UCpIdtvoFHVLGASGB5ySqIEA,1
autor:UChgkn5Jt5tWKYMoEOuCjz3Q,autor:UCljDbleJul41G1TzOjOZAVA,1
autor:UChgkn5Jt5tWKYMoEOuCjz3Q,autor:UCj-LL25XJnjxepPKCc3NGog,1
autor:UChgkn5Jt5tWKYMoEOuCjz3Q,autor:UCtUR3_CAiE7fCoZHM6cMfyQ,1
autor:UChgkn5Jt5tWKYMoEOuCjz3Q,autor:UCr1emrogPKkKTs_WTtx71xg,1
autor:UChgkn5Jt5tWKYMoEOuCjz3Q,autor:UCsjs5Hp_r86x1xbK6FAeqaA,1
autor:UChgkn5Jt5tWKYMoEOuCjz3Q,autor:UCwha8rxULYMVtNwZWeSkE1A,1
autor:UChgkn5Jt5tWKYMoEOuCjz3Q,autor:UCwW2OFy95P7ZBkOPxWkpvYg,1
autor:UChgkn5Jt5tWKYMoEOuCjz3Q,autor:UCpl8rF8uv_8uui-QRvuJaRA,1
autor:UChgkn5Jt5tWKYMoEOuCjz3Q,autor:UCsJJAvrVGupdmhOqgtDp8dg,1
autor:UChgkn5Jt5tWKYMoEOuCjz3Q,autor:UCvApqeCbLod-wejtT4CcVuA,1
autor:UChgkn5Jt5tWKYMoEOuCjz3Q,autor:UCueV9cTyTDwgQSec1x2dYgA,1
autor:UChgkn5Jt5tWKYMoEOuCjz3Q,autor:UCiMythXHsw7eQEMykCdmMUA,1
autor:UChgkn5Jt5tWKYMoEOuCjz3Q,autor:UCz3gu01bmjNv0DpRq-K3XYg,1
autor:UChgkn5Jt5tWKYMoEOuCjz3Q,autor:UCkd9W714-947dEE6ZOEBATA,1
autor:UChgkn5Jt5tWKYMoEOuCjz3Q,autor:UCylqlpsh8ENNM1LqgQ1KbxA,1
autor:UChgkn5Jt5tWKYMoEOuCjz3Q,autor:UCwO2SXr0ggzwg6QWWrr01nQ,1
autor:UChgkn5Jt5tWKYMoEOuCjz3Q,autor:UCsSXdJct-nsS8DsABoEsaYA,1
autor:UChgkn5Jt5tWKYMoEOuCjz3Q,autor:UCiGRBf2RNF0WRKhRVT7zFoA,1
autor:UChgkn5Jt5tWKYMoEOuCjz3Q,autor:UCplrIQtaPj6au60_f2-mOYw,1
autor:UChgkn5Jt5tWKYMoEOuCjz3Q,autor:UCxff05WuyvwELNITi7bj7UA,1
autor:UChgkn5Jt5tWKYMoEOuCjz3Q,autor:UCipetjeiWj4CZB6EbyYziZg,1
autor:UChs3tU2BcKOT0CezykvAsGw,autor:UCzoL2l5H5eVlorWGH8AZfAg,1
autor:UChs3tU2BcKOT0CezykvAsGw,autor:UCl0ekS9Tt0jJGtOEM18S63w,1
autor:UChs3tU2BcKOT0CezykvAsGw,autor:UCySYJU5kUh7X8gVt9la2ISA,1
autor:UChs3tU2BcKOT0CezykvAsGw,autor:UCp4iw5_5SmV9VGTFSNVGOmQ,1
autor:UChs3tU2BcKOT0CezykvAsGw,autor:UCut6b9S98nv84cVX89PmKzA,1
autor:UChs3tU2BcKOT0CezykvAsGw,autor:UCsUCN0Yq_UyTvKjOJLmNrnQ,1
autor:UChs3tU2BcKOT0CezykvAsGw,autor:UCrJn_rbo_ENAdeqneS-RmRw,1
autor:UChs3tU2BcKOT0CezykvAsGw,autor:UCmvOgzmmXbjUthHy-WJ52hQ,1
autor:UChs3tU2BcKOT0CezykvAsGw,autor:UCpsKOkt5iWTbenzeuq7dsmQ,1
autor:UChs3tU2BcKOT0CezykvAsGw,autor:UCi1b_TRQfgO1Z9O2gNGGWNA,1
autor:UChs3tU2BcKOT0CezykvAsGw,autor:UCjmPuazZJzscrwvk0QR9RVw,1
autor:UChs3tU2BcKOT0CezykvAsGw,autor:UCtNfIBnc5S5DbbQj_yxgJTw,1
autor:UChs3tU2BcKOT0CezykvAsGw,autor:UCmjppp6ujz3SAnULvP3sZMw,1
autor:UChs3tU2BcKOT0CezykvAsGw,autor:UCzSfZlOVxBSs5ObD25ywxDQ,1
autor:UChs3tU2BcKOT0CezykvAsGw,autor:UCjSKM9j0Q7HLDr1hD6D-TUw,1
autor:UChs3tU2BcKOT0CezykvAsGw,autor:UCujPF2nBgsTD62nWE3lcpIg,1
autor:UChs3tU2BcKOT0CezykvAsGw,autor:UCpIdtvoFHVLGASGB5ySqIEA,1
autor:UChs3tU2BcKOT0CezykvAsGw,autor:UCljDbleJul41G1TzOjOZAVA,1
autor:UChs3tU2BcKOT0CezykvAsGw,autor:UCj-LL25XJnjxepPKCc3NGog,1
autor:UChs3tU2BcKOT0CezykvAsGw,autor:UCtUR3_CAiE7fCoZHM6cMfyQ,1
autor:UChs3tU2BcKOT0CezykvAsGw,autor:UCr1emrogPKkKTs_WTtx71xg,1
autor:UChs3tU2BcKOT0CezykvAsGw,autor:UCsjs5Hp_r86x1xbK6FAeqaA,1
autor:UChs3tU2BcKOT0CezykvAsGw,autor:UCwha8rxULYMVtNwZWeSkE1A,1
autor:UChs3tU2BcKOT0CezykvAsGw,autor:UCwW2OFy95P7ZBkOPxWkpvYg,1
autor:UChs3tU2BcKOT0CezykvAsGw,autor:UCpl8rF8uv_8uui-QRvuJaRA,1
autor:UChs3tU2BcKOT0CezykvAsGw,autor:UCsJJAvrVGupdmhOqgtDp8dg,1
autor:UChs3tU2BcKOT0CezykvAsGw,autor:UCvApqeCbLod-wejtT4CcVuA,1
autor:UChs3tU2BcKOT0CezykvAsGw,autor:UCueV9cTyTDwgQSec1x2dYgA,1
autor:UChs3tU2BcKOT0CezykvAsGw,autor:UCiMythXHsw7eQEMykCdmMUA,1
autor:UChs3tU2BcKOT0CezykvAsGw,autor:UCz3gu01bmjNv0DpRq-K3XYg,1
autor:UChs3tU2BcKOT0CezykvAsGw,autor:UCkd9W714-947dEE6ZOEBATA,1
autor:UChs3tU2BcKOT0CezykvAsGw,autor:UCylqlpsh8ENNM1LqgQ1KbxA,1
autor:UChs3tU2BcKOT0CezykvAsGw,autor:UCwO2SXr0ggzwg6QWWrr01nQ,1
autor:UChs3tU2BcKOT0CezykvAsGw,autor:UCsSXdJct-nsS8DsABoEsaYA,1
autor:UChs3tU2BcKOT0CezykvAsGw,autor:UCiGRBf2RNF0WRKhRVT7zFoA,1
autor:UChs3tU2BcKOT0CezykvAsGw,autor:UCplrIQtaPj6au60_f2-mOYw,1
autor:UChs3tU2BcKOT0CezykvAsGw,autor:UCxff05WuyvwELNITi7bj7UA,1
autor:UChs3tU2BcKOT0CezykvAsGw,autor:UCipetjeiWj4CZB6EbyYziZg,1
autor:UChyps3dqY-VY1_wLeq-2lhw,autor:UCjZgFEowMBrsjodqfovzdKw,1
autor:UChyps3dqY-VY1_wLeq-2lhw,autor:UCp29O_C7cchZV8IxV7Crdag,1
autor:UChyps3dqY-VY1_wLeq-2lhw,autor:UCzZ6dDCEsLMXbc5pCFXIprw,1
autor:UChyps3dqY-VY1_wLeq-2lhw,autor:UCwxoKK59nGCeBqB2sXfDBIw,1
autor:UChyps3dqY-VY1_wLeq-2lhw,autor:UCvDwJBBY1mHK70aTEYl6rsA,1
autor:UChyps3dqY-VY1_wLeq-2lhw,autor:UCiOZX__1gahg1ypIj0_XG_w,1
autor:UChyps3dqY-VY1_wLeq-2lhw,autor:UCoGdCoJg2Lh0OX_jv6cG16g,1
autor:UChyps3dqY-VY1_wLeq-2lhw,autor:UCtsxPYw8VUsH_FfnKg-0lmw,1
autor:UChyps3dqY-VY1_wLeq-2lhw,autor:UCtCtts20bW6F9CSohau51Iw,1
autor:UChyps3dqY-VY1_wLeq-2lhw,autor:UCql1n3Ey6ULMSOACjMe-fxQ,1
autor:UChyps3dqY-VY1_wLeq-2lhw,autor:UCyJhqmMbsvjpoarBBStA2kg,1
autor:UCi-vPdnpQreC7BkFs40mJGA,autor:UCtMBF_1O2jY2INlb_luuB_A,1
autor:UCi-vPdnpQreC7BkFs40mJGA,autor:UCyzf29IYjNw67gGIfsjgtxA,1
autor:UCi-vPdnpQreC7BkFs40mJGA,autor:UCxKR3RA8T-kxMgq_2WWhRcQ,1
autor:UCi-vPdnpQreC7BkFs40mJGA,autor:UCs_5qeqdku9tGAq22y3OcuQ,1
autor:UCi-vPdnpQreC7BkFs40mJGA,autor:UCwUAv3_LpWVtTIi7lkmTL7A,1
autor:UCi-vPdnpQreC7BkFs40mJGA,autor:UCqilIa8r7iek5sGYg_q6ofA,1
autor:UCi1b_TRQfgO1Z9O2gNGGWNA,autor:UCzoL2l5H5eVlorWGH8AZfAg,1
autor:UCi1b_TRQfgO1Z9O2gNGGWNA,autor:UCl0ekS9Tt0jJGtOEM18S63w,1
autor:UCi1b_TRQfgO1Z9O2gNGGWNA,autor:UCySYJU5kUh7X8gVt9la2ISA,1
autor:UCi1b_TRQfgO1Z9O2gNGGWNA,autor:UCp4iw5_5SmV9VGTFSNVGOmQ,1
autor:UCi1b_TRQfgO1Z9O2gNGGWNA,autor:UCut6b9S98nv84cVX89PmKzA,1
autor:UCi1b_TRQfgO1Z9O2gNGGWNA,autor:UCsUCN0Yq_UyTvKjOJLmNrnQ,1
autor:UCi1b_TRQfgO1Z9O2gNGGWNA,autor:UCrJn_rbo_ENAdeqneS-RmRw,1
autor:UCi1b_TRQfgO1Z9O2gNGGWNA,autor:UCmvOgzmmXbjUthHy-WJ52hQ,1
autor:UCi1b_TRQfgO1Z9O2gNGGWNA,autor:UCpsKOkt5iWTbenzeuq7dsmQ,1
autor:UCi1b_TRQfgO1Z9O2gNGGWNA,autor:UCjmPuazZJzscrwvk0QR9RVw,1
autor:UCi1b_TRQfgO1Z9O2gNGGWNA,autor:UCtNfIBnc5S5DbbQj_yxgJTw,1
autor:UCi1b_TRQfgO1Z9O2gNGGWNA,autor:UCmjppp6ujz3SAnULvP3sZMw,1
autor:UCi1b_TRQfgO1Z9O2gNGGWNA,autor:UCzSfZlOVxBSs5ObD25ywxDQ,1
autor:UCi1b_TRQfgO1Z9O2gNGGWNA,autor:UCjSKM9j0Q7HLDr1hD6D-TUw,1
autor:UCi1b_TRQfgO1Z9O2gNGGWNA,autor:UCujPF2nBgsTD62nWE3lcpIg,1
autor:UCi1b_TRQfgO1Z9O2gNGGWNA,autor:UCpIdtvoFHVLGASGB5ySqIEA,1
autor:UCi1b_TRQfgO1Z9O2gNGGWNA,autor:UCljDbleJul41G1TzOjOZAVA,1
autor:UCi1b_TRQfgO1Z9O2gNGGWNA,autor:UCj-LL25XJnjxepPKCc3NGog,1
autor:UCi1b_TRQfgO1Z9O2gNGGWNA,autor:UCtUR3_CAiE7fCoZHM6cMfyQ,1
autor:UCi1b_TRQfgO1Z9O2gNGGWNA,autor:UCr1emrogPKkKTs_WTtx71xg,1
autor:UCi1b_TRQfgO1Z9O2gNGGWNA,autor:UCsjs5Hp_r86x1xbK6FAeqaA,1
autor:UCi1b_TRQfgO1Z9O2gNGGWNA,autor:UCwha8rxULYMVtNwZWeSkE1A,1
autor:UCi1b_TRQfgO1Z9O2gNGGWNA,autor:UCwW2OFy95P7ZBkOPxWkpvYg,1
autor:UCi1b_TRQfgO1Z9O2gNGGWNA,autor:UCpl8rF8uv_8uui-QRvuJaRA,1
autor:UCi1b_TRQfgO1Z9O2gNGGWNA,autor:UCsJJAvrVGupdmhOqgtDp8dg,1
autor:UCi1b_TRQfgO1Z9O2gNGGWNA,autor:UCvApqeCbLod-wejtT4CcVuA,1
autor:UCi1b_TRQfgO1Z9O2gNGGWNA,autor:UCueV9cTyTDwgQSec1x2dYgA,1
autor:UCi1b_TRQfgO1Z9O2gNGGWNA,autor:UCiMythXHsw7eQEMykCdmMUA,1
autor:UCi1b_TRQfgO1Z9O2gNGGWNA,autor:UCz3gu01bmjNv0DpRq-K3XYg,1
autor:UCi1b_TRQfgO1Z9O2gNGGWNA,autor:UCkd9W714-947dEE6ZOEBATA,1
autor:UCi1b_TRQfgO1Z9O2gNGGWNA,autor:UCylqlpsh8ENNM1LqgQ1KbxA,1
autor:UCi1b_TRQfgO1Z9O2gNGGWNA,autor:UCwO2SXr0ggzwg6QWWrr01nQ,1
autor:UCi1b_TRQfgO1Z9O2gNGGWNA,autor:UCsSXdJct-nsS8DsABoEsaYA,1
autor:UCi1b_TRQfgO1Z9O2gNGGWNA,autor:UCiGRBf2RNF0WRKhRVT7zFoA,1
autor:UCi1b_TRQfgO1Z9O2gNGGWNA,autor:UCplrIQtaPj6au60_f2-mOYw,1
autor:UCi1b_TRQfgO1Z9O2gNGGWNA,autor:UCxff05WuyvwELNITi7bj7UA,1
autor:UCi1b_TRQfgO1Z9O2gNGGWNA,autor:UCipetjeiWj4CZB6EbyYziZg,1
autor:UCi2KiZq63sRq8Mfbcp-MelQ,autor:UCp_dAUfv8i3LW3zWc24dLaQ,1
autor:UCi2KiZq63sRq8Mfbcp-MelQ,autor:UCrqXyRsg-_hTosURZ-uvoKg,1
autor:UCi2KiZq63sRq8Mfbcp-MelQ,autor:UCxhtlxPV8AYWaNNyU6S9H8Q,1
autor:UCi2KiZq63sRq8Mfbcp-MelQ,autor:UCtiHFjFu7d5v2XxHnKFUYig,1
autor:UCi2KiZq63sRq8Mfbcp-MelQ,autor:UCozFYHN0e_-vlQbX3wQGOug,1
autor:UCiC-Jn7wdgyQV4_Urk0DkWQ,autor:UCylqlpsh8ENNM1LqgQ1KbxA,1
autor:UCiC-Jn7wdgyQV4_Urk0DkWQ,autor:UCpe5jW3MIqkgTJ-PgkzvM6Q,1
autor:UCiC-Jn7wdgyQV4_Urk0DkWQ,autor:UColMq7LmaoY3MT6aIDGrGvA,1
autor:UCiC-Jn7wdgyQV4_Urk0DkWQ,autor:UCsGoJEvb-cFPZ2rWoJcXzEQ,1
autor:UCiC-Jn7wdgyQV4_Urk0DkWQ,autor:UClqA491Xa5fQcXcJJa-vTWw,1
autor:UCiC-Jn7wdgyQV4_Urk0DkWQ,autor:UCkbsS_3D-pvg1iHOld9uvIg,1
autor:UCiC-Jn7wdgyQV4_Urk0DkWQ,autor:UCu8_3-Wg-YzNyvHYQDEscfw,1
autor:UCiC-Jn7wdgyQV4_Urk0DkWQ,autor:UCqCrvuoJpC-aVb0f4logQRQ,1
autor:UCiC-Jn7wdgyQV4_Urk0DkWQ,autor:UClhMWQ7XKWywYvbRnuf8QsA,1
autor:UCiC-Jn7wdgyQV4_Urk0DkWQ,autor:UCwjUvRseNtJoItylIyIez7Q,1
autor:UCiC-Jn7wdgyQV4_Urk0DkWQ,autor:UCkVtmkK07b2zaVVNssX4lOg,1
autor:UCiC-Jn7wdgyQV4_Urk0DkWQ,autor:UCpsKOkt5iWTbenzeuq7dsmQ,1
autor:UCiC-Jn7wdgyQV4_Urk0DkWQ,autor:UCwgCc9Jd_gG-uLE_SY-FfPg,1
autor:UCiC-Jn7wdgyQV4_Urk0DkWQ,autor:UCuXmOjxC-htcprLgeVXz6Tg,1
autor:UCiGRBf2RNF0WRKhRVT7zFoA,autor:UCzoL2l5H5eVlorWGH8AZfAg,1
autor:UCiGRBf2RNF0WRKhRVT7zFoA,autor:UCl0ekS9Tt0jJGtOEM18S63w,1
autor:UCiGRBf2RNF0WRKhRVT7zFoA,autor:UCySYJU5kUh7X8gVt9la2ISA,1
autor:UCiGRBf2RNF0WRKhRVT7zFoA,autor:UCp4iw5_5SmV9VGTFSNVGOmQ,1
autor:UCiGRBf2RNF0WRKhRVT7zFoA,autor:UCut6b9S98nv84cVX89PmKzA,1
autor:UCiGRBf2RNF0WRKhRVT7zFoA,autor:UCsUCN0Yq_UyTvKjOJLmNrnQ,1
autor:UCiGRBf2RNF0WRKhRVT7zFoA,autor:UCrJn_rbo_ENAdeqneS-RmRw,1
autor:UCiGRBf2RNF0WRKhRVT7zFoA,autor:UCmvOgzmmXbjUthHy-WJ52hQ,1
autor:UCiGRBf2RNF0WRKhRVT7zFoA,autor:UCpsKOkt5iWTbenzeuq7dsmQ,1
autor:UCiGRBf2RNF0WRKhRVT7zFoA,autor:UCjmPuazZJzscrwvk0QR9RVw,1
autor:UCiGRBf2RNF0WRKhRVT7zFoA,autor:UCtNfIBnc5S5DbbQj_yxgJTw,1
autor:UCiGRBf2RNF0WRKhRVT7zFoA,autor:UCmjppp6ujz3SAnULvP3sZMw,1
autor:UCiGRBf2RNF0WRKhRVT7zFoA,autor:UCzSfZlOVxBSs5ObD25ywxDQ,1
autor:UCiGRBf2RNF0WRKhRVT7zFoA,autor:UCjSKM9j0Q7HLDr1hD6D-TUw,1
autor:UCiGRBf2RNF0WRKhRVT7zFoA,autor:UCujPF2nBgsTD62nWE3lcpIg,1
autor:UCiGRBf2RNF0WRKhRVT7zFoA,autor:UCpIdtvoFHVLGASGB5ySqIEA,1
autor:UCiGRBf2RNF0WRKhRVT7zFoA,autor:UCljDbleJul41G1TzOjOZAVA,1
autor:UCiGRBf2RNF0WRKhRVT7zFoA,autor:UCj-LL25XJnjxepPKCc3NGog,1
autor:UCiGRBf2RNF0WRKhRVT7zFoA,autor:UCtUR3_CAiE7fCoZHM6cMfyQ,1
autor:UCiGRBf2RNF0WRKhRVT7zFoA,autor:UCr1emrogPKkKTs_WTtx71xg,1
autor:UCiGRBf2RNF0WRKhRVT7zFoA,autor:UCsjs5Hp_r86x1xbK6FAeqaA,1
autor:UCiGRBf2RNF0WRKhRVT7zFoA,autor:UCwha8rxULYMVtNwZWeSkE1A,1
autor:UCiGRBf2RNF0WRKhRVT7zFoA,autor:UCwW2OFy95P7ZBkOPxWkpvYg,1
autor:UCiGRBf2RNF0WRKhRVT7zFoA,autor:UCpl8rF8uv_8uui-QRvuJaRA,1
autor:UCiGRBf2RNF0WRKhRVT7zFoA,autor:UCsJJAvrVGupdmhOqgtDp8dg,1
autor:UCiGRBf2RNF0WRKhRVT7zFoA,autor:UCvApqeCbLod-wejtT4CcVuA,1
autor:UCiGRBf2RNF0WRKhRVT7zFoA,autor:UCueV9cTyTDwgQSec1x2dYgA,1
autor:UCiGRBf2RNF0WRKhRVT7zFoA,autor:UCiMythXHsw7eQEMykCdmMUA,1
autor:UCiGRBf2RNF0WRKhRVT7zFoA,autor:UCz3gu01bmjNv0DpRq-K3XYg,1
autor:UCiGRBf2RNF0WRKhRVT7zFoA,autor:UCkd9W714-947dEE6ZOEBATA,1
autor:UCiGRBf2RNF0WRKhRVT7zFoA,autor:UCylqlpsh8ENNM1LqgQ1KbxA,1
autor:UCiGRBf2RNF0WRKhRVT7zFoA,autor:UCwO2SXr0ggzwg6QWWrr01nQ,1
autor:UCiGRBf2RNF0WRKhRVT7zFoA,autor:UCsSXdJct-nsS8DsABoEsaYA,1
autor:UCiGRBf2RNF0WRKhRVT7zFoA,autor:UCplrIQtaPj6au60_f2-mOYw,1
autor:UCiGRBf2RNF0WRKhRVT7zFoA,autor:UCxff05WuyvwELNITi7bj7UA,1
autor:UCiGRBf2RNF0WRKhRVT7zFoA,autor:UCipetjeiWj4CZB6EbyYziZg,1
autor:UCiMythXHsw7eQEMykCdmMUA,autor:UCzoL2l5H5eVlorWGH8AZfAg,1
autor:UCiMythXHsw7eQEMykCdmMUA,autor:UCl0ekS9Tt0jJGtOEM18S63w,1
autor:UCiMythXHsw7eQEMykCdmMUA,autor:UCySYJU5kUh7X8gVt9la2ISA,1
autor:UCiMythXHsw7eQEMykCdmMUA,autor:UCp4iw5_5SmV9VGTFSNVGOmQ,1
autor:UCiMythXHsw7eQEMykCdmMUA,autor:UCut6b9S98nv84cVX89PmKzA,1
autor:UCiMythXHsw7eQEMykCdmMUA,autor:UCsUCN0Yq_UyTvKjOJLmNrnQ,1
autor:UCiMythXHsw7eQEMykCdmMUA,autor:UCrJn_rbo_ENAdeqneS-RmRw,1
autor:UCiMythXHsw7eQEMykCdmMUA,autor:UCmvOgzmmXbjUthHy-WJ52hQ,1
autor:UCiMythXHsw7eQEMykCdmMUA,autor:UCpsKOkt5iWTbenzeuq7dsmQ,1
autor:UCiMythXHsw7eQEMykCdmMUA,autor:UCjmPuazZJzscrwvk0QR9RVw,1
autor:UCiMythXHsw7eQEMykCdmMUA,autor:UCtNfIBnc5S5DbbQj_yxgJTw,1
autor:UCiMythXHsw7eQEMykCdmMUA,autor:UCmjppp6ujz3SAnULvP3sZMw,1
autor:UCiMythXHsw7eQEMykCdmMUA,autor:UCzSfZlOVxBSs5ObD25ywxDQ,1
autor:UCiMythXHsw7eQEMykCdmMUA,autor:UCjSKM9j0Q7HLDr1hD6D-TUw,1
autor:UCiMythXHsw7eQEMykCdmMUA,autor:UCujPF2nBgsTD62nWE3lcpIg,1
autor:UCiMythXHsw7eQEMykCdmMUA,autor:UCpIdtvoFHVLGASGB5ySqIEA,1
autor:UCiMythXHsw7eQEMykCdmMUA,autor:UCljDbleJul41G1TzOjOZAVA,1
autor:UCiMythXHsw7eQEMykCdmMUA,autor:UCj-LL25XJnjxepPKCc3NGog,1
autor:UCiMythXHsw7eQEMykCdmMUA,autor:UCtUR3_CAiE7fCoZHM6cMfyQ,1
autor:UCiMythXHsw7eQEMykCdmMUA,autor:UCr1emrogPKkKTs_WTtx71xg,1
autor:UCiMythXHsw7eQEMykCdmMUA,autor:UCsjs5Hp_r86x1xbK6FAeqaA,1
autor:UCiMythXHsw7eQEMykCdmMUA,autor:UCwha8rxULYMVtNwZWeSkE1A,1
autor:UCiMythXHsw7eQEMykCdmMUA,autor:UCwW2OFy95P7ZBkOPxWkpvYg,1
autor:UCiMythXHsw7eQEMykCdmMUA,autor:UCpl8rF8uv_8uui-QRvuJaRA,1
autor:UCiMythXHsw7eQEMykCdmMUA,autor:UCsJJAvrVGupdmhOqgtDp8dg,1
autor:UCiMythXHsw7eQEMykCdmMUA,autor:UCvApqeCbLod-wejtT4CcVuA,1
autor:UCiMythXHsw7eQEMykCdmMUA,autor:UCueV9cTyTDwgQSec1x2dYgA,1
autor:UCiMythXHsw7eQEMykCdmMUA,autor:UCz3gu01bmjNv0DpRq-K3XYg,1
autor:UCiMythXHsw7eQEMykCdmMUA,autor:UCkd9W714-947dEE6ZOEBATA,1
autor:UCiMythXHsw7eQEMykCdmMUA,autor:UCylqlpsh8ENNM1LqgQ1KbxA,1
autor:UCiMythXHsw7eQEMykCdmMUA,autor:UCwO2SXr0ggzwg6QWWrr01nQ,1
autor:UCiMythXHsw7eQEMykCdmMUA,autor:UCsSXdJct-nsS8DsABoEsaYA,1
autor:UCiMythXHsw7eQEMykCdmMUA,autor:UCplrIQtaPj6au60_f2-mOYw,1
autor:UCiMythXHsw7eQEMykCdmMUA,autor:UCxff05WuyvwELNITi7bj7UA,1
autor:UCiMythXHsw7eQEMykCdmMUA,autor:UCipetjeiWj4CZB6EbyYziZg,1
autor:UCiOZX__1gahg1ypIj0_XG_w,autor:UCjZgFEowMBrsjodqfovzdKw,1
autor:UCiOZX__1gahg1ypIj0_XG_w,autor:UCp29O_C7cchZV8IxV7Crdag,1
autor:UCiOZX__1gahg1ypIj0_XG_w,autor:UCzZ6dDCEsLMXbc5pCFXIprw,1
autor:UCiOZX__1gahg1ypIj0_XG_w,autor:UCwxoKK59nGCeBqB2sXfDBIw,1
autor:UCiOZX__1gahg1ypIj0_XG_w,autor:UCvDwJBBY1mHK70aTEYl6rsA,1
autor:UCiOZX__1gahg1ypIj0_XG_w,autor:UCoGdCoJg2Lh0OX_jv6cG16g,1
autor:UCiOZX__1gahg1ypIj0_XG_w,autor:UCtsxPYw8VUsH_FfnKg-0lmw,1
autor:UCiOZX__1gahg1ypIj0_XG_w,autor:UCtCtts20bW6F9CSohau51Iw,1
autor:UCiOZX__1gahg1ypIj0_XG_w,autor:UCql1n3Ey6ULMSOACjMe-fxQ,1
autor:UCiOZX__1gahg1ypIj0_XG_w,autor:UCyJhqmMbsvjpoarBBStA2kg,1
autor:UCipetjeiWj4CZB6EbyYziZg,autor:UCzoL2l5H5eVlorWGH8AZfAg,1
autor:UCipetjeiWj4CZB6EbyYziZg,autor:UCl0ekS9Tt0jJGtOEM18S63w,1
autor:UCipetjeiWj4CZB6EbyYziZg,autor:UCySYJU5kUh7X8gVt9la2ISA,1
autor:UCipetjeiWj4CZB6EbyYziZg,autor:UCp4iw5_5SmV9VGTFSNVGOmQ,1
autor:UCipetjeiWj4CZB6EbyYziZg,autor:UCut6b9S98nv84cVX89PmKzA,1
autor:UCipetjeiWj4CZB6EbyYziZg,autor:UCsUCN0Yq_UyTvKjOJLmNrnQ,1
autor:UCipetjeiWj4CZB6EbyYziZg,autor:UCrJn_rbo_ENAdeqneS-RmRw,1
autor:UCipetjeiWj4CZB6EbyYziZg,autor:UCmvOgzmmXbjUthHy-WJ52hQ,1
autor:UCipetjeiWj4CZB6EbyYziZg,autor:UCpsKOkt5iWTbenzeuq7dsmQ,1
autor:UCipetjeiWj4CZB6EbyYziZg,autor:UCjmPuazZJzscrwvk0QR9RVw,1
autor:UCipetjeiWj4CZB6EbyYziZg,autor:UCtNfIBnc5S5DbbQj_yxgJTw,1
autor:UCipetjeiWj4CZB6EbyYziZg,autor:UCmjppp6ujz3SAnULvP3sZMw,1
autor:UCipetjeiWj4CZB6EbyYziZg,autor:UCzSfZlOVxBSs5ObD25ywxDQ,1
autor:UCipetjeiWj4CZB6EbyYziZg,autor:UCjSKM9j0Q7HLDr1hD6D-TUw,1
autor:UCipetjeiWj4CZB6EbyYziZg,autor:UCujPF2nBgsTD62nWE3lcpIg,1
autor:UCipetjeiWj4CZB6EbyYziZg,autor:UCpIdtvoFHVLGASGB5ySqIEA,1
autor:UCipetjeiWj4CZB6EbyYziZg,autor:UCljDbleJul41G1TzOjOZAVA,1
autor:UCipetjeiWj4CZB6EbyYziZg,autor:UCj-LL25XJnjxepPKCc3NGog,1
autor:UCipetjeiWj4CZB6EbyYziZg,autor:UCtUR3_CAiE7fCoZHM6cMfyQ,1
autor:UCipetjeiWj4CZB6EbyYziZg,autor:UCr1emrogPKkKTs_WTtx71xg,1
autor:UCipetjeiWj4CZB6EbyYziZg,autor:UCsjs5Hp_r86x1xbK6FAeqaA,1
autor:UCipetjeiWj4CZB6EbyYziZg,autor:UCwha8rxULYMVtNwZWeSkE1A,1
autor:UCipetjeiWj4CZB6EbyYziZg,autor:UCwW2OFy95P7ZBkOPxWkpvYg,1
autor:UCipetjeiWj4CZB6EbyYziZg,autor:UCpl8rF8uv_8uui-QRvuJaRA,1
autor:UCipetjeiWj4CZB6EbyYziZg,autor:UCsJJAvrVGupdmhOqgtDp8dg,1
autor:UCipetjeiWj4CZB6EbyYziZg,autor:UCvApqeCbLod-wejtT4CcVuA,1
autor:UCipetjeiWj4CZB6EbyYziZg,autor:UCueV9cTyTDwgQSec1x2dYgA,1
autor:UCipetjeiWj4CZB6EbyYziZg,autor:UCz3gu01bmjNv0DpRq-K3XYg,1
autor:UCipetjeiWj4CZB6EbyYziZg,autor:UCkd9W714-947dEE6ZOEBATA,1
autor:UCipetjeiWj4CZB6EbyYziZg,autor:UCylqlpsh8ENNM1LqgQ1KbxA,1
autor:UCipetjeiWj4CZB6EbyYziZg,autor:UCwO2SXr0ggzwg6QWWrr01nQ,1
autor:UCipetjeiWj4CZB6EbyYziZg,autor:UCsSXdJct-nsS8DsABoEsaYA,1
autor:UCipetjeiWj4CZB6EbyYziZg,autor:UCplrIQtaPj6au60_f2-mOYw,1
autor:UCipetjeiWj4CZB6EbyYziZg,autor:UCxff05WuyvwELNITi7bj7UA,1
autor:UCj-LL25XJnjxepPKCc3NGog,autor:UCzoL2l5H5eVlorWGH8AZfAg,1
autor:UCj-LL25XJnjxepPKCc3NGog,autor:UCl0ekS9Tt0jJGtOEM18S63w,1
autor:UCj-LL25XJnjxepPKCc3NGog,autor:UCySYJU5kUh7X8gVt9la2ISA,1
autor:UCj-LL25XJnjxepPKCc3NGog,autor:UCp4iw5_5SmV9VGTFSNVGOmQ,1
autor:UCj-LL25XJnjxepPKCc3NGog,autor:UCut6b9S98nv84cVX89PmKzA,1
autor:UCj-LL25XJnjxepPKCc3NGog,autor:UCsUCN0Yq_UyTvKjOJLmNrnQ,1
autor:UCj-LL25XJnjxepPKCc3NGog,autor:UCrJn_rbo_ENAdeqneS-RmRw,1
autor:UCj-LL25XJnjxepPKCc3NGog,autor:UCmvOgzmmXbjUthHy-WJ52hQ,1
autor:UCj-LL25XJnjxepPKCc3NGog,autor:UCpsKOkt5iWTbenzeuq7dsmQ,1
autor:UCj-LL25XJnjxepPKCc3NGog,autor:UCjmPuazZJzscrwvk0QR9RVw,1
autor:UCj-LL25XJnjxepPKCc3NGog,autor:UCtNfIBnc5S5DbbQj_yxgJTw,1
autor:UCj-LL25XJnjxepPKCc3NGog,autor:UCmjppp6ujz3SAnULvP3sZMw,1
autor:UCj-LL25XJnjxepPKCc3NGog,autor:UCzSfZlOVxBSs5ObD25ywxDQ,1
autor:UCj-LL25XJnjxepPKCc3NGog,autor:UCjSKM9j0Q7HLDr1hD6D-TUw,1
autor:UCj-LL25XJnjxepPKCc3NGog,autor:UCujPF2nBgsTD62nWE3lcpIg,1
autor:UCj-LL25XJnjxepPKCc3NGog,autor:UCpIdtvoFHVLGASGB5ySqIEA,1
autor:UCj-LL25XJnjxepPKCc3NGog,autor:UCljDbleJul41G1TzOjOZAVA,1
autor:UCj-LL25XJnjxepPKCc3NGog,autor:UCtUR3_CAiE7fCoZHM6cMfyQ,1
autor:UCj-LL25XJnjxepPKCc3NGog,autor:UCr1emrogPKkKTs_WTtx71xg,1
autor:UCj-LL25XJnjxepPKCc3NGog,autor:UCsjs5Hp_r86x1xbK6FAeqaA,1
autor:UCj-LL25XJnjxepPKCc3NGog,autor:UCwha8rxULYMVtNwZWeSkE1A,1
autor:UCj-LL25XJnjxepPKCc3NGog,autor:UCwW2OFy95P7ZBkOPxWkpvYg,1
autor:UCj-LL25XJnjxepPKCc3NGog,autor:UCpl8rF8uv_8uui-QRvuJaRA,1
autor:UCj-LL25XJnjxepPKCc3NGog,autor:UCsJJAvrVGupdmhOqgtDp8dg,1
autor:UCj-LL25XJnjxepPKCc3NGog,autor:UCvApqeCbLod-wejtT4CcVuA,1
autor:UCj-LL25XJnjxepPKCc3NGog,autor:UCueV9cTyTDwgQSec1x2dYgA,1
autor:UCj-LL25XJnjxepPKCc3NGog,autor:UCz3gu01bmjNv0DpRq-K3XYg,1
autor:UCj-LL25XJnjxepPKCc3NGog,autor:UCkd9W714-947dEE6ZOEBATA,1
autor:UCj-LL25XJnjxepPKCc3NGog,autor:UCylqlpsh8ENNM1LqgQ1KbxA,1
autor:UCj-LL25XJnjxepPKCc3NGog,autor:UCwO2SXr0ggzwg6QWWrr01nQ,1
autor:UCj-LL25XJnjxepPKCc3NGog,autor:UCsSXdJct-nsS8DsABoEsaYA,1
autor:UCj-LL25XJnjxepPKCc3NGog,autor:UCplrIQtaPj6au60_f2-mOYw,1
autor:UCj-LL25XJnjxepPKCc3NGog,autor:UCxff05WuyvwELNITi7bj7UA,1
autor:UCjJf-AJKRFFWtiN-CSwkDmA,autor:UCnU8wO1OurAmGstDw6VGjgQ,1
autor:UCjJf-AJKRFFWtiN-CSwkDmA,autor:UCpsKOkt5iWTbenzeuq7dsmQ,1
autor:UCjJf-AJKRFFWtiN-CSwkDmA,autor:UCvcu1kR8xMYy_I1Ty-2mV2Q,1
autor:UCjSKM9j0Q7HLDr1hD6D-TUw,autor:UCzoL2l5H5eVlorWGH8AZfAg,1
autor:UCjSKM9j0Q7HLDr1hD6D-TUw,autor:UCl0ekS9Tt0jJGtOEM18S63w,1
autor:UCjSKM9j0Q7HLDr1hD6D-TUw,autor:UCySYJU5kUh7X8gVt9la2ISA,1
autor:UCjSKM9j0Q7HLDr1hD6D-TUw,autor:UCp4iw5_5SmV9VGTFSNVGOmQ,1
autor:UCjSKM9j0Q7HLDr1hD6D-TUw,autor:UCut6b9S98nv84cVX89PmKzA,1
autor:UCjSKM9j0Q7HLDr1hD6D-TUw,autor:UCsUCN0Yq_UyTvKjOJLmNrnQ,1
autor:UCjSKM9j0Q7HLDr1hD6D-TUw,autor:UCrJn_rbo_ENAdeqneS-RmRw,1
autor:UCjSKM9j0Q7HLDr1hD6D-TUw,autor:UCmvOgzmmXbjUthHy-WJ52hQ,1
autor:UCjSKM9j0Q7HLDr1hD6D-TUw,autor:UCpsKOkt5iWTbenzeuq7dsmQ,1
autor:UCjSKM9j0Q7HLDr1hD6D-TUw,autor:UCjmPuazZJzscrwvk0QR9RVw,1
autor:UCjSKM9j0Q7HLDr1hD6D-TUw,autor:UCtNfIBnc5S5DbbQj_yxgJTw,1
autor:UCjSKM9j0Q7HLDr1hD6D-TUw,autor:UCmjppp6ujz3SAnULvP3sZMw,1
autor:UCjSKM9j0Q7HLDr1hD6D-TUw,autor:UCzSfZlOVxBSs5ObD25ywxDQ,1
autor:UCjSKM9j0Q7HLDr1hD6D-TUw,autor:UCujPF2nBgsTD62nWE3lcpIg,1
autor:UCjSKM9j0Q7HLDr1hD6D-TUw,autor:UCpIdtvoFHVLGASGB5ySqIEA,1
autor:UCjSKM9j0Q7HLDr1hD6D-TUw,autor:UCljDbleJul41G1TzOjOZAVA,1
autor:UCjSKM9j0Q7HLDr1hD6D-TUw,autor:UCtUR3_CAiE7fCoZHM6cMfyQ,1
autor:UCjSKM9j0Q7HLDr1hD6D-TUw,autor:UCr1emrogPKkKTs_WTtx71xg,1
autor:UCjSKM9j0Q7HLDr1hD6D-TUw,autor:UCsjs5Hp_r86x1xbK6FAeqaA,1
autor:UCjSKM9j0Q7HLDr1hD6D-TUw,autor:UCwha8rxULYMVtNwZWeSkE1A,1
autor:UCjSKM9j0Q7HLDr1hD6D-TUw,autor:UCwW2OFy95P7ZBkOPxWkpvYg,1
autor:UCjSKM9j0Q7HLDr1hD6D-TUw,autor:UCpl8rF8uv_8uui-QRvuJaRA,1
autor:UCjSKM9j0Q7HLDr1hD6D-TUw,autor:UCsJJAvrVGupdmhOqgtDp8dg,1
autor:UCjSKM9j0Q7HLDr1hD6D-TUw,autor:UCvApqeCbLod-wejtT4CcVuA,1
autor:UCjSKM9j0Q7HLDr1hD6D-TUw,autor:UCueV9cTyTDwgQSec1x2dYgA,1
autor:UCjSKM9j0Q7HLDr1hD6D-TUw,autor:UCz3gu01bmjNv0DpRq-K3XYg,1
autor:UCjSKM9j0Q7HLDr1hD6D-TUw,autor:UCkd9W714-947dEE6ZOEBATA,1
autor:UCjSKM9j0Q7HLDr1hD6D-TUw,autor:UCylqlpsh8ENNM1LqgQ1KbxA,1
autor:UCjSKM9j0Q7HLDr1hD6D-TUw,autor:UCwO2SXr0ggzwg6QWWrr01nQ,1
autor:UCjSKM9j0Q7HLDr1hD6D-TUw,autor:UCsSXdJct-nsS8DsABoEsaYA,1
autor:UCjSKM9j0Q7HLDr1hD6D-TUw,autor:UCplrIQtaPj6au60_f2-mOYw,1
autor:UCjSKM9j0Q7HLDr1hD6D-TUw,autor:UCxff05WuyvwELNITi7bj7UA,1
autor:UCjZgFEowMBrsjodqfovzdKw,autor:UCwCfs-2zbD5k0lG-UVg_JBw,1
autor:UCjZgFEowMBrsjodqfovzdKw,autor:UCp29O_C7cchZV8IxV7Crdag,1
autor:UCjZgFEowMBrsjodqfovzdKw,autor:UCzZ6dDCEsLMXbc5pCFXIprw,1
autor:UCjZgFEowMBrsjodqfovzdKw,autor:UCwxoKK59nGCeBqB2sXfDBIw,1
autor:UCjZgFEowMBrsjodqfovzdKw,autor:UCvDwJBBY1mHK70aTEYl6rsA,1
autor:UCjZgFEowMBrsjodqfovzdKw,autor:UCoGdCoJg2Lh0OX_jv6cG16g,1
autor:UCjZgFEowMBrsjodqfovzdKw,autor:UCtsxPYw8VUsH_FfnKg-0lmw,1
autor:UCjZgFEowMBrsjodqfovzdKw,autor:UCvl1tzQeBeGy6efPTRJXSCw,1
autor:UCjZgFEowMBrsjodqfovzdKw,autor:UCtCtts20bW6F9CSohau51Iw,1
autor:UCjZgFEowMBrsjodqfovzdKw,autor:UCq3mDTTRZnUybct5M9OSXbg,1
autor:UCjZgFEowMBrsjodqfovzdKw,autor:UCql1n3Ey6ULMSOACjMe-fxQ,1
autor:UCjZgFEowMBrsjodqfovzdKw,autor:UCyJhqmMbsvjpoarBBStA2kg,1
autor:UCjmPuazZJzscrwvk0QR9RVw,autor:UCzoL2l5H5eVlorWGH8AZfAg,1
autor:UCjmPuazZJzscrwvk0QR9RVw,autor:UCl0ekS9Tt0jJGtOEM18S63w,1
autor:UCjmPuazZJzscrwvk0QR9RVw,autor:UCySYJU5kUh7X8gVt9la2ISA,1
autor:UCjmPuazZJzscrwvk0QR9RVw,autor:UCp4iw5_5SmV9VGTFSNVGOmQ,1
autor:UCjmPuazZJzscrwvk0QR9RVw,autor:UCut6b9S98nv84cVX89PmKzA,1
autor:UCjmPuazZJzscrwvk0QR9RVw,autor:UCsUCN0Yq_UyTvKjOJLmNrnQ,1
autor:UCjmPuazZJzscrwvk0QR9RVw,autor:UCrJn_rbo_ENAdeqneS-RmRw,1
autor:UCjmPuazZJzscrwvk0QR9RVw,autor:UCmvOgzmmXbjUthHy-WJ52hQ,1
autor:UCjmPuazZJzscrwvk0QR9RVw,autor:UCpsKOkt5iWTbenzeuq7dsmQ,1
autor:UCjmPuazZJzscrwvk0QR9RVw,autor:UCtNfIBnc5S5DbbQj_yxgJTw,1
autor:UCjmPuazZJzscrwvk0QR9RVw,autor:UCmjppp6ujz3SAnULvP3sZMw,1
autor:UCjmPuazZJzscrwvk0QR9RVw,autor:UCzSfZlOVxBSs5ObD25ywxDQ,1
autor:UCjmPuazZJzscrwvk0QR9RVw,autor:UCujPF2nBgsTD62nWE3lcpIg,1
autor:UCjmPuazZJzscrwvk0QR9RVw,autor:UCpIdtvoFHVLGASGB5ySqIEA,1
autor:UCjmPuazZJzscrwvk0QR9RVw,autor:UCljDbleJul41G1TzOjOZAVA,1
autor:UCjmPuazZJzscrwvk0QR9RVw,autor:UCtUR3_CAiE7fCoZHM6cMfyQ,1
autor:UCjmPuazZJzscrwvk0QR9RVw,autor:UCr1emrogPKkKTs_WTtx71xg,1
autor:UCjmPuazZJzscrwvk0QR9RVw,autor:UCsjs5Hp_r86x1xbK6FAeqaA,1
autor:UCjmPuazZJzscrwvk0QR9RVw,autor:UCwha8rxULYMVtNwZWeSkE1A,1
autor:UCjmPuazZJzscrwvk0QR9RVw,autor:UCwW2OFy95P7ZBkOPxWkpvYg,1
autor:UCjmPuazZJzscrwvk0QR9RVw,autor:UCpl8rF8uv_8uui-QRvuJaRA,1
autor:UCjmPuazZJzscrwvk0QR9RVw,autor:UCsJJAvrVGupdmhOqgtDp8dg,1
autor:UCjmPuazZJzscrwvk0QR9RVw,autor:UCvApqeCbLod-wejtT4CcVuA,1
autor:UCjmPuazZJzscrwvk0QR9RVw,autor:UCueV9cTyTDwgQSec1x2dYgA,1
autor:UCjmPuazZJzscrwvk0QR9RVw,autor:UCz3gu01bmjNv0DpRq-K3XYg,1
autor:UCjmPuazZJzscrwvk0QR9RVw,autor:UCkd9W714-947dEE6ZOEBATA,1
autor:UCjmPuazZJzscrwvk0QR9RVw,autor:UCylqlpsh8ENNM1LqgQ1KbxA,1
autor:UCjmPuazZJzscrwvk0QR9RVw,autor:UCwO2SXr0ggzwg6QWWrr01nQ,1
autor:UCjmPuazZJzscrwvk0QR9RVw,autor:UCsSXdJct-nsS8DsABoEsaYA,1
autor:UCjmPuazZJzscrwvk0QR9RVw,autor:UCplrIQtaPj6au60_f2-mOYw,1
autor:UCjmPuazZJzscrwvk0QR9RVw,autor:UCxff05WuyvwELNITi7bj7UA,1
autor:UCkVtmkK07b2zaVVNssX4lOg,autor:UCylqlpsh8ENNM1LqgQ1KbxA,1
autor:UCkVtmkK07b2zaVVNssX4lOg,autor:UCpe5jW3MIqkgTJ-PgkzvM6Q,1
autor:UCkVtmkK07b2zaVVNssX4lOg,autor:UColMq7LmaoY3MT6aIDGrGvA,1
autor:UCkVtmkK07b2zaVVNssX4lOg,autor:UCsGoJEvb-cFPZ2rWoJcXzEQ,1
autor:UCkVtmkK07b2zaVVNssX4lOg,autor:UClqA491Xa5fQcXcJJa-vTWw,1
autor:UCkVtmkK07b2zaVVNssX4lOg,autor:UCkbsS_3D-pvg1iHOld9uvIg,1
autor:UCkVtmkK07b2zaVVNssX4lOg,autor:UCu8_3-Wg-YzNyvHYQDEscfw,1
autor:UCkVtmkK07b2zaVVNssX4lOg,autor:UCqCrvuoJpC-aVb0f4logQRQ,1
autor:UCkVtmkK07b2zaVVNssX4lOg,autor:UClhMWQ7XKWywYvbRnuf8QsA,1
autor:UCkVtmkK07b2zaVVNssX4lOg,autor:UCwjUvRseNtJoItylIyIez7Q,1
autor:UCkVtmkK07b2zaVVNssX4lOg,autor:UCpsKOkt5iWTbenzeuq7dsmQ,1
autor:UCkVtmkK07b2zaVVNssX4lOg,autor:UCwgCc9Jd_gG-uLE_SY-FfPg,1
autor:UCkVtmkK07b2zaVVNssX4lOg,autor:UCuXmOjxC-htcprLgeVXz6Tg,1
autor:UCkbsS_3D-pvg1iHOld9uvIg,autor:UCylqlpsh8ENNM1LqgQ1KbxA,1
autor:UCkbsS_3D-pvg1iHOld9uvIg,autor:UCpe5jW3MIqkgTJ-PgkzvM6Q,1
autor:UCkbsS_3D-pvg1iHOld9uvIg,autor:UColMq7LmaoY3MT6aIDGrGvA,1
autor:UCkbsS_3D-pvg1iHOld9uvIg,autor:UCsGoJEvb-cFPZ2rWoJcXzEQ,1
autor:UCkbsS_3D-pvg1iHOld9uvIg,autor:UClqA491Xa5fQcXcJJa-vTWw,1
autor:UCkbsS_3D-pvg1iHOld9uvIg,autor:UCu8_3-Wg-YzNyvHYQDEscfw,1
autor:UCkbsS_3D-pvg1iHOld9uvIg,autor:UCqCrvuoJpC-aVb0f4logQRQ,1
autor:UCkbsS_3D-pvg1iHOld9uvIg,autor:UClhMWQ7XKWywYvbRnuf8QsA,1
autor:UCkbsS_3D-pvg1iHOld9uvIg,autor:UCwjUvRseNtJoItylIyIez7Q,1
autor:UCkbsS_3D-pvg1iHOld9uvIg,autor:UCpsKOkt5iWTbenzeuq7dsmQ,1
autor:UCkbsS_3D-pvg1iHOld9uvIg,autor:UCwgCc9Jd_gG-uLE_SY-FfPg,1
autor:UCkbsS_3D-pvg1iHOld9uvIg,autor:UCuXmOjxC-htcprLgeVXz6Tg,1
autor:UCkd9W714-947dEE6ZOEBATA,autor:UCzoL2l5H5eVlorWGH8AZfAg,1
autor:UCkd9W714-947dEE6ZOEBATA,autor:UCl0ekS9Tt0jJGtOEM18S63w,1
autor:UCkd9W714-947dEE6ZOEBATA,autor:UCySYJU5kUh7X8gVt9la2ISA,1
autor:UCkd9W714-947dEE6ZOEBATA,autor:UCp4iw5_5SmV9VGTFSNVGOmQ,1
autor:UCkd9W714-947dEE6ZOEBATA,autor:UCut6b9S98nv84cVX89PmKzA,1
autor:UCkd9W714-947dEE6ZOEBATA,autor:UCsUCN0Yq_UyTvKjOJLmNrnQ,1
autor:UCkd9W714-947dEE6ZOEBATA,autor:UCrJn_rbo_ENAdeqneS-RmRw,1
autor:UCkd9W714-947dEE6ZOEBATA,autor:UCmvOgzmmXbjUthHy-WJ52hQ,1
autor:UCkd9W714-947dEE6ZOEBATA,autor:UCpsKOkt5iWTbenzeuq7dsmQ,1
autor:UCkd9W714-947dEE6ZOEBATA,autor:UCtNfIBnc5S5DbbQj_yxgJTw,1
autor:UCkd9W714-947dEE6ZOEBATA,autor:UCmjppp6ujz3SAnULvP3sZMw,1
autor:UCkd9W714-947dEE6ZOEBATA,autor:UCzSfZlOVxBSs5ObD25ywxDQ,1
autor:UCkd9W714-947dEE6ZOEBATA,autor:UCujPF2nBgsTD62nWE3lcpIg,1
autor:UCkd9W714-947dEE6ZOEBATA,autor:UCpIdtvoFHVLGASGB5ySqIEA,1
autor:UCkd9W714-947dEE6ZOEBATA,autor:UCljDbleJul41G1TzOjOZAVA,1
autor:UCkd9W714-947dEE6ZOEBATA,autor:UCtUR3_CAiE7fCoZHM6cMfyQ,1
autor:UCkd9W714-947dEE6ZOEBATA,autor:UCr1emrogPKkKTs_WTtx71xg,1
autor:UCkd9W714-947dEE6ZOEBATA,autor:UCsjs5Hp_r86x1xbK6FAeqaA,1
autor:UCkd9W714-947dEE6ZOEBATA,autor:UCwha8rxULYMVtNwZWeSkE1A,1
autor:UCkd9W714-947dEE6ZOEBATA,autor:UCwW2OFy95P7ZBkOPxWkpvYg,1
autor:UCkd9W714-947dEE6ZOEBATA,autor:UCpl8rF8uv_8uui-QRvuJaRA,1
autor:UCkd9W714-947dEE6ZOEBATA,autor:UCsJJAvrVGupdmhOqgtDp8dg,1
autor:UCkd9W714-947dEE6ZOEBATA,autor:UCvApqeCbLod-wejtT4CcVuA,1
autor:UCkd9W714-947dEE6ZOEBATA,autor:UCueV9cTyTDwgQSec1x2dYgA,1
autor:UCkd9W714-947dEE6ZOEBATA,autor:UCz3gu01bmjNv0DpRq-K3XYg,1
autor:UCkd9W714-947dEE6ZOEBATA,autor:UCylqlpsh8ENNM1LqgQ1KbxA,1
autor:UCkd9W714-947dEE6ZOEBATA,autor:UCwO2SXr0ggzwg6QWWrr01nQ,1
autor:UCkd9W714-947dEE6ZOEBATA,autor:UCsSXdJct-nsS8DsABoEsaYA,1
autor:UCkd9W714-947dEE6ZOEBATA,autor:UCplrIQtaPj6au60_f2-mOYw,1
autor:UCkd9W714-947dEE6ZOEBATA,autor:UCxff05WuyvwELNITi7bj7UA,1
autor:UCkxdJ_yGN2gghOMo2ybQtXQ,autor:UCvcu1kR8xMYy_I1Ty-2mV2Q,1
autor:UCkxdJ_yGN2gghOMo2ybQtXQ,autor:UCxcoDvP-g2_KTZDmVZtvb3w,1
autor:UCkxdJ_yGN2gghOMo2ybQtXQ,autor:UCwEe1RKlEv1UpNWmWYfSh4w,1
autor:UCl0ekS9Tt0jJGtOEM18S63w,autor:UCzoL2l5H5eVlorWGH8AZfAg,1
autor:UCl0ekS9Tt0jJGtOEM18S63w,autor:UCySYJU5kUh7X8gVt9la2ISA,1
autor:UCl0ekS9Tt0jJGtOEM18S63w,autor:UCp4iw5_5SmV9VGTFSNVGOmQ,1
autor:UCl0ekS9Tt0jJGtOEM18S63w,autor:UCut6b9S98nv84cVX89PmKzA,1
autor:UCl0ekS9Tt0jJGtOEM18S63w,autor:UCsUCN0Yq_UyTvKjOJLmNrnQ,1
autor:UCl0ekS9Tt0jJGtOEM18S63w,autor:UCrJn_rbo_ENAdeqneS-RmRw,1
autor:UCl0ekS9Tt0jJGtOEM18S63w,autor:UCmvOgzmmXbjUthHy-WJ52hQ,1
autor:UCl0ekS9Tt0jJGtOEM18S63w,autor:UCpsKOkt5iWTbenzeuq7dsmQ,1
autor:UCl0ekS9Tt0jJGtOEM18S63w,autor:UCtNfIBnc5S5DbbQj_yxgJTw,1
autor:UCl0ekS9Tt0jJGtOEM18S63w,autor:UCmjppp6ujz3SAnULvP3sZMw,1
autor:UCl0ekS9Tt0jJGtOEM18S63w,autor:UCzSfZlOVxBSs5ObD25ywxDQ,1
autor:UCl0ekS9Tt0jJGtOEM18S63w,autor:UCujPF2nBgsTD62nWE3lcpIg,1
autor:UCl0ekS9Tt0jJGtOEM18S63w,autor:UCpIdtvoFHVLGASGB5ySqIEA,1
autor:UCl0ekS9Tt0jJGtOEM18S63w,autor:UCljDbleJul41G1TzOjOZAVA,1
autor:UCl0ekS9Tt0jJGtOEM18S63w,autor:UCtUR3_CAiE7fCoZHM6cMfyQ,1
autor:UCl0ekS9Tt0jJGtOEM18S63w,autor:UCr1emrogPKkKTs_WTtx71xg,1
autor:UCl0ekS9Tt0jJGtOEM18S63w,autor:UCsjs5Hp_r86x1xbK6FAeqaA,1
autor:UCl0ekS9Tt0jJGtOEM18S63w,autor:UCwha8rxULYMVtNwZWeSkE1A,1
autor:UCl0ekS9Tt0jJGtOEM18S63w,autor:UCwW2OFy95P7ZBkOPxWkpvYg,1
autor:UCl0ekS9Tt0jJGtOEM18S63w,autor:UCpl8rF8uv_8uui-QRvuJaRA,1
autor:UCl0ekS9Tt0jJGtOEM18S63w,autor:UCsJJAvrVGupdmhOqgtDp8dg,1
autor:UCl0ekS9Tt0jJGtOEM18S63w,autor:UCvApqeCbLod-wejtT4CcVuA,1
autor:UCl0ekS9Tt0jJGtOEM18S63w,autor:UCueV9cTyTDwgQSec1x2dYgA,1
autor:UCl0ekS9Tt0jJGtOEM18S63w,autor:UCz3gu01bmjNv0DpRq-K3XYg,1
autor:UCl0ekS9Tt0jJGtOEM18S63w,autor:UCylqlpsh8ENNM1LqgQ1KbxA,1
autor:UCl0ekS9Tt0jJGtOEM18S63w,autor:UCwO2SXr0ggzwg6QWWrr01nQ,1
autor:UCl0ekS9Tt0jJGtOEM18S63w,autor:UCsSXdJct-nsS8DsABoEsaYA,1
autor:UCl0ekS9Tt0jJGtOEM18S63w,autor:UCplrIQtaPj6au60_f2-mOYw,1
autor:UCl0ekS9Tt0jJGtOEM18S63w,autor:UCxff05WuyvwELNITi7bj7UA,1
autor:UCld2stqxaVSk0QdGncM224A,autor:UCtowGNY2lnlg6O2CkwDgkLg,1
autor:UClhMWQ7XKWywYvbRnuf8QsA,autor:UCylqlpsh8ENNM1LqgQ1KbxA,1
autor:UClhMWQ7XKWywYvbRnuf8QsA,autor:UCpe5jW3MIqkgTJ-PgkzvM6Q,1
autor:UClhMWQ7XKWywYvbRnuf8QsA,autor:UColMq7LmaoY3MT6aIDGrGvA,1
autor:UClhMWQ7XKWywYvbRnuf8QsA,autor:UCsGoJEvb-cFPZ2rWoJcXzEQ,1
autor:UClhMWQ7XKWywYvbRnuf8QsA,autor:UClqA491Xa5fQcXcJJa-vTWw,1
autor:UClhMWQ7XKWywYvbRnuf8QsA,autor:UCu8_3-Wg-YzNyvHYQDEscfw,1
autor:UClhMWQ7XKWywYvbRnuf8QsA,autor:UCqCrvuoJpC-aVb0f4logQRQ,1
autor:UClhMWQ7XKWywYvbRnuf8QsA,autor:UCwjUvRseNtJoItylIyIez7Q,1
autor:UClhMWQ7XKWywYvbRnuf8QsA,autor:UCpsKOkt5iWTbenzeuq7dsmQ,1
autor:UClhMWQ7XKWywYvbRnuf8QsA,autor:UCwgCc9Jd_gG-uLE_SY-FfPg,1
autor:UClhMWQ7XKWywYvbRnuf8QsA,autor:UCuXmOjxC-htcprLgeVXz6Tg,1
autor:UCljDbleJul41G1TzOjOZAVA,autor:UCzoL2l5H5eVlorWGH8AZfAg,1
autor:UCljDbleJul41G1TzOjOZAVA,autor:UCySYJU5kUh7X8gVt9la2ISA,1
autor:UCljDbleJul41G1TzOjOZAVA,autor:UCp4iw5_5SmV9VGTFSNVGOmQ,1
autor:UCljDbleJul41G1TzOjOZAVA,autor:UCut6b9S98nv84cVX89PmKzA,1
autor:UCljDbleJul41G1TzOjOZAVA,autor:UCsUCN0Yq_UyTvKjOJLmNrnQ,1
autor:UCljDbleJul41G1TzOjOZAVA,autor:UCrJn_rbo_ENAdeqneS-RmRw,1
autor:UCljDbleJul41G1TzOjOZAVA,autor:UCmvOgzmmXbjUthHy-WJ52hQ,1
autor:UCljDbleJul41G1TzOjOZAVA,autor:UCpsKOkt5iWTbenzeuq7dsmQ,1
autor:UCljDbleJul41G1TzOjOZAVA,autor:UCtNfIBnc5S5DbbQj_yxgJTw,1
autor:UCljDbleJul41G1TzOjOZAVA,autor:UCmjppp6ujz3SAnULvP3sZMw,1
autor:UCljDbleJul41G1TzOjOZAVA,autor:UCzSfZlOVxBSs5ObD25ywxDQ,1
autor:UCljDbleJul41G1TzOjOZAVA,autor:UCujPF2nBgsTD62nWE3lcpIg,1
autor:UCljDbleJul41G1TzOjOZAVA,autor:UCpIdtvoFHVLGASGB5ySqIEA,1
autor:UCljDbleJul41G1TzOjOZAVA,autor:UCtUR3_CAiE7fCoZHM6cMfyQ,1
autor:UCljDbleJul41G1TzOjOZAVA,autor:UCr1emrogPKkKTs_WTtx71xg,1
autor:UCljDbleJul41G1TzOjOZAVA,autor:UCsjs5Hp_r86x1xbK6FAeqaA,1
autor:UCljDbleJul41G1TzOjOZAVA,autor:UCwha8rxULYMVtNwZWeSkE1A,1
autor:UCljDbleJul41G1TzOjOZAVA,autor:UCwW2OFy95P7ZBkOPxWkpvYg,1
autor:UCljDbleJul41G1TzOjOZAVA,autor:UCpl8rF8uv_8uui-QRvuJaRA,1
autor:UCljDbleJul41G1TzOjOZAVA,autor:UCsJJAvrVGupdmhOqgtDp8dg,1
autor:UCljDbleJul41G1TzOjOZAVA,autor:UCvApqeCbLod-wejtT4CcVuA,1
autor:UCljDbleJul41G1TzOjOZAVA,autor:UCueV9cTyTDwgQSec1x2dYgA,1
autor:UCljDbleJul41G1TzOjOZAVA,autor:UCz3gu01bmjNv0DpRq-K3XYg,1
autor:UCljDbleJul41G1TzOjOZAVA,autor:UCylqlpsh8ENNM1LqgQ1KbxA,1
autor:UCljDbleJul41G1TzOjOZAVA,autor:UCwO2SXr0ggzwg6QWWrr01nQ,1
autor:UCljDbleJul41G1TzOjOZAVA,autor:UCsSXdJct-nsS8DsABoEsaYA,1
autor:UCljDbleJul41G1TzOjOZAVA,autor:UCplrIQtaPj6au60_f2-mOYw,1
autor:UCljDbleJul41G1TzOjOZAVA,autor:UCxff05WuyvwELNITi7bj7UA,1
autor:UClqA491Xa5fQcXcJJa-vTWw,autor:UCylqlpsh8ENNM1LqgQ1KbxA,1
autor:UClqA491Xa5fQcXcJJa-vTWw,autor:UCpe5jW3MIqkgTJ-PgkzvM6Q,1
autor:UClqA491Xa5fQcXcJJa-vTWw,autor:UColMq7LmaoY3MT6aIDGrGvA,1
autor:UClqA491Xa5fQcXcJJa-vTWw,autor:UCsGoJEvb-cFPZ2rWoJcXzEQ,1
autor:UClqA491Xa5fQcXcJJa-vTWw,autor:UCu8_3-Wg-YzNyvHYQDEscfw,1
autor:UClqA491Xa5fQcXcJJa-vTWw,autor:UCqCrvuoJpC-aVb0f4logQRQ,1
autor:UClqA491Xa5fQcXcJJa-vTWw,autor:UCwjUvRseNtJoItylIyIez7Q,1
autor:UClqA491Xa5fQcXcJJa-vTWw,autor:UCpsKOkt5iWTbenzeuq7dsmQ,1
autor:UClqA491Xa5fQcXcJJa-vTWw,autor:UCwgCc9Jd_gG-uLE_SY-FfPg,1
autor:UClqA491Xa5fQcXcJJa-vTWw,autor:UCuXmOjxC-htcprLgeVXz6Tg,1
autor:UClsrFGJKWPxxw7MiaEdKLXw,autor:UCusjriFsDHEc2AOjqk-p5ig,1
autor:UClsrFGJKWPxxw7MiaEdKLXw,autor:UCzZ6dDCEsLMXbc5pCFXIprw,1
autor:UClsrFGJKWPxxw7MiaEdKLXw,autor:UCtNyHmRZtvGF2hSvI2dUBWw,1
autor:UClsrFGJKWPxxw7MiaEdKLXw,autor:UCuP4UK33HKtJE_S39ksmaTw,1
autor:UCmjppp6ujz3SAnULvP3sZMw,autor:UCzoL2l5H5eVlorWGH8AZfAg,1
autor:UCmjppp6ujz3SAnULvP3sZMw,autor:UCySYJU5kUh7X8gVt9la2ISA,1
autor:UCmjppp6ujz3SAnULvP3sZMw,autor:UCp4iw5_5SmV9VGTFSNVGOmQ,1
autor:UCmjppp6ujz3SAnULvP3sZMw,autor:UCut6b9S98nv84cVX89PmKzA,1
autor:UCmjppp6ujz3SAnULvP3sZMw,autor:UCsUCN0Yq_UyTvKjOJLmNrnQ,1
autor:UCmjppp6ujz3SAnULvP3sZMw,autor:UCrJn_rbo_ENAdeqneS-RmRw,1
autor:UCmjppp6ujz3SAnULvP3sZMw,autor:UCmvOgzmmXbjUthHy-WJ52hQ,1
autor:UCmjppp6ujz3SAnULvP3sZMw,autor:UCpsKOkt5iWTbenzeuq7dsmQ,1
autor:UCmjppp6ujz3SAnULvP3sZMw,autor:UCtNfIBnc5S5DbbQj_yxgJTw,1
autor:UCmjppp6ujz3SAnULvP3sZMw,autor:UCzSfZlOVxBSs5ObD25ywxDQ,1
autor:UCmjppp6ujz3SAnULvP3sZMw,autor:UCujPF2nBgsTD62nWE3lcpIg,1
autor:UCmjppp6ujz3SAnULvP3sZMw,autor:UCpIdtvoFHVLGASGB5ySqIEA,1
autor:UCmjppp6ujz3SAnULvP3sZMw,autor:UCtUR3_CAiE7fCoZHM6cMfyQ,1
autor:UCmjppp6ujz3SAnULvP3sZMw,autor:UCr1emrogPKkKTs_WTtx71xg,1
autor:UCmjppp6ujz3SAnULvP3sZMw,autor:UCsjs5Hp_r86x1xbK6FAeqaA,1
autor:UCmjppp6ujz3SAnULvP3sZMw,autor:UCwha8rxULYMVtNwZWeSkE1A,1
autor:UCmjppp6ujz3SAnULvP3sZMw,autor:UCwW2OFy95P7ZBkOPxWkpvYg,1
autor:UCmjppp6ujz3SAnULvP3sZMw,autor:UCpl8rF8uv_8uui-QRvuJaRA,1
autor:UCmjppp6ujz3SAnULvP3sZMw,autor:UCsJJAvrVGupdmhOqgtDp8dg,1
autor:UCmjppp6ujz3SAnULvP3sZMw,autor:UCvApqeCbLod-wejtT4CcVuA,1
autor:UCmjppp6ujz3SAnULvP3sZMw,autor:UCueV9cTyTDwgQSec1x2dYgA,1
autor:UCmjppp6ujz3SAnULvP3sZMw,autor:UCz3gu01bmjNv0DpRq-K3XYg,1
autor:UCmjppp6ujz3SAnULvP3sZMw,autor:UCylqlpsh8ENNM1LqgQ1KbxA,1
autor:UCmjppp6ujz3SAnULvP3sZMw,autor:UCwO2SXr0ggzwg6QWWrr01nQ,1
autor:UCmjppp6ujz3SAnULvP3sZMw,autor:UCsSXdJct-nsS8DsABoEsaYA,1
autor:UCmjppp6ujz3SAnULvP3sZMw,autor:UCplrIQtaPj6au60_f2-mOYw,1
autor:UCmjppp6ujz3SAnULvP3sZMw,autor:UCxff05WuyvwELNITi7bj7UA,1
autor:UCmvOgzmmXbjUthHy-WJ52hQ,autor:UCzoL2l5H5eVlorWGH8AZfAg,1
autor:UCmvOgzmmXbjUthHy-WJ52hQ,autor:UCySYJU5kUh7X8gVt9la2ISA,1
autor:UCmvOgzmmXbjUthHy-WJ52hQ,autor:UCp4iw5_5SmV9VGTFSNVGOmQ,1
autor:UCmvOgzmmXbjUthHy-WJ52hQ,autor:UCut6b9S98nv84cVX89PmKzA,1
autor:UCmvOgzmmXbjUthHy-WJ52hQ,autor:UCsUCN0Yq_UyTvKjOJLmNrnQ,1
autor:UCmvOgzmmXbjUthHy-WJ52hQ,autor:UCrJn_rbo_ENAdeqneS-RmRw,1
autor:UCmvOgzmmXbjUthHy-WJ52hQ,autor:UCpsKOkt5iWTbenzeuq7dsmQ,1
autor:UCmvOgzmmXbjUthHy-WJ52hQ,autor:UCtNfIBnc5S5DbbQj_yxgJTw,1
autor:UCmvOgzmmXbjUthHy-WJ52hQ,autor:UCzSfZlOVxBSs5ObD25ywxDQ,1
autor:UCmvOgzmmXbjUthHy-WJ52hQ,autor:UCujPF2nBgsTD62nWE3lcpIg,1
autor:UCmvOgzmmXbjUthHy-WJ52hQ,autor:UCpIdtvoFHVLGASGB5ySqIEA,1
autor:UCmvOgzmmXbjUthHy-WJ52hQ,autor:UCtUR3_CAiE7fCoZHM6cMfyQ,1
autor:UCmvOgzmmXbjUthHy-WJ52hQ,autor:UCr1emrogPKkKTs_WTtx71xg,1
autor:UCmvOgzmmXbjUthHy-WJ52hQ,autor:UCsjs5Hp_r86x1xbK6FAeqaA,1
autor:UCmvOgzmmXbjUthHy-WJ52hQ,autor:UCwha8rxULYMVtNwZWeSkE1A,1
autor:UCmvOgzmmXbjUthHy-WJ52hQ,autor:UCwW2OFy95P7ZBkOPxWkpvYg,1
autor:UCmvOgzmmXbjUthHy-WJ52hQ,autor:UCpl8rF8uv_8uui-QRvuJaRA,1
autor:UCmvOgzmmXbjUthHy-WJ52hQ,autor:UCsJJAvrVGupdmhOqgtDp8dg,1
autor:UCmvOgzmmXbjUthHy-WJ52hQ,autor:UCvApqeCbLod-wejtT4CcVuA,1
autor:UCmvOgzmmXbjUthHy-WJ52hQ,autor:UCueV9cTyTDwgQSec1x2dYgA,1
autor:UCmvOgzmmXbjUthHy-WJ52hQ,autor:UCz3gu01bmjNv0DpRq-K3XYg,1
autor:UCmvOgzmmXbjUthHy-WJ52hQ,autor:UCylqlpsh8ENNM1LqgQ1KbxA,1
autor:UCmvOgzmmXbjUthHy-WJ52hQ,autor:UCwO2SXr0ggzwg6QWWrr01nQ,1
autor:UCmvOgzmmXbjUthHy-WJ52hQ,autor:UCsSXdJct-nsS8DsABoEsaYA,1
autor:UCmvOgzmmXbjUthHy-WJ52hQ,autor:UCplrIQtaPj6au60_f2-mOYw,1
autor:UCmvOgzmmXbjUthHy-WJ52hQ,autor:UCxff05WuyvwELNITi7bj7UA,1
autor:UCnU8wO1OurAmGstDw6VGjgQ,autor:UCpsKOkt5iWTbenzeuq7dsmQ,1
autor:UCnU8wO1OurAmGstDw6VGjgQ,autor:UCvcu1kR8xMYy_I1Ty-2mV2Q,1
autor:UCoGdCoJg2Lh0OX_jv6cG16g,autor:UCp29O_C7cchZV8IxV7Crdag,1
autor:UCoGdCoJg2Lh0OX_jv6cG16g,autor:UCzZ6dDCEsLMXbc5pCFXIprw,1
autor:UCoGdCoJg2Lh0OX_jv6cG16g,autor:UCwxoKK59nGCeBqB2sXfDBIw,1
autor:UCoGdCoJg2Lh0OX_jv6cG16g,autor:UCvDwJBBY1mHK70aTEYl6rsA,1
autor:UCoGdCoJg2Lh0OX_jv6cG16g,autor:UCtsxPYw8VUsH_FfnKg-0lmw,1
autor:UCoGdCoJg2Lh0OX_jv6cG16g,autor:UCtCtts20bW6F9CSohau51Iw,1
autor:UCoGdCoJg2Lh0OX_jv6cG16g,autor:UCql1n3Ey6ULMSOACjMe-fxQ,1
autor:UCoGdCoJg2Lh0OX_jv6cG16g,autor:UCyJhqmMbsvjpoarBBStA2kg,1
autor:UColMq7LmaoY3MT6aIDGrGvA,autor:UCylqlpsh8ENNM1LqgQ1KbxA,1
autor:UColMq7LmaoY3MT6aIDGrGvA,autor:UCpe5jW3MIqkgTJ-PgkzvM6Q,1
autor:UColMq7LmaoY3MT6aIDGrGvA,autor:UCsGoJEvb-cFPZ2rWoJcXzEQ,1
autor:UColMq7LmaoY3MT6aIDGrGvA,autor:UCu8_3-Wg-YzNyvHYQDEscfw,1
autor:UColMq7LmaoY3MT6aIDGrGvA,autor:UCqCrvuoJpC-aVb0f4logQRQ,1
autor:UColMq7LmaoY3MT6aIDGrGvA,autor:UCwjUvRseNtJoItylIyIez7Q,1
autor:UColMq7LmaoY3MT6aIDGrGvA,autor:UCpsKOkt5iWTbenzeuq7dsmQ,1
autor:UColMq7LmaoY3MT6aIDGrGvA,autor:UCwgCc9Jd_gG-uLE_SY-FfPg,1
autor:UColMq7LmaoY3MT6aIDGrGvA,autor:UCuXmOjxC-htcprLgeVXz6Tg,1
autor:UCozFYHN0e_-vlQbX3wQGOug,autor:UCp_dAUfv8i3LW3zWc24dLaQ,1
autor:UCozFYHN0e_-vlQbX3wQGOug,autor:UCrqXyRsg-_hTosURZ-uvoKg,1
autor:UCozFYHN0e_-vlQbX3wQGOug,autor:UCxhtlxPV8AYWaNNyU6S9H8Q,1
autor:UCozFYHN0e_-vlQbX3wQGOug,autor:UCtiHFjFu7d5v2XxHnKFUYig,1
autor:UCp29O_C7cchZV8IxV7Crdag,autor:UCzZ6dDCEsLMXbc5pCFXIprw,1
autor:UCp29O_C7cchZV8IxV7Crdag,autor:UCwxoKK59nGCeBqB2sXfDBIw,1
autor:UCp29O_C7cchZV8IxV7Crdag,autor:UCvDwJBBY1mHK70aTEYl6rsA,1
autor:UCp29O_C7cchZV8IxV7Crdag,autor:UCtsxPYw8VUsH_FfnKg-0lmw,1
autor:UCp29O_C7cchZV8IxV7Crdag,autor:UCtCtts20bW6F9CSohau51Iw,1
autor:UCp29O_C7cchZV8IxV7Crdag,autor:UCql1n3Ey6ULMSOACjMe-fxQ,1
autor:UCp29O_C7cchZV8IxV7Crdag,autor:UCyJhqmMbsvjpoarBBStA2kg,1
autor:UCp4iw5_5SmV9VGTFSNVGOmQ,autor:UCzoL2l5H5eVlorWGH8AZfAg,1
autor:UCp4iw5_5SmV9VGTFSNVGOmQ,autor:UCySYJU5kUh7X8gVt9la2ISA,1
autor:UCp4iw5_5SmV9VGTFSNVGOmQ,autor:UCut6b9S98nv84cVX89PmKzA,1
autor:UCp4iw5_5SmV9VGTFSNVGOmQ,autor:UCsUCN0Yq_UyTvKjOJLmNrnQ,1
autor:UCp4iw5_5SmV9VGTFSNVGOmQ,autor:UCrJn_rbo_ENAdeqneS-RmRw,1
autor:UCp4iw5_5SmV9VGTFSNVGOmQ,autor:UCpsKOkt5iWTbenzeuq7dsmQ,1
autor:UCp4iw5_5SmV9VGTFSNVGOmQ,autor:UCtNfIBnc5S5DbbQj_yxgJTw,1
autor:UCp4iw5_5SmV9VGTFSNVGOmQ,autor:UCzSfZlOVxBSs5ObD25ywxDQ,1
autor:UCp4iw5_5SmV9VGTFSNVGOmQ,autor:UCujPF2nBgsTD62nWE3lcpIg,1
autor:UCp4iw5_5SmV9VGTFSNVGOmQ,autor:UCpIdtvoFHVLGASGB5ySqIEA,1
autor:UCp4iw5_5SmV9VGTFSNVGOmQ,autor:UCtUR3_CAiE7fCoZHM6cMfyQ,1
autor:UCp4iw5_5SmV9VGTFSNVGOmQ,autor:UCr1emrogPKkKTs_WTtx71xg,1
autor:UCp4iw5_5SmV9VGTFSNVGOmQ,autor:UCsjs5Hp_r86x1xbK6FAeqaA,1
autor:UCp4iw5_5SmV9VGTFSNVGOmQ,autor:UCwha8rxULYMVtNwZWeSkE1A,1
autor:UCp4iw5_5SmV9VGTFSNVGOmQ,autor:UCwW2OFy95P7ZBkOPxWkpvYg,1
autor:UCp4iw5_5SmV9VGTFSNVGOmQ,autor:UCpl8rF8uv_8uui-QRvuJaRA,1
autor:UCp4iw5_5SmV9VGTFSNVGOmQ,autor:UCsJJAvrVGupdmhOqgtDp8dg,1
autor:UCp4iw5_5SmV9VGTFSNVGOmQ,autor:UCvApqeCbLod-wejtT4CcVuA,1
autor:UCp4iw5_5SmV9VGTFSNVGOmQ,autor:UCueV9cTyTDwgQSec1x2dYgA,1
autor:UCp4iw5_5SmV9VGTFSNVGOmQ,autor:UCz3gu01bmjNv0DpRq-K3XYg,1
autor:UCp4iw5_5SmV9VGTFSNVGOmQ,autor:UCylqlpsh8ENNM1LqgQ1KbxA,1
autor:UCp4iw5_5SmV9VGTFSNVGOmQ,autor:UCwO2SXr0ggzwg6QWWrr01nQ,1
autor:UCp4iw5_5SmV9VGTFSNVGOmQ,autor:UCsSXdJct-nsS8DsABoEsaYA,1
autor:UCp4iw5_5SmV9VGTFSNVGOmQ,autor:UCplrIQtaPj6au60_f2-mOYw,1
autor:UCp4iw5_5SmV9VGTFSNVGOmQ,autor:UCxff05WuyvwELNITi7bj7UA,1
autor:UCpIdtvoFHVLGASGB5ySqIEA,autor:UCzoL2l5H5eVlorWGH8AZfAg,1
autor:UCpIdtvoFHVLGASGB5ySqIEA,autor:UCySYJU5kUh7X8gVt9la2ISA,1
autor:UCpIdtvoFHVLGASGB5ySqIEA,autor:UCut6b9S98nv84cVX89PmKzA,1
autor:UCpIdtvoFHVLGASGB5ySqIEA,autor:UCsUCN0Yq_UyTvKjOJLmNrnQ,1
autor:UCpIdtvoFHVLGASGB5ySqIEA,autor:UCrJn_rbo_ENAdeqneS-RmRw,1
autor:UCpIdtvoFHVLGASGB5ySqIEA,autor:UCpsKOkt5iWTbenzeuq7dsmQ,1
autor:UCpIdtvoFHVLGASGB5ySqIEA,autor:UCtNfIBnc5S5DbbQj_yxgJTw,1
autor:UCpIdtvoFHVLGASGB5ySqIEA,autor:UCzSfZlOVxBSs5ObD25ywxDQ,1
autor:UCpIdtvoFHVLGASGB5ySqIEA,autor:UCujPF2nBgsTD62nWE3lcpIg,1
autor:UCpIdtvoFHVLGASGB5ySqIEA,autor:UCtUR3_CAiE7fCoZHM6cMfyQ,1
autor:UCpIdtvoFHVLGASGB5ySqIEA,autor:UCr1emrogPKkKTs_WTtx71xg,1
autor:UCpIdtvoFHVLGASGB5ySqIEA,autor:UCsjs5Hp_r86x1xbK6FAeqaA,1
autor:UCpIdtvoFHVLGASGB5ySqIEA,autor:UCwha8rxULYMVtNwZWeSkE1A,1
autor:UCpIdtvoFHVLGASGB5ySqIEA,autor:UCwW2OFy95P7ZBkOPxWkpvYg,1
autor:UCpIdtvoFHVLGASGB5ySqIEA,autor:UCpl8rF8uv_8uui-QRvuJaRA,1
autor:UCpIdtvoFHVLGASGB5ySqIEA,autor:UCsJJAvrVGupdmhOqgtDp8dg,1
autor:UCpIdtvoFHVLGASGB5ySqIEA,autor:UCvApqeCbLod-wejtT4CcVuA,1
autor:UCpIdtvoFHVLGASGB5ySqIEA,autor:UCueV9cTyTDwgQSec1x2dYgA,1
autor:UCpIdtvoFHVLGASGB5ySqIEA,autor:UCz3gu01bmjNv0DpRq-K3XYg,1
autor:UCpIdtvoFHVLGASGB5ySqIEA,autor:UCylqlpsh8ENNM1LqgQ1KbxA,1
autor:UCpIdtvoFHVLGASGB5ySqIEA,autor:UCwO2SXr0ggzwg6QWWrr01nQ,1
autor:UCpIdtvoFHVLGASGB5ySqIEA,autor:UCsSXdJct-nsS8DsABoEsaYA,1
autor:UCpIdtvoFHVLGASGB5ySqIEA,autor:UCplrIQtaPj6au60_f2-mOYw,1
autor:UCpIdtvoFHVLGASGB5ySqIEA,autor:UCxff05WuyvwELNITi7bj7UA,1
autor:UCp_dAUfv8i3LW3zWc24dLaQ,autor:UCrqXyRsg-_hTosURZ-uvoKg,1
autor:UCp_dAUfv8i3LW3zWc24dLaQ,autor:UCxhtlxPV8AYWaNNyU6S9H8Q,1
autor:UCp_dAUfv8i3LW3zWc24dLaQ,autor:UCtiHFjFu7d5v2XxHnKFUYig,1
autor:UCpe5jW3MIqkgTJ-PgkzvM6Q,autor:UCylqlpsh8ENNM1LqgQ1KbxA,1
autor:UCpe5jW3MIqkgTJ-PgkzvM6Q,autor:UCsGoJEvb-cFPZ2rWoJcXzEQ,1
autor:UCpe5jW3MIqkgTJ-PgkzvM6Q,autor:UCu8_3-Wg-YzNyvHYQDEscfw,1
autor:UCpe5jW3MIqkgTJ-PgkzvM6Q,autor:UCqCrvuoJpC-aVb0f4logQRQ,1
autor:UCpe5jW3MIqkgTJ-PgkzvM6Q,autor:UCwjUvRseNtJoItylIyIez7Q,1
autor:UCpe5jW3MIqkgTJ-PgkzvM6Q,autor:UCpsKOkt5iWTbenzeuq7dsmQ,1
autor:UCpe5jW3MIqkgTJ-PgkzvM6Q,autor:UCwgCc9Jd_gG-uLE_SY-FfPg,1
autor:UCpe5jW3MIqkgTJ-PgkzvM6Q,autor:UCuXmOjxC-htcprLgeVXz6Tg,1
autor:UCpl8rF8uv_8uui-QRvuJaRA,autor:UCzoL2l5H5eVlorWGH8AZfAg,1
autor:UCpl8rF8uv_8uui-QRvuJaRA,autor:UCySYJU5kUh7X8gVt9la2ISA,1
autor:UCpl8rF8uv_8uui-QRvuJaRA,autor:UCut6b9S98nv84cVX89PmKzA,1
autor:UCpl8rF8uv_8uui-QRvuJaRA,autor:UCsUCN0Yq_UyTvKjOJLmNrnQ,1
autor:UCpl8rF8uv_8uui-QRvuJaRA,autor:UCrJn_rbo_ENAdeqneS-RmRw,1
autor:UCpl8rF8uv_8uui-QRvuJaRA,autor:UCpsKOkt5iWTbenzeuq7dsmQ,1
autor:UCpl8rF8uv_8uui-QRvuJaRA,autor:UCtNfIBnc5S5DbbQj_yxgJTw,1
autor:UCpl8rF8uv_8uui-QRvuJaRA,autor:UCzSfZlOVxBSs5ObD25ywxDQ,1
autor:UCpl8rF8uv_8uui-QRvuJaRA,autor:UCujPF2nBgsTD62nWE3lcpIg,1
autor:UCpl8rF8uv_8uui-QRvuJaRA,autor:UCtUR3_CAiE7fCoZHM6cMfyQ,1
autor:UCpl8rF8uv_8uui-QRvuJaRA,autor:UCr1emrogPKkKTs_WTtx71xg,1
autor:UCpl8rF8uv_8uui-QRvuJaRA,autor:UCsjs5Hp_r86x1xbK6FAeqaA,1
autor:UCpl8rF8uv_8uui-QRvuJaRA,autor:UCwha8rxULYMVtNwZWeSkE1A,1
autor:UCpl8rF8uv_8uui-QRvuJaRA,autor:UCwW2OFy95P7ZBkOPxWkpvYg,1
autor:UCpl8rF8uv_8uui-QRvuJaRA,autor:UCsJJAvrVGupdmhOqgtDp8dg,1
autor:UCpl8rF8uv_8uui-QRvuJaRA,autor:UCvApqeCbLod-wejtT4CcVuA,1
autor:UCpl8rF8uv_8uui-QRvuJaRA,autor:UCueV9cTyTDwgQSec1x2dYgA,1
autor:UCpl8rF8uv_8uui-QRvuJaRA,autor:UCz3gu01bmjNv0DpRq-K3XYg,1
autor:UCpl8rF8uv_8uui-QRvuJaRA,autor:UCylqlpsh8ENNM1LqgQ1KbxA,1
autor:UCpl8rF8uv_8uui-QRvuJaRA,autor:UCwO2SXr0ggzwg6QWWrr01nQ,1
autor:UCpl8rF8uv_8uui-QRvuJaRA,autor:UCsSXdJct-nsS8DsABoEsaYA,1
autor:UCpl8rF8uv_8uui-QRvuJaRA,autor:UCplrIQtaPj6au60_f2-mOYw,1
autor:UCpl8rF8uv_8uui-QRvuJaRA,autor:UCxff05WuyvwELNITi7bj7UA,1
autor:UCplrIQtaPj6au60_f2-mOYw,autor:UCzoL2l5H5eVlorWGH8AZfAg,1
autor:UCplrIQtaPj6au60_f2-mOYw,autor:UCySYJU5kUh7X8gVt9la2ISA,1
autor:UCplrIQtaPj6au60_f2-mOYw,autor:UCut6b9S98nv84cVX89PmKzA,1
autor:UCplrIQtaPj6au60_f2-mOYw,autor:UCsUCN0Yq_UyTvKjOJLmNrnQ,1
autor:UCplrIQtaPj6au60_f2-mOYw,autor:UCrJn_rbo_ENAdeqneS-RmRw,1
autor:UCplrIQtaPj6au60_f2-mOYw,autor:UCpsKOkt5iWTbenzeuq7dsmQ,1
autor:UCplrIQtaPj6au60_f2-mOYw,autor:UCtNfIBnc5S5DbbQj_yxgJTw,1
autor:UCplrIQtaPj6au60_f2-mOYw,autor:UCzSfZlOVxBSs5ObD25ywxDQ,1
autor:UCplrIQtaPj6au60_f2-mOYw,autor:UCujPF2nBgsTD62nWE3lcpIg,1
autor:UCplrIQtaPj6au60_f2-mOYw,autor:UCtUR3_CAiE7fCoZHM6cMfyQ,1
autor:UCplrIQtaPj6au60_f2-mOYw,autor:UCr1emrogPKkKTs_WTtx71xg,1
autor:UCplrIQtaPj6au60_f2-mOYw,autor:UCsjs5Hp_r86x1xbK6FAeqaA,1
autor:UCplrIQtaPj6au60_f2-mOYw,autor:UCwha8rxULYMVtNwZWeSkE1A,1
autor:UCplrIQtaPj6au60_f2-mOYw,autor:UCwW2OFy95P7ZBkOPxWkpvYg,1
autor:UCplrIQtaPj6au60_f2-mOYw,autor:UCsJJAvrVGupdmhOqgtDp8dg,1
autor:UCplrIQtaPj6au60_f2-mOYw,autor:UCvApqeCbLod-wejtT4CcVuA,1
autor:UCplrIQtaPj6au60_f2-mOYw,autor:UCueV9cTyTDwgQSec1x2dYgA,1
autor:UCplrIQtaPj6au60_f2-mOYw,autor:UCz3gu01bmjNv0DpRq-K3XYg,1
autor:UCplrIQtaPj6au60_f2-mOYw,autor:UCylqlpsh8ENNM1LqgQ1KbxA,1
autor:UCplrIQtaPj6au60_f2-mOYw,autor:UCwO2SXr0ggzwg6QWWrr01nQ,1
autor:UCplrIQtaPj6au60_f2-mOYw,autor:UCsSXdJct-nsS8DsABoEsaYA,1
autor:UCplrIQtaPj6au60_f2-mOYw,autor:UCxff05WuyvwELNITi7bj7UA,1
autor:UCpsKOkt5iWTbenzeuq7dsmQ,autor:UCvcu1kR8xMYy_I1Ty-2mV2Q,1
autor:UCpsKOkt5iWTbenzeuq7dsmQ,autor:UCzoL2l5H5eVlorWGH8AZfAg,1
autor:UCpsKOkt5iWTbenzeuq7dsmQ,autor:UCySYJU5kUh7X8gVt9la2ISA,1
autor:UCpsKOkt5iWTbenzeuq7dsmQ,autor:UCut6b9S98nv84cVX89PmKzA,1
autor:UCpsKOkt5iWTbenzeuq7dsmQ,autor:UCsUCN0Yq_UyTvKjOJLmNrnQ,1
autor:UCpsKOkt5iWTbenzeuq7dsmQ,autor:UCrJn_rbo_ENAdeqneS-RmRw,1
autor:UCpsKOkt5iWTbenzeuq7dsmQ,autor:UCwgCc9Jd_gG-uLE_SY-FfPg,1
autor:UCpsKOkt5iWTbenzeuq7dsmQ,autor:UCtNfIBnc5S5DbbQj_yxgJTw,1
autor:UCpsKOkt5iWTbenzeuq7dsmQ,autor:UCzSfZlOVxBSs5ObD25ywxDQ,1
autor:UCpsKOkt5iWTbenzeuq7dsmQ,autor:UCsGoJEvb-cFPZ2rWoJcXzEQ,1
autor:UCpsKOkt5iWTbenzeuq7dsmQ,autor:UCujPF2nBgsTD62nWE3lcpIg,1
autor:UCpsKOkt5iWTbenzeuq7dsmQ,autor:UCu8_3-Wg-YzNyvHYQDEscfw,1
autor:UCpsKOkt5iWTbenzeuq7dsmQ,autor:UCwjUvRseNtJoItylIyIez7Q,1
autor:UCpsKOkt5iWTbenzeuq7dsmQ,autor:UCtUR3_CAiE7fCoZHM6cMfyQ,1
autor:UCpsKOkt5iWTbenzeuq7dsmQ,autor:UCr1emrogPKkKTs_WTtx71xg,1
autor:UCpsKOkt5iWTbenzeuq7dsmQ,autor:UCsjs5Hp_r86x1xbK6FAeqaA,1
autor:UCpsKOkt5iWTbenzeuq7dsmQ,autor:UCwha8rxULYMVtNwZWeSkE1A,1
autor:UCpsKOkt5iWTbenzeuq7dsmQ,autor:UCwW2OFy95P7ZBkOPxWkpvYg,1
autor:UCpsKOkt5iWTbenzeuq7dsmQ,autor:UCsJJAvrVGupdmhOqgtDp8dg,1
autor:UCpsKOkt5iWTbenzeuq7dsmQ,autor:UCvApqeCbLod-wejtT4CcVuA,1
autor:UCpsKOkt5iWTbenzeuq7dsmQ,autor:UCueV9cTyTDwgQSec1x2dYgA,1
autor:UCpsKOkt5iWTbenzeuq7dsmQ,autor:UCz3gu01bmjNv0DpRq-K3XYg,1
autor:UCpsKOkt5iWTbenzeuq7dsmQ,autor:UCuXmOjxC-htcprLgeVXz6Tg,1
autor:UCpsKOkt5iWTbenzeuq7dsmQ,autor:UCylqlpsh8ENNM1LqgQ1KbxA,2
autor:UCpsKOkt5iWTbenzeuq7dsmQ,autor:UCwO2SXr0ggzwg6QWWrr01nQ,1
autor:UCpsKOkt5iWTbenzeuq7dsmQ,autor:UCsSXdJct-nsS8DsABoEsaYA,1
autor:UCpsKOkt5iWTbenzeuq7dsmQ,autor:UCqCrvuoJpC-aVb0f4logQRQ,1
autor:UCpsKOkt5iWTbenzeuq7dsmQ,autor:UCxff05WuyvwELNITi7bj7UA,1
autor:UCq3mDTTRZnUybct5M9OSXbg,autor:UCvl1tzQeBeGy6efPTRJXSCw,1
autor:UCq3mDTTRZnUybct5M9OSXbg,autor:UCwCfs-2zbD5k0lG-UVg_JBw,1
autor:UCqCrvuoJpC-aVb0f4logQRQ,autor:UCylqlpsh8ENNM1LqgQ1KbxA,1
autor:UCqCrvuoJpC-aVb0f4logQRQ,autor:UCsGoJEvb-cFPZ2rWoJcXzEQ,1
autor:UCqCrvuoJpC-aVb0f4logQRQ,autor:UCu8_3-Wg-YzNyvHYQDEscfw,1
autor:UCqCrvuoJpC-aVb0f4logQRQ,autor:UCwjUvRseNtJoItylIyIez7Q,1
autor:UCqCrvuoJpC-aVb0f4logQRQ,autor:UCwgCc9Jd_gG-uLE_SY-FfPg,1
autor:UCqCrvuoJpC-aVb0f4logQRQ,autor:UCuXmOjxC-htcprLgeVXz6Tg,1
autor:UCqilIa8r7iek5sGYg_q6ofA,autor:UCtMBF_1O2jY2INlb_luuB_A,1
autor:UCqilIa8r7iek5sGYg_q6ofA,autor:UCyzf29IYjNw67gGIfsjgtxA,1
autor:UCqilIa8r7iek5sGYg_q6ofA,autor:UCxKR3RA8T-kxMgq_2WWhRcQ,1
autor:UCqilIa8r7iek5sGYg_q6ofA,autor:UCs_5qeqdku9tGAq22y3OcuQ,1
autor:UCqilIa8r7iek5sGYg_q6ofA,autor:UCwUAv3_LpWVtTIi7lkmTL7A,1
autor:UCql1n3Ey6ULMSOACjMe-fxQ,autor:UCzZ6dDCEsLMXbc5pCFXIprw,1
autor:UCql1n3Ey6ULMSOACjMe-fxQ,autor:UCwxoKK59nGCeBqB2sXfDBIw,1
autor:UCql1n3Ey6ULMSOACjMe-fxQ,autor:UCvDwJBBY1mHK70aTEYl6rsA,1
autor:UCql1n3Ey6ULMSOACjMe-fxQ,autor:UCtsxPYw8VUsH_FfnKg-0lmw,1
autor:UCql1n3Ey6ULMSOACjMe-fxQ,autor:UCtCtts20bW6F9CSohau51Iw,1
autor:UCql1n3Ey6ULMSOACjMe-fxQ,autor:UCyJhqmMbsvjpoarBBStA2kg,1
autor:UCr1emrogPKkKTs_WTtx71xg,autor:UCzoL2l5H5eVlorWGH8AZfAg,1
autor:UCr1emrogPKkKTs_WTtx71xg,autor:UCySYJU5kUh7X8gVt9la2ISA,1
autor:UCr1emrogPKkKTs_WTtx71xg,autor:UCut6b9S98nv84cVX89PmKzA,1
autor:UCr1emrogPKkKTs_WTtx71xg,autor:UCsUCN0Yq_UyTvKjOJLmNrnQ,1
autor:UCr1emrogPKkKTs_WTtx71xg,autor:UCrJn_rbo_ENAdeqneS-RmRw,1
autor:UCr1emrogPKkKTs_WTtx71xg,autor:UCtNfIBnc5S5DbbQj_yxgJTw,1
autor:UCr1emrogPKkKTs_WTtx71xg,autor:UCzSfZlOVxBSs5ObD25ywxDQ,1
autor:UCr1emrogPKkKTs_WTtx71xg,autor:UCujPF2nBgsTD62nWE3lcpIg,1
autor:UCr1emrogPKkKTs_WTtx71xg,autor:UCtUR3_CAiE7fCoZHM6cMfyQ,1
autor:UCr1emrogPKkKTs_WTtx71xg,autor:UCsjs5Hp_r86x1xbK6FAeqaA,1
autor:UCr1emrogPKkKTs_WTtx71xg,autor:UCwha8rxULYMVtNwZWeSkE1A,1
autor:UCr1emrogPKkKTs_WTtx71xg,autor:UCwW2OFy95P7ZBkOPxWkpvYg,1
autor:UCr1emrogPKkKTs_WTtx71xg,autor:UCsJJAvrVGupdmhOqgtDp8dg,1
autor:UCr1emrogPKkKTs_WTtx71xg,autor:UCvApqeCbLod-wejtT4CcVuA,1
autor:UCr1emrogPKkKTs_WTtx71xg,autor:UCueV9cTyTDwgQSec1x2dYgA,1
autor:UCr1emrogPKkKTs_WTtx71xg,autor:UCz3gu01bmjNv0DpRq-K3XYg,1
autor:UCr1emrogPKkKTs_WTtx71xg,autor:UCylqlpsh8ENNM1LqgQ1KbxA,1
autor:UCr1emrogPKkKTs_WTtx71xg,autor:UCwO2SXr0ggzwg6QWWrr01nQ,1
autor:UCr1emrogPKkKTs_WTtx71xg,autor:UCsSXdJct-nsS8DsABoEsaYA,1
autor:UCr1emrogPKkKTs_WTtx71xg,autor:UCxff05WuyvwELNITi7bj7UA,1
autor:UCrJn_rbo_ENAdeqneS-RmRw,autor:UCzoL2l5H5eVlorWGH8AZfAg,1
autor:UCrJn_rbo_ENAdeqneS-RmRw,autor:UCySYJU5kUh7X8gVt9la2ISA,1
autor:UCrJn_rbo_ENAdeqneS-RmRw,autor:UCut6b9S98nv84cVX89PmKzA,1
autor:UCrJn_rbo_ENAdeqneS-RmRw,autor:UCsUCN0Yq_UyTvKjOJLmNrnQ,1
autor:UCrJn_rbo_ENAdeqneS-RmRw,autor:UCtNfIBnc5S5DbbQj_yxgJTw,1
autor:UCrJn_rbo_ENAdeqneS-RmRw,autor:UCzSfZlOVxBSs5ObD25ywxDQ,1
autor:UCrJn_rbo_ENAdeqneS-RmRw,autor:UCujPF2nBgsTD62nWE3lcpIg,1
autor:UCrJn_rbo_ENAdeqneS-RmRw,autor:UCtUR3_CAiE7fCoZHM6cMfyQ,1
autor:UCrJn_rbo_ENAdeqneS-RmRw,autor:UCsjs5Hp_r86x1xbK6FAeqaA,1
autor:UCrJn_rbo_ENAdeqneS-RmRw,autor:UCwha8rxULYMVtNwZWeSkE1A,1
autor:UCrJn_rbo_ENAdeqneS-RmRw,autor:UCwW2OFy95P7ZBkOPxWkpvYg,1
autor:UCrJn_rbo_ENAdeqneS-RmRw,autor:UCsJJAvrVGupdmhOqgtDp8dg,1
autor:UCrJn_rbo_ENAdeqneS-RmRw,autor:UCvApqeCbLod-wejtT4CcVuA,1
autor:UCrJn_rbo_ENAdeqneS-RmRw,autor:UCueV9cTyTDwgQSec1x2dYgA,1
autor:UCrJn_rbo_ENAdeqneS-RmRw,autor:UCz3gu01bmjNv0DpRq-K3XYg,1
autor:UCrJn_rbo_ENAdeqneS-RmRw,autor:UCylqlpsh8ENNM1LqgQ1KbxA,1
autor:UCrJn_rbo_ENAdeqneS-RmRw,autor:UCwO2SXr0ggzwg6QWWrr01nQ,1
autor:UCrJn_rbo_ENAdeqneS-RmRw,autor:UCsSXdJct-nsS8DsABoEsaYA,1
autor:UCrJn_rbo_ENAdeqneS-RmRw,autor:UCxff05WuyvwELNITi7bj7UA,1
autor:UCrqXyRsg-_hTosURZ-uvoKg,autor:UCxhtlxPV8AYWaNNyU6S9H8Q,1
autor:UCrqXyRsg-_hTosURZ-uvoKg,autor:UCtiHFjFu7d5v2XxHnKFUYig,1
autor:UCsGoJEvb-cFPZ2rWoJcXzEQ,autor:UCylqlpsh8ENNM1LqgQ1KbxA,1
autor:UCsGoJEvb-cFPZ2rWoJcXzEQ,autor:UCu8_3-Wg-YzNyvHYQDEscfw,1
autor:UCsGoJEvb-cFPZ2rWoJcXzEQ,autor:UCwjUvRseNtJoItylIyIez7Q,1
autor:UCsGoJEvb-cFPZ2rWoJcXzEQ,autor:UCwgCc9Jd_gG-uLE_SY-FfPg,1
autor:UCsGoJEvb-cFPZ2rWoJcXzEQ,autor:UCuXmOjxC-htcprLgeVXz6Tg,1
autor:UCsJJAvrVGupdmhOqgtDp8dg,autor:UCzoL2l5H5eVlorWGH8AZfAg,1
autor:UCsJJAvrVGupdmhOqgtDp8dg,autor:UCySYJU5kUh7X8gVt9la2ISA,1
autor:UCsJJAvrVGupdmhOqgtDp8dg,autor:UCut6b9S98nv84cVX89PmKzA,1
autor:UCsJJAvrVGupdmhOqgtDp8dg,autor:UCsUCN0Yq_UyTvKjOJLmNrnQ,1
autor:UCsJJAvrVGupdmhOqgtDp8dg,autor:UCtNfIBnc5S5DbbQj_yxgJTw,1
autor:UCsJJAvrVGupdmhOqgtDp8dg,autor:UCzSfZlOVxBSs5ObD25ywxDQ,1
autor:UCsJJAvrVGupdmhOqgtDp8dg,autor:UCujPF2nBgsTD62nWE3lcpIg,1
autor:UCsJJAvrVGupdmhOqgtDp8dg,autor:UCtUR3_CAiE7fCoZHM6cMfyQ,1
autor:UCsJJAvrVGupdmhOqgtDp8dg,autor:UCsjs5Hp_r86x1xbK6FAeqaA,1
autor:UCsJJAvrVGupdmhOqgtDp8dg,autor:UCwha8rxULYMVtNwZWeSkE1A,1
autor:UCsJJAvrVGupdmhOqgtDp8dg,autor:UCwW2OFy95P7ZBkOPxWkpvYg,1
autor:UCsJJAvrVGupdmhOqgtDp8dg,autor:UCvApqeCbLod-wejtT4CcVuA,1
autor:UCsJJAvrVGupdmhOqgtDp8dg,autor:UCueV9cTyTDwgQSec1x2dYgA,1
autor:UCsJJAvrVGupdmhOqgtDp8dg,autor:UCz3gu01bmjNv0DpRq-K3XYg,1
autor:UCsJJAvrVGupdmhOqgtDp8dg,autor:UCylqlpsh8ENNM1LqgQ1KbxA,1
autor:UCsJJAvrVGupdmhOqgtDp8dg,autor:UCwO2SXr0ggzwg6QWWrr01nQ,1
autor:UCsJJAvrVGupdmhOqgtDp8dg,autor:UCsSXdJct-nsS8DsABoEsaYA,1
autor:UCsJJAvrVGupdmhOqgtDp8dg,autor:UCxff05WuyvwELNITi7bj7UA,1
autor:UCsSXdJct-nsS8DsABoEsaYA,autor:UCzoL2l5H5eVlorWGH8AZfAg,1
autor:UCsSXdJct-nsS8DsABoEsaYA,autor:UCySYJU5kUh7X8gVt9la2ISA,1
autor:UCsSXdJct-nsS8DsABoEsaYA,autor:UCut6b9S98nv84cVX89PmKzA,1
autor:UCsSXdJct-nsS8DsABoEsaYA,autor:UCsUCN0Yq_UyTvKjOJLmNrnQ,1
autor:UCsSXdJct-nsS8DsABoEsaYA,autor:UCtNfIBnc5S5DbbQj_yxgJTw,1
autor:UCsSXdJct-nsS8DsABoEsaYA,autor:UCzSfZlOVxBSs5ObD25ywxDQ,1
autor:UCsSXdJct-nsS8DsABoEsaYA,autor:UCujPF2nBgsTD62nWE3lcpIg,1
autor:UCsSXdJct-nsS8DsABoEsaYA,autor:UCtUR3_CAiE7fCoZHM6cMfyQ,1
autor:UCsSXdJct-nsS8DsABoEsaYA,autor:UCsjs5Hp_r86x1xbK6FAeqaA,1
autor:UCsSXdJct-nsS8DsABoEsaYA,autor:UCwha8rxULYMVtNwZWeSkE1A,1
autor:UCsSXdJct-nsS8DsABoEsaYA,autor:UCwW2OFy95P7ZBkOPxWkpvYg,1
autor:UCsSXdJct-nsS8DsABoEsaYA,autor:UCvApqeCbLod-wejtT4CcVuA,1
autor:UCsSXdJct-nsS8DsABoEsaYA,autor:UCueV9cTyTDwgQSec1x2dYgA,1
autor:UCsSXdJct-nsS8DsABoEsaYA,autor:UCz3gu01bmjNv0DpRq-K3XYg,1
autor:UCsSXdJct-nsS8DsABoEsaYA,autor:UCylqlpsh8ENNM1LqgQ1KbxA,1
autor:UCsSXdJct-nsS8DsABoEsaYA,autor:UCwO2SXr0ggzwg6QWWrr01nQ,1
autor:UCsSXdJct-nsS8DsABoEsaYA,autor:UCxff05WuyvwELNITi7bj7UA,1
autor:UCsUCN0Yq_UyTvKjOJLmNrnQ,autor:UCzoL2l5H5eVlorWGH8AZfAg,1
autor:UCsUCN0Yq_UyTvKjOJLmNrnQ,autor:UCySYJU5kUh7X8gVt9la2ISA,1
autor:UCsUCN0Yq_UyTvKjOJLmNrnQ,autor:UCut6b9S98nv84cVX89PmKzA,1
autor:UCsUCN0Yq_UyTvKjOJLmNrnQ,autor:UCtNfIBnc5S5DbbQj_yxgJTw,1
autor:UCsUCN0Yq_UyTvKjOJLmNrnQ,autor:UCzSfZlOVxBSs5ObD25ywxDQ,1
autor:UCsUCN0Yq_UyTvKjOJLmNrnQ,autor:UCujPF2nBgsTD62nWE3lcpIg,1
autor:UCsUCN0Yq_UyTvKjOJLmNrnQ,autor:UCtUR3_CAiE7fCoZHM6cMfyQ,1
autor:UCsUCN0Yq_UyTvKjOJLmNrnQ,autor:UCsjs5Hp_r86x1xbK6FAeqaA,1
autor:UCsUCN0Yq_UyTvKjOJLmNrnQ,autor:UCwha8rxULYMVtNwZWeSkE1A,1
autor:UCsUCN0Yq_UyTvKjOJLmNrnQ,autor:UCwW2OFy95P7ZBkOPxWkpvYg,1
autor:UCsUCN0Yq_UyTvKjOJLmNrnQ,autor:UCvApqeCbLod-wejtT4CcVuA,1
autor:UCsUCN0Yq_UyTvKjOJLmNrnQ,autor:UCueV9cTyTDwgQSec1x2dYgA,1
autor:UCsUCN0Yq_UyTvKjOJLmNrnQ,autor:UCz3gu01bmjNv0DpRq-K3XYg,1
autor:UCsUCN0Yq_UyTvKjOJLmNrnQ,autor:UCylqlpsh8ENNM1LqgQ1KbxA,1
autor:UCsUCN0Yq_UyTvKjOJLmNrnQ,autor:UCwO2SXr0ggzwg6QWWrr01nQ,1
autor:UCsUCN0Yq_UyTvKjOJLmNrnQ,autor:UCxff05WuyvwELNITi7bj7UA,1
autor:UCs_5qeqdku9tGAq22y3OcuQ,autor:UCtMBF_1O2jY2INlb_luuB_A,1
autor:UCs_5qeqdku9tGAq22y3OcuQ,autor:UCyzf29IYjNw67gGIfsjgtxA,1
autor:UCs_5qeqdku9tGAq22y3OcuQ,autor:UCxKR3RA8T-kxMgq_2WWhRcQ,1
autor:UCs_5qeqdku9tGAq22y3OcuQ,autor:UCwUAv3_LpWVtTIi7lkmTL7A,1
autor:UCsjs5Hp_r86x1xbK6FAeqaA,autor:UCzoL2l5H5eVlorWGH8AZfAg,1
autor:UCsjs5Hp_r86x1xbK6FAeqaA,autor:UCySYJU5kUh7X8gVt9la2ISA,1
autor:UCsjs5Hp_r86x1xbK6FAeqaA,autor:UCut6b9S98nv84cVX89PmKzA,1
autor:UCsjs5Hp_r86x1xbK6FAeqaA,autor:UCtNfIBnc5S5DbbQj_yxgJTw,1
autor:UCsjs5Hp_r86x1xbK6FAeqaA,autor:UCzSfZlOVxBSs5ObD25ywxDQ,1
autor:UCsjs5Hp_r86x1xbK6FAeqaA,autor:UCujPF2nBgsTD62nWE3lcpIg,1
autor:UCsjs5Hp_r86x1xbK6FAeqaA,autor:UCtUR3_CAiE7fCoZHM6cMfyQ,1
autor:UCsjs5Hp_r86x1xbK6FAeqaA,autor:UCwha8rxULYMVtNwZWeSkE1A,1
autor:UCsjs5Hp_r86x1xbK6FAeqaA,autor:UCwW2OFy95P7ZBkOPxWkpvYg,1
autor:UCsjs5Hp_r86x1xbK6FAeqaA,autor:UCvApqeCbLod-wejtT4CcVuA,1
autor:UCsjs5Hp_r86x1xbK6FAeqaA,autor:UCueV9cTyTDwgQSec1x2dYgA,1
autor:UCsjs5Hp_r86x1xbK6FAeqaA,autor:UCz3gu01bmjNv0DpRq-K3XYg,1
autor:UCsjs5Hp_r86x1xbK6FAeqaA,autor:UCylqlpsh8ENNM1LqgQ1KbxA,1
autor:UCsjs5Hp_r86x1xbK6FAeqaA,autor:UCwO2SXr0ggzwg6QWWrr01nQ,1
autor:UCsjs5Hp_r86x1xbK6FAeqaA,autor:UCxff05WuyvwELNITi7bj7UA,1
autor:UCtCtts20bW6F9CSohau51Iw,autor:UCzZ6dDCEsLMXbc5pCFXIprw,1
autor:UCtCtts20bW6F9CSohau51Iw,autor:UCwxoKK59nGCeBqB2sXfDBIw,1
autor:UCtCtts20bW6F9CSohau51Iw,autor:UCvDwJBBY1mHK70aTEYl6rsA,1
autor:UCtCtts20bW6F9CSohau51Iw,autor:UCtsxPYw8VUsH_FfnKg-0lmw,1
autor:UCtCtts20bW6F9CSohau51Iw,autor:UCyJhqmMbsvjpoarBBStA2kg,1
autor:UCtMBF_1O2jY2INlb_luuB_A,autor:UCyzf29IYjNw67gGIfsjgtxA,1
autor:UCtMBF_1O2jY2INlb_luuB_A,autor:UCxKR3RA8T-kxMgq_2WWhRcQ,1
autor:UCtMBF_1O2jY2INlb_luuB_A,autor:UCwUAv3_LpWVtTIi7lkmTL7A,1
autor:UCtNfIBnc5S5DbbQj_yxgJTw,autor:UCzoL2l5H5eVlorWGH8AZfAg,1
autor:UCtNfIBnc5S5DbbQj_yxgJTw,autor:UCySYJU5kUh7X8gVt9la2ISA,1
autor:UCtNfIBnc5S5DbbQj_yxgJTw,autor:UCut6b9S98nv84cVX89PmKzA,1
autor:UCtNfIBnc5S5DbbQj_yxgJTw,autor:UCzSfZlOVxBSs5ObD25ywxDQ,1
autor:UCtNfIBnc5S5DbbQj_yxgJTw,autor:UCujPF2nBgsTD62nWE3lcpIg,1
autor:UCtNfIBnc5S5DbbQj_yxgJTw,autor:UCtUR3_CAiE7fCoZHM6cMfyQ,1
autor:UCtNfIBnc5S5DbbQj_yxgJTw,autor:UCwha8rxULYMVtNwZWeSkE1A,1
autor:UCtNfIBnc5S5DbbQj_yxgJTw,autor:UCwW2OFy95P7ZBkOPxWkpvYg,1
autor:UCtNfIBnc5S5DbbQj_yxgJTw,autor:UCvApqeCbLod-wejtT4CcVuA,1
autor:UCtNfIBnc5S5DbbQj_yxgJTw,autor:UCueV9cTyTDwgQSec1x2dYgA,1
autor:UCtNfIBnc5S5DbbQj_yxgJTw,autor:UCz3gu01bmjNv0DpRq-K3XYg,1
autor:UCtNfIBnc5S5DbbQj_yxgJTw,autor:UCylqlpsh8ENNM1LqgQ1KbxA,1
autor:UCtNfIBnc5S5DbbQj_yxgJTw,autor:UCwO2SXr0ggzwg6QWWrr01nQ,1
autor:UCtNfIBnc5S5DbbQj_yxgJTw,autor:UCxff05WuyvwELNITi7bj7UA,1
autor:UCtNyHmRZtvGF2hSvI2dUBWw,autor:UCusjriFsDHEc2AOjqk-p5ig,1
autor:UCtNyHmRZtvGF2hSvI2dUBWw,autor:UCzZ6dDCEsLMXbc5pCFXIprw,1
autor:UCtNyHmRZtvGF2hSvI2dUBWw,autor:UCuP4UK33HKtJE_S39ksmaTw,1
autor:UCtUR3_CAiE7fCoZHM6cMfyQ,autor:UCzoL2l5H5eVlorWGH8AZfAg,1
autor:UCtUR3_CAiE7fCoZHM6cMfyQ,autor:UCySYJU5kUh7X8gVt9la2ISA,1
autor:UCtUR3_CAiE7fCoZHM6cMfyQ,autor:UCut6b9S98nv84cVX89PmKzA,1
autor:UCtUR3_CAiE7fCoZHM6cMfyQ,autor:UCzSfZlOVxBSs5ObD25ywxDQ,1
autor:UCtUR3_CAiE7fCoZHM6cMfyQ,autor:UCujPF2nBgsTD62nWE3lcpIg,1
autor:UCtUR3_CAiE7fCoZHM6cMfyQ,autor:UCwha8rxULYMVtNwZWeSkE1A,1
autor:UCtUR3_CAiE7fCoZHM6cMfyQ,autor:UCwW2OFy95P7ZBkOPxWkpvYg,1
autor:UCtUR3_CAiE7fCoZHM6cMfyQ,autor:UCvApqeCbLod-wejtT4CcVuA,1
autor:UCtUR3_CAiE7fCoZHM6cMfyQ,autor:UCueV9cTyTDwgQSec1x2dYgA,1
autor:UCtUR3_CAiE7fCoZHM6cMfyQ,autor:UCz3gu01bmjNv0DpRq-K3XYg,1
autor:UCtUR3_CAiE7fCoZHM6cMfyQ,autor:UCylqlpsh8ENNM1LqgQ1KbxA,1
autor:UCtUR3_CAiE7fCoZHM6cMfyQ,autor:UCwO2SXr0ggzwg6QWWrr01nQ,1
autor:UCtUR3_CAiE7fCoZHM6cMfyQ,autor:UCxff05WuyvwELNITi7bj7UA,1
autor:UCtiHFjFu7d5v2XxHnKFUYig,autor:UCxhtlxPV8AYWaNNyU6S9H8Q,1
autor:UCtsxPYw8VUsH_FfnKg-0lmw,autor:UCzZ6dDCEsLMXbc5pCFXIprw,1
autor:UCtsxPYw8VUsH_FfnKg-0lmw,autor:UCwxoKK59nGCeBqB2sXfDBIw,1
autor:UCtsxPYw8VUsH_FfnKg-0lmw,autor:UCvDwJBBY1mHK70aTEYl6rsA,1
autor:UCtsxPYw8VUsH_FfnKg-0lmw,autor:UCyJhqmMbsvjpoarBBStA2kg,1
autor:UCu8_3-Wg-YzNyvHYQDEscfw,autor:UCylqlpsh8ENNM1LqgQ1KbxA,1
autor:UCu8_3-Wg-YzNyvHYQDEscfw,autor:UCwjUvRseNtJoItylIyIez7Q,1
autor:UCu8_3-Wg-YzNyvHYQDEscfw,autor:UCwgCc9Jd_gG-uLE_SY-FfPg,1
autor:UCu8_3-Wg-YzNyvHYQDEscfw,autor:UCuXmOjxC-htcprLgeVXz6Tg,1
autor:UCuP4UK33HKtJE_S39ksmaTw,autor:UCusjriFsDHEc2AOjqk-p5ig,1
autor:UCuP4UK33HKtJE_S39ksmaTw,autor:UCzZ6dDCEsLMXbc5pCFXIprw,1
autor:UCuXmOjxC-htcprLgeVXz6Tg,autor:UCylqlpsh8ENNM1LqgQ1KbxA,1
autor:UCuXmOjxC-htcprLgeVXz6Tg,autor:UCwjUvRseNtJoItylIyIez7Q,1
autor:UCuXmOjxC-htcprLgeVXz6Tg,autor:UCwgCc9Jd_gG-uLE_SY-FfPg,1
autor:UCueV9cTyTDwgQSec1x2dYgA,autor:UCzoL2l5H5eVlorWGH8AZfAg,1
autor:UCueV9cTyTDwgQSec1x2dYgA,autor:UCySYJU5kUh7X8gVt9la2ISA,1
autor:UCueV9cTyTDwgQSec1x2dYgA,autor:UCut6b9S98nv84cVX89PmKzA,1
autor:UCueV9cTyTDwgQSec1x2dYgA,autor:UCzSfZlOVxBSs5ObD25ywxDQ,1
autor:UCueV9cTyTDwgQSec1x2dYgA,autor:UCujPF2nBgsTD62nWE3lcpIg,1
autor:UCueV9cTyTDwgQSec1x2dYgA,autor:UCwha8rxULYMVtNwZWeSkE1A,1
autor:UCueV9cTyTDwgQSec1x2dYgA,autor:UCwW2OFy95P7ZBkOPxWkpvYg,1
autor:UCueV9cTyTDwgQSec1x2dYgA,autor:UCvApqeCbLod-wejtT4CcVuA,1
autor:UCueV9cTyTDwgQSec1x2dYgA,autor:UCz3gu01bmjNv0DpRq-K3XYg,1
autor:UCueV9cTyTDwgQSec1x2dYgA,autor:UCylqlpsh8ENNM1LqgQ1KbxA,1
autor:UCueV9cTyTDwgQSec1x2dYgA,autor:UCwO2SXr0ggzwg6QWWrr01nQ,1
autor:UCueV9cTyTDwgQSec1x2dYgA,autor:UCxff05WuyvwELNITi7bj7UA,1
autor:UCujPF2nBgsTD62nWE3lcpIg,autor:UCzoL2l5H5eVlorWGH8AZfAg,1
autor:UCujPF2nBgsTD62nWE3lcpIg,autor:UCySYJU5kUh7X8gVt9la2ISA,1
autor:UCujPF2nBgsTD62nWE3lcpIg,autor:UCut6b9S98nv84cVX89PmKzA,1
autor:UCujPF2nBgsTD62nWE3lcpIg,autor:UCzSfZlOVxBSs5ObD25ywxDQ,1
autor:UCujPF2nBgsTD62nWE3lcpIg,autor:UCwha8rxULYMVtNwZWeSkE1A,1
autor:UCujPF2nBgsTD62nWE3lcpIg,autor:UCwW2OFy95P7ZBkOPxWkpvYg,1
autor:UCujPF2nBgsTD62nWE3lcpIg,autor:UCvApqeCbLod-wejtT4CcVuA,1
autor:UCujPF2nBgsTD62nWE3lcpIg,autor:UCz3gu01bmjNv0DpRq-K3XYg,1
autor:UCujPF2nBgsTD62nWE3lcpIg,autor:UCylqlpsh8ENNM1LqgQ1KbxA,1
autor:UCujPF2nBgsTD62nWE3lcpIg,autor:UCwO2SXr0ggzwg6QWWrr01nQ,1
autor:UCujPF2nBgsTD62nWE3lcpIg,autor:UCxff05WuyvwELNITi7bj7UA,1
autor:UCusjriFsDHEc2AOjqk-p5ig,autor:UCzZ6dDCEsLMXbc5pCFXIprw,1
autor:UCut6b9S98nv84cVX89PmKzA,autor:UCzoL2l5H5eVlorWGH8AZfAg,1
autor:UCut6b9S98nv84cVX89PmKzA,autor:UCySYJU5kUh7X8gVt9la2ISA,1
autor:UCut6b9S98nv84cVX89PmKzA,autor:UCzSfZlOVxBSs5ObD25ywxDQ,1
autor:UCut6b9S98nv84cVX89PmKzA,autor:UCwha8rxULYMVtNwZWeSkE1A,1
autor:UCut6b9S98nv84cVX89PmKzA,autor:UCwW2OFy95P7ZBkOPxWkpvYg,1
autor:UCut6b9S98nv84cVX89PmKzA,autor:UCvApqeCbLod-wejtT4CcVuA,1
autor:UCut6b9S98nv84cVX89PmKzA,autor:UCz3gu01bmjNv0DpRq-K3XYg,1
autor:UCut6b9S98nv84cVX89PmKzA,autor:UCylqlpsh8ENNM1LqgQ1KbxA,1
autor:UCut6b9S98nv84cVX89PmKzA,autor:UCwO2SXr0ggzwg6QWWrr01nQ,1
autor:UCut6b9S98nv84cVX89PmKzA,autor:UCxff05WuyvwELNITi7bj7UA,1
autor:UCvApqeCbLod-wejtT4CcVuA,autor:UCzoL2l5H5eVlorWGH8AZfAg,1
autor:UCvApqeCbLod-wejtT4CcVuA,autor:UCySYJU5kUh7X8gVt9la2ISA,1
autor:UCvApqeCbLod-wejtT4CcVuA,autor:UCzSfZlOVxBSs5ObD25ywxDQ,1
autor:UCvApqeCbLod-wejtT4CcVuA,autor:UCwha8rxULYMVtNwZWeSkE1A,1
autor:UCvApqeCbLod-wejtT4CcVuA,autor:UCwW2OFy95P7ZBkOPxWkpvYg,1
autor:UCvApqeCbLod-wejtT4CcVuA,autor:UCz3gu01bmjNv0DpRq-K3XYg,1
autor:UCvApqeCbLod-wejtT4CcVuA,autor:UCylqlpsh8ENNM1LqgQ1KbxA,1
autor:UCvApqeCbLod-wejtT4CcVuA,autor:UCwO2SXr0ggzwg6QWWrr01nQ,1
autor:UCvApqeCbLod-wejtT4CcVuA,autor:UCxff05WuyvwELNITi7bj7UA,1
autor:UCvDwJBBY1mHK70aTEYl6rsA,autor:UCzZ6dDCEsLMXbc5pCFXIprw,1
autor:UCvDwJBBY1mHK70aTEYl6rsA,autor:UCwxoKK59nGCeBqB2sXfDBIw,1
autor:UCvDwJBBY1mHK70aTEYl6rsA,autor:UCyJhqmMbsvjpoarBBStA2kg,1
autor:UCvcu1kR8xMYy_I1Ty-2mV2Q,autor:UCxcoDvP-g2_KTZDmVZtvb3w,1
autor:UCvcu1kR8xMYy_I1Ty-2mV2Q,autor:UCwEe1RKlEv1UpNWmWYfSh4w,1
autor:UCvcu1kR8xMYy_I1Ty-2mV2Q,autor:UCyW68EGZey4ao_Vf2cR5Ztg,1
autor:UCvl1tzQeBeGy6efPTRJXSCw,autor:UCwCfs-2zbD5k0lG-UVg_JBw,1
autor:UCwEe1RKlEv1UpNWmWYfSh4w,autor:UCxcoDvP-g2_KTZDmVZtvb3w,1
autor:UCwO2SXr0ggzwg6QWWrr01nQ,autor:UCzoL2l5H5eVlorWGH8AZfAg,1
autor:UCwO2SXr0ggzwg6QWWrr01nQ,autor:UCySYJU5kUh7X8gVt9la2ISA,1
autor:UCwO2SXr0ggzwg6QWWrr01nQ,autor:UCzSfZlOVxBSs5ObD25ywxDQ,1
autor:UCwO2SXr0ggzwg6QWWrr01nQ,autor:UCwha8rxULYMVtNwZWeSkE1A,1
autor:UCwO2SXr0ggzwg6QWWrr01nQ,autor:UCwW2OFy95P7ZBkOPxWkpvYg,1
autor:UCwO2SXr0ggzwg6QWWrr01nQ,autor:UCz3gu01bmjNv0DpRq-K3XYg,1
autor:UCwO2SXr0ggzwg6QWWrr01nQ,autor:UCylqlpsh8ENNM1LqgQ1KbxA,1
autor:UCwO2SXr0ggzwg6QWWrr01nQ,autor:UCxff05WuyvwELNITi7bj7UA,1
autor:UCwUAv3_LpWVtTIi7lkmTL7A,autor:UCyzf29IYjNw67gGIfsjgtxA,1
autor:UCwUAv3_LpWVtTIi7lkmTL7A,autor:UCxKR3RA8T-kxMgq_2WWhRcQ,1
autor:UCwW2OFy95P7ZBkOPxWkpvYg,autor:UCzoL2l5H5eVlorWGH8AZfAg,1
autor:UCwW2OFy95P7ZBkOPxWkpvYg,autor:UCySYJU5kUh7X8gVt9la2ISA,1
autor:UCwW2OFy95P7ZBkOPxWkpvYg,autor:UCzSfZlOVxBSs5ObD25ywxDQ,1
autor:UCwW2OFy95P7ZBkOPxWkpvYg,autor:UCwha8rxULYMVtNwZWeSkE1A,1
autor:UCwW2OFy95P7ZBkOPxWkpvYg,autor:UCz3gu01bmjNv0DpRq-K3XYg,1
autor:UCwW2OFy95P7ZBkOPxWkpvYg,autor:UCylqlpsh8ENNM1LqgQ1KbxA,1
autor:UCwW2OFy95P7ZBkOPxWkpvYg,autor:UCxff05WuyvwELNITi7bj7UA,1
autor:UCwgCc9Jd_gG-uLE_SY-FfPg,autor:UCylqlpsh8ENNM1LqgQ1KbxA,1
autor:UCwgCc9Jd_gG-uLE_SY-FfPg,autor:UCwjUvRseNtJoItylIyIez7Q,1
autor:UCwha8rxULYMVtNwZWeSkE1A,autor:UCzoL2l5H5eVlorWGH8AZfAg,1
autor:UCwha8rxULYMVtNwZWeSkE1A,autor:UCySYJU5kUh7X8gVt9la2ISA,1
autor:UCwha8rxULYMVtNwZWeSkE1A,autor:UCzSfZlOVxBSs5ObD25ywxDQ,1
autor:UCwha8rxULYMVtNwZWeSkE1A,autor:UCz3gu01bmjNv0DpRq-K3XYg,1
autor:UCwha8rxULYMVtNwZWeSkE1A,autor:UCylqlpsh8ENNM1LqgQ1KbxA,1
autor:UCwha8rxULYMVtNwZWeSkE1A,autor:UCxff05WuyvwELNITi7bj7UA,1
autor:UCwjUvRseNtJoItylIyIez7Q,autor:UCylqlpsh8ENNM1LqgQ1KbxA,1
autor:UCwxoKK59nGCeBqB2sXfDBIw,autor:UCzZ6dDCEsLMXbc5pCFXIprw,1
autor:UCwxoKK59nGCeBqB2sXfDBIw,autor:UCyJhqmMbsvjpoarBBStA2kg,1
autor:UCxKR3RA8T-kxMgq_2WWhRcQ,autor:UCyzf29IYjNw67gGIfsjgtxA,1
autor:UCxff05WuyvwELNITi7bj7UA,autor:UCzoL2l5H5eVlorWGH8AZfAg,1
autor:UCxff05WuyvwELNITi7bj7UA,autor:UCySYJU5kUh7X8gVt9la2ISA,1
autor:UCxff05WuyvwELNITi7bj7UA,autor:UCzSfZlOVxBSs5ObD25ywxDQ,1
autor:UCxff05WuyvwELNITi7bj7UA,autor:UCz3gu01bmjNv0DpRq-K3XYg,1
autor:UCxff05WuyvwELNITi7bj7UA,autor:UCylqlpsh8ENNM1LqgQ1KbxA,1
autor:UCyJhqmMbsvjpoarBBStA2kg,autor:UCzZ6dDCEsLMXbc5pCFXIprw,1
autor:UCySYJU5kUh7X8gVt9la2ISA,autor:UCzoL2l5H5eVlorWGH8AZfAg,1
autor:UCySYJU5kUh7X8gVt9la2ISA,autor:UCzSfZlOVxBSs5ObD25ywxDQ,1
autor:UCySYJU5kUh7X8gVt9la2ISA,autor:UCz3gu01bmjNv0DpRq-K3XYg,1
autor:UCySYJU5kUh7X8gVt9la2ISA,autor:UCylqlpsh8ENNM1LqgQ1KbxA,1
autor:UCylqlpsh8ENNM1LqgQ1KbxA,autor:UCzoL2l5H5eVlorWGH8AZfAg,1
autor:UCylqlpsh8ENNM1LqgQ1KbxA,autor:UCzSfZlOVxBSs5ObD25ywxDQ,1
autor:UCylqlpsh8ENNM1LqgQ1KbxA,autor:UCz3gu01bmjNv0DpRq-K3XYg,1
autor:UCz3gu01bmjNv0DpRq-K3XYg,autor:UCzoL2l5H5eVlorWGH8AZfAg,1
autor:UCz3gu01bmjNv0DpRq-K3XYg,autor:UCzSfZlOVxBSs5ObD25ywxDQ,1
autor:UCzSfZlOVxBSs5ObD25ywxDQ,autor:UCzoL2l5H5eVlorWGH8AZfAg,1
