screen_name|created_at|text|retweet_count|favorite_count
realDonaldTrump|Tue Sep 11 20:16:49 +0000 2018|The safety of American people is my absolute highest priority. Heed the directions of your State and Local Officials. Please be prepared, be careful and be SAFE! https://t.co/YP7ssITwW9 https://t.co/LZIUCgdPTH|7270|27341
realDonaldTrump|Tue Sep 11 16:48:49 +0000 2018|"Small Business Optimism Soars to Highest Level Ever | Breitbart https://t.co/T6rFhfPz6n via @BreitbartNews"|8520|31085
realDonaldTrump|Tue Sep 11 15:32:28 +0000 2018|"#NeverForget #September11th 
https://t.co/l8WZer3UOL"|9641|33968
realDonaldTrump|Tue Sep 11 12:58:10 +0000 2018|17 years since September 11th!|17952|73372
realDonaldTrump|Tue Sep 11 12:24:52 +0000 2018|Departing Washington, D.C. to attend a Flight 93 September 11th Memorial Service in Shanksville, Pennsylvania with Melania. #NeverForget https://t.co/O2sFUeRqeb|12541|52227
realDonaldTrump|Tue Sep 11 11:59:08 +0000 2018|Rudy Giuliani did a GREAT job as Mayor of NYC during the period of September 11th. His leadership, bravery and skill must never be forgotten. Rudy is a TRUE WARRIOR!|19674|90609
realDonaldTrump|Tue Sep 11 11:41:33 +0000 2018|?ERIC Holder could be running the Justice Department right now and it would be behaving no differently than it is.? @LouDobbs|10760|43470
realDonaldTrump|Tue Sep 11 11:19:19 +0000 2018|New Strzok-Page texts reveal ?Media Leak Strategy.?  @FoxNews  So terrible, and NOTHING is being done at DOJ or FBI - but the world is watching, and they get it completely.|18090|64190
realDonaldTrump|Tue Sep 11 11:12:31 +0000 2018|#NeverForget  #September11th https://t.co/ExGrrVtrEf|13947|49352
realDonaldTrump|Tue Sep 11 11:08:35 +0000 2018|?We have found nothing to show collusion between President Trump &amp; Russia, absolutely zero, but every day we get more documentation showing collusion between the FBI &amp; DOJ, the Hillary campaign, foreign spies &amp; Russians, incredible.? @SaraCarterDC @LouDobbs|16413|55979
realDonaldTrump|Mon Sep 10 23:35:54 +0000 2018|https://t.co/Vh47XjGzpt|30839|87363
realDonaldTrump|Mon Sep 10 23:21:41 +0000 2018|Just had calls with South Carolina Governor Henry McMaster, North Carolina Governor Roy Cooper, and Virginia Governor Ralph Northam regarding the incoming storm. Federal Government stands by, ready to assist 24/7.|14255|63219
realDonaldTrump|Mon Sep 10 23:17:24 +0000 2018|My people just informed me that this is one of the worst storms to hit the East Coast in many years. Also, looking like a direct hit on North Carolina, South Carolina and Virginia. Please be prepared, be careful and be SAFE!|20996|86620
realDonaldTrump|Mon Sep 10 21:52:11 +0000 2018|Was just briefed via phone by @DHSgov @SecNielsen and @FEMA @FEMA_Brock, along with @VP Mike Pence and Chief of Staff, John Kelly on incoming storm which is very dangerous. Heed the directions of your State and Local Officials - and know that WE are here for you. Be SAFE! https://t.co/sN8D5NvrBa|11514|44968
realDonaldTrump|Mon Sep 10 21:18:22 +0000 2018|Chuck Schumer is holding up 320 appointments (Ambassadors, Executives, etc.) of great people who have left jobs and given up so much in order to come into Government. Schumer and the Democrats continue to OBSTRUCT!|26776|81087
realDonaldTrump|Mon Sep 10 19:41:17 +0000 2018|To the incredible citizens of North Carolina, South Carolina and the entire East Coast - the storm looks very bad! Please take all necessary precautions. We have already began mobilizing our assets to respond accordingly, and we are here for you! https://t.co/g74cyD6b6K|26220|103715
realDonaldTrump|Mon Sep 10 19:35:06 +0000 2018|The Storms in the Atlantic are very dangerous. We encourage anyone in the path of these storms to prepare themselves and to heed the warnings of State and Local officials. The Federal Government is closely monitoring and ready to assist. We are with you!|17464|75556
realDonaldTrump|Mon Sep 10 14:42:34 +0000 2018|?President Trump would need a magic wand to get to 4% GDP,? stated President Obama. I guess I have a magic wand, 4.2%, and we will do MUCH better than this! We have just begun.|36625|133031
realDonaldTrump|Mon Sep 10 13:57:18 +0000 2018|The Economy is soooo good, perhaps the best in our country?s history (remember, it?s the economy stupid!), that the Democrats are flailing &amp; lying like CRAZY! Phony books, articles and T.V. ?hits? like no other pol has had to endure-and they are losing big. Very dishonest people!|21400|85538
realDonaldTrump|Mon Sep 10 12:36:53 +0000 2018|?It is mostly anonymous sources in here, why should anyone trust you? General Mattis, General Kelly said it?s not true.? @SavannahGuthrie  @TODAYshow  Bob Woodward is a liar who is like a Dem operative prior to the Midterms. He was caught cold, even by NBC.|14263|54462
realDonaldTrump|Mon Sep 10 11:46:35 +0000 2018|?I?m taking this book with a grain of salt &amp; everyone should do the same. Multiple sources, but almost every one of them has come out and discredited the claims made by Woodward. You cannot take this book too seriously.? Katelyn Caralle, Washington Examiner|11906|51552
realDonaldTrump|Mon Sep 10 11:35:54 +0000 2018|The White House is a ?smooth running machine.? We are making some of the biggest and most important deals in our country?s history - with many more to come! The Dems are going crazy!|15935|68729
realDonaldTrump|Mon Sep 10 11:22:29 +0000 2018|The Woodward book is a Joke - just another assault against me, in a barrage of assaults, using now disproven unnamed and anonymous sources. Many have already come forward to say the quotes by them, like the book, are fiction. Dems can?t stand losing. I?ll write the real book!|16790|73255
realDonaldTrump|Mon Sep 10 11:10:27 +0000 2018|If the Democrats had won the Election in 2016, GDP, which was about 1% and going down, would have been minus 4% instead of up 4.2%. I opened up our beautiful economic engine with Regulation and Tax Cuts. Our system was choking and would have been made worse. Still plenty to do!|15544|63312
realDonaldTrump|Mon Sep 10 11:03:40 +0000 2018|The GDP Rate (4.2%) is higher than the Unemployment Rate (3.9%) for the first time in over 100 years!|24386|87369
realDonaldTrump|Sun Sep 09 17:28:17 +0000 2018|Melania and I wish all Jewish people Shana Tova and send our warmest greetings to those celebrating Rosh Hashanah and the start of the High Holy Days... https://t.co/uMrHHX5il0|15705|65315
realDonaldTrump|Sun Sep 09 15:31:58 +0000 2018|...its commitment to denuclearize.? @FoxNews  This is a big and very positive statement from North Korea. Thank you To Chairman Kim. We will both prove everyone wrong! There is nothing like good dialogue from two people that like each other! Much better than before I took office.|17246|69158
realDonaldTrump|Sun Sep 09 15:21:22 +0000 2018|North Korea has just staged their parade, celebrating 70th anniversary of founding, without the customary display of nuclear missiles. Theme was peace and economic development. ?Experts believe that North Korea cut out the nuclear missiles to show President Trump......|20971|82072
realDonaldTrump|Sun Sep 09 14:42:41 +0000 2018|Wow, NFL first game ratings are way down over an already really bad last year comparison. Viewership declined 13%, the lowest in over a decade. If the players stood proudly for our Flag and Anthem, and it is all shown on broadcast, maybe ratings could come back? Otherwise worse!|22534|105123
realDonaldTrump|Sun Sep 09 14:12:18 +0000 2018|?Trump has set Economic Growth on fire. During his time in office, the economy has achieved feats most experts thought impossible. GDP is growing at a 3 percent-plus rate. The unemployment rate is near a 50 year low.? CNBC...Also, the Stock Market is up almost 50% since Election!|18760|76026
realDonaldTrump|Sun Sep 09 14:01:06 +0000 2018|If the U.S. sells a car into China, there is a tax of 25%. If China sells a car into the U.S., there is a tax of 2%. Does anybody think that is FAIR? The days of the U.S. being ripped-off by other nations is OVER!|32364|130869
realDonaldTrump|Sun Sep 09 13:49:20 +0000 2018|?Ford has abruptly killed a plan to sell a Chinese-made small vehicle in the U.S. because of the prospect of higher U.S. Tariffs.? CNBC.  This is just the beginning. This car can now be BUILT IN THE U.S.A. and Ford will pay no tariffs!|20190|82838
realDonaldTrump|Sun Sep 09 13:32:04 +0000 2018|?Barack Obama talked a lot about hope, but Donald Trump delivered the American Dream. All the economic indicators, what?s happening overseas, Donald Trump has proven to be far more successful than Barack Obama. President Trump is delivering the American Dream.? Jason Chaffetz|24707|93356
realDonaldTrump|Sun Sep 09 13:01:12 +0000 2018|Happy Anniversary! #ProudDeplorable https://t.co/iHyeu5a8DD|27380|86349
realDonaldTrump|Sun Sep 09 01:51:01 +0000 2018|So nice, thank you both! https://t.co/IAskDJIILo|19594|84750
realDonaldTrump|Sun Sep 09 01:47:25 +0000 2018|The Dems have tried every trick in the playbook-call me everything under the sun. But if I?m all of those terrible things, how come I beat them so badly, 306-223? Maybe they?re just not very good! The fact is they are going CRAZY only because they know they can?t beat me in 2020!|29501|123888
realDonaldTrump|Sun Sep 09 01:38:38 +0000 2018|Republicans are doing really well with the Senate Midterms. Races that we were not even thinking about winning are now very close, or even leading. Election night will be very interesting indeed!|21212|92829
realDonaldTrump|Sun Sep 09 00:07:31 +0000 2018|Our Social Media (and beyond) Stars, @DiamondandSilk, are terrific people who are doing really well. We are all very proud of them, and their great success!|19237|86598
realDonaldTrump|Sat Sep 08 21:08:41 +0000 2018|So true! ?Mr. Trump remains the single most popular figure in the Republican Party, whose fealty has helped buoy candidates in competitive Republican primaries and remains a hot commodity among general election candidates.?  Nicholas Fandos, @nytimes|16202|72758
realDonaldTrump|Sat Sep 08 15:45:28 +0000 2018|Apple prices may increase because of the massive Tariffs we may be imposing on China - but there is an easy solution where there would be ZERO tax, and indeed a tax incentive. Make your products in the United States instead of China. Start building new plants now. Exciting! #MAGA|28124|111571
realDonaldTrump|Sat Sep 08 14:51:29 +0000 2018|We are breaking all Jobs and Economic Records but, importantly, our Country has TREMENDOUS FUTURE POTENTIAL. We have just begun!|24366|102385
realDonaldTrump|Sat Sep 08 14:47:08 +0000 2018|?To this point, President Trump?s achievements are unprecedented.?  @LouDobbs|15362|67778
realDonaldTrump|Sat Sep 08 14:44:29 +0000 2018|Dave Hughes is running for Congress in the Great State of Minnesota. He will help us accomplish our America First policies, is strong on Crime, the Border, our 2nd Amendmen, Trade, Military and Vets. Running against Pelosi Liberal Puppet Petterson. Dave has my Total Endorsement!|16009|62758
realDonaldTrump|Fri Sep 07 21:39:37 +0000 2018|14 days for $28 MILLION - $2 MILLION a day, No Collusion. A great day for America!|21052|86620
realDonaldTrump|Fri Sep 07 20:16:18 +0000 2018|?Unprecedented Jobs Growth Streak Continues as Wages Rise? https://t.co/Mk0WSyjdOe|14668|56069
realDonaldTrump|Fri Sep 07 16:35:57 +0000 2018|Under our horrible immigration laws, the Government is frequently blocked from deporting criminal aliens with violent felony convictions. House GOP just passed a bill to increase our ability to deport violent felons (Crazy Dems opposed). Need to get this bill to my desk fast!|30184|111882
realDonaldTrump|Fri Sep 07 11:32:32 +0000 2018|The Woodward book is a scam. I don?t talk the way I am quoted. If I did I would not have been elected President. These quotes were made up. The author uses every trick in the book to demean and belittle. I wish the people could see the real facts - and our country is doing GREAT!|29179|125962
realDonaldTrump|Fri Sep 07 11:11:49 +0000 2018|Matt Rosendale will be a Great Senator from a Great State, Montana! He is a fighter who will be tough on Crime and the Border, fight hard for our 2nd Amendment and loves our Military and our Vets. He has my full and complete Endorsement!|15906|67938
realDonaldTrump|Fri Sep 07 10:56:38 +0000 2018|What was Nike thinking?|30042|151196
realDonaldTrump|Fri Sep 07 02:48:03 +0000 2018|Thank you Montana, I love you! https://t.co/9J4Xv2PoNw|16069|75956
realDonaldTrump|Fri Sep 07 02:38:26 +0000 2018|MAKE AMERICA GREAT AGAIN! https://t.co/RPOYiqsHHH|17382|67577
realDonaldTrump|Fri Sep 07 01:06:56 +0000 2018|Getting ready to go on stage for Matt Rosendale, who will be a great Senator. Jon Tester has let the people of Montana down &amp; does not deserve another six years. Matt is strong on Crime, the Borders, &amp; will save your Second Amendment from the onslaught. Loves our Military &amp; Vets!|16355|75159
realDonaldTrump|Thu Sep 06 23:15:20 +0000 2018|Landing in Montana now to support Matt Rosendale for U.S. Senate! #MAGA https://t.co/0MIEyWxMbW|11041|52356
realDonaldTrump|Thu Sep 06 23:12:02 +0000 2018|Are the investigative ?journalists? of the New York Times going to investigate themselves - who is the anonymous letter writer?|18800|85921
realDonaldTrump|Thu Sep 06 17:16:12 +0000 2018|Look forward to seeing everyone in Montana tonight! #MAGA https://t.co/fyHduA2Peo|13232|56156
realDonaldTrump|Thu Sep 06 14:09:32 +0000 2018|?The record is quite remarkable. The President has faithfully followed the agenda he campaigned on in 2016. People should focus on the results, and they?re extraordinary!?  James Freeman - Wall Street Journal|25234|97192
realDonaldTrump|Thu Sep 06 11:31:19 +0000 2018|Cosumer confidence highest in 18 years, Atlanta Fed forecasts 4.7 GDP, manufacturing jobs highest in many years. ?It?s the story of the Trump Administration, the Economic Success, that?s unnerving his detractors.? @MariaBartiromo|19090|76412
realDonaldTrump|Thu Sep 06 11:19:30 +0000 2018|The Deep State and the Left, and their vehicle, the Fake News Media, are going Crazy - &amp; they don?t know what to do. The Economy is booming like never before, Jobs are at Historic Highs, soon TWO Supreme Court Justices &amp; maybe Declassification to find Additional Corruption. Wow!|36365|128952
realDonaldTrump|Thu Sep 06 10:58:41 +0000 2018|Kim Jong Un of North Korea proclaims ?unwavering faith in President Trump.? Thank you to Chairman Kim. We will get it done together!|26141|110356
realDonaldTrump|Thu Sep 06 03:22:34 +0000 2018|I?m draining the Swamp, and the Swamp is trying to fight back. Don?t worry, we will win!|52753|202377
realDonaldTrump|Wed Sep 05 23:40:32 +0000 2018|Does the so-called ?Senior Administration Official? really exist, or is it just the Failing New York Times with another phony source? If the GUTLESS anonymous person does indeed exist, the Times must, for National Security purposes, turn him/her over to government at once!|31905|120273
realDonaldTrump|Wed Sep 05 22:15:09 +0000 2018|TREASON?|33981|121131
realDonaldTrump|Wed Sep 05 21:45:54 +0000 2018|The Failing New York Times! https://t.co/SHsXvYKpBf|25493|87987
realDonaldTrump|Wed Sep 05 21:10:01 +0000 2018|Today, it was my honor to welcome the Amir of Kuwait to the @WhiteHouse! https://t.co/b5iqsajpOj https://t.co/8wtucJrtEl|12194|49752
realDonaldTrump|Wed Sep 05 19:09:51 +0000 2018|Join me tomorrow night at 7:00pm MDT in Billings, Montana for a MAKE AMERICA GREAT AGAIN RALLY! Get your tickets here: https://t.co/fyHduA2Peo|14923|55469
realDonaldTrump|Wed Sep 05 13:54:35 +0000 2018|Thank you General Mattis, book is boring &amp; untrue! https://t.co/Bq79ZjF3Dk|15418|62157
realDonaldTrump|Wed Sep 05 13:51:29 +0000 2018|Thank you General Kelly, book is total fiction! https://t.co/J5iUONhRin|14790|58693
realDonaldTrump|Wed Sep 05 13:39:54 +0000 2018|Just like the NFL, whose ratings have gone WAY DOWN, Nike is getting absolutely killed with anger and boycotts. I wonder if they had any idea that it would be this way? As far as the NFL is concerned, I just find it hard to watch, and always will, until they stand for the FLAG!|27543|120862
realDonaldTrump|Wed Sep 05 13:21:07 +0000 2018|The Trump Economy is booming with help of House and Senate GOP. #FarmBill with SNAP work  requirements will bolster farmers and get America back to work. Pass the Farm Bill with SNAP work requirements!|13986|60137
realDonaldTrump|Wed Sep 05 13:20:22 +0000 2018|Almost everyone agrees that my Administration has done more in less than two years than any other Administration in the history of our Country. I?m tough as hell on people &amp; if I weren?t, nothing would get done. Also, I question everybody &amp; everything-which is why I got elected!|28838|118302
realDonaldTrump|Wed Sep 05 11:33:18 +0000 2018|Isn?t it a shame that someone can write an article or book, totally make up stories and form a picture of a person that is literally the exact opposite of the fact, and get away with it without retribution or cost. Don?t know why Washington politicians don?t change libel laws?|25540|114749
realDonaldTrump|Wed Sep 05 03:35:30 +0000 2018|?Secretary Mattis Nukes Woodward Allegations? https://t.co/H5bPjsVXNb|14591|53025
realDonaldTrump|Wed Sep 05 03:32:16 +0000 2018|Jim Mattis Calls Woodward Book 'Fiction': 'Product of Someone's Rich Imagination' https://t.co/HGMDiH98nx via @BreitbartNews|12262|46676
realDonaldTrump|Wed Sep 05 03:01:43 +0000 2018|The already discredited Woodward book, so many lies and phony sources, has me calling Jeff Sessions ?mentally retarded? and ?a dumb southerner.? I said NEITHER, never used those terms on anyone, including Jeff, and being a southerner is a GREAT thing. He made this up to divide!|22076|87174
realDonaldTrump|Wed Sep 05 02:50:19 +0000 2018|Sleepy Eyes Chuck Todd of Fake NBC News said it?s time for the Press to stop complaining and to start fighting back. Actually Chuck, they?ve been doing that from the day I announced for President. They?ve gone all out, and I WON, and now they?re going CRAZY!|26151|107529
realDonaldTrump|Tue Sep 04 23:18:08 +0000 2018|The Woodward book has already been refuted and discredited by General (Secretary of Defense) James Mattis and General (Chief of Staff) John Kelly. Their quotes were made up frauds, a con on the public. Likewise other stories and quotes. Woodward is a Dem operative? Notice timing?|23493|83811
realDonaldTrump|Tue Sep 04 22:49:35 +0000 2018|Statement from White House @PressSec, Sarah Sanders: https://t.co/mE73HSi6Rl|15809|56144
realDonaldTrump|Tue Sep 04 22:38:06 +0000 2018|Statement from White House Chief of Staff, General John Kelly: https://t.co/LUN8cDr3N5|20316|66547
realDonaldTrump|Tue Sep 04 22:37:09 +0000 2018|Statement from Secretary of Defense, James Mattis: https://t.co/OneaxKCneV|21551|67879
realDonaldTrump|Tue Sep 04 21:03:50 +0000 2018|?Judge Brett Kavanaugh is an Exceptionally Qualified and Deserving Nominee for the Supreme Court? https://t.co/nD5XZo9yIm|15183|58872
realDonaldTrump|Tue Sep 04 20:55:41 +0000 2018|Paul Cook is a decorated Marine Corps Veteran who loves and supports our Military and Vets. He is Strong on Crime, the Border, and supported Tax Cuts for the people of California. Paul has my total and complete Endorsement!|16062|64491
realDonaldTrump|Tue Sep 04 20:44:49 +0000 2018|?Pledge to America?s Workers? https://t.co/wbGZU6oi9G|10318|42975
realDonaldTrump|Tue Sep 04 20:41:38 +0000 2018|....looking to inflict pain and embarrassment to one of the most highly renowned jurists to ever appear before Congress. So sad to see!|15491|66592
realDonaldTrump|Tue Sep 04 20:41:37 +0000 2018|The Brett Kavanaugh hearings for the future Justice of the Supreme Court are truly a display of how mean, angry, and despicable the other side is. They will say anything, and are only....|21966|90520
realDonaldTrump|Tue Sep 04 20:40:28 +0000 2018|Jon Kyl will be an extraordinary Senator representing an extraordinary state, Arizona. I look forward to working with him!|12604|58447
realDonaldTrump|Tue Sep 04 18:24:52 +0000 2018|Everyone in the path of #Gordon please heed the advice of State and local officials and follow @NHC_Atlantic for updates. The Federal Government stands ready to assist. Be safe! https://t.co/sJiL4wnQID|11465|46425
realDonaldTrump|Tue Sep 04 14:58:21 +0000 2018|NBC FAKE NEWS, which is under intense scrutiny over their killing the Harvey Weinstein story, is now fumbling around making excuses for their probably highly unethical conduct. I have long criticized NBC and their journalistic standards-worse than even CNN. Look at their license?|25964|104420
realDonaldTrump|Mon Sep 03 22:20:17 +0000 2018|President Bashar al-Assad of Syria must not recklessly attack Idlib Province. The Russians and Iranians would be making a grave humanitarian mistake to take part in this potential human tragedy. Hundreds of thousands of people could be killed. Don?t let that happen!|22820|88423
realDonaldTrump|Mon Sep 03 19:21:26 +0000 2018|According to the Failing New York Times, the FBI started a major effort to flip Putin loyalists in 2014-2016. ?It wasn?t about Trump, he wasn?t even close to a candidate yet.?  Rigged Witch Hunt!|18697|72608
realDonaldTrump|Mon Sep 03 18:55:35 +0000 2018|I see that John Kerry, the father of the now terminated Iran deal, is thinking of running for President. I should only be so lucky - although the field that is currently assembling looks really good - FOR ME!|25243|111116
realDonaldTrump|Mon Sep 03 18:39:19 +0000 2018|....The Democrats, none of whom voted for Jeff Sessions, must love him now. Same thing with Lyin? James Comey. The Dems all hated him, wanted him out, thought he was disgusting - UNTIL I FIRED HIM! Immediately he became a wonderful man, a saint like figure in fact. Really sick!|23820|100043
realDonaldTrump|Mon Sep 03 18:25:25 +0000 2018|Two long running, Obama era, investigations of  two very popular Republican Congressmen were brought to a well publicized charge, just ahead of the Mid-Terms, by the Jeff Sessions Justice Department. Two easy wins now in doubt because there is not enough time. Good job Jeff......|20062|79146
realDonaldTrump|Mon Sep 03 17:50:01 +0000 2018|The U.S. is respected again! https://t.co/NtQ4vsoqnk|15052|67763
realDonaldTrump|Mon Sep 03 15:28:33 +0000 2018|Richard Trumka, the head of the AFL-CIO, represented his union poorly on television this weekend. Some of the things he said were so against the working men and women of our country, and the success of the U.S. itself, that it is easy to see why unions are doing so poorly. A Dem!|15431|63511
realDonaldTrump|Mon Sep 03 12:23:33 +0000 2018|The Worker in America is doing better than ever before. Celebrate Labor Day!|19755|93643
realDonaldTrump|Mon Sep 03 11:28:14 +0000 2018|Happy Labor Day! Our country is doing better than ever before with unemployment setting record lows. The U.S. has tremendous upside potential as we go about fixing some of the worst Trade Deals ever made by any country in the world. Big progress being made!|27878|124634
realDonaldTrump|Sun Sep 02 13:37:51 +0000 2018|....The fact is that African/American unemployment is now the lowest in the history of our country. Same with Asian, Hispanic and almost every other group. The Democrats have been all talk and no action. My Administration has already produced like no other, and everyone sees it!|32515|137655
realDonaldTrump|Sun Sep 02 13:28:20 +0000 2018|Tiger Woods showed great class in the way he answered the question about the Office of the Presidency and me. Now they say the so-called ?left? is angry at him. So sad, but the ?center &amp; right? loves Tiger, Kanye, George Foreman, Jim Brown &amp; so many other greats, even more.......|26396|125207
realDonaldTrump|Sun Sep 02 01:21:41 +0000 2018|?There is no possible way the Trump Tower meeting between Don Trump jr and a couple of Russians, who have very deep connections to both the Clintons &amp; Fusion GPS, &amp; where no information on the Clintons was exchanged, is a crime. Dems are blinded by their hatred of Trump.? Bongino|23142|95746
realDonaldTrump|Sun Sep 02 01:01:22 +0000 2018|?No information was ever given by the Trump Team to Russia, yet the Hillary Clinton campaign paid for information from Kremlin sources and just washed it through an intermediary, Christopher Steele.?  Jesse Waters|21796|82303
realDonaldTrump|Sun Sep 02 00:53:44 +0000 2018|....positions of power. That?s part of the story of the Russia Hoax. Christopher Steele is on the payroll of Hillary Clinton &amp; the FBI, &amp; when they fired him for lying, they continued to use him. Violation of FBI regulations. Kept trying to verify the unverifiable.? @GreggJarrett|16737|64062
realDonaldTrump|Sun Sep 02 00:46:41 +0000 2018|?There?s no fairness here, if you?re a Democrat or a friend of Hillary you get immunity or off scott free. If you?re connected to Donald Trump, you get people like Robert Mueller &amp; Andrew Weissman, and his team of partisans, coming after you with a vengeance and abusing their....|25222|94930
realDonaldTrump|Sat Sep 01 22:55:29 +0000 2018|We shouldn?t have to buy our friends with bad Trade Deals and Free Military Protection!|25466|108564
realDonaldTrump|Sat Sep 01 22:53:07 +0000 2018|MAKE AMERICA GREAT AGAIN!|44716|179030
realDonaldTrump|Sat Sep 01 22:51:29 +0000 2018|"No Deal! Trade Talks with Canada Conclude for the Week with No Agreement | Breitbart https://t.co/87vi7OqopY via @BreitbartNews"|11949|48975
realDonaldTrump|Sat Sep 01 15:12:25 +0000 2018|....Remember, NAFTA was one of the WORST Trade Deals ever made. The U.S. lost thousands of businesses and millions of jobs. We were far better off before NAFTA - should never have been signed. Even the Vat Tax was not accounted for. We make new deal or go back to pre-NAFTA!|19897|81834
realDonaldTrump|Sat Sep 01 15:03:28 +0000 2018|There is no political necessity to keep Canada in the new NAFTA deal. If we don?t make a fair deal for the U.S. after decades of abuse, Canada will be out. Congress should not interfere w/ these negotiations or I will simply terminate NAFTA entirely &amp; we will be far better off...|25964|105878
realDonaldTrump|Sat Sep 01 13:27:05 +0000 2018|....Donald Trump, and now we find out that there wasn?t even a hearing - that Donald Trump?s 4th Amendment right to privacy was signed away...and someone in there is swearing that this stuff is true, when it wasn?t? This is the scandal here - a police state.?  Dan Bongino|23776|85198
realDonaldTrump|Sat Sep 01 13:19:20 +0000 2018|?You have a Fake Dossier, gathered by Steele, paid by the Clinton team to get information on Trump. The Dossier is Fake, nothing in it has been verified. It then filters into our American court system in order to spy on Barrack Obama and Hillary Clinton?s political opponent......|22638|82807
realDonaldTrump|Sat Sep 01 12:32:59 +0000 2018|....of the DOJ &amp; FBI are completely out to lunch in terms of exposing and holding those accountable who are responsible for that corruption.? @TomFitton @JudicialWatch|15511|59478
realDonaldTrump|Sat Sep 01 12:26:58 +0000 2018|Report: There were no FISA hearings held over Spy documents.?It is astonishing that the FISA courts couldn?t hold hearings on Spy Warrants targeting Donald Trump. It isn?t about Carter Page, it?s about the Trump Campaign. You?ve got corruption at the DOJ &amp; FBI. The leadership....|19882|72583
realDonaldTrump|Sat Sep 01 11:21:41 +0000 2018|I love Canada, but they?ve taken advantage of our Country for many years!|17360|85182
realDonaldTrump|Sat Sep 01 11:19:04 +0000 2018|?I think today what has happened is that news reporting has become part of the adversary system.? Alan Dershowitz  It has become tainted and corrupt! DJT|17469|70989
realDonaldTrump|Sat Sep 01 02:40:23 +0000 2018|Still can?t believe that Bloomberg violated a firm OFF THE RECORD statement. Will they put out an apology?|16786|76453
realDonaldTrump|Sat Sep 01 02:36:57 +0000 2018|Great day in North Carolina where Republicans will do very well!|11739|63580
realDonaldTrump|Sat Sep 01 02:35:28 +0000 2018|The ABC/Washington Post Poll was by far the least accurate one 2 weeks out from the 2016 Election. I call it a suppression poll - but by Election Day they brought us, out of shame, to about even. They will never learn!|14813|66887
realDonaldTrump|Sat Sep 01 02:25:38 +0000 2018|.@Rasmussen_Poll just came out at 48% approval rate despite the constant and intense Fake News. Higher than Election Day and higher than President Obama. Rasmussen was one of the most accurate Election Day polls!|20407|84852
realDonaldTrump|Sat Sep 01 00:01:21 +0000 2018|https://t.co/c79zLeREOA|15267|61923
realDonaldTrump|Fri Aug 31 22:07:25 +0000 2018|?President Donald J. Trump is Strengthening Retirement Security for American Workers? https://t.co/cKeATuKXDe|14361|57470
realDonaldTrump|Fri Aug 31 18:37:04 +0000 2018|Wow, I made OFF THE RECORD COMMENTS to Bloomberg concerning Canada, and this powerful understanding was BLATANTLY VIOLATED. Oh well, just more dishonest reporting. I am used to it. At least Canada knows where I stand!|27245|120149
realDonaldTrump|Fri Aug 31 17:09:01 +0000 2018|I will be doing a major rally for Senator Ted Cruz in October. I?m picking the biggest stadium in Texas we can find. As you know, Ted has my complete and total Endorsement. His opponent is a disaster for Texas - weak on Second Amendment, Crime, Borders, Military, and Vets!|32602|122545
realDonaldTrump|Fri Aug 31 01:50:40 +0000 2018|"Thank you Indiana, I love you!
https://t.co/To6s9ViMj1"|20330|85409
realDonaldTrump|Thu Aug 30 19:59:32 +0000 2018|Throwback Thursday! #MAGA https://t.co/8slzITa1l6|27509|98414
realDonaldTrump|Thu Aug 30 18:30:04 +0000 2018|Kevin Stitt ran a great winning campaign against a very tough opponent in Oklahoma. Kevin is a very successful businessman who will be a fantastic Governor. He is strong on Crime &amp; Borders, the 2nd Amendment, &amp; loves our Military &amp; Vets. He has my complete and total Endorsement!|17056|72708
realDonaldTrump|Thu Aug 30 16:54:09 +0000 2018|CNN is working frantically to find their ?source.? Look hard because it doesn?t exist. Whatever was left of CNN?s credibility is now gone!|33057|129711
realDonaldTrump|Thu Aug 30 13:49:51 +0000 2018|Will be going to Evansville, Indiana, tonight for a big crowd rally with Mike Braun, a very successful businessman who is campaigning to be Indiana?s next U.S. Senator. He is strong on Crime &amp; Borders, the 2nd Amendment, and loves our Military &amp; Vets. Will be a big night!|18958|79369
realDonaldTrump|Thu Aug 30 13:39:00 +0000 2018|I am very excited about the person who will be taking the place of Don McGahn as White House Counsel! I liked Don, but he was NOT responsible for me not firing Bob Mueller or Jeff Sessions. So much Fake Reporting and Fake News!|14287|62373
realDonaldTrump|Thu Aug 30 13:17:48 +0000 2018|The Rigged Russia Witch Hunt did not come into play, even a little bit, with respect to my decision on Don McGahn!|12879|59846
realDonaldTrump|Thu Aug 30 12:54:13 +0000 2018|Wow, Nellie Ohr, Bruce Ohr?s wife, is a Russia expert who is fluent in Russian. She worked for Fusion GPS where she was paid a lot. Collusion! Bruce was a boss at the Department of Justice and is, unbelievably, still there!|26677|88497
realDonaldTrump|Thu Aug 30 11:56:28 +0000 2018|The only thing James Comey ever got right was when he said that President Trump was not under investigation!|16909|71559
realDonaldTrump|Thu Aug 30 11:44:28 +0000 2018|Ivanka Trump &amp; Jared Kushner had NOTHING to do with the so called ?pushing out? of Don McGahn.The Fake News Media has it, purposely,so wrong! They love to portray chaos in the White House when they know that chaos doesn?t exist-just a ?smooth running machine? with changing parts!|18604|77362
realDonaldTrump|Thu Aug 30 11:20:48 +0000 2018|The news from the Financial Markets is even better than anticipated. For all of you that have made a fortune in the markets, or seen your 401k?s rise beyond your wildest expectations, more good news is coming!|18682|81106
realDonaldTrump|Thu Aug 30 11:11:58 +0000 2018|I just cannot state strongly enough how totally dishonest much of the Media is. Truth doesn?t matter to them, they only have their hatred &amp; agenda. This includes fake books, which come out about me all the time, always anonymous sources, and are pure fiction. Enemy of the People!|31486|127460
realDonaldTrump|Thu Aug 30 11:02:16 +0000 2018|What?s going on at @CNN is happening, to different degrees, at other networks - with @NBCNews being the worst. The good news is that Andy Lack(y) is about to be fired(?) for incompetence, and much worse. When Lester Holt got caught fudging my tape on Russia, they were hurt badly!|18794|72097
realDonaldTrump|Thu Aug 30 10:50:20 +0000 2018|The hatred and extreme bias of me by @CNN has clouded their thinking and made them unable to function. But actually, as I have always said, this has been going on for a long time. Little Jeff Z has done a terrible job, his ratings suck, &amp; AT&amp;T should fire him to save credibility!|23879|100432
realDonaldTrump|Thu Aug 30 02:27:24 +0000 2018|Watch: Kanye West Says Trump Wants to Be the ?Greatest President? for Black Americans https://t.co/ECxTzVNZeG via @BreitbartNews|21009|72895
realDonaldTrump|Thu Aug 30 01:51:50 +0000 2018|...charge of the FISA court. He should direct the Presiding Judge, Rosemary Collier, to hold a hearing, haul all of these people from the DOJ &amp; FBI in there, &amp; if she finds there were crimes committed, and there were, there should be a criminal referral by her....? @GreggJarrett|20376|71001
realDonaldTrump|Thu Aug 30 01:43:30 +0000 2018|?Ohr told the FBI it (the Fake Dossier) wasn?t true, it was a lie and the FBI was determined to use it anyway to damage Trump and to perpetrate a fraud on the court to spy on the Trump campaign. This is a fraud on the court. The Chief Justice of the U.S. Supreme Court is in......|21613|73640
realDonaldTrump|Thu Aug 30 00:44:26 +0000 2018|?Lanny Davis admits being anonymous source in CNN Report.? @BretBaier  Oh well, so much for CNN saying it wasn?t Lanny. No wonder their ratings are so low, it?s FAKE NEWS!|22281|84450
realDonaldTrump|Wed Aug 29 22:43:49 +0000 2018|CNN is being torn apart from within based on their being caught in a major lie and refusing to admit the mistake. Sloppy @carlbernstein, a man who lives in the past and thinks like a degenerate fool, making up story after story, is being laughed at all over the country! Fake News|30800|116668
realDonaldTrump|Wed Aug 29 21:23:10 +0000 2018|...differences, they will be resolved in time by President Trump and China?s great President Xi Jinping. Their relationship and bond remain very strong.|10746|48143
realDonaldTrump|Wed Aug 29 21:23:10 +0000 2018|...of money on joint U.S.-South Korea war games. Besides, the President can instantly start the joint exercises again with South Korea, and Japan, if he so chooses. If he does, they will be far bigger than ever before. As for the U.S.?China trade disputes, and other...|10314|45247
realDonaldTrump|Wed Aug 29 21:23:09 +0000 2018|...considerable aid, including money, fuel, fertilizer and various other commodities. This is not helpful! Nonetheless, the President believes that his relationship with Kim Jong Un is a very good and warm one, and there is no reason at this time to be spending large amounts...|9066|33044
realDonaldTrump|Wed Aug 29 21:23:08 +0000 2018|"STATEMENT FROM THE WHITE HOUSE

President Donald J. Trump feels strongly that North Korea is under tremendous pressure from China because of our major trade disputes with the Chinese Government. At the same time, we also know that China is providing North Korea with..."|15908|61533
realDonaldTrump|Wed Aug 29 20:55:45 +0000 2018|#StopTheBias https://t.co/xqz599iQZw|40232|108524
realDonaldTrump|Wed Aug 29 15:12:23 +0000 2018|How the hell is Bruce Ohr still employed at the Justice Department? Disgraceful!  Witch Hunt!|26277|102092
realDonaldTrump|Wed Aug 29 14:56:38 +0000 2018|Consumer Confidence Index, just out, is the HIGHEST IN 18 YEARS! Also, GDP revised upward to 4.2 from 4.1. Our country is doing great!|20819|80858
realDonaldTrump|Wed Aug 29 14:30:35 +0000 2018|White House Counsel Don McGahn will be leaving his position in the fall, shortly after the confirmation (hopefully) of Judge Brett Kavanaugh to the United States Supreme Court. I have worked with Don for a long time and truly appreciate his service!|12776|61675
realDonaldTrump|Wed Aug 29 12:52:05 +0000 2018|Martha McSally is an extraordinary woman. She was a very talented fighter jet pilot and is now a highly respected member of Congress. She is Strong on Crime, the Border and our  under siege 2nd Amendment. Loves our Military and our Vets. Has my total and complete Endorsement!|14062|61740
realDonaldTrump|Wed Aug 29 12:41:38 +0000 2018|When you see ?anonymous source,? stop reading the story, it is fiction!|38318|149284
realDonaldTrump|Wed Aug 29 12:40:05 +0000 2018|?Anonymous Sources are really starting to BURN the media.? @FoxNews The fact is that many anonymous sources don?t even exist. They are fiction made up by the Fake News reporters. Look at the lie that Fake CNN is now in. They got caught red handed! Enemy of the People!|29346|104349
realDonaldTrump|Wed Aug 29 12:23:18 +0000 2018|Big Election Wins last night! The Republican Party will MAKE AMERICA GREAT AGAIN! Actually, it is happening faster than anybody thought possible! It is morphing into KEEP AMERICA GREAT!|17994|75088
realDonaldTrump|Wed Aug 29 12:18:10 +0000 2018|?Hillary Clinton and the DNC paid for information from the Russian government to use against her government - there?s no doubt about that!? @TuckerCarlson|20231|71583
realDonaldTrump|Wed Aug 29 12:12:38 +0000 2018|?The Obama people did something that?s never been done...They spied on a rival presidential campaign. Would it be OK if Trump did it next? I am losing faith that our system is on the level. I?m beginning to think it is rotten &amp; corrupt. Scary stuff Obama did.? @TuckerCarlson  DOJ|26130|85029
realDonaldTrump|Wed Aug 29 12:00:37 +0000 2018|Not only did Congressman Ron DeSantis easily win the Republican Primary, but his opponent in November is his biggest dream....a failed Socialist Mayor named Andrew Gillum who has allowed crime &amp; many other problems to flourish in his city. This is not what Florida wants or needs!|18804|72620
realDonaldTrump|Wed Aug 29 04:44:54 +0000 2018|Martha McSally, running in the Arizona Primary for U.S. Senate, was endorsed by rejected Senator Jeff Flake....and turned it down - a first! Now Martha, a great U.S. Military fighter jet pilot and highly respected member of Congress, WINS BIG. Congratulations, and on to November!|15079|69468
realDonaldTrump|Wed Aug 29 04:11:45 +0000 2018|Hillary Clinton?s Emails, many of which are Classified Information, got hacked by China. Next move better be by the FBI &amp; DOJ or, after all of their other missteps (Comey, McCabe, Strzok, Page, Ohr, FISA, Dirty Dossier etc.), their credibility will be forever gone!|31077|99415
realDonaldTrump|Wed Aug 29 02:26:35 +0000 2018|New Poll - A majority of Americans think that John Brennan and James Comey should have their Security Clearances Revoked. Not surprised! @FoxNews|24006|102379
realDonaldTrump|Wed Aug 29 02:19:58 +0000 2018|Our new Trade Deal with Mexico focuses on FARMERS, GROWTH for our country, tearing down TRADE BARRIERS, JOBS and having companies continue to POUR BACK INTO OUR COUNTRY. It will be a big hit!|18871|79664
realDonaldTrump|Wed Aug 29 01:21:59 +0000 2018|Add the 2026 World Cup to our long list of accomplishments!|18036|96361
realDonaldTrump|Wed Aug 29 01:16:58 +0000 2018|Report just out: ?China hacked Hillary Clinton?s private Email Server.? Are they sure it wasn?t Russia (just kidding!)? What are the odds that the FBI and DOJ are right on top of this? Actually, a very big story. Much classified information!|37225|124585
realDonaldTrump|Wed Aug 29 00:48:11 +0000 2018|Congratulations to Governor Rick Scott of Florida on his conclusive Republican Primary Win. He will be a great Senator!|15629|71968
realDonaldTrump|Wed Aug 29 00:32:05 +0000 2018|Such a fantastic win for Ron DeSantis and the people of the Great State of Florida. Ron will be a fantastic Governor. On to November!|18593|81778
realDonaldTrump|Tue Aug 28 20:50:34 +0000 2018|https://t.co/H2FiSVxyOF|12540|54644
realDonaldTrump|Tue Aug 28 17:28:28 +0000 2018|?Consumer confidence pops in August to highest level since October 2000? https://t.co/1Gg5IOtbNa|16658|64583
realDonaldTrump|Tue Aug 28 15:02:51 +0000 2018|....results on ?Trump News? are from National Left-Wing Media, very dangerous. Google &amp; others are suppressing voices of Conservatives and hiding information and news that is good. They are controlling what we can &amp; cannot see. This is a very serious situation-will be addressed!|20396|73773
realDonaldTrump|Tue Aug 28 15:02:49 +0000 2018|Google search results for ?Trump News? shows only the viewing/reporting of Fake News Media. In other words, they have it RIGGED, for me &amp; others, so that almost all stories &amp; news is BAD. Fake CNN is prominent. Republican/Conservative &amp; Fair Media is shut out. Illegal? 96% of....|27100|94969
realDonaldTrump|Tue Aug 28 14:21:08 +0000 2018|I smile at Senators and others talking about how good free trade is for the U.S. What they don?t say is that we lose Jobs and over 800 Billion Dollars a year on really dumb Trade Deals....and these same countries Tariff us to death. These lawmakers are just fine with this!|24464|91242
realDonaldTrump|Tue Aug 28 09:57:51 +0000 2018|NASDAQ has just gone above 8000 for the first time in history!|28373|121273
realDonaldTrump|Tue Aug 28 09:54:32 +0000 2018|?President Trump has done more for minority groups in this country than any president in decades.?  @LouDobbs|19547|80377
realDonaldTrump|Tue Aug 28 01:18:38 +0000 2018|VOTE FOR RON! https://t.co/80NShvQ73u|19366|70047
realDonaldTrump|Mon Aug 27 22:07:50 +0000 2018|.@FLOTUS Melania and I were honored to welcome the President of the Republic of Kenya, @UKenyatta and Mrs. Margaret Kenyatta to the @WhiteHouse today! https://t.co/ZU5MovNKt8|16696|71865
realDonaldTrump|Mon Aug 27 18:11:20 +0000 2018|United States-Mexico Trade Agreement: https://t.co/E1AzveYPli https://t.co/ZYbHt1pD8a|15814|60103
realDonaldTrump|Mon Aug 27 17:22:07 +0000 2018|Governor Doug Ducey of Arizona is doing a great job. It would be really nice to show your support tomorrow by voting for him in Tuesdays Primary. Doug is strong on Crime, the Border, and our Second Amendment. Loves our Military &amp; our Vets. He has my full and complete Endorsement.|18656|73270
realDonaldTrump|Mon Aug 27 17:20:15 +0000 2018|Congressman Ron DeSantis is a special person who has done an incredible job. He is running in Tuesdays Primary for Governor of Florida?.Strong on Crime, Borders and wants Low Taxes. He will be a great Governor and has my full and total Endorsement!|18962|69717
realDonaldTrump|Mon Aug 27 17:19:20 +0000 2018|Rick Scott of Florida is doing a fantastic job as Governor. Jobs are pouring into the State and its economic health is better than ever before. He is strong on Crime, Borders, and loves our Military and Vets. Vote for Rick on Tuesday!|18049|72158
realDonaldTrump|Mon Aug 27 13:39:02 +0000 2018|A big deal looking good with Mexico!|22022|113881
realDonaldTrump|Mon Aug 27 13:37:39 +0000 2018|The Fake News Media worked hard to get Tiger Woods to say something that he didn?t want to say. Tiger wouldn?t play the game - he is very smart. More importantly, he is playing great golf again!|30636|154250
realDonaldTrump|Mon Aug 27 12:57:37 +0000 2018|Thank you to the great @JimBrownNFL32, perhaps the greatest running back of all time, for your wonderful words and support. Since our meeting in New York, African-American UNEMPLOYMENT has reached the LOWEST LEVEL IN HISTORY. You get it!|21199|87025
realDonaldTrump|Mon Aug 27 00:39:38 +0000 2018|Over 90% approval rating for your all time favorite (I hope) President within the Republican Party and 52% overall. This despite all of the made up stories by the Fake News Media trying endlessly to make me look as bad and evil as possible. Look at the real villains please!|43475|181597
realDonaldTrump|Sun Aug 26 22:01:33 +0000 2018|?Mainstream Media tries to rewrite history to credit Obama for Trump accomplishments. Since President Trump took office, the economy is booming. The stronger the economy gets, the more desperate his critics are. O had weakest recovery since Great Depression.? @WashTimes|30201|113566
realDonaldTrump|Sun Aug 26 14:31:06 +0000 2018|Fantastic numbers on consumer spending released on Friday. Stock Market hits all time high!|22391|107026
realDonaldTrump|Sun Aug 26 14:27:16 +0000 2018|...And it will get, as I have always said, much better from even here! https://t.co/El26RzBjpG|17876|77546
realDonaldTrump|Sun Aug 26 00:44:13 +0000 2018|My deepest sympathies and respect go out to the family of Senator John McCain. Our hearts and prayers are with you!|39262|220232
realDonaldTrump|Sat Aug 25 23:45:48 +0000 2018|Stock Market hit all time high on Friday. Congratulations U.S.A.!|27464|136778
realDonaldTrump|Sat Aug 25 13:22:28 +0000 2018|Our relationship with Mexico is getting closer by the hour. Some really good people within both the new and old government, and all working closely together....A big Trade Agreement with Mexico could be happening soon!|21730|99090
realDonaldTrump|Sat Aug 25 13:14:15 +0000 2018|?The FBI looked at less than 1%? of Crooked?s Emails!|29129|102739
realDonaldTrump|Sat Aug 25 13:11:28 +0000 2018|?The FBI only looked at 3000 of 675,000 Crooked Hillary Clinton Emails.? They purposely didn?t look at the disasters. This news is just out. @FoxNews|34071|109952
realDonaldTrump|Sat Aug 25 13:05:42 +0000 2018|Big story out that the FBI ignored tens of thousands of Crooked Hillary Emails, many of which are REALLY BAD. Also gave false election info. I feel sure that we will soon be getting to the bottom of all of this corruption. At some point I may have to get involved!|42217|153676
realDonaldTrump|Sat Aug 25 12:46:18 +0000 2018|.@LindseyGrahamSC  ?Every President deserves an Attorney General they have confidence in. I believe every President has a right to their Cabinet, these are not lifetime appointments. You serve at the pleasure of the President.?|18494|76983
realDonaldTrump|Sat Aug 25 12:36:33 +0000 2018|Jeff Sessions said he wouldn?t allow politics to influence him only because he doesn?t understand what is happening underneath his command position. Highly conflicted Bob Mueller and his gang of 17 Angry Dems are having a field day as real corruption goes untouched. No Collusion!|24589|94932
realDonaldTrump|Sat Aug 25 12:16:53 +0000 2018|Michaels Cohen?s attorney clarified the record, saying his client does not know if President Trump knew about the Trump Tower meeting (out of which came nothing!). The answer is that I did NOT know about the meeting. Just another phony story by the Fake News Media!|21814|81555
realDonaldTrump|Sat Aug 25 03:35:21 +0000 2018|Happy birthday Vince, you are truly one of the greats! https://t.co/b8zV5MfojY|13183|66769
realDonaldTrump|Sat Aug 25 02:13:13 +0000 2018|Great #StateDinner2018 in Ohio tonight! Together, we are MAKING AMERICA GREAT AGAIN! https://t.co/ALU1PHEsvh|12739|52972
realDonaldTrump|Sat Aug 25 00:40:21 +0000 2018|Great to see the Senate working on solutions to end the secrecy around ridiculously high drug prices, something I called for in my drug pricing Blueprint. Will now work with the House to help American patients! #AmericanPatientsFirst|17782|71793
realDonaldTrump|Sat Aug 25 00:27:13 +0000 2018|Congratulations to new Australian Prime Minister Scott Morrison. There are no greater friends than the United States and Australia!|14687|79401
realDonaldTrump|Sat Aug 25 00:20:53 +0000 2018|I spoke with Governor David Ige of Hawaii today to express our full support for the people of Hawaii as the State is impacted by #HurricaneLane. The Federal Government is fully committed to helping the people of Hawaii. https://t.co/P35yAAovIk|10478|52807
realDonaldTrump|Fri Aug 24 23:26:02 +0000 2018|Thank you. I love you Ohio! https://t.co/RQ9Gj0SETz|13412|61248
realDonaldTrump|Fri Aug 24 17:36:02 +0000 2018|...Secretary Pompeo looks forward to going to North Korea in the near future, most likely after our Trading relationship with China is resolved. In the meantime I would like to send my warmest regards and respect to Chairman Kim. I look forward to seeing him soon!|12926|58452
realDonaldTrump|Fri Aug 24 17:36:01 +0000 2018|...Additionally, because of our much tougher Trading stance with China, I do not believe they are helping with the process of denuclearization as they once were (despite the UN Sanctions which are in place)...|11582|54226
realDonaldTrump|Fri Aug 24 17:36:00 +0000 2018|I have asked Secretary of State Mike Pompeo not to go to North Korea, at this time, because I feel we are not making sufficient progress with respect to the denuclearization of the Korean Peninsula...|18017|79401
realDonaldTrump|Fri Aug 24 16:10:25 +0000 2018|https://t.co/0a25gApyJ6|16108|63017
realDonaldTrump|Fri Aug 24 11:34:13 +0000 2018|Social Media Giants are silencing millions of people. Can?t do this even if it means we must continue to hear Fake News like CNN, whose ratings have suffered gravely. People have to figure out what is real, and what is not, without censorship!|53438|185134
realDonaldTrump|Fri Aug 24 11:10:13 +0000 2018|Ex-NSA contractor to spend 63 months in jail over ?classified? information. Gee, this is ?small potatoes? compared to what Hillary Clinton did! So unfair Jeff, Double Standard.|30169|106593
realDonaldTrump|Fri Aug 24 10:28:37 +0000 2018|....FISA abuse, Christopher Steele &amp; his phony and corrupt Dossier, the Clinton Foundation, illegal surveillance of Trump Campaign, Russian collusion by Dems - and so much more. Open up the papers &amp; documents without redaction? Come on Jeff, you can do it, the country is waiting!|29742|104685
realDonaldTrump|Fri Aug 24 10:17:34 +0000 2018|?Department of Justice will not be improperly influenced by political considerations.? Jeff, this is GREAT, what everyone wants, so look into all of the corruption on the ?other side? including deleted Emails, Comey lies &amp; leaks, Mueller conflicts, McCabe, Strzok, Page, Ohr......|32800|111143
realDonaldTrump|Fri Aug 24 10:04:45 +0000 2018|Our Economy is setting records on virtually every front - Probably the best our country has ever done. Tremendous value created since the Election. The World is respecting us again! Companies are moving back to the U.S.A.|20631|84869
realDonaldTrump|Fri Aug 24 09:57:15 +0000 2018|Target CEO raves about the Economy. ?This is the best consumer environment I?ve seen in my career.? A big statement from a top executive. But virtually everybody is saying this, &amp; when our Trade Deals are made, &amp; cost cutting done, you haven?t seen anything yet!  @DRUDGE_REPORT|17392|70195
realDonaldTrump|Fri Aug 24 04:21:37 +0000 2018|...And according to Polls, would do even better today! https://t.co/NAzQOIFW6o|16574|71628
realDonaldTrump|Thu Aug 23 21:10:31 +0000 2018|...Cindy has voted for our Agenda in the Senate 100% of the time and has my complete and total Endorsement. We need Cindy to win in Mississippi!|12973|55390
realDonaldTrump|Thu Aug 23 21:10:30 +0000 2018|.@cindyhydesmith has helped me put America First! She?s strong on the Wall, is helping me create Jobs, loves our Vets and fights for our conservative judges...|14772|65005
realDonaldTrump|Thu Aug 23 19:21:04 +0000 2018|I have authorized an emergency disaster declaration to provide Hawaii the necessary support ahead of #HurricaneLane. Our teams are closely coordinating with the state and local authorities. You are in our thoughts! https://t.co/lrhwbdUavj|14312|63730
realDonaldTrump|Thu Aug 23 18:08:19 +0000 2018|It was my great honor to host the Foreign Investment Risk Review Modernization Act Roundtable today at the @WhiteHouse! https://t.co/TjtI7ddtZM|11075|52320
realDonaldTrump|Thu Aug 23 16:02:32 +0000 2018|https://t.co/6ZG0P6FRs5|10399|45112
realDonaldTrump|Thu Aug 23 15:39:43 +0000 2018|https://t.co/6v90Th0zl1|11123|46585
realDonaldTrump|Thu Aug 23 13:44:47 +0000 2018|https://t.co/3PAVDdfJJr|14137|58834
realDonaldTrump|Thu Aug 23 05:10:08 +0000 2018|NO COLLUSION - RIGGED WITCH HUNT!|26787|118994
realDonaldTrump|Thu Aug 23 02:28:45 +0000 2018|I have asked Secretary of State @SecPompeo to closely study the South Africa land and farm seizures and expropriations and the large scale killing of farmers. ?South African Government is now seizing land from white farmers.? @TuckerCarlson @FoxNews|46095|135637
realDonaldTrump|Thu Aug 23 00:56:35 +0000 2018|The only thing that I have done wrong is to win an election that was expected to be won by Crooked Hillary Clinton and the Democrats. The problem is, they forgot to campaign in numerous states!|37865|154800
realDonaldTrump|Thu Aug 23 00:51:38 +0000 2018|I will be interviewed on @foxandfriends by @ainsleyearhardt tomorrow from 6:00 A.M. to 9:00 A.M.  Enjoy!|10908|53045
realDonaldTrump|Wed Aug 22 23:01:24 +0000 2018|https://t.co/15ibBbf34U|13462|55023
realDonaldTrump|Wed Aug 22 22:24:57 +0000 2018|https://t.co/wYCNmkkaNR|16935|62122
realDonaldTrump|Wed Aug 22 20:07:29 +0000 2018|Longest bull run in the history of the stock market, congratulations America!|24039|106341
realDonaldTrump|Wed Aug 22 20:05:05 +0000 2018|https://t.co/mJtO0AFLus|8853|36491
realDonaldTrump|Wed Aug 22 16:13:34 +0000 2018|https://t.co/OGqKufBeHn|15438|62420
realDonaldTrump|Wed Aug 22 15:05:30 +0000 2018|Everyone in the path of #HurricaneLane please prepare yourselves, heed the advice of State and local officials, and follow @NWSHonolulu for updates. Be safe! https://t.co/kCwtL8UxNI|11352|45879
realDonaldTrump|Wed Aug 22 13:52:33 +0000 2018|Thank you to Democrat Assemblyman Dov Hikind of New York for your very gracious remarks on @foxandfriends for our deporting a longtime resident Nazi back to Germany! Others worked on this for decades.|14049|66158
realDonaldTrump|Wed Aug 22 13:37:34 +0000 2018|Michael Cohen plead guilty to two counts of campaign finance violations that are not a crime. President Obama had a big campaign finance violation and it was easily settled!|26787|99644
realDonaldTrump|Wed Aug 22 13:34:16 +0000 2018|A large number of counts, ten, could not even be decided in the Paul Manafort case. Witch Hunt!|13615|63684
realDonaldTrump|Wed Aug 22 13:21:29 +0000 2018|I feel very badly for Paul Manafort and his wonderful family. ?Justice? took a 12 year old tax case, among other things, applied tremendous pressure on him and, unlike Michael Cohen, he refused to ?break? - make up stories in order to get a ?deal.? Such respect for a brave man!|22657|96678
realDonaldTrump|Wed Aug 22 12:44:08 +0000 2018|If anyone is looking for a good lawyer, I would strongly suggest that you don?t retain the services of Michael Cohen!|36931|151457
realDonaldTrump|Wed Aug 22 00:45:19 +0000 2018|Thank you West Virginia. I love you! https://t.co/K1OQ98wOh4|17279|80954
realDonaldTrump|Wed Aug 22 00:38:32 +0000 2018|MAKING AMERICA GREAT AGAIN! https://t.co/gZqP81bclE|17536|70961
realDonaldTrump|Tue Aug 21 21:32:31 +0000 2018|Just landed in West Virginia. Big crowd, looking forward to seeing everyone soon! #MAGA|13861|78120
realDonaldTrump|Tue Aug 21 15:22:04 +0000 2018|Join me tonight at the Charleston Civic Center in West Virginia at 7:00pmE! Tickets: https://t.co/OX8gGhdmg9|10666|46404
realDonaldTrump|Tue Aug 21 14:56:31 +0000 2018|To the incredible people of the Great State of Wyoming: Go VOTE TODAY for Foster Friess - He will be a fantastic Governor! Strong on Crime, Borders &amp; 2nd Amendment. Loves our Military &amp; our Vets. He has my complete and total Endorsement!|18559|77680
realDonaldTrump|Tue Aug 21 14:15:18 +0000 2018|Bill DeBlasio, the high taxing Mayor of NYC, just stole my campaign slogan: PROMISES MADE  PROMISES KEPT! That?s not at all nice. No imagination! @foxandfriends|19390|79914
realDonaldTrump|Tue Aug 21 11:57:19 +0000 2018|Big Rally tonight in West Virginia. Patrick Morrisey is running a GREAT race for U.S. Senate. I have done so much for West Virginia, against all odds, and having Patrick, a real fighter, by my side, would make things so much easier. See you later. CLEAN COAL!!!!|17482|75158
realDonaldTrump|Tue Aug 21 11:41:46 +0000 2018|I am sorry to have to reiterate that there are serious and unpleasant consequences to crossing the Border into the United States ILLEGALLY! If there were no serious consequences, our country would be overrun with people trying to get in, and our system could not handle it!|26632|110527
realDonaldTrump|Tue Aug 21 11:10:49 +0000 2018|Fake News, of which there is soooo much (this time the very tired New Yorker) falsely reported that I was going to take the extraordinary step of denying Intelligence Briefings to President Obama. Never discussed or thought of!|16463|71689
realDonaldTrump|Tue Aug 21 10:55:03 +0000 2018|Even James Clapper has admonished John Brennan for having gone totally off the rails. Maybe Clapper is being nice to me so he doesn?t lose his Security Clearance for lying to Congress!|18087|78185
realDonaldTrump|Tue Aug 21 10:38:19 +0000 2018|A Blue Wave means Crime and Open Borders. A Red Wave means Safety and Strength!|28713|101891
realDonaldTrump|Tue Aug 21 03:53:49 +0000 2018|I am hearing so many great things about the Republican Party?s California Gubernatorial Candidate, John Cox. He is a very successful businessman who is tired of high Taxes &amp; Crime. He will Make California Great Again &amp;  make you proud of your Great State again. Total Endorsement!|21376|84888
realDonaldTrump|Tue Aug 21 03:40:49 +0000 2018|Will be going to the Great State of West Virginia on Tuesday Night to campaign &amp; do a Rally Speech for a hard working and spectacular person, A.G. Patrick Morrisey, who is running for the U.S. Senate. Patrick has great Energy &amp; Stamina-I need his VOTE to MAGA. Total Endorsement!|15114|63698
realDonaldTrump|Tue Aug 21 02:06:08 +0000 2018|Just watched former Intelligence Official Phillip Mudd become totally unglued and weird while debating wonderful @PARISDENNARD over Brennan?s Security Clearance. Dennard destroyed him but Mudd is in no mental condition to have such a Clearance. Should be REVOKED? @seanhannity|21649|82470
realDonaldTrump|Tue Aug 21 01:46:12 +0000 2018|.@DianeHarkey is an extraordinary woman of great accomplishment &amp; potential. She is running as a very popular Republican for the Congressional seat of my friend Darrell Issa-with his complete support. Diane is strong on crime, loves our Military &amp; Vets-has my total Endorsement!|13676|55053
realDonaldTrump|Mon Aug 20 23:49:27 +0000 2018|https://t.co/PeF12D2IqJ|15523|59699
realDonaldTrump|Mon Aug 20 17:14:59 +0000 2018|It is outrageous that Poisonous Synthetic Heroin Fentanyl comes pouring into the U.S. Postal System from China. We can, and must, END THIS NOW! The Senate should pass the STOP ACT ? and firmly STOP this poison from killing our children and destroying our country. No more delay!|28450|104162
realDonaldTrump|Mon Aug 20 14:46:15 +0000 2018|?Bruce Ohr is at the center of FALSE ALLEGATIONS which led to a multi-million dollar investigation into what apparently didn?t happen.? Darrell Issa, House Oversight. We can take out the word ?apparently.?  @FoxNews|17791|67324
realDonaldTrump|Mon Aug 20 14:36:23 +0000 2018|Will Bruce Ohr, whose family received big money for helping to create the phony, dirty and discredited Dossier, ever be fired from the Jeff Sessions  ?Justice? Department? A total joke!|21372|80901
realDonaldTrump|Mon Aug 20 14:23:57 +0000 2018|Everybody wants to keep their Security Clearance, it?s worth great prestige and big dollars, even board seats, and that is why certain people are coming forward to protect Brennan. It certainly isn?t because of the good job he did! He is a political ?hack.?|27139|104664
realDonaldTrump|Mon Aug 20 14:13:19 +0000 2018|I hope John Brennan, the worst CIA Director in our country?s history, brings a lawsuit. It will then be very easy to get all of his records, texts, emails and documents to show not only the poor job he did, but how he was involved with the Mueller Rigged Witch Hunt. He won?t sue!|30908|113967
realDonaldTrump|Mon Aug 20 11:48:12 +0000 2018|Where?s the Collusion? They made up a phony crime called Collusion, and when there was no Collusion they say there was Obstruction (of a phony crime that never existed). If you FIGHT BACK or say anything bad about the Rigged Witch Hunt, they scream Obstruction!|24170|94668
realDonaldTrump|Mon Aug 20 11:38:44 +0000 2018|....looking for trouble. They are enjoying ruining people?s lives and REFUSE to look at the real corruption on the Democrat side - the lies, the firings, the deleted Emails and soooo much more! Mueller?s Angry Dems are looking to impact the election. They are a National Disgrace!|21582|82918
realDonaldTrump|Mon Aug 20 11:28:45 +0000 2018|Disgraced and discredited Bob Mueller and his whole group of Angry Democrat Thugs spent over 30 hours with the White House Councel, only with my approval, for purposes of transparency. Anybody needing that much time when they know there is no Russian Collusion is just someone....|18754|75754
realDonaldTrump|Sun Aug 19 12:24:38 +0000 2018|Study the late Joseph McCarthy, because we are now in period with Mueller and his gang that make Joseph McCarthy look like a baby! Rigged Witch Hunt!|24680|96743
realDonaldTrump|Sun Aug 19 12:14:44 +0000 2018|Some members of the media are very Angry at the Fake Story in the New York Times. They actually called to complain and apologize - a big step forward. From the day I announced, the Times has been Fake News, and with their disgusting new Board Member, it will only get worse!|22592|88492
realDonaldTrump|Sun Aug 19 12:06:43 +0000 2018|The Failing New York Times wrote a story that made it seem like the White House Councel had TURNED on the President, when in fact it is just the opposite - &amp; the two Fake reporters knew this. This is why the Fake News Media has become the Enemy of the People. So bad for America!|26500|99803
realDonaldTrump|Sun Aug 19 11:30:41 +0000 2018|No Collusion and No Obstruction, except by Crooked Hillary and the Democrats. All of the resignations and corruption, yet heavily conflicted Bob Mueller refuses to even look in that direction. What about the Brennan, Comey, McCabe, Strzok lies to Congress, or Crooked?s Emails!|29840|116497
realDonaldTrump|Sun Aug 19 11:15:12 +0000 2018|....and have demanded transparency so that this Rigged and Disgusting Witch Hunt can come to a close. So many lives have been ruined over nothing - McCarthyism at its WORST! Yet Mueller &amp; his gang of Dems refuse to look at the real crimes on the other side - Media is even worse!|19912|80786
realDonaldTrump|Sun Aug 19 11:01:47 +0000 2018|The failing @nytimes wrote a Fake piece today implying that because White House Councel Don McGahn was giving hours of testimony to the Special Councel, he must be a John Dean type ?RAT.? But I allowed him and all others to testify - I didn?t have to. I have nothing to hide......|17726|71684
realDonaldTrump|Sat Aug 18 22:12:30 +0000 2018|I allowed White House Counsel Don McGahn, and all other requested members of the White House Staff, to fully cooperate with the Special Counsel. In addition we readily gave over one million pages of documents. Most transparent in history. No Collusion, No Obstruction. Witch Hunt!|24084|95528
realDonaldTrump|Sat Aug 18 21:51:11 +0000 2018|The United States has ended the ridiculous 230 Million Dollar yearly development payment to Syria. Saudi Arabia and other rich countries in the Middle East will start making payments instead of the U.S. I want to develop the U.S., our military and countries that help us!|39801|158410
realDonaldTrump|Sat Aug 18 19:39:35 +0000 2018|https://t.co/TfRmZA8RWQ|18864|75931
realDonaldTrump|Sat Aug 18 13:39:28 +0000 2018|The Economy is stronger and better than ever before. Importantly, there remains tremendous potential - it will only get better with time!|22636|108877
realDonaldTrump|Sat Aug 18 13:34:49 +0000 2018|Great Job  Rachel Campos-Duffy on @foxandfriends.|8570|48439
realDonaldTrump|Sat Aug 18 13:12:43 +0000 2018|Has anyone looked at the mistakes that John Brennan made while serving as CIA Director? He will go down as easily the WORST in history &amp; since getting out, he has become nothing less than a loudmouth, partisan, political hack who cannot be trusted with the secrets to our country!|29514|116009
realDonaldTrump|Sat Aug 18 13:06:30 +0000 2018|https://t.co/5kIR5EggBp|16550|66230
realDonaldTrump|Sat Aug 18 11:46:14 +0000 2018|All of the fools that are so focused on looking only at Russia should start also looking in another direction, China. But in the end, if we are smart, tough and well prepared, we will get along with everyone!|20691|87364
realDonaldTrump|Sat Aug 18 11:40:11 +0000 2018|....Too many voices are being destroyed, some good &amp; some bad, and that cannot be allowed to happen. Who is making the choices, because I can already tell you that too many mistakes are being made. Let everybody participate, good &amp; bad, and we will all just have to figure it out!|27818|106826
realDonaldTrump|Sat Aug 18 11:32:17 +0000 2018|.....Censorship is a very dangerous thing &amp; absolutely impossible to police. If you are weeding out Fake News, there is nothing so Fake as CNN &amp; MSNBC, &amp; yet I do not ask that their sick behavior be removed. I get used to it and watch with a grain of salt, or don?t watch at all..|33656|125359
realDonaldTrump|Sat Aug 18 11:23:00 +0000 2018|Social Media is totally discriminating against Republican/Conservative voices. Speaking loudly and clearly for the Trump Administration, we won?t let that happen. They are closing down the opinions of many people on the RIGHT, while at the same time doing nothing to others.......|36904|114327
realDonaldTrump|Sat Aug 18 01:47:44 +0000 2018|....financial gain is a Federal Gratuity Statute Violation, Bribery Statute Violation, Honest Services Violation....all Major Crimes....because the DOJ is run by BLANK Jeff Sessions......?  Gregg Jarrett.  So when does Mueller do what must be done? Probably never! @FoxNews|17809|70387
realDonaldTrump|Sat Aug 18 01:46:26 +0000 2018|?Bruce Ohr of DOJ is in legal jeopardy, it?s astonishing that he?s still employed. Bruce &amp; Nelly Ohr?s bank account is getting fatter &amp; fatter because of the Dossier that they are both peddling. He doesn?t disclose it under Fed Regs. Using your Federal office for personal.......|21533|77845
realDonaldTrump|Fri Aug 17 22:29:15 +0000 2018|?Fox News has learned that Bruce Ohr wrote Christopher Steele following the firing of James Comey saying that he was afraid the anti-Trump Russia probe will be exposed.?  Charles Payne  @FoxBusiness   How much more does Mueller have to see? They have blinders on - RIGGED!|28007|93972
realDonaldTrump|Fri Aug 17 21:25:20 +0000 2018|https://t.co/TmICRUV9uo|21957|81393
realDonaldTrump|Fri Aug 17 19:25:53 +0000 2018|...I say Andrew?s was a bigger and more incompetent blunder. He should easily win his race against a Super Liberal Actress, but his political career is over!|12367|56893
realDonaldTrump|Fri Aug 17 19:25:52 +0000 2018|Which is worse, Hightax Andrew Cuomo's statement, ?WE?RE NOT GOING TO MAKE AMERICA GREAT AGAIN, IT WAS NEVER THAT GREAT? or Hillary Clinton?s ?DEPLORABLES? statement...|18609|76306
realDonaldTrump|Fri Aug 17 14:17:03 +0000 2018|When a politician admits that ?We?re not going to make America great again,? there doesn?t seem to be much reason to ever vote for him. This could be a career threatening statement by Andrew Cuomo, with many wanting him to resign-he will get higher ratings than his brother Chris!|21878|88710
realDonaldTrump|Fri Aug 17 14:10:25 +0000 2018|Wow! Big pushback on Governor Andrew Cuomo of New York for his really dumb statement about America?s lack of greatness. I have already MADE America Great Again, just look at the markets, jobs, military- setting records, and we will do even better. Andrew ?choked? badly, mistake!|21168|90531
realDonaldTrump|Fri Aug 17 12:38:52 +0000 2018|The U.S. has more than double the growth rate than it had 18 months ago.|19547|87381
realDonaldTrump|Fri Aug 17 12:29:24 +0000 2018|Just announced, youth unemployment is at a 50 year low!  @foxandfriends|19532|88631
realDonaldTrump|Fri Aug 17 12:10:05 +0000 2018|....attend the big parade already scheduled at Andrews Air Force Base on a different date, &amp; go to the Paris parade, celebrating the end of the War, on November 11th. Maybe we will do something next year in D.C. when the cost comes WAY DOWN. Now we can buy some more jet fighters!|15466|70597
realDonaldTrump|Fri Aug 17 11:57:56 +0000 2018|The local politicians who run Washington, D.C. (poorly) know a windfall when they see it. When asked to give us a price for holding a great celebratory military parade, they wanted a number so ridiculously high that I cancelled it. Never let someone hold you up! I will instead...|18462|83016
realDonaldTrump|Fri Aug 17 11:44:01 +0000 2018|How does a politician, Cuomo, known for pushing people and businesses out of his state, not to mention having the highest taxes in the U.S., survive making the statement, WE?RE NOT GOING TO MAKE AMERICA GREAT AGAIN, IT WAS NEVER THAT GREAT? Which section of the sentence is worse?|20616|78003
realDonaldTrump|Fri Aug 17 11:30:55 +0000 2018|In speaking with some of the world?s top business leaders I asked what it is that would make business (jobs) even better in the U.S. ?Stop quarterly reporting &amp; go to a six month system,? said one. That would allow greater flexibility &amp; save money. I have asked the SEC to study!|16739|75838
realDonaldTrump|Fri Aug 17 02:04:03 +0000 2018|.....released in 2017. If his statement is based on intelligence he has seen since leaving office, it constitutes an intelligence breach......?  Richard Burr (R-NC) Senate Intel Cmte Chair  @LouDobbs|13699|53729
realDonaldTrump|Fri Aug 17 01:54:54 +0000 2018|?Director Brennan?s recent statements purport to know as fact that the Trump campaign colluded with a foreign power. If Director Brennan?s statement is based on intelligence he received while leading the CIA, why didn?t he include it in the Intelligence Community Assessment......|18992|71371
realDonaldTrump|Fri Aug 17 01:49:11 +0000 2018|?....An incredibly corrupt FBI &amp; DOJ trying to steer the outcome of a Presidential Election. Brennan has gone off the deep end, he?s disgraced and discredited himself. His conduct has been outrageous.? Chris Farrell, Judicial Watch.|21633|83178
realDonaldTrump|Fri Aug 17 00:56:42 +0000 2018|How can ?Senator? Richard Blumenthal, who went around for twenty years as a Connecticut politician bragging that he was a great Marine war hero in Vietnam (then got caught and sobbingly admitted he was neither a Marine nor ever in Vietnam), pass judgement on anyone? Loser!|30068|110361
realDonaldTrump|Fri Aug 17 00:45:22 +0000 2018|.@TuckerCarlson speaking of John Brennan: ?How did somebody so obviously limited intellectually get to be CIA Director in the first place?? Now that is a really good question! Then followed by ?Richard Blumenthal of Connecticut is a FAKE War Hero...? So true, a total Fake!|19042|72845
realDonaldTrump|Thu Aug 16 23:53:55 +0000 2018|?Very concerned about Comey?s firing, afraid they will be exposed,? said Bruce Ohr. DOJ?s Emails &amp; Notes show Bruce Ohr?s connection to (phony &amp; discredited) Trump Dossier. A creep thinking he would get caught in a dishonest act. Rigged Witch Hunt!|21645|76887
realDonaldTrump|Thu Aug 16 23:45:01 +0000 2018|?While Steele shopped the document to multiple media outlets, he also asked for help with a RUSSIAN Oligarch.?  Catherine Herridge of @FoxNews  @LouDobbs  In other words, they were colluding with Russia!|17830|62805
realDonaldTrump|Thu Aug 16 23:37:15 +0000 2018|?The FBI received documents from Bruce Ohr (of the Justice Department &amp; whose wife Nelly worked for Fusion GPS).? Disgraced and fired FBI Agent Peter Strzok. This is too crazy to be believed! The Rigged Witch Hunt has zero credibility.|21096|79477
realDonaldTrump|Thu Aug 16 23:30:26 +0000 2018|Turkey has taken advantage of the United States for many years. They are now holding our wonderful Christian Pastor, who I must now ask to represent our Country as a great patriot hostage. We will pay nothing for the release of an innocent man, but we are cutting back on Turkey!|23068|86925
realDonaldTrump|Thu Aug 16 18:55:35 +0000 2018|Thank you for the kind words Omarosa! https://t.co/PMmNG6iIsi|25380|86229
realDonaldTrump|Thu Aug 16 18:43:22 +0000 2018|Great @Cabinet meeting today at the @WhiteHouse! https://t.co/RwOhQF9SEv|10761|52945
realDonaldTrump|Thu Aug 16 15:36:26 +0000 2018|The Queen of Soul, Aretha Franklin, is dead. She was a great woman, with a wonderful gift from God, her voice. She will be missed!|27668|147328
realDonaldTrump|Thu Aug 16 14:10:17 +0000 2018|There is nothing that I would want more for our Country than true FREEDOM OF THE PRESS. The fact is that the Press is FREE to write and say anything it wants, but much of what it says is FAKE NEWS, pushing a political agenda or just plain trying to hurt people. HONESTY WINS!|36485|135245
realDonaldTrump|Thu Aug 16 14:00:00 +0000 2018|The Boston Globe, which was sold to the the Failing New York Times for 1.3 BILLION DOLLARS (plus 800 million dollars in losses &amp; investment), or 2.1 BILLION DOLLARS, was then sold by the Times for 1 DOLLAR. Now the Globe is in COLLUSION with other papers on free press. PROVE IT!|16750|66703
realDonaldTrump|Thu Aug 16 12:50:44 +0000 2018|THE FAKE NEWS MEDIA IS THE OPPOSITION PARTY. It is very bad for our Great Country....BUT WE ARE WINNING!|25285|105151
realDonaldTrump|Thu Aug 16 12:43:33 +0000 2018|Our Economy is doing better than ever. Money is pouring into our cherished DOLLAR like rarely before, companies earnings are higher than ever, inflation is low &amp; business optimism is higher than it has ever been. For the first time in many decades, we are protecting our workers!|21965|91785
realDonaldTrump|Thu Aug 16 02:40:42 +0000 2018|?I?d strip the whole bunch of them. They?re all corrupt. They?ve all abused their power. They?ve all betrayed the American people with a political agenda. They tried to steal and influence an election in the United States.? @seanhannity|29431|109995
realDonaldTrump|Thu Aug 16 02:31:58 +0000 2018|Mark Levin ?When they had power they didn?t stop the Russians, the Chinese, the North Koreans, they funded the Iranians &amp; are responsible for the greatest scandal in American history by interfering with our election &amp; trying to undermine the Trump Campaign and Trump Presidency.?|30939|102594
realDonaldTrump|Thu Aug 16 02:02:16 +0000 2018|?WE?RE NOT GOING TO MAKE AMERICA GREAT AGAIN, IT WAS NEVER THAT GREAT.? Can you believe this is the Governor of the Highest Taxed State in the U.S., Andrew Cuomo, having a total meltdown!|34802|127718
realDonaldTrump|Thu Aug 16 01:14:17 +0000 2018|?Hillary Clinton clearly got a pass by the FBI. We have the unfortunate situation where they then decided they were going to frame Donald Trump? concerning the Rigged Witch Hunt. JOE DIGENOVA, former U.S. Attorney.|24286|93144
realDonaldTrump|Thu Aug 16 01:00:41 +0000 2018|?John Brennan is a stain on the Country, we deserve better than this.? Former Secret Service Agent and author of new book, ?Spygate, the Attempted Sabotage of Donald J. Trump,? Dan Bongino. Thank you Dan, and good luck with the book!|24766|93925
realDonaldTrump|Wed Aug 15 18:34:17 +0000 2018|Chuck Schumer, I agree! https://t.co/KfoLkQU5Hv|31104|87635
realDonaldTrump|Wed Aug 15 15:04:16 +0000 2018|Our Country was built on Tariffs, and Tariffs are now leading us to great new Trade Deals - as opposed to the horrible and unfair Trade Deals that I inherited as your President. Other Countries should not be allowed to come in and steal the wealth of our great U.S.A. No longer!|20039|82501
realDonaldTrump|Wed Aug 15 14:57:20 +0000 2018|Happy Birthday to the leader of the Democrat Party, Maxine Waters!|18580|93462
realDonaldTrump|Wed Aug 15 14:15:07 +0000 2018|?The action (the Strzok firing) was a decisive step in the right direction in correcting the wrongs committed by what has been described as Comey?s skinny inner circle.?  Chris Swecker, former FBI Assistant Director.|16678|69946
realDonaldTrump|Wed Aug 15 14:08:18 +0000 2018|The Rigged Russian Witch Hunt goes on and on as the ?originators and founders? of this scam continue to be fired and demoted for their corrupt and illegal activity. All credibility is gone from this terrible Hoax, and much more will be lost as it proceeds. No Collusion!|19212|78590
realDonaldTrump|Wed Aug 15 13:51:12 +0000 2018|My friend and very early supporter Kris Kobach won the Republican Nomination for Governor of Kansas last night in a tough race against a very fine opponent. Kris will win in November and be a great Governor. He has my complete and total Endorsement!|11783|56109
realDonaldTrump|Wed Aug 15 13:39:35 +0000 2018|It is about time that Connecticut had a real and talented Governor. Bob Stefanowski is the person needed to do the job. Tough on crime, Bob is also a big cutter of Taxes. He will win in November and make a Great Governor, a major difference maker. Bob has my total Endorsement!|14382|62970
realDonaldTrump|Wed Aug 15 13:31:30 +0000 2018|.@PeteStauber won big last night in Minnesota. A big star in Hockey, he will be an even bigger star in politics. It all begins with a win in November. Pete has my complete and total Endorsement!|10058|47315
realDonaldTrump|Wed Aug 15 13:18:43 +0000 2018|?People who enter the United States without our permission are illegal aliens and illegal aliens should not be treated the same as people who entered the U.S. legally.? Chuck Schumer in 2009, before he went left and haywire!  @foxandfriends|24304|86442
realDonaldTrump|Wed Aug 15 13:14:19 +0000 2018|Congratulations to Bryan Steil on a wonderful win last night. You will be replacing a great guy in Paul Ryan, and your win in November will make the entire State of Wisconsin very proud. You have my complete and total Endorsement!|10001|47070
realDonaldTrump|Wed Aug 15 13:12:48 +0000 2018|Jeff Johnson of Minnesota had a big night in winning the Republican nomination for Governor against a very strong and well known opponent! Thanks for all of the support you showed me. You have my complete and total Endorsement. You will win in November!|10454|48933
realDonaldTrump|Wed Aug 15 13:07:05 +0000 2018|Scott Walker is very special and will have another great win in November. He has done a fantastic job as Governor of Wisconsin and will always have my full support and Endorsement!|10757|50219
realDonaldTrump|Wed Aug 15 12:54:11 +0000 2018|Congratulations to Leah Vukmir of Wisconsin on your great win last night. You beat a very tough and good competitor and will make a fantastic Senator after winning in November against someone who has done very little. You have my complete and total Endorsement!|10442|49427
realDonaldTrump|Wed Aug 15 12:30:38 +0000 2018|Great Republican election results last night. So far we have the team we want. 8 for 9 in Special Elections. Red Wave!|19417|91798
realDonaldTrump|Tue Aug 14 18:21:51 +0000 2018|?Hope and Change in an Alabama Coal Mine? https://t.co/IwLEO9ff9X|12794|54466
realDonaldTrump|Tue Aug 14 13:15:58 +0000 2018|Lou Dobbs: ?This cannot go forward...this Special Counsel with all of his conflicts, with his 17 Angry Democrats, without any evidence of collusion by the Trump Campaign and Russia. The Dems are the ones who should be investigated.? Thank you Lou, so true!|20999|82386
realDonaldTrump|Tue Aug 14 13:10:30 +0000 2018|Strzok started the illegal Rigged Witch Hunt - why isn?t this so-called ?probe? ended immediately? Why aren?t these angry and conflicted Democrats instead looking at Crooked Hillary?|22089|91212
realDonaldTrump|Tue Aug 14 13:01:50 +0000 2018|Fired FBI Agent Peter Strzok is a fraud, as is the rigged investigation he started. There was no Collusion or Obstruction with Russia, and everybody, including the Democrats, know it. The only Collusion and Obstruction was by Crooked Hillary, the Democrats and the DNC!|24165|97118
realDonaldTrump|Tue Aug 14 12:06:55 +0000 2018|?They were all in on it, clear Hillary Clinton and FRAME Donald Trump for things he didn?t do.? Gregg Jarrett on @foxandfriends  If we had a real Attorney General, this Witch Hunt would never have been started! Looking at the wrong people.|19714|73888
realDonaldTrump|Tue Aug 14 11:55:01 +0000 2018|Bruce Ohr of the ?Justice? Department (can you believe he is still there) is accused of helping disgraced Christopher Steele ?find dirt on Trump.? Ohr?s wife, Nelly, was in on the act big time - worked for Fusion GPS on Fake Dossier. @foxandfriends|17200|66161
realDonaldTrump|Tue Aug 14 11:42:11 +0000 2018|Another terrorist attack in London...These animals are crazy and must be dealt with through toughness and strength!|30743|131332
realDonaldTrump|Tue Aug 14 11:31:11 +0000 2018|When you give a crazed, crying lowlife a break, and give her a job at the White House, I guess it just didn?t work out. Good work by General Kelly for quickly firing that dog!|21502|92316
realDonaldTrump|Tue Aug 14 11:13:26 +0000 2018|....should be shut down. The Strzok firing shows that the fundamental underpinnings of the investigation were corrupt. It should be shut down by the courts or by honest prosecutors.? Thank you Judicial Watch, I couldn?t have said it better myself!|15654|66607
realDonaldTrump|Tue Aug 14 11:07:00 +0000 2018|....guy was corrupt and had anti-Trump animus. Strzok and others at the FBI should be criminally investigated for the way the conducted this investigation. Instead, Mueller is pretending nothing went wrong. He used Strzok, he used the Clinton DNC Dossier...the whole thing....|14077|57866
realDonaldTrump|Tue Aug 14 10:59:33 +0000 2018|Tom Fitton of Judicial Watch: ?The Strzok firing is as much about the Mueller operation as anything else. There would be no Mueller Special Councel to investigate so called collusion but for the machinations of Strzok &amp; his colleagues at the top levels of the FBI. We know this...|18844|75686
realDonaldTrump|Tue Aug 14 01:57:55 +0000 2018|....such wonderful and powerful things about me - a true Champion of Civil Rights - until she got fired. Omarosa had Zero credibility with the Media (they didn?t want interviews) when she worked in the White House. Now that she says bad about me, they will talk to her. Fake News!|16941|74858
realDonaldTrump|Tue Aug 14 01:50:05 +0000 2018|.@MarkBurnettTV called to say that there are NO TAPES of the Apprentice where I used such a terrible and disgusting word as attributed by Wacky and Deranged Omarosa. I don?t have that word in my vocabulary, and never have. She made it up. Look at her MANY recent quotes saying....|16367|66840
realDonaldTrump|Tue Aug 14 01:37:40 +0000 2018|https://t.co/Gm9KE8cHpS|17147|70521
realDonaldTrump|Tue Aug 14 01:37:19 +0000 2018|Scott Walker of Wisconsin is a tremendous Governor who has done incredible things for that Great State. He has my complete &amp; total Endorsement! He brought the amazing Foxconn to Wisconsin with its 15,000 Jobs-and so much more. Vote for Scott on Tuesday in the Republican Primary!|18485|76162
realDonaldTrump|Tue Aug 14 00:11:32 +0000 2018|?Trump?s foreign policy is actually boosting America?s standing? https://t.co/oC7Xs38uRo|15205|62767
realDonaldTrump|Mon Aug 13 22:36:15 +0000 2018|It was my great honor to sign our new Defense Bill into law and to pay tribute to the greatest soldiers in the history of the world: THE U.S. ARMY. The National Defense Authorization Act is the most significant investment in our Military and our warfighters in modern history! https://t.co/M6VI1c0Sgx|15230|66440
realDonaldTrump|Mon Aug 13 20:42:37 +0000 2018|Pete Stauber is running for Congress in Minnesota. He will make for a great Congressman. Pete is strong on crime and borders, loves our Military, Vets and Second Amendment. Vote for Pete tomorrow. He has my full and total Endorsement!|16574|63387
realDonaldTrump|Mon Aug 13 19:37:25 +0000 2018|Great to be in Fort Drum, New York with our HEROES! https://t.co/Ke54QGZbU7|10982|50120
realDonaldTrump|Mon Aug 13 18:19:29 +0000 2018|Just landed at Fort Drum, New York. Looking forward to making a speech about our GREAT HEROES!|10936|63880
realDonaldTrump|Mon Aug 13 17:11:21 +0000 2018|Brooks Koepka just won his third Golf Major, and he did it not only with his powerful game, but with his powerful mind. He has been a man of steel on the Tour and will have many Victories, including Majors, ahead of him. Congrats to Brooks and his great team on a job well done!|10384|70290
realDonaldTrump|Mon Aug 13 16:13:11 +0000 2018|Wacky Omarosa already has a fully signed Non-Disclosure Agreement!|14745|66905
realDonaldTrump|Mon Aug 13 16:09:41 +0000 2018|Just fired Agent Strzok, formerly of the FBI, was in charge of the Crooked Hillary Clinton sham investigation. It was a total fraud on the American public and should be properly redone!|28916|114704
realDonaldTrump|Mon Aug 13 16:04:51 +0000 2018|Agent Peter Strzok was just fired from the FBI - finally. The list of bad players in the FBI &amp; DOJ gets longer &amp; longer. Based on the fact that Strzok was in charge of the Witch Hunt, will it be dropped? It is a total Hoax. No Collusion, No Obstruction - I just fight back!|24104|94982
realDonaldTrump|Mon Aug 13 15:12:31 +0000 2018|The very unpopular Governor of Ohio (and failed presidential candidate) @JohnKasich hurt Troy Balderson?s recent win by tamping down enthusiasm for an otherwise great candidate. Even Kasich?s Lt. Governor lost Gov. race because of his unpopularity. Credit to Troy on the BIG WIN!|14854|64792
realDonaldTrump|Mon Aug 13 14:21:46 +0000 2018|While I know it?s ?not presidential? to take on a lowlife like Omarosa, and while I would rather not be doing so, this is a modern day form of communication and I know the Fake News Media will be working overtime to make even Wacky Omarosa look legitimate as possible. Sorry!|23133|107631
realDonaldTrump|Mon Aug 13 13:50:27 +0000 2018|...really bad things. Nasty to people &amp; would constantly miss meetings &amp; work. When Gen. Kelly came on board he told me she was a loser &amp; nothing but problems. I told him to try working it out, if possible, because she only said GREAT things about me - until she got fired!|18329|81003
realDonaldTrump|Mon Aug 13 13:27:08 +0000 2018|Wacky Omarosa, who got fired 3 times on the Apprentice, now got fired for the last time. She never made it, never will. She begged me for a job, tears in her eyes, I said Ok. People in the White House hated her. She was vicious, but not smart. I would rarely see her but heard....|20367|87754
realDonaldTrump|Sun Aug 12 13:25:55 +0000 2018|?Seems like the Department of Justice (and FBI) had a program to keep Donald Trump from becoming President?. @DarrellIssa  @foxandfriends  If this had happened to the other side, everybody involved would be in jail. This is a Media coverup of the biggest story of our time.|33752|106966
realDonaldTrump|Sun Aug 12 12:57:39 +0000 2018|Many @harleydavidson owners plan to boycott the company if manufacturing moves overseas. Great! Most other companies are coming in our direction, including Harley competitors. A really bad move! U.S. will soon have a level playing field, or better.|18373|84420
realDonaldTrump|Sun Aug 12 12:34:06 +0000 2018|.@GovMikeHuckabee ?Your paycheck is bigger, your pension is stronger.? @foxandfriends  Unemployment numbers are better than they have been in 50 years, &amp; perhaps ever. Our country is booming like never before - and it will get even better! Many companies moving back to the U.S.A.|22273|95305
realDonaldTrump|Sun Aug 12 12:24:12 +0000 2018|.@JudgeJeanine  ?Bob Mueller, isn?t your whole investigation premised on a Fake Dossier, paid for by Hillary, created by a man who hates Donald Trump, &amp; used to con a FISA Court Judge. Bob, I really think it?s time for you to give up your phony investigation.? No Collusion!|24253|91837
realDonaldTrump|Sun Aug 12 01:51:10 +0000 2018|Bikers for Trump at Bedminster earlier today. Thank you! https://t.co/GWN56gYGT3|22636|99816
realDonaldTrump|Sat Aug 11 18:59:17 +0000 2018|Hundreds of Bikers for Trump just joined me at Bedminster. Quite a scene - great people who truly love our Country!|26243|134052
realDonaldTrump|Sat Aug 11 18:54:36 +0000 2018|....Do you believe Nelly worked for Fusion and her husband STILL WORKS FOR THE DEPARTMENT OF ?JUSTICE.? I have never seen anything so Rigged in my life. Our A.G. is scared stiff and Missing in Action. It is all starting to be revealed - not pretty. IG Report soon?  Witch Hunt!|30320|106462
realDonaldTrump|Sat Aug 11 18:28:48 +0000 2018|The big story that the Fake News Media refuses to report is lowlife Christopher Steele?s many meetings with Deputy A.G. Bruce Ohr and his beautiful wife, Nelly. It was Fusion GPS that hired Steele to write the phony &amp; discredited Dossier, paid for by Crooked Hillary &amp; the DNC....|25219|88688
realDonaldTrump|Sat Aug 11 13:41:16 +0000 2018|I am proud to have fought for and secured the LOWEST African American and Hispanic unemployment rates in history. Now I?m pushing for prison reform to give people who have paid their debt to society a second chance. I will never stop fighting for ALL Americans!|36288|152466
realDonaldTrump|Sat Aug 11 13:26:32 +0000 2018|The riots in Charlottesville a year ago resulted in senseless death and division. We must come together as a nation. I condemn all types of racism and acts of violence. Peace to ALL Americans!|32975|136390
realDonaldTrump|Sat Aug 11 13:18:06 +0000 2018|.....Will the FBI ever recover it?s once stellar reputation, so badly damaged by Comey, McCabe, Peter S and his lover, the lovely Lisa Page, and other top officials now dismissed or fired? So many of the great men and women of the FBI have been hurt by these clowns and losers!|25553|105192
realDonaldTrump|Sat Aug 11 13:17:09 +0000 2018|Why isn?t the FBI giving Andrew McCabe text messages  to Judicial Watch or appropriate governmental authorities. FBI said they won?t give up even one (I may have to get involved, DO NOT DESTROY). What are they hiding? McCabe wife took big campaign dollars from Hillary people.....|22370|80994
realDonaldTrump|Fri Aug 10 23:12:58 +0000 2018|Deal with Mexico is coming along nicely. Autoworkers and farmers must be taken care of or there will be no deal. New President of Mexico has been an absolute gentleman. Canada must wait. Their Tariffs and Trade Barriers are far too high. Will tax cars if we can?t make a deal!|24705|101101
realDonaldTrump|Fri Aug 10 22:58:05 +0000 2018|Thank you to Kanye West and the fact that he is willing to tell the TRUTH. One new and great FACT - African American unemployment is the lowest ever recorded in the history of our Country. So honored by this. Thank you Kanye for your support. It is making a big difference!|35792|148007
realDonaldTrump|Fri Aug 10 22:47:45 +0000 2018|Had a very good phone call with @EmmanuelMacron, President of France. Discussed various subjects, in particular Security and Trade. Many other calls and conversations today. Looking forward to dinner tonight with Tim Cook of Apple. He is investing big dollars in U.S.A.|16380|79878
realDonaldTrump|Fri Aug 10 21:30:43 +0000 2018|Democrats, please do not distance yourselves from Nancy Pelosi. She is a wonderful person whose ideas &amp; policies may be bad, but who should definitely be given a 4th chance. She is trying very hard &amp; has every right to take down the Democrat Party if she has veered too far left!|32569|141089
realDonaldTrump|Fri Aug 10 12:47:42 +0000 2018|I have just authorized a doubling of Tariffs on Steel and Aluminum with respect to Turkey as their currency, the Turkish Lira, slides rapidly downward against our very strong Dollar! Aluminum will now be 20% and Steel 50%. Our relations with Turkey are not good at this time!|37370|122032
realDonaldTrump|Fri Aug 10 12:32:40 +0000 2018|.....Be happy, be cool! A football game, that fans are paying soooo much money to watch and enjoy, is no place to protest. Most of that money goes to the players anyway. Find another way to protest. Stand proudly for your National Anthem or be Suspended Without Pay!|34509|171043
realDonaldTrump|Fri Aug 10 12:18:55 +0000 2018|The NFL players are at it again - taking a knee when they should be standing proudly for the National Anthem. Numerous players, from different teams, wanted to show their ?outrage? at something that most of them are unable to define. They make a fortune doing what they love......|25430|111488
realDonaldTrump|Fri Aug 10 11:49:48 +0000 2018|.@MariaBartiromo  ?No evidence to launch even an investigation into potential collusion between Donald Trump and the Russians - and here we are, a year and a half later.?|18372|75997
realDonaldTrump|Thu Aug 09 22:50:31 +0000 2018|Jenna Ellis  ?FBI thought they wouldn?t get caught because they thought that Hillary was going to win. There is overt bias and that depends on whether you are Democrat or Republican - a double standard that needs to stop.?|29351|112106
realDonaldTrump|Thu Aug 09 19:43:25 +0000 2018|@LindseyGrahamSC  ?Why didn?t the FBI tell President Trump that they had concerns about Carter Page? Is there a double standard here?? They told Senator Diane Feinstein that she had a spy - but not Trump. Is that entrapment or did they just want to use Page as an excuse to SPY?|6697|13621
realDonaldTrump|Thu Aug 09 17:00:42 +0000 2018|Congressman Ted Yoho of Florida is doing a fantastic job and has my complete and total Endorsement! Tough on Crime and Borders, Ted was really helpful on Tax Cuts. Vote all the way for Ted in the upcoming Primary - he will never let you down!|18178|77775
realDonaldTrump|Thu Aug 09 16:03:30 +0000 2018|Space Force all the way!|37804|144682
realDonaldTrump|Thu Aug 09 16:02:33 +0000 2018|This is an illegally brought Rigged Witch Hunt run by people who are totally corrupt and/or conflicted. It was started and paid for by Crooked Hillary and the Democrats. Phony Dossier, FISA disgrace and so many lying and dishonest people already fired. 17 Angry Dems? Stay tuned!|26356|101570
realDonaldTrump|Thu Aug 09 13:22:39 +0000 2018|?There has been no evidence whatsoever that Donald Trump or the campaign was involved in any kind of collusion to fix the 2016 election. In fact the evidence is the opposite, that Hillary Clinton &amp; the Democrats colluded with the Russians to fix the 2016 election.? @GrahamLedger|26307|100487
realDonaldTrump|Wed Aug 08 18:51:39 +0000 2018|RED WAVE!|32144|135172
realDonaldTrump|Wed Aug 08 18:07:43 +0000 2018|Congratulations to @LenaEpstein of Michigan on a job well done. Also, thanks for your great support!|11322|61503
realDonaldTrump|Wed Aug 08 15:25:55 +0000 2018|As long as I campaign and/or support Senate and House candidates (within reason), they will win! I LOVE the people, &amp; they certainly seem to like the job I?m doing. If I find the time, in between China, Iran, the Economy and much more, which I must, we will have a giant Red Wave!|21345|95179
realDonaldTrump|Wed Aug 08 15:14:26 +0000 2018|The Republicans have now won 8 out of 9 House Seats, yet if you listen to the Fake News Media you would think we are being clobbered. Why can?t they play it straight, so unfair to the Republican Party and in particular, your favorite President!|35941|152528
realDonaldTrump|Wed Aug 08 14:31:14 +0000 2018|5 for 5!|19545|94994
realDonaldTrump|Wed Aug 08 04:28:09 +0000 2018|Congratulations to Josh Hawley on your big Senate Primary win in Missouri. I look forward to working with you toward a big win in November. We need you in Washington!|16065|76900
realDonaldTrump|Wed Aug 08 03:52:43 +0000 2018|Congratulations to Bill Schuette. You will have a Big win in November and be a tremendous Governor for the Great State of Michigan. Lots of car and other companies moving back!|16380|80559
realDonaldTrump|Wed Aug 08 03:23:54 +0000 2018|Congratulations to a future STAR of the Republican Party, future Senator John James. A big and bold victory tonight in the Great State of Michigan - the first of many. November can?t come fast enough!|23654|107410
realDonaldTrump|Wed Aug 08 03:18:36 +0000 2018|.....Congratulations to Troy Balderson on a great win in Ohio. A very special and important race!|16703|83335
realDonaldTrump|Wed Aug 08 02:59:39 +0000 2018|When I decided to go to Ohio for Troy Balderson, he was down in early voting 64 to 36. That was not good. After my speech on Saturday night, there was a big turn for the better. Now Troy wins a great victory during a very tough time of the year for voting. He will win BIG in Nov.|20581|100315
realDonaldTrump|Tue Aug 07 18:25:13 +0000 2018|Today, on the 236th anniversary of the Purple Heart, we honor the members of our Armed Forces for serving as the vanguard of American democracy and freedom around the world. #PurpleHeartDay https://t.co/NghmQ4BOKh|16850|74925
realDonaldTrump|Tue Aug 07 10:46:45 +0000 2018|Ohio, vote today for Troy Balderson for Congress. His opponent, controlled by Nancy Pelosi, is weak on Crime, the Border, Military, Vets, your 2nd Amendment - and will end your Tax Cuts. Troy will be a great Congressman. #MAGA|22211|84507
realDonaldTrump|Tue Aug 07 09:31:46 +0000 2018|The Iran sanctions have officially been cast. These are the most biting sanctions ever imposed, and in November they ratchet up to yet another level. Anyone doing business with Iran will NOT be doing business with the United States. I am asking for WORLD PEACE, nothing less!|36914|136773
realDonaldTrump|Mon Aug 06 21:53:42 +0000 2018|California wildfires are being magnified &amp; made so much worse by the bad environmental laws which aren?t allowing massive amounts of readily available water to be properly utilized. It is being diverted into the Pacific Ocean. Must also tree clear to stop fire from spreading!|18170|77978
realDonaldTrump|Mon Aug 06 21:46:47 +0000 2018|Democrats want Open Borders and they want to abolish ICE, the brave men and women that are protecting our Country from some of the most vicious and dangerous people on earth! Sorry, we can?t let that happen! Also, change the rules in the Senate and approve STRONG Border Security!|24640|95003
realDonaldTrump|Mon Aug 06 19:13:42 +0000 2018|John James is a potential Republican Star who has a Senate primary election tomorrow in Michigan. If he becomes the Republican candidate, he will beat the Open Borders, weak on Crime, Democrat, Debbie Stabenow. Vote for John James and Make America Great Again!|20643|75195
realDonaldTrump|Mon Aug 06 17:43:57 +0000 2018|Governor Jerry Brown must allow the Free Flow of the vast amounts of water coming from the North and foolishly being diverted into the Pacific Ocean. Can be used for fires, farming and everything else. Think of California with plenty of Water - Nice! Fast Federal govt. approvals.|19451|75081
realDonaldTrump|Mon Aug 06 15:48:40 +0000 2018|Kris Kobach, a strong and early supporter of mine, is running for Governor of the Great State of Kansas.  He is a fantastic guy who loves his State and our Country - he will be a GREAT Governor and has my full &amp; total Endorsement! Strong on Crime, Border &amp; Military. VOTE TUESDAY!|18306|76641
realDonaldTrump|Mon Aug 06 14:52:46 +0000 2018|Great financial numbers being announced on an almost daily basis. Economy has never been better, jobs at best point in history. Fixing our terrible Trade Deals is a priority-and going very well. Immigration on Merit Based System to take care of the companies coming back to U.S.A.|17719|74813
realDonaldTrump|Mon Aug 06 14:25:56 +0000 2018|....a law firm, eventually Kremlin connected sources, to gather info on Donald Trump. Collusion is very real with Russia, but only with Hillary and the Democrats, and we should demand a full investigation.? Dan Bongino on @foxandfriends  Looking forward to the new IG Report!|18197|70577
realDonaldTrump|Mon Aug 06 14:13:10 +0000 2018|?Collusion with Russia was very real. Hillary Clinton and her team 100% colluded with the Russians, and so did Adam Schiff who is on tape trying to collude with what he thought was Russians to obtain compromising material on DJT. We also know that Hillary Clinton paid through....|25011|86683
realDonaldTrump|Sun Aug 05 20:01:17 +0000 2018|Presidential Approval numbers are very good - strong economy, military and just about everything else. Better numbers than Obama at this point, by far. We are winning on just about every front and for that reason there will not be a Blue Wave, but there might be a Red Wave!|29032|135361
realDonaldTrump|Sun Aug 05 12:49:21 +0000 2018|Too bad a large portion of the Media refuses to report the lies and corruption having to do with the Rigged Witch Hunt - but that is why we call them FAKE NEWS!|21950|92927
realDonaldTrump|Sun Aug 05 12:45:56 +0000 2018|...Why aren?t Mueller and the 17 Angry Democrats looking at the meetings concerning the Fake Dossier and all of the lying that went on in the FBI and DOJ? This is the most one sided Witch Hunt in the history of our country. Fortunately, the facts are all coming out, and fast!|26253|103865
realDonaldTrump|Sun Aug 05 12:35:43 +0000 2018|Fake News reporting, a complete fabrication, that I am concerned about the meeting my wonderful son, Donald, had in Trump Tower. This was a meeting to get information on an opponent, totally legal and done all the time in politics - and it went nowhere. I did not know about it!|20437|83065
realDonaldTrump|Sun Aug 05 12:06:25 +0000 2018|..Because of Tariffs we will be able to start paying down large amounts of the $21 Trillion in debt that has been accumulated, much by the Obama Administration, while at the same time reducing taxes for our people. At minimum, we will make much better Trade Deals for our country!|19614|81608
realDonaldTrump|Sun Aug 05 11:59:29 +0000 2018|Tariffs are working big time. Every country on earth wants to take wealth out of the U.S., always to our detriment. I say, as they come,Tax them. If they don?t want to be taxed, let them make or build the product in the U.S. In either event, it means jobs and great wealth.....|16471|75003
realDonaldTrump|Sun Aug 05 11:38:12 +0000 2018|The Fake News hates me saying that they are the Enemy of the People only because they know it?s TRUE. I am providing a great service by explaining this to the American People. They purposely cause great division &amp; distrust. They can also cause War! They are very dangerous &amp; sick!|33502|124486
realDonaldTrump|Sun Aug 05 01:43:01 +0000 2018|...Danny O?Connor is a total puppet for Nancy Pelosi and Maxine Waters ? Danny wants to raise your taxes, open your borders, and take away your 2nd Amendment. Vote for Troy on Tuesday!|15035|62994
realDonaldTrump|Sun Aug 05 01:43:00 +0000 2018|A great night in Ohio?s 12th Congressional District with Troy Balderson! Troy loves Ohio, and he loves the people of Ohio. He will be fighting for you all the way...|16347|78459
realDonaldTrump|Sun Aug 05 00:28:25 +0000 2018|Thank you Ohio. I love you! https://t.co/HYSaQOB6GW|13832|61300
realDonaldTrump|Sat Aug 04 20:53:39 +0000 2018|Iran, and it?s economy, is going very bad, and fast! I will meet, or not meet, it doesn?t matter - it is up to them!|18491|86927
realDonaldTrump|Sat Aug 04 20:28:09 +0000 2018|Heading to Ohio!|9040|64406
realDonaldTrump|Sat Aug 04 20:03:39 +0000 2018|....China, which is for the first time doing poorly against us, is spending a fortune on ads and P.R. trying to convince and scare our politicians to fight me on Tariffs- because they are really hurting their economy. Likewise other countries. We are Winning, but must be strong!|16491|69366
realDonaldTrump|Sat Aug 04 19:58:06 +0000 2018|....Tariffs will make our country much richer than it is today. Only fools would disagree. We are using them to negotiate fair trade deals and, if countries are still unwilling to negotiate, they will pay us vast sums of money in the form of Tariffs. We win either way......|17749|80745
realDonaldTrump|Sat Aug 04 19:53:22 +0000 2018|....Tariffs have had a tremendous positive impact on our Steel Industry. Plants are opening all over the U.S., Steelworkers are working again, and big dollars are flowing into our Treasury. Other countries use Tariffs against, but when we use them, foolish people scream!|13668|61057
realDonaldTrump|Sat Aug 04 19:47:40 +0000 2018|Tariffs are working far better than anyone ever anticipated. China market has dropped 27% in last 4months, and they are talking to us. Our market is stronger than ever, and will go up dramatically when these horrible Trade Deals are successfully renegotiated. America First.......|19993|86290
realDonaldTrump|Sat Aug 04 15:18:53 +0000 2018|HAPPY BIRTHDAY @USCG! https://t.co/cQo41jcoKn|12248|60518
realDonaldTrump|Sat Aug 04 13:02:36 +0000 2018|Troy Balderson, running for Congress from Ohio, is in a big Election fight with a candidate who just got caught lying about his relationship with Nancy Pelosi, who is weak on Crime, Borders &amp; your 2nd Amendment-and wants to raise your Taxes (by a lot). Vote for Troy on Tuesday!|19819|76234
realDonaldTrump|Sat Aug 04 12:49:49 +0000 2018|Will be going to Ohio tonight to campaign for Troy Balderson for the big Congressional Special Election on Tuesday. Early voting is on. Troy is strong on Crime, the Border &amp; loves our Military, Vets &amp; 2nd Amendment. His opponent is a puppet of Nancy Pelosi/high taxes.|15576|70457
realDonaldTrump|Sat Aug 04 03:37:36 +0000 2018|Lebron James was just interviewed by the dumbest man on television, Don Lemon. He made Lebron look smart, which isn?t easy to do. I like Mike!|48923|179559
realDonaldTrump|Sat Aug 04 03:28:06 +0000 2018|...Dianne is the person leading our Nation on ?Collusion? with Russia (only done by Dems). Will she now investigate herself? https://t.co/OG6l04bBwg|18639|57021
realDonaldTrump|Sat Aug 04 03:01:46 +0000 2018|Congratulations to Gregg Jarrett on his book, ?THE RUSSIA HOAX, THE ILLICIT SCHEME TO CLEAR HILLARY CLINTON AND FRAME DONALD TRUMP,? going to #1 on @nytimes and Amazon. It is indeed a HOAX and WITCH HUNT, illegally started by people who have already been disgraced. Great book!|13875|60182
realDonaldTrump|Sat Aug 04 01:06:28 +0000 2018|Great photo from Ocean City, Maryland. Thank you. MAKE AMERICA GREAT AGAIN! https://t.co/kILZz31yDJ|21766|86677
realDonaldTrump|Fri Aug 03 22:59:47 +0000 2018|Almost 500,000 Manufacturing Jobs created since I won the Election. Remember when my opponents were saying that we couldn?t create this type of job anymore. Wrong, in fact these are among our best and most important jobs!|22549|98528
realDonaldTrump|Fri Aug 03 22:55:38 +0000 2018|?The media are good news fire extinguishers!? @greggutfeld @TheFive|10281|46424
realDonaldTrump|Fri Aug 03 22:43:03 +0000 2018|NASA, which is making a BIG comeback under the Trump Administration, has just named 9 astronauts for Boeing and Spacex space flights. We have the greatest facilities in the world and we are now letting the private sector pay to use them. Exciting things happening. Space Force!|17534|81260
realDonaldTrump|Fri Aug 03 22:10:35 +0000 2018|July is just the ninth month since 1970 that unemployment has fallen below 4%. Our economy has added 3.7 million jobs since I won the Election. 4.1 GDP. More than 4 million people have received a pay raise due to tax reform. $400 Billion brought back from ?overseas.? @FoxNews|18368|77768
realDonaldTrump|Fri Aug 03 22:00:39 +0000 2018|Marsha Blackburn had a BIG win last night in the Tennessee primary for U.S. Senate. She is an outstanding person &amp; great supporter of mine. Congratulations Marsha, we need you very badly in the Senate to vote for our agenda. Your next opponent will vote against all we are doing!|15752|70217
realDonaldTrump|Fri Aug 03 20:31:52 +0000 2018|?Pastor praises Trump as 'pro-black' at prison reform event? https://t.co/xFKf1arebx|15363|59915
realDonaldTrump|Fri Aug 03 17:39:06 +0000 2018|Congratulations Marsha! https://t.co/JSMiOWfbxa|8625|41275
realDonaldTrump|Fri Aug 03 14:21:48 +0000 2018|Congratulations to Bill Lee of Tennessee on his big primary win for Governor last night.  He ran a great campaign and now will finish off the job in November. Bill has my total and enthusiastic Endorsement!|16000|77461
realDonaldTrump|Fri Aug 03 00:30:28 +0000 2018|Thank you Pennsylvania. I love you! https://t.co/qoswnBZb3f|18136|80275
realDonaldTrump|Thu Aug 02 20:24:33 +0000 2018|They asked my daughter Ivanka whether or not the media is the enemy of the people. She correctly said no. It is the FAKE NEWS, which is a large percentage of the media, that is the enemy of the people!|34212|145341
realDonaldTrump|Thu Aug 02 19:08:37 +0000 2018|Looking forward to being in the Great State of Ohio on Saturday night where I will be campaigning hard for a truly talented future Congressman, @Troy_Balderson. See you all then! Tickets: https://t.co/8UOykaI8uf https://t.co/jHdtAy5fgj|9459|40339
realDonaldTrump|Thu Aug 02 18:57:44 +0000 2018|When the House and Senate meet on the very important Farm Bill ? we love our farmers - hopefully they will be able to leave the WORK REQUIREMENTS FOR FOOD STAMPS PROVISION that the House approved. Senate should go to 51 votes!|13706|62847
realDonaldTrump|Thu Aug 02 18:55:23 +0000 2018|Pennsylvania has to love Trump because unlike all of the others before me, I am bringing STEEL BACK in a VERY BIG way. Plants opening up in Pennsylvania, and all over the Country, and Congressman Lou Barletta, who is running for the Senate in Pennsylvania, is really helping!|16989|80045
realDonaldTrump|Thu Aug 02 18:53:58 +0000 2018|Looking forward to being in the Great State of Pennsylvania where we had a tremendous victory in the Election. Will be campaigning hard for an original supporter, Lou Barletta, to replace a weak an ineffective Senator, Bob Casey. Lou is tough and smart, loves PA and our Country!|13752|64671
realDonaldTrump|Thu Aug 02 17:23:50 +0000 2018|Working hard, thank you! https://t.co/pNXbFNcf8z|21662|92140
realDonaldTrump|Thu Aug 02 11:04:04 +0000 2018|Wow, @foxandfriends is blowing away the competition in the morning ratings. Morning Joe is a dead show with very few people watching and sadly, Fake News CNN is also doing poorly. Too much hate and inaccurately reported stories - too predictable!|21731|97455
realDonaldTrump|Thu Aug 02 10:38:15 +0000 2018|Charles Koch of Koch Brothers, who claims to be giving away millions of dollars to politicians even though I know very few who have seen this (?), now makes the ridiculous statement that what President Trump is doing is unfair to ?foreign workers.? He is correct, AMERICA FIRST!|25682|102483
realDonaldTrump|Thu Aug 02 04:47:25 +0000 2018|Thank you to Chairman Kim Jong Un for keeping your word &amp; starting the process of sending home the remains of our great and beloved missing fallen! I am not at all surprised that you took this kind action. Also, thank you for your nice letter - l look forward to seeing you soon!|26159|129793
realDonaldTrump|Thu Aug 02 04:38:15 +0000 2018|Congratulations to  @GreggJarrett on The TREMENDOUS success of his just out book, ?The Russia Hoax, The Illicit Scheme To Clear Hillary Clinton &amp; Frame Donald Trump.? Already number one on Amazon. Hard work from a brilliant guy. It?s the Real Story of the Rigged Witch Hunt!|17087|70342
realDonaldTrump|Thu Aug 02 03:32:14 +0000 2018|Incredibly beautiful ceremony as U.S. Korean War remains are returned to American soil. Thank you to Honolulu and all of our great Military participants on a job well done. A special thanks to Vice President Mike Pence on delivering a truly magnificent tribute!|17300|86571
realDonaldTrump|Wed Aug 01 21:16:11 +0000 2018|?Private payrolls boom in July, increasing by 219,000 vs 185,000 estimate: ADP? https://t.co/SeU9kGpima|14419|59205
realDonaldTrump|Wed Aug 01 21:04:18 +0000 2018|Join me tomorrow night at 7pmE in Wilkes-Barre Township, Pennsylvania for a MAKE AMERICA GREAT AGAIN RALLY! Tickets: https://t.co/dR6EzS3Q8L https://t.co/c52kIxvdF7|11228|45482
realDonaldTrump|Wed Aug 01 19:22:01 +0000 2018|#PledgeToAmericasWorkers https://t.co/qIJQfQ3bos|11832|50152
realDonaldTrump|Wed Aug 01 18:55:56 +0000 2018|It was my great honor to be joined by leading pastors and faith leaders from across our Nation today at the @WhiteHouse! https://t.co/6sS1zGA1p7|15559|65787
realDonaldTrump|Wed Aug 01 15:56:31 +0000 2018|?We already have a smoking gun about a campaign getting dirt on their opponent, it was Hillary Clinton. How is it OK for Hillary Clinton to proactively seek dirt from the Russians but the Trump campaign met at the Russians request and that is bad?? Marc Thiessen, Washington Post|21476|78846
realDonaldTrump|Wed Aug 01 15:35:47 +0000 2018|Looking back on history, who was treated worse, Alfonse Capone, legendary mob boss, killer and ?Public Enemy Number One,? or Paul Manafort, political operative &amp; Reagan/Dole darling, now serving solitary confinement - although convicted of nothing? Where is the Russian Collusion?|18449|71702
realDonaldTrump|Wed Aug 01 14:01:53 +0000 2018|Russian Collusion with the Trump Campaign, one of the most successful in history, is a TOTAL HOAX. The Democrats paid for the phony and discredited Dossier which was, along with Comey, McCabe, Strzok and his lover, the lovely Lisa Page, used to begin the Witch Hunt. Disgraceful!|22085|84744
realDonaldTrump|Wed Aug 01 13:34:03 +0000 2018|Paul Manafort worked for Ronald Reagan, Bob Dole and many other highly prominent and respected political leaders. He worked for me for a very short time. Why didn?t government tell me that he was under investigation. These old charges have nothing to do with Collusion - a Hoax!|23216|88988
realDonaldTrump|Wed Aug 01 13:24:03 +0000 2018|..This is a terrible situation and Attorney General Jeff Sessions should stop this Rigged Witch Hunt right now, before it continues to stain our country any further. Bob Mueller is totally conflicted, and his 17 Angry Democrats that are doing his dirty work are a disgrace to USA!|25212|96416
realDonaldTrump|Wed Aug 01 13:15:24 +0000 2018|.....remain in the FBI while he himself was being investigated. This is a real issue. It won?t go into a Mueller Report because Mueller is going to protect these guys. Mueller has an interest in creating the illusion of objectivity around his investigation.? ALAN DERSHOWITZ....|16474|64446
realDonaldTrump|Wed Aug 01 13:03:08 +0000 2018|?FBI Agent Peter Strzok (on the Mueller team) should have recused himself on day one. He was out to STOP THE ELECTION OF DONALD TRUMP. He needed an insurance policy. Those are illegal, improper goals, trying to influence the Election. He should never, ever been allowed to........|20734|82233
realDonaldTrump|Wed Aug 01 00:24:25 +0000 2018|"Thank you Florida. I love you!
https://t.co/M5T81DZVUU"|17586|74883
realDonaldTrump|Tue Jul 31 20:49:25 +0000 2018|On my way to Tampa, Florida. Look forward to seeing everyone soon! https://t.co/BSB6IjBK7r|8401|50642
realDonaldTrump|Tue Jul 31 20:39:22 +0000 2018|?Worker pay rate hits highest level since 2008? https://t.co/pMDxHQqcg9|18829|73983
realDonaldTrump|Tue Jul 31 17:33:48 +0000 2018|...Border Security is National Security, and National Security is the long-term viability of our Country. A Government Shutdown is a very small price to pay for a safe and Prosperous America!|16934|73956
realDonaldTrump|Tue Jul 31 17:33:47 +0000 2018|I don?t care what the political ramifications are, our immigration laws and border security have been a complete and total disaster for decades, and there is no way that the Democrats will allow it to be fixed without a Government Shutdown...|26209|107696
realDonaldTrump|Tue Jul 31 17:13:32 +0000 2018|.@SenJohnBarrasso has a Primary on August 21st. He doesn?t need any help because he is absolutely outstanding in every way, but I hope the great people of Wyoming will go out and show their support anyway. John is absolutely top of the line &amp; has my Complete &amp; Total Endorsement!|11215|46620
realDonaldTrump|Tue Jul 31 17:09:50 +0000 2018|Congressman David Kustoff has been a champion for the Trump Agenda - I greatly appreciate his support. David is strong on crime and borders, loves our Military, Vets and Second Amendment. Get out and vote for David on Thursday, August 2nd. He has my Full and Total Endorsement!|13255|56421
realDonaldTrump|Tue Jul 31 13:34:47 +0000 2018|The Fake News Media is going CRAZY! They are totally unhinged and in many ways, after witnessing first hand the damage they do to so many innocent and decent people, I enjoy watching. In 7 years, when I am no longer in office, their ratings will dry up and they will be gone!|24473|101924
realDonaldTrump|Tue Jul 31 12:21:48 +0000 2018|Will be in Tampa tonight. A big year for @RepDeSantis, who will be a great governor for Florida. Strong on Crime, Borders and our 2nd Amendment. Big help on Tax &amp; Regulation Cuts. Loves our Military &amp; our Vets. Has my Full &amp; Total Endorsement!|13342|56043
realDonaldTrump|Tue Jul 31 12:03:30 +0000 2018|I am looking into 3-D Plastic Guns being sold to the public. Already spoke to NRA, doesn?t seem to make much sense!|10325|52260
realDonaldTrump|Tue Jul 31 11:58:58 +0000 2018|Collusion is not a crime, but that doesn?t matter because there was No Collusion (except by Crooked Hillary and the Democrats)!|19402|86128
realDonaldTrump|Tue Jul 31 11:00:41 +0000 2018|One of the reasons we need Great Border Security is that Mexico?s murder rate in 2017 increased by 27% to 31,174 people killed, a record! The Democrats want Open Borders. I want Maximum Border Security and respect for ICE and our great Law Enforcement Professionals! @FoxNews|24660|91777
realDonaldTrump|Tue Jul 31 10:50:28 +0000 2018|Rush Limbaugh is a great guy who truly gets it!|15266|74342
realDonaldTrump|Tue Jul 31 10:23:41 +0000 2018|....them richer. Their network is highly overrated, I have beaten them at every turn. They want to protect their companies outside the U.S. from being taxed, I?m for America First &amp; the American Worker - a puppet for no one. Two nice guys with bad ideas. Make America Great Again!|16766|74693
realDonaldTrump|Tue Jul 31 10:14:18 +0000 2018|The globalist Koch Brothers, who have become a total joke in real Republican circles, are against Strong Borders and Powerful Trade. I never sought their support because I don?t need their money or bad ideas. They love my Tax &amp; Regulation Cuts, Judicial picks &amp; more. I made.....|21965|87997
realDonaldTrump|Tue Jul 31 02:01:02 +0000 2018|MAKING AMERICA GREAT AGAIN! https://t.co/OnMGXvldVT|36484|110076
realDonaldTrump|Tue Jul 31 00:56:16 +0000 2018|A highly respected Federal judge today stated that the ?Trump Administration gets great credit? for reuniting illegal families. Thank you, and please look at the previous administrations record - not good!|21806|88467
realDonaldTrump|Mon Jul 30 22:44:12 +0000 2018|Congratulations to our new @DeptVetAffairs Secretary, Robert Wilkie! https://t.co/6erqWJzuiK|8930|42543
realDonaldTrump|Mon Jul 30 22:36:02 +0000 2018|Thank you to @RandPaul for your YES on a future great Justice of the Supreme Court, Brett Kavanaugh. Your vote means a lot to me, and to everyone who loves our Country!|16719|79615
realDonaldTrump|Mon Jul 30 22:34:22 +0000 2018|...that Open Borders, large scale Crime, and abolishing ICE is good for them, we must get smart and finally do what must be done for the Safety and Security of our Country!|13910|61869
realDonaldTrump|Mon Jul 30 22:34:21 +0000 2018|Illegal immigration is a top National Security problem. After decades of playing games, with the whole World laughing at the stupidity of our immigration laws, and with Democrats thinking...|18960|80753
realDonaldTrump|Mon Jul 30 22:31:20 +0000 2018|Congratulations to Judge Jeanine on the tremendous success of her new #1 best-selling book, ?Liars, Leakers, and Liberals ? The Case Against the Anti-Trump Conspiracy!?|18312|90578
realDonaldTrump|Mon Jul 30 22:28:21 +0000 2018|...your Social Security and Medicare! Cast your early vote, or vote on August 7th, Election Day. He has my full and total Endorsement!|5836|29390
realDonaldTrump|Mon Jul 30 22:28:20 +0000 2018|.@Troy_Balderson of Ohio is running for Congress - so important to the Republican Party. Troy is strong on crime and Borders, loves our Military, our Vets and our Second Amendment. Troy will strongly protect...|8736|38187
realDonaldTrump|Mon Jul 30 21:20:37 +0000 2018|Congratulations to General John Kelly. Today we celebrate his first full year as @WhiteHouse Chief of Staff! https://t.co/JWCaJ3GhHV|12842|67607
realDonaldTrump|Mon Jul 30 19:31:31 +0000 2018|???? https://t.co/1SSUCRtMEE|11866|53482
realDonaldTrump|Mon Jul 30 17:22:27 +0000 2018|It is my great honor to welcome Prime Minister @GiuseppeConteIT of Italy to the @WhiteHouse! Join us at 2:00pmE for our joint press conference: https://t.co/XAchZ3zUSe https://t.co/5t4QVsKKqH|10493|48984
realDonaldTrump|Mon Jul 30 11:57:34 +0000 2018|We must have Border Security, get rid of Chain, Lottery, Catch &amp; Release Sanctuary Cities - go to Merit based Immigration. Protect ICE and Law Enforcement and, of course, keep building, but much faster, THE WALL!|29330|116141
realDonaldTrump|Sun Jul 29 20:20:39 +0000 2018|....Also, why is Mueller only appointing Angry Dems, some of whom have worked for Crooked Hillary, others, including himself, have worked for Obama....And why isn?t Mueller looking at all of the criminal activity &amp; real Russian Collusion on the Democrats side-Podesta, Dossier?|25598|95946
realDonaldTrump|Sun Jul 29 20:12:15 +0000 2018|Is Robert Mueller ever going to release his conflicts of interest with respect to President Trump, including the fact that we had a very nasty &amp; contentious business relationship, I turned him down to head the FBI (one day before appointment as S.C.) &amp; Comey is his close friend..|24690|87612
realDonaldTrump|Sun Jul 29 19:35:14 +0000 2018|There is No Collusion! The Robert Mueller Rigged Witch Hunt, headed now by 17 (increased from 13, including an Obama White House lawyer) Angry Democrats, was started by a fraudulent Dossier, paid for by Crooked Hillary and the DNC. Therefore, the Witch Hunt is an illegal Scam!|30880|114877
realDonaldTrump|Sun Jul 29 19:09:19 +0000 2018|...and the Amazon Washington Post do nothing but write bad stories even on very positive achievements - and they will never change!|14506|66287
realDonaldTrump|Sun Jul 29 19:09:18 +0000 2018|...dying newspaper industry. No matter how much they try to distract and cover it up, our country is making great progress under my leadership and I will never stop fighting for the American people! As an example, the failing New York Times...|15117|68403
realDonaldTrump|Sun Jul 29 19:09:18 +0000 2018|...accurately. 90% of media coverage of my Administration is negative, despite the tremendously positive results we are achieving, it?s no surprise that confidence in the media is at an all time low! I will not allow our great country to be sold out by anti-Trump haters in the...|13246|43924
realDonaldTrump|Sun Jul 29 19:09:17 +0000 2018|When the media - driven insane by their Trump Derangement Syndrome - reveals internal deliberations of our government, it  truly puts the lives of many, not just journalists, at risk! Very unpatriotic! Freedom of the press also comes with a responsibility to report the news...|22316|91489
realDonaldTrump|Sun Jul 29 13:13:59 +0000 2018|I would be willing to ?shut down? government if the Democrats do not give us the votes for Border Security, which includes the Wall! Must get rid of Lottery, Catch &amp; Release etc. and finally go to system of Immigration based on MERIT! We need great people coming into our Country!|34615|135423
realDonaldTrump|Sun Jul 29 12:42:52 +0000 2018|The biggest and best results coming out of the good GDP report was that the quarterly Trade Deficit has been reduced by $52 Billion and, of course, the historically low unemployment numbers, especially for African Americans, Hispanics, Asians and Women.|21318|88493
realDonaldTrump|Sun Jul 29 12:30:04 +0000 2018|Had a very good and interesting meeting at the White House with A.G. Sulzberger, Publisher of the New York Times. Spent much time talking about the vast amounts of Fake News being put out by the media &amp; how that Fake News has morphed into phrase, ?Enemy of the People.? Sad!|18253|75378
realDonaldTrump|Sun Jul 29 11:58:09 +0000 2018|Please understand, there are consequences when people cross our Border illegally, whether they have children or not - and many are just using children for their own sinister purposes. Congress must act on fixing the DUMBEST &amp; WORST immigration laws anywhere in the world! Vote ?R?|32981|127048
realDonaldTrump|Sun Jul 29 11:52:49 +0000 2018|Do you think the Fake News Media will ever report on this tweet from Michael? https://t.co/kXLCKZO5Fr|14222|50392
realDonaldTrump|Sun Jul 29 11:44:00 +0000 2018|Wow, highest Poll Numbers in the history of the Republican Party. That includes Honest Abe Lincoln and Ronald Reagan. There must be something wrong, please recheck that poll!|21783|102104
realDonaldTrump|Sun Jul 29 11:31:52 +0000 2018|Tom Homan, fmr ICE Director: ?There is nobody that has done more for border security &amp; public safety than President Trump. I?ve worked for six presidents, and I respect them all, but nobody has done more than this Administration &amp; President Trump, that?s just a stone cold fact!?|22455|86905
realDonaldTrump|Sat Jul 28 16:37:29 +0000 2018|https://t.co/E3xvdUGZqa|22878|85336
realDonaldTrump|Sat Jul 28 01:53:48 +0000 2018|Join me in Tampa, Florida next Tuesday, July 31st at 7:00pmE for a #MAGA Rally! Tickets: https://t.co/Q2PMyTACl8 https://t.co/URjvN8Owoe|14965|55373
realDonaldTrump|Sat Jul 28 00:47:58 +0000 2018|The only things the Democrats do well is ?Resist,? which is their campaign slogan, and ?Obstruct.? Cryin? Chuck Schumer has almost 400 great American people that are waiting ?forever? to serve our Country! A total disgrace. Mitch M should not let them go home until all approved!|30059|117766
realDonaldTrump|Fri Jul 27 22:45:56 +0000 2018|Democrats, who want Open Borders and care little about Crime, are incompetent, but they have the Fake News Media almost totally on their side!|28616|118011
realDonaldTrump|Fri Jul 27 20:08:06 +0000 2018|Congressman David Kustoff has been a champion for the Trump Agenda - I greatly appreciate his support. David is strong on crime and borders, loves our Military, Vets and Second Amendment. Get out and vote for David on Thursday, August 2nd. He has my full and total Endorsement!|17490|72381
realDonaldTrump|Fri Jul 27 19:23:07 +0000 2018|Private business investment has surged from 1.8 percent the year BEFORE I came into office to 9.4 percent this year -- that means JOBS, JOBS, JOBS! https://t.co/evO63CpqPP|15871|59670
realDonaldTrump|Fri Jul 27 18:16:46 +0000 2018|The @USNavy?s first female Admiral, Alene Duerk once said: ?It was a nice distinction to have, and to be recognized as the first, but I wanted to make certain that I used that notoriety to do as much positive as I could.? Alene did just that, and America is forever grateful! https://t.co/tOqkzqGVG7|12470|54468
realDonaldTrump|Fri Jul 27 16:20:37 +0000 2018|We have accomplished an economic turnaround of HISTORIC proportions! https://t.co/vnmMtPv0kk|16961|67021
realDonaldTrump|Fri Jul 27 16:12:14 +0000 2018|I am thrilled to announce that in the second quarter of this year, the U.S. Economy grew at the amazing rate of 4.1%! https://t.co/xeAPwAAOXN|21938|90701
realDonaldTrump|Fri Jul 27 15:58:45 +0000 2018|.@Troy_Balderson of Ohio is running for Congress - so important to the Republican Party. Cast you early vote or vote on August 7th. Troy is strong on crime and borders, loves our Military, our Vets and our Second Amendment. He has my full and total Endorsement!|12043|47140
realDonaldTrump|Fri Jul 27 15:53:20 +0000 2018|...John is strong on crime and borders, loves our Military, our Vets and our Second Amendment. He will be a star. He has my full and total Endorsement!|12496|53785
realDonaldTrump|Fri Jul 27 15:53:20 +0000 2018|.@JohnJamesMI, who is running in the Republican Primary in the great state of Michigan, is SPECTACULAR! Vote on August 7th. Rarely have I seen a candidate with such great potential. West Point graduate, successful businessman and a African American leader...|19343|71046
realDonaldTrump|Fri Jul 27 13:17:09 +0000 2018|GREAT GDP numbers just released. Will be having a news conference soon!|14531|78645
realDonaldTrump|Fri Jul 27 11:56:15 +0000 2018|.....I did NOT know of the meeting with my son, Don jr. Sounds to me like someone is trying to make up stories in order to get himself out of an unrelated jam (Taxi cabs maybe?). He even retained Bill and Crooked Hillary?s lawyer. Gee, I wonder if they helped him make the choice!|20144|86248
realDonaldTrump|Fri Jul 27 11:38:32 +0000 2018|....,the only Collusion with Russia was with the Democrats, so now they are looking at my Tweets (along with 53 million other people) - the rigged Witch Hunt continues! How stupid and unfair to our Country....And so the Fake News doesn?t waste my time with dumb questions, NO,....|22620|97702
realDonaldTrump|Fri Jul 27 11:26:20 +0000 2018|Arrived back in Washington last night from a very emotional reopening of a major U.S. Steel plant in Granite City, Illinois, only to be greeted with the ridiculous news that the highly conflicted Robert Mueller and his gang of 13 Angry Democrats obviously cannot find Collusion...|18599|81885
realDonaldTrump|Fri Jul 27 10:56:17 +0000 2018|Way to go Jerry. This is what the league should do! https://t.co/yEP1jK57xi|12301|59161
realDonaldTrump|Fri Jul 27 03:50:54 +0000 2018|The Remains of American Servicemen will soon be leaving North Korea and heading to the United States! After so many years, this will be a great moment for so many families. Thank you to Kim Jong Un.|22507|104007
realDonaldTrump|Fri Jul 27 02:37:00 +0000 2018|America is OPEN FOR BUSINESS and U.S. Steel is back! https://t.co/lJTcr6JHBW|21711|90203
realDonaldTrump|Thu Jul 26 22:48:40 +0000 2018|...called ?The Case Against Impeaching Trump,? which I would encourage all people with Trump Derangement Syndrome to read!|14305|66553
realDonaldTrump|Thu Jul 26 22:48:38 +0000 2018|.@AlanDersh, a brilliant lawyer, who although a Liberal Democrat who probably didn?t vote for me, has discussed the Witch Hunt with great clarity and in a very positive way. He has written a new and very important book...|16420|72349
realDonaldTrump|Thu Jul 26 21:43:13 +0000 2018|PROMISES KEPT! https://t.co/vR2R5WXPVD|17594|75102
realDonaldTrump|Thu Jul 26 21:12:45 +0000 2018|Thank you @U_S_Steel and Granite City, Illinois! https://t.co/6RsUvGF6rg|10478|46977
realDonaldTrump|Thu Jul 26 15:22:39 +0000 2018|The United States will impose large sanctions on Turkey for their long time detainment of Pastor Andrew Brunson, a great Christian, family man and wonderful human being. He is suffering greatly. This innocent man of faith should be released immediately!|32540|121343
realDonaldTrump|Thu Jul 26 14:52:18 +0000 2018|This is great - on my way, see you soon @IAGovernor Kim Reynolds! https://t.co/SXfkk12Uig|8630|41150
realDonaldTrump|Thu Jul 26 14:11:30 +0000 2018|Heading to Dubuque, Iowa and then Granite City, Illinois. Looking  forward to being with many great friends!|11693|67535
realDonaldTrump|Thu Jul 26 11:46:09 +0000 2018|Twitter ?SHADOW BANNING? prominent Republicans. Not good. We will look into this discriminatory and illegal practice at once! Many complaints.|49914|159027
realDonaldTrump|Thu Jul 26 01:07:28 +0000 2018|European Union representatives told me that they would start buying soybeans from our great farmers immediately. Also, they will be buying vast amounts of LNG!|19899|90912
realDonaldTrump|Thu Jul 26 01:01:08 +0000 2018|Great to be back on track with the European Union. This was a big day for free and fair trade!|21196|104381
realDonaldTrump|Thu Jul 26 00:16:32 +0000 2018|Thank you Georgia! They say that my endorsement last week of Brian Kemp, in the Republican Primary for Governor against a very worthy opponent, lifted him from 5 points down to a 70% to 30% victory! Two very good and talented men in a great race, but congratulations to Brian!|13390|68919
realDonaldTrump|Wed Jul 25 23:49:34 +0000 2018|Obviously the European Union, as represented by @JunckerEU and the United States, as represented by yours truly, love each other! https://t.co/42ImacgCN0|11742|52187
realDonaldTrump|Wed Jul 25 23:42:24 +0000 2018|...along quickly. European Union Nations will be open to the United States and at the same time benefiting by everything we are doing for them. There was great warmth and feeling in the room - a breakthrough has been quickly made that nobody thought possible!|10635|49931
realDonaldTrump|Wed Jul 25 23:42:23 +0000 2018|Great meeting on Trade today with @JunckerEU and representatives of the European Union. We have come to a very strong understanding and are all believers in no tariffs, no barriers and no subsidies. Work on documents has already started and the process is moving...|12846|59888
realDonaldTrump|Wed Jul 25 22:59:35 +0000 2018|Thank you very much, working hard! https://t.co/cSzbFfq2NW|22772|101608
realDonaldTrump|Wed Jul 25 22:45:49 +0000 2018|Sergio Marchionne, who passed away today, was one of the most brilliant &amp; successful car executives since the days of the legendary Henry Ford. It was a great honor for me to get to know Sergio as POTUS, he loved the car industry, and fought hard for it. He will be truly missed!|11744|61844
realDonaldTrump|Wed Jul 25 22:33:01 +0000 2018|This week, my Administration is hosting the first-ever #IRFMinisterial. The U.S. will continue to promote #ReligiousFreedom around the world. Nations that support religious freedom are far more free, prosperous &amp; peaceful. Great job, @VP, @SecPompeo, @IRF_Ambassador &amp; @StateDept!|12436|52294
realDonaldTrump|Wed Jul 25 20:57:24 +0000 2018|The United States and the European Union have a $1 TRILLION bilateral trade relationship ? the largest economic relationship in the world. We want to further strengthen this trade relationship to the benefit of all American and European citizens... https://t.co/4zlmEEtCpG|18185|70956
realDonaldTrump|Wed Jul 25 12:41:14 +0000 2018|Congratulations to Brian Kemp on your very big win in Georgia last night. Wow, 69-30, those are big numbers. Now go win against the open border, crime loving opponent that the Democrats have given you. She is weak on Vets, the Military and the 2nd Amendment. Win!|18544|84157
realDonaldTrump|Wed Jul 25 12:34:58 +0000 2018|What kind of a lawyer would tape a client? So sad! Is this a first, never heard of it before? Why was the tape so abruptly terminated (cut) while I was presumably saying positive things? I hear there are other clients and many reporters that are taped - can this be so? Too bad!|23512|108449
realDonaldTrump|Wed Jul 25 11:20:28 +0000 2018|China is targeting our farmers, who they know I love &amp; respect, as a way of getting me to continue allowing them to take advantage of the U.S. They are being vicious in what will be their failed attempt. We were being nice - until now! China made $517 Billion on us last year.|20998|82346
realDonaldTrump|Wed Jul 25 11:08:39 +0000 2018|When you have people snipping at your heels during a negotiation, it will only take longer to make a deal, and the deal will never be as good as it could have been with unity. Negotiations are going really well, be cool. The end result will be worth it!|22074|101671
realDonaldTrump|Wed Jul 25 11:01:05 +0000 2018|Every time I see a weak politician asking to stop Trade talks or the use of Tariffs to counter unfair Tariffs, I wonder, what can they be thinking? Are we just going to continue and let our farmers and country get ripped off?  Lost $817 Billion on Trade last year. No weakness!|21272|88312
realDonaldTrump|Wed Jul 25 01:05:05 +0000 2018|?The Russia Hoax, The Illicit Scheme To Clear Hillary Clinton &amp; Frame Donald Trump? is a Hot Seller, already Number One! More importantly, it is a great book that everyone is talking about. It covers the Rigged Witch Hunt brilliantly. Congratulations to Gregg Jarrett!|23506|86227
realDonaldTrump|Wed Jul 25 00:39:16 +0000 2018|So sad and unfair that the FCC wouldn?t approve the Sinclair Broadcast merger with Tribune. This would have been a great and much needed Conservative voice for and of the People. Liberal Fake News NBC and Comcast gets approved, much bigger, but not Sinclair. Disgraceful!|22142|86665
realDonaldTrump|Wed Jul 25 00:08:01 +0000 2018|The European Union is coming to Washington tomorrow to negotiate a deal on Trade. I have an idea for them. Both the U.S. and the E.U. drop all Tariffs, Barriers and Subsidies! That would finally be called Free Market and Fair Trade! Hope they do it, we are ready - but they won?t!|30922|120502
realDonaldTrump|Tue Jul 24 22:33:30 +0000 2018|Today, it was my great honor to be in Kansas City, Missouri to pay tribute to the men and women who make FREEDOM possible! Thank you @VFWHQ! #VFWConvention https://t.co/E6TYsNmWO8|12022|56524
realDonaldTrump|Tue Jul 24 22:25:07 +0000 2018|On the heels of the VERY successful launch of the @WhiteHouse National Council for the American Worker, Congress should reauthorize #PerkinsCTE and ensure the American workforce remains stronger than EVER! #Jobs #Workforce|10941|51795
realDonaldTrump|Tue Jul 24 19:15:36 +0000 2018|I want to thank the @VFWHQ for your devotion to our fallen heroes, unknown soldiers, Prisoners of War, those Missing in Action, and their families. #VFWConvention https://t.co/15ygFhCudR|10937|51218
realDonaldTrump|Tue Jul 24 17:51:28 +0000 2018|#VFWConvention @VFWHQ https://t.co/dBQx526axz|8228|37718
realDonaldTrump|Tue Jul 24 15:50:37 +0000 2018|I?m very concerned that Russia will be fighting very hard to have an impact on the upcoming Election. Based on the fact that no President has been tougher on Russia than me, they will be pushing very hard for the Democrats. They definitely don?t want Trump!|24035|104055
realDonaldTrump|Tue Jul 24 13:54:19 +0000 2018|MAKE AMERICA GREAT AGAIN!|32374|133602
realDonaldTrump|Tue Jul 24 13:52:56 +0000 2018|Heading to Missouri to be with many of my great friends. VFW here we come!|10595|64642
realDonaldTrump|Tue Jul 24 13:46:22 +0000 2018|Our Country is doing GREAT. Best financial numbers on the Planet. Great to have USA WINNING AGAIN!|21011|101497
realDonaldTrump|Tue Jul 24 13:39:49 +0000 2018|Today is the day to vote for Brian Kemp. Will be great for Georgia, full Endorsement! https://t.co/yPND2bJ219|11852|49008
realDonaldTrump|Tue Jul 24 11:29:50 +0000 2018|Tariffs are the greatest! Either a country which has treated the United States unfairly on Trade negotiates a fair deal, or it gets hit with Tariffs. It?s as simple as that - and everybody?s talking! Remember, we are the ?piggy bank? that?s being robbed. All will be Great!|21255|93497
realDonaldTrump|Tue Jul 24 11:09:12 +0000 2018|"Countries that have treated us unfairly on trade for years are all coming to Washington to negotiate. This should have taken place many years ago but,
as the saying goes, better late than never!"|21079|99549
realDonaldTrump|Tue Jul 24 02:07:39 +0000 2018|#MadeInAmerica Showcase! https://t.co/rT0WIE99yP|18054|71881
realDonaldTrump|Tue Jul 24 01:44:06 +0000 2018|Lou Barletta was one of my first supporters. He is tough on Crime and Borders. Will be a great Senator from Pennsylvania. His opponent is WEAK on Crime, ICE and Borders. We need Lou! https://t.co/dcMSi4CPfb|15888|60736
realDonaldTrump|Tue Jul 24 01:35:37 +0000 2018|Robert will do a great job for our Vets. We also recently won Choice! https://t.co/hE0GDuCBET|10845|54247
realDonaldTrump|Mon Jul 23 13:35:20 +0000 2018|....In my opinion the Washington Post is nothing more than an expensive (the paper loses a fortune) lobbyist for Amazon. Is it used as protection against antitrust claims which many feel should be brought?|18201|81818
realDonaldTrump|Mon Jul 23 13:21:15 +0000 2018|The Amazon Washington Post has gone crazy against me ever since they lost the Internet Tax Case in the U.S. Supreme Court two months ago. Next up is the U.S. Post Office which they use, at a fraction of real cost, as their ?delivery boy? for a BIG percentage of their packages....|20150|84670
realDonaldTrump|Mon Jul 23 13:06:18 +0000 2018|A Rocket has not been launched by North Korea in 9 months. Likewise, no Nuclear Tests. Japan is happy, all of Asia is happy. But the Fake News is saying, without ever asking me (always anonymous sources), that I am angry because it is not going fast enough. Wrong, very happy!|29964|125589
realDonaldTrump|Mon Jul 23 12:25:02 +0000 2018|When you hear the Fake News talking negatively about my meeting with President Putin, and all that I gave up, remember, I gave up NOTHING, we merely talked about future benefits for both countries. Also, we got along very well, which is a good thing, except for the Corrupt Media!|24132|103201
realDonaldTrump|Mon Jul 23 11:09:39 +0000 2018|.....?Carter Page wasn?t a spy, wasn?t an agent of the Russians - he would have cooperated with the FBI. It was a fraud and a hoax designed to target Trump.? Tom Fitton @JudicialWatch A disgrace to America. They should drop the discredited Mueller Witch Hunt now!|19477|74875
realDonaldTrump|Mon Jul 23 11:01:15 +0000 2018|....and the DOJ, FBI and Obama Gang need to be held to account. Source #1 was the major source. Avoided talking about it being the Clinton campaign behind it. Misled the Court to provide a pretext to SPY on the Trump Team. Not about Carter Page..was all about getting Trump.....|21720|80023
realDonaldTrump|Mon Jul 23 10:52:10 +0000 2018|?It was classified to cover up misconduct by the FBI and the Justice Department in misleading the Court by using this Dossier in a dishonest way to gain a warrant to target the Trump Team. This is a Clinton Campaign document. It was a fraud and a hoax designed to target Trump....|24686|93370
realDonaldTrump|Mon Jul 23 10:30:11 +0000 2018|So we now find out that it was indeed the unverified and Fake Dirty Dossier, that was paid for by Crooked Hillary Clinton and the DNC, that was knowingly &amp; falsely submitted to FISA and which was responsible for starting the totally conflicted and discredited Mueller Witch Hunt!|28306|105495
realDonaldTrump|Mon Jul 23 10:13:52 +0000 2018|Tom Fitton on @foxandfriends at 6:15 A.M. NOW! Judicial Watch.|7313|43355
realDonaldTrump|Mon Jul 23 03:24:19 +0000 2018|To Iranian President Rouhani: NEVER, EVER THREATEN THE UNITED STATES AGAIN OR YOU WILL SUFFER CONSEQUENCES THE LIKES OF WHICH FEW THROUGHOUT HISTORY HAVE EVER SUFFERED BEFORE. WE ARE NO LONGER A COUNTRY THAT WILL STAND FOR YOUR DEMENTED WORDS OF VIOLENCE &amp; DEATH. BE CAUTIOUS!|105616|329338
realDonaldTrump|Sun Jul 22 22:23:52 +0000 2018|So President Obama knew about Russia before the Election. Why didn?t he do something about it? Why didn?t he tell our campaign? Because it is all a big hoax, that?s why, and he thought Crooked Hillary was going to win!!!|40929|154800
realDonaldTrump|Sun Jul 22 20:58:44 +0000 2018|Happy Birthday @SenatorDole! https://t.co/MiVoB7qC6A|8729|54040
realDonaldTrump|Sun Jul 22 13:15:18 +0000 2018|I had a GREAT meeting with Putin and the Fake News used every bit of their energy to try and disparage it. So bad for our country!|22069|106522
realDonaldTrump|Sun Jul 22 12:56:15 +0000 2018|.@PeteHegseth on @FoxNews  ?Source #1 was the (Fake) Dossier. Yes, the Dirty Dossier, paid for by Democrats as a hit piece against Trump, and looking for information that could discredit Candidate #1 Trump. Carter Page was just the foot to surveil the Trump campaign...? ILLEGAL!|20738|76137
realDonaldTrump|Sun Jul 22 12:22:49 +0000 2018|Andrew McCarthy - ?I said this could never happen. This is so bad that they should be looking at the judges who signed off on this stuff, not just the people who gave it. It is so bad it screams out at you.?  On the whole FISA scam which led to the rigged Mueller Witch Hunt!|34098|119242
realDonaldTrump|Sun Jul 22 10:49:25 +0000 2018|Looking more &amp; more like the Trump Campaign for President was illegally being spied upon (surveillance) for the political gain of Crooked Hillary Clinton and the DNC. Ask her how that worked out - she did better with Crazy Bernie. Republicans must get tough now. An illegal Scam!|32443|119022
realDonaldTrump|Sun Jul 22 10:28:40 +0000 2018|Congratulations to @JudicialWatch and @TomFitton on being successful in getting the Carter Page FISA documents. As usual they are ridiculously heavily redacted but confirm with little doubt that the Department of ?Justice? and FBI misled the courts. Witch Hunt Rigged, a Scam!|26428|89878
realDonaldTrump|Sat Jul 21 23:23:34 +0000 2018|Troy Balderson of Ohio is running for Congress against a Nancy Pelosi Liberal who is WEAK on Crime &amp; Borders. Troy is the total opposite, and loves our Military, Vets &amp; 2nd Amendment. EARLY VOTING just started with Election Day on August 7th. Troy has my Full &amp; Total Endorsement!|25548|96326
realDonaldTrump|Sat Jul 21 23:10:57 +0000 2018|Brian Kemp, who is running for Governor of Georgia and has my full endorsement, is campaigning tonight with VP @mike_pence. Brian is very strong on Crime and Borders, LOVES our Military, Vets and the 2nd Amendment. He will be a GREAT Governor!|16093|65960
realDonaldTrump|Sat Jul 21 22:50:38 +0000 2018|No Collusion, No Obstruction - but that doesn?t matter because the 13 Angry Democrats, who are only after Republicans and totally protecting Democrats, want this Witch Hunt to drag out to the November Election. Republicans better get smart fast and expose what they are doing!|28141|100570
realDonaldTrump|Sat Jul 21 22:40:06 +0000 2018|The Rigged Witch Hunt, headed by the 13 Angry Democrats (and now 4 more have been added, one who worked directly for Obama W.H.), seems intent on damaging the Republican Party?s chances in the November Election. This Democrat excuse for losing the ?16 Election never ends!|23041|90684
realDonaldTrump|Sat Jul 21 12:10:58 +0000 2018|Inconceivable that the government would break into a lawyer?s office (early in the morning) - almost unheard of. Even more inconceivable that a lawyer would tape a client - totally unheard of &amp; perhaps illegal. The good news is that your favorite President did nothing wrong!|40048|178060
realDonaldTrump|Fri Jul 20 22:17:21 +0000 2018|The NFL National Anthem Debate is alive and well again - can?t believe it! Isn?t it in contract that players must stand at attention, hand on heart? The $40,000,000 Commissioner must now make a stand. First time kneeling, out for game. Second time kneeling, out for season/no pay!|29769|126007
realDonaldTrump|Fri Jul 20 21:50:30 +0000 2018|I got severely criticized by the Fake News Media for being too nice to President Putin. In the Old Days they would call it Diplomacy. If I was loud &amp; vicious, I would have been criticized for being too tough. Remember when they said I was too tough with Chairman Kim? Hypocrites!|36533|151345
realDonaldTrump|Fri Jul 20 14:35:49 +0000 2018|So important. Should have been done years ago! https://t.co/TFIqsaZWBt|12703|56505
realDonaldTrump|Fri Jul 20 13:04:44 +0000 2018|Farmers have been on a downward trend for 15 years. The price of soybeans has fallen 50% since 5 years before the Election. A big reason is bad (terrible) Trade Deals with other countries. They put on massive Tariffs and Barriers. Canada charges 275% on Dairy. Farmers will WIN!|18489|75490
realDonaldTrump|Fri Jul 20 12:51:45 +0000 2018|....The United States should not be penalized because we are doing so well. Tightening now hurts all that we have done. The U.S. should be allowed to recapture what was lost due to illegal currency manipulation and BAD Trade Deals. Debt coming due &amp; we are raising rates - Really?|19812|86768
realDonaldTrump|Fri Jul 20 12:43:05 +0000 2018|China, the European Union and others have been manipulating their currencies and interest rates lower, while the U.S. is raising rates while the dollars gets stronger and stronger with each passing day - taking away our big competitive edge. As usual, not a level playing field...|16851|70059
realDonaldTrump|Fri Jul 20 12:31:18 +0000 2018|My deepest sympathies to the families and friends of those involved in the terrible boat accident which just took place in Missouri. Such a tragedy, such a great loss. May God be with you all!|16798|86179
realDonaldTrump|Thu Jul 19 18:14:25 +0000 2018|Will the Dems and Fake News ever learn? This is classic! https://t.co/kSX3ROI4QG|42212|113284
realDonaldTrump|Thu Jul 19 13:35:21 +0000 2018|?Trump recognized Russian Meddling MANY TIMES? https://t.co/T8MERS93wI|14778|53510
realDonaldTrump|Thu Jul 19 13:30:11 +0000 2018|....proliferation, cyber attacks, trade, Ukraine, Middle East peace, North Korea and more. There are many answers, some easy and some hard, to these problems...but they can ALL be solved!|16041|71476
realDonaldTrump|Thu Jul 19 13:24:58 +0000 2018|The Summit with Russia was a great success, except with the real enemy of the people, the Fake News Media. I look forward to our second meeting so that we can start implementing some of the many things discussed, including stopping terrorism, security for Israel, nuclear........|23319|100067
realDonaldTrump|Thu Jul 19 13:11:17 +0000 2018|I told you so! The European Union just slapped a Five Billion Dollar fine on one of our great companies, Google. They truly have taken advantage of the U.S., but not for long!|24270|97884
realDonaldTrump|Thu Jul 19 11:37:25 +0000 2018|Really big jobs meeting today at the White House! 3 P.M.|11113|61612
realDonaldTrump|Thu Jul 19 11:13:48 +0000 2018|?Trump recognized Russian Meddling MANY TIMES.? Thank you to @foxandfriends and @FoxNews for actually showing the clips. The Fake News wants no part of that narrative! Too bad they don?t want to focus on all of the ECONOMIC and JOBS records being set.|16851|69086
realDonaldTrump|Thu Jul 19 10:59:26 +0000 2018|The Fake News Media wants so badly to see a major confrontation with Russia, even a confrontation that could lead to war. They are pushing so recklessly hard and hate the fact that I?ll probably have a good relationship with Putin. We are doing MUCH better than any other country!|22204|90242
realDonaldTrump|Thu Jul 19 10:37:57 +0000 2018|The Fake News Media is going Crazy! They make up stories without any backup, sources or proof. Many of the stories written about me, and the good people surrounding me, are total fiction. Problem is, when you complain you just give them more publicity. But I?ll complain anyway!|25617|113293
realDonaldTrump|Thu Jul 19 10:29:15 +0000 2018|The Democrats have a death wish, in more ways than one - they actually want to abolish ICE. This should cost them heavily in the Midterms. Yesterday, the Republicans overwhelmingly passed a bill supporting ICE!|18527|78144
realDonaldTrump|Thu Jul 19 10:23:14 +0000 2018|Thank you to Novartis for not increasing your prices on prescription drugs. Likewise to Pfizer. We are making a big push to actually reduce the prices, maybe substantially, on prescription drugs.|15604|76164
realDonaldTrump|Thu Jul 19 01:35:33 +0000 2018|A total disgrace that Turkey will not release a respected U.S. Pastor, Andrew Brunson, from prison. He has been held hostage far too long. @RT_Erdogan should do something to free this wonderful Christian husband &amp; father. He has done nothing wrong, and his family needs him!|31123|111365
realDonaldTrump|Wed Jul 18 21:30:19 +0000 2018|The two biggest opponents of ICE in America today are the Democratic Party and MS-13!|28665|105178
realDonaldTrump|Wed Jul 18 21:29:06 +0000 2018|Thank you to Congressman Kevin Yoder! He secured $5 BILLION for Border Security. Now we need Congress to support. Kevin has been strong on Crime, the Border, the 2nd Amendment, and he loves our Military and Vets. @RepKevinYoder has my full and total endorsement!|16945|69823
realDonaldTrump|Wed Jul 18 19:25:30 +0000 2018|Brian Kemp is running for Governor of the great state of Georgia. The Primary is on Tuesday. Brian is tough on crime, strong on the border and illegal immigration. He loves our Military and our Vets and protects our Second Amendment. I give him my full and total endorsement.|25273|100428
realDonaldTrump|Wed Jul 18 11:33:34 +0000 2018|3.4 million jobs created since our great Election Victory - far greater than ever anticipated, and only getting better as new and greatly improved Trade Deals start coming to fruition!|22574|102304
realDonaldTrump|Wed Jul 18 11:27:59 +0000 2018|Some people HATE the fact that I got along well with President Putin of Russia. They would rather go to war than see this. It?s called Trump Derangement Syndrome!|32882|129269
realDonaldTrump|Wed Jul 18 11:03:05 +0000 2018|?A lot of Democrats wished they voted for the Tax Cuts because the economy is booming - we could have 4% growth now and the Fed said yesterday that unemployment could drop again.?  @foxandfriends  @kilmeade|15968|70658
realDonaldTrump|Wed Jul 18 10:44:18 +0000 2018|Congratulations to Martha Roby of The Great State of Alabama on her big GOP Primary win for Congress. My endorsement came appropriately late, but when it came the ?flood gates? opened and you had the kind of landslide victory that you deserve. Enjoy!|12609|64266
realDonaldTrump|Wed Jul 18 10:16:50 +0000 2018|....Russia has agreed to help with North Korea, where relationships with us are very good and the process is moving along. There is no rush, the sanctions remain! Big benefits and exciting future for North Korea at end of process!|16158|68939
realDonaldTrump|Wed Jul 18 10:08:36 +0000 2018|While the NATO meeting in Brussels was an acknowledged triumph, with billions of dollars more being put up by member countries at a faster pace, the meeting with Russia may prove to be, in the long run, an even greater success. Many positive things will come out of that meeting..|16480|74353
realDonaldTrump|Wed Jul 18 09:53:41 +0000 2018|So many people at the higher ends of intelligence loved my press conference performance in Helsinki. Putin and I discussed many important subjects at our earlier meeting. We got along well which truly bothered many haters who wanted to see a boxing match. Big results will come!|20587|90220
realDonaldTrump|Wed Jul 18 04:10:19 +0000 2018|?Prosperity is returning. Donald Trump is doing exactly what he said he would do as a candidate, now as the most effective president, the most successful president, in modern American history.? Thank you to the great Lou Dobbs!|22336|100945
realDonaldTrump|Wed Jul 18 00:27:37 +0000 2018|The Democrats want to abolish ICE, which will mean more crime in our country. I want to give ICE a big cheer! Vote Republican in November.|29998|125275
realDonaldTrump|Wed Jul 18 00:21:54 +0000 2018|The meeting between President Putin and myself was a great success, except in the Fake News Media!|22727|105756
realDonaldTrump|Tue Jul 17 14:39:08 +0000 2018|The economy of the United States is stronger than ever before!|23843|123648
realDonaldTrump|Tue Jul 17 14:33:47 +0000 2018|Thank you @RandPaul. ?The President has gone through a year and a half of totally partisan investigations - what?s he supposed to think??|20987|93934
realDonaldTrump|Tue Jul 17 14:22:28 +0000 2018|While I had a great meeting with NATO, raising vast amounts of money, I had an even better meeting with Vladimir Putin of Russia. Sadly, it is not being reported that way - the Fake News is going Crazy!|23487|97678
realDonaldTrump|Tue Jul 17 13:53:39 +0000 2018|I had a great meeting with NATO. They have paid $33 Billion more and will pay hundreds of Billions of Dollars more in the future, only because of me. NATO was weak, but now it is strong again (bad for Russia). The media only says I was rude to leaders, never mentions the money!|22261|100373
realDonaldTrump|Mon Jul 16 22:53:47 +0000 2018|Will be interviewed on @seanhannity tonight at 9pmE and @TuckerCarlson tomorrow night at 8pmE. Enjoy!|14771|72814
realDonaldTrump|Mon Jul 16 20:34:07 +0000 2018|A productive dialogue is not only good for the United States and good for Russia, but it is good for the world. #HELSINKI2018 https://t.co/Q2Y1PhM9au|21313|82105
realDonaldTrump|Mon Jul 16 20:29:54 +0000 2018|I would rather take a political risk in pursuit of peace, than to risk peace in pursuit of politics. #HELSINKI2018 https://t.co/XdlrJWLPIh|35173|124357
realDonaldTrump|Mon Jul 16 19:40:23 +0000 2018|As I said today and many times before, ?I have GREAT confidence in MY intelligence people.? However, I also recognize that in order to build a brighter future, we cannot exclusively focus on the past ? as the world?s two largest nuclear powers, we must get along! #HELSINKI2018|29807|126999
realDonaldTrump|Mon Jul 16 16:51:20 +0000 2018|Thank you Helsinki, Finland! https://t.co/rh4NUjPSwU|17060|90661
realDonaldTrump|Mon Jul 16 16:11:26 +0000 2018|Joint Press Conference from Helsinki, Finland: https://t.co/fadLMDuGiY|13202|52782
realDonaldTrump|Mon Jul 16 08:56:58 +0000 2018|It was an honor to join you this morning. Thank you! https://t.co/NOUTroe8MV|10655|58161
realDonaldTrump|Mon Jul 16 06:05:29 +0000 2018|Our relationship with Russia has NEVER been worse thanks to many years of U.S. foolishness and stupidity and now, the Rigged Witch Hunt!|23064|103690
realDonaldTrump|Mon Jul 16 05:37:05 +0000 2018|President Obama thought that Crooked Hillary was going to win the election, so when he was informed by the FBI about Russian Meddling, he said it couldn?t happen, was no big deal, &amp; did NOTHING about it. When I won it became a big deal and the Rigged Witch Hunt headed by Strzok!|34842|133335
realDonaldTrump|Mon Jul 16 05:23:50 +0000 2018|Received many calls from leaders of NATO countries thanking me for helping to bring them together and to get them focused on financial obligations, both present &amp; future. We had a truly great Summit that was inaccurately covered by much of the media. NATO is now strong &amp; rich!|21518|101699
realDonaldTrump|Sun Jul 15 17:03:03 +0000 2018|Congratulations to France, who played extraordinary soccer, on winning the 2018 World Cup. Additionally, congratulations to President Putin and Russia for putting on a truly great World Cup Tournament -- one of the best ever!|35270|152131
realDonaldTrump|Sun Jul 15 16:18:12 +0000 2018|...know how to do is resist and obstruct! This is why there is such hatred and dissension in our country ? but at some point, it will heal!|14018|74550
realDonaldTrump|Sun Jul 15 16:18:11 +0000 2018|...over the years, I would return to criticism that it wasn?t good enough ? that I should have gotten Saint Petersburg in addition! Much of our news media is indeed the enemy of the people and all the Dems...|12874|67323
realDonaldTrump|Sun Jul 15 16:18:10 +0000 2018|Heading to Helsinki, Finland ? looking forward to meeting with President Putin tomorrow. Unfortunately, no matter how well I do at the Summit, if I was given the great city of Moscow as retribution for all of the sins and evils committed by Russia...|15600|78449
realDonaldTrump|Sun Jul 15 16:11:13 +0000 2018|There hasn?t been a missile or rocket fired in 9 months in North Korea, there have been no nuclear tests and we got back our hostages. Who knows how it will all turn out in the end, but why isn?t the Fake News talking about these wonderful facts? Because it is FAKE NEWS!|30210|126517
realDonaldTrump|Sat Jul 14 18:17:37 +0000 2018|These Russian individuals did their work during the Obama years. Why didn?t Obama do something about it?  Because he thought Crooked Hillary Clinton would win, that?s why. Had nothing to do with the Trump Administration, but Fake News doesn?t want to report the truth, as usual!|40583|146831
realDonaldTrump|Sat Jul 14 12:44:05 +0000 2018|Our prayers are with those affected by the flooding in Japan. We commend the rescue efforts and offer condolences to all who were injured or lost loved ones. https://t.co/AIgJMyT7qS|17165|71284
realDonaldTrump|Sat Jul 14 11:34:32 +0000 2018|....Remember, it was Little Jeff Z and his people, who are told exactly what to say, who said I could not win the election in that ?there was no way to 270? (over &amp; over again) in the Electoral College. I got 306! They were sooooo wrong in their election coverage. Still hurting!|17666|87348
realDonaldTrump|Sat Jul 14 11:24:13 +0000 2018|So funny! I just checked out Fake News CNN, for the first time in a long time (they are dying in the ratings), to see if they covered my takedown yesterday of Jim Acosta (actually a nice guy). They didn?t! But they did say I already lost in my meeting with Putin. Fake News......|21435|95225
realDonaldTrump|Sat Jul 14 10:08:23 +0000 2018|The stories you heard about the 12 Russians yesterday took place during the Obama Administration, not the Trump Administration. Why didn?t they do something about it, especially when it was reported that President Obama was informed by the FBI in September, before the Election?|38206|127081
realDonaldTrump|Sat Jul 14 09:57:53 +0000 2018|....Where is the DNC Server, and why didn?t the FBI take possession of it? Deep State?|28484|102750
realDonaldTrump|Sat Jul 14 09:46:55 +0000 2018|The Stock Market hit 25,000 yesterday. Jobs are at an all time record - and that is before we fix some of the worst trade deals and conditions ever seen by any government. It is all happening!|23552|110724
realDonaldTrump|Sat Jul 14 09:43:04 +0000 2018|I have arrived in Scotland and will be at Trump Turnberry for two days of meetings, calls and hopefully, some golf - my primary form of exercise! The weather is beautiful, and this place is incredible! Tomorrow I go to Helsinki for a Monday meeting with Vladimir Putin.|15051|85257
realDonaldTrump|Sat Jul 14 09:18:40 +0000 2018|This is now changing - for the first time! https://t.co/bRgrMbdDPp|12282|57751
realDonaldTrump|Fri Jul 13 18:04:59 +0000 2018|???? https://t.co/CwnBfe3smd|20967|104113
realDonaldTrump|Fri Jul 13 14:07:29 +0000 2018|"Joint Press Conference with Prime Minister Theresa May...
https://t.co/XQLkayYKlM"|11022|51506
realDonaldTrump|Fri Jul 13 06:02:42 +0000 2018|Congressman Matt Gaetz of Florida is one of the finest and most talented people in Congress. Strong on Crime, the Border, Illegal Immigration, the 2nd Amendment, our great Military &amp; Vets, Matt worked tirelessly on helping to get our Massive Tax Cuts. He has my Full Endorsement!|21884|91437
realDonaldTrump|Thu Jul 12 17:52:33 +0000 2018|Great success today at NATO! Billions of additional dollars paid by members since my election. Great spirit!|20868|107643
realDonaldTrump|Thu Jul 12 16:32:21 +0000 2018|A very nice note from Chairman Kim of North Korea. Great progress being made! https://t.co/6NI6AqL0xt|25207|92729
realDonaldTrump|Thu Jul 12 15:10:51 +0000 2018|?Trump has been the most consequential president in history when it comes to minority employment. In June, for instance, the unemployment rate for Hispanics and Latinos 16 years and older fell to 4.6%, its lowest level ever, from 4.9% in May.? https://t.co/ex9jizOyAV|18257|68218
realDonaldTrump|Thu Jul 12 14:12:41 +0000 2018|Thank you #NATO2018! https://t.co/nk85QBv1u7|12692|63383
realDonaldTrump|Thu Jul 12 10:57:06 +0000 2018|"#NATOSummit2018 Press Conference in Brussels, Belgium:
https://t.co/iEOeGV6YBI"|10303|42283
realDonaldTrump|Thu Jul 12 06:12:05 +0000 2018|....On top of it all, Germany just started paying Russia, the country they want protection from, Billions of Dollars for their Energy needs coming out of a new pipeline from Russia. Not acceptable! All NATO Nations must meet their 2% commitment, and that must ultimately go to 4%!|20028|87097
realDonaldTrump|Thu Jul 12 06:03:29 +0000 2018|Presidents have been trying unsuccessfully for years to get Germany and other rich NATO Nations to pay more toward their protection from Russia. They pay only a fraction of their cost. The U.S. pays tens of Billions of Dollars too much to subsidize Europe, and loses Big on Trade!|17227|76299
realDonaldTrump|Thu Jul 12 05:55:24 +0000 2018|As I head out to a very important NATO meeting, I see that FBI Lover/Agent Lisa Page is dodging a Subpoena &amp; is refusing to show up and testify. What can she possibly say about her statements and lies. So much corruption on the other side. Where is the Attorney General? @FoxNews|18214|80707
realDonaldTrump|Wed Jul 11 23:33:33 +0000 2018|Billions of additional dollars are being spent by NATO countries since my visit last year, at my request, but it isn?t nearly enough. U.S. spends too much. Europe?s borders are BAD! Pipeline dollars to Russia are not acceptable!|18761|81459
realDonaldTrump|Wed Jul 11 22:47:16 +0000 2018|How can the Rigged Witch Hunt proceed when it was started, influenced and worked on, for an extended period of time, by former FBI Agent/Lover Peter Strzok? Read his hate filled and totally biased Emails and the answer is clear!|21200|86719
realDonaldTrump|Wed Jul 11 21:53:26 +0000 2018|Ex-FBI LAYER Lisa Page today defied a House of Representatives issued Subpoena to testify before Congress! Wow, but is anybody really surprised!  Together with her lover, FBI Agent Peter Strzok, she worked on the Rigged Witch Hunt, perhaps the most tainted and corrupt case EVER!|23566|93516
realDonaldTrump|Wed Jul 11 21:09:01 +0000 2018|If the Democrats want to win Supreme Court and other Court picks, don?t Obstruct and Resist, but rather do it the good ol? fashioned way, WIN ELECTIONS!|18162|83601
realDonaldTrump|Wed Jul 11 17:07:27 +0000 2018|What good is NATO if Germany is paying Russia billions of dollars for gas and energy? Why are there only 5 out of 29 countries that have met their commitment? The U.S. is paying for Europe?s protection, then loses billions on Trade. Must pay 2% of GDP IMMEDIATELY, not by 2025.|28899|118269
realDonaldTrump|Wed Jul 11 16:41:12 +0000 2018|Democrats in Congress must no longer Obstruct - vote to fix our terrible Immigration Laws now. I am watching what is going on from Europe - it would be soooo simple to fix. Judges run the system and illegals and traffickers know how it works. They are just using children!|21991|90411
realDonaldTrump|Wed Jul 11 12:40:32 +0000 2018|...things up, better than ever before, but it can?t go too quickly. I am fighting for a level playing field for our farmers, and will win!|13439|69969
realDonaldTrump|Wed Jul 11 12:40:31 +0000 2018|I am in Brussels, but always thinking about our farmers. Soy beans fell 50% from 2012 to my election. Farmers have done poorly for 15 years. Other countries? trade barriers and tariffs have been destroying their businesses. I will open...|17024|80294
realDonaldTrump|Wed Jul 11 08:04:45 +0000 2018|Bilateral Breakfast with NATO Secretary General in Brussels, Belgium... https://t.co/l0EP3lzhCM|18949|76322
realDonaldTrump|Tue Jul 10 22:37:28 +0000 2018|Just talked with Pfizer CEO and @SecAzar on our drug pricing blueprint. Pfizer is rolling back price hikes, so American patients don?t pay more. We applaud Pfizer for this decision and hope other companies do the same. Great news for the American people!|25147|106898
realDonaldTrump|Tue Jul 10 18:52:21 +0000 2018|The European Union makes it impossible for our farmers and workers and companies to do business in Europe (U.S. has a $151 Billion trade deficit), and then they want us to happily defend them through NATO, and nicely pay for it. Just doesn?t work!|23976|98624
realDonaldTrump|Tue Jul 10 18:42:21 +0000 2018|A recent Emerson College ePoll said that most Americans, especially Hispanics, feel that they are better off under President Trump than they were under President Obama.|21293|105285
realDonaldTrump|Tue Jul 10 17:01:30 +0000 2018|Many countries in NATO, which we are expected to defend, are not only short of their current commitment of 2% (which is low), but are also delinquent for many years in payments that have not been made. Will they reimburse the U.S.?|18113|76669
realDonaldTrump|Tue Jul 10 14:49:17 +0000 2018|Informing the Republican Senators of my nomination of Judge Brett Kavanaugh. #SCOTUS https://t.co/O5cAaVAtQt|9382|50421
realDonaldTrump|Tue Jul 10 14:40:12 +0000 2018|I am on Air Force One flying to NATO and hear reports that the FBI lovers, Peter Strzok and Lisa Page are getting cold feet on testifying about  the Rigged Witch Hunt headed by 13 Angry Democrats and people that worked for Obama for 8 years. Total disgrace!|24799|106402
realDonaldTrump|Tue Jul 10 12:39:18 +0000 2018|On behalf of the United States, congratulations to the Thai Navy SEALs and all on the successful rescue of the 12 boys and their coach from the treacherous cave in Thailand. Such a beautiful moment - all freed, great job!|39687|183864
realDonaldTrump|Tue Jul 10 10:59:30 +0000 2018|Thank you to all of my great supporters, really big progress being made. Other countries wanting to fix crazy trade deals. Economy is ROARING. Supreme Court pick getting GREAT REVIEWS. New Poll says Trump, at over 90%, is the most popular Republican in history of the Party. Wow!|25623|123758
realDonaldTrump|Tue Jul 10 10:42:43 +0000 2018|NATO countries must pay MORE, the United States must pay LESS. Very Unfair!|13693|68195
realDonaldTrump|Tue Jul 10 09:35:05 +0000 2018|Getting ready to leave for Europe. First meeting - NATO. The U.S. is spending many times more than any other country in order to protect them. Not fair to the U.S. taxpayer. On top of that we lose $151 Billion on Trade with the European Union. Charge us big Tariffs (&amp; Barriers)!|15300|70763
realDonaldTrump|Tue Jul 10 02:54:10 +0000 2018|Tonight, it was my honor and privilege to nominate Judge Brett Kavanaugh to the United States Supreme Court. #SCOTUS https://t.co/97clc9zifm|15848|80012
realDonaldTrump|Mon Jul 09 22:22:40 +0000 2018|HAPPY 100TH BIRTHDAY to our amazing current and former Army Warrant Officers. Thank you for your century of service, as the indispensable guardians of our great @USArmy?s technology! #CenturyOfService https://t.co/hD42XseaTG|13882|64898
realDonaldTrump|Mon Jul 09 17:08:29 +0000 2018|Pfizer &amp; others should be ashamed that they have raised drug prices for no reason. They are merely taking advantage of the poor &amp; others unable to defend themselves, while at the same time giving bargain basement prices to other countries in Europe &amp; elsewhere. We will respond!|28269|111446
realDonaldTrump|Mon Jul 09 17:04:04 +0000 2018|The failing NY Times Fake News story today about breast feeding must be called out. The U.S. strongly supports breast feeding but we don?t believe women should be denied access to formula. Many women need this option because of malnutrition and poverty.|22492|98584
realDonaldTrump|Mon Jul 09 14:25:06 +0000 2018|I have confidence that Kim Jong Un will honor the contract we signed &amp;, even more importantly, our handshake. We agreed to the denuclearization of North Korea. China, on the other hand, may be exerting negative pressure on a deal because of our posture on Chinese Trade-Hope Not!|19759|91847
realDonaldTrump|Mon Jul 09 12:14:43 +0000 2018|I have long heard that the most important decision a U.S. President can make is the selection of a Supreme Court Justice - Will be announced tonight at 9:00 P.M.|20987|114875
realDonaldTrump|Mon Jul 09 12:04:02 +0000 2018|...Europe far more than it does the U.S. By some accounts, the U.S. is paying for 90% of NATO, with many countries nowhere close to their 2% commitment. On top of this the European Union has a Trade Surplus of $151 Million with the U.S., with big Trade Barriers on U.S. goods. NO!|15846|70843
realDonaldTrump|Mon Jul 09 11:55:01 +0000 2018|The United States is spending far more on NATO than any other Country. This is not fair, nor is it acceptable. While these countries have been increasing their contributions since I took office, they must do much more. Germany is at 1%, the U.S. is at 4%, and NATO benefits.......|17171|72421
realDonaldTrump|Sun Jul 08 21:58:52 +0000 2018|They just didn't get it, but they do now! https://t.co/9T50NupkDy|111064|317881
realDonaldTrump|Sun Jul 08 21:27:17 +0000 2018|Looking forward to announcing my final decision on the United States Supreme Court Justice at 9:00pmE tomorrow night at the @WhiteHouse. An exceptional person will be chosen!|20471|106356
realDonaldTrump|Sun Jul 08 20:29:27 +0000 2018|"Iranian Harassment of U.S. Warships:

2015: 22
2016: 36
2017: 14
2018: 0

Source: @USNavy"|38113|155143
realDonaldTrump|Sun Jul 08 13:14:13 +0000 2018|The U.S. is working very closely with the Government of Thailand to help get all of the children out of the cave and to safety. Very brave and talented people!|35648|139967
realDonaldTrump|Sat Jul 07 22:24:02 +0000 2018|The Rigged Witch Hunt, originally headed by FBI lover boy Peter S (for one year) &amp; now, 13 Angry Democrats, should look into the missing DNC Server, Crooked Hillary?s illegally deleted Emails, the Pakistani Fraudster, Uranium One, Podesta &amp; so much more. It?s a Democrat Con Job!|35057|128878
realDonaldTrump|Sat Jul 07 20:42:48 +0000 2018|Public opinion has turned strongly against the Rigged Witch Hunt and the ?Special? Counsel because the public understands that there was no  Collusion with Russia (so ridiculous), that the two FBI lovers were a fraud against our Nation &amp; that the only Collusion was with the Dems!|27634|115177
realDonaldTrump|Sat Jul 07 13:24:41 +0000 2018|Big decision will soon be made on our next Justice of the Supreme Court!|17343|102350
realDonaldTrump|Sat Jul 07 13:21:11 +0000 2018|Twitter is getting rid of fake accounts at a record pace. Will that include the Failing New York Times and propaganda machine for Amazon, the Washington Post, who constantly quote anonymous sources that, in my opinion, don?t exist - They will both be out of business in 7 years!|29377|124712
realDonaldTrump|Fri Jul 06 16:57:34 +0000 2018|Just won lawsuit filed by the DNC and a bunch of Democrat crazies trying to claim the Trump Campaign (and others), colluded with Russia. They haven?t figured out that this was an excuse for them losing the election!|34511|149057
realDonaldTrump|Fri Jul 06 16:12:16 +0000 2018|JOBS, JOBS, JOBS! https://t.co/Tz2PQ2xetT|21441|90376
realDonaldTrump|Fri Jul 06 01:06:36 +0000 2018|Thanks to REPUBLICAN LEADERSHIP, America is WINNING AGAIN - and America is being RESPECTED again all over the world. Because we are finally putting AMERICA FIRST!|23300|118372
realDonaldTrump|Fri Jul 06 00:58:50 +0000 2018|Every day, the brave men and women of ICE are liberating communities from savage gangs like MS-13. We will NOT stand for these vile Democrat smears in law enforcement. We will always stand proudly with the BRAVE HEROES of ICE and BORDER PATROL!|25735|115934
realDonaldTrump|Fri Jul 06 00:44:17 +0000 2018|A vote for Democrats in November is a vote to let MS-13 run wild in our communities, to let drugs pour into our cities, and to take jobs and benefits away from hardworking Americans. Democrats want anarchy, amnesty and chaos - Republicans want LAW, ORDER and JUSTICE!|32982|130058
realDonaldTrump|Fri Jul 06 00:11:09 +0000 2018|It was my great honor to join proud, hardworking American Patriots in Montana tonight. I love you - thank you! #MAGA https://t.co/475ct7hW3D|13737|65294
realDonaldTrump|Thu Jul 05 19:37:58 +0000 2018|...on Monday assume duties as the acting Administrator of the EPA. I have no doubt that Andy will continue on with our great and lasting EPA agenda. We have made tremendous progress and the future of the EPA is very bright!|9412|46418
realDonaldTrump|Thu Jul 05 19:37:57 +0000 2018|I have accepted the resignation of Scott Pruitt as the Administrator of the Environmental Protection Agency. Within the Agency Scott has done an outstanding job, and I will always be thankful to him for this. The Senate confirmed Deputy at EPA, Andrew Wheeler, will...|14920|65224
realDonaldTrump|Thu Jul 05 14:17:23 +0000 2018|Congress - FIX OUR INSANE IMMIGRATION LAWS NOW!|25921|113309
realDonaldTrump|Thu Jul 05 14:16:07 +0000 2018|.....Country being forced to endure a long and costly trial. Tell the people ?OUT,? and they must leave, just as they would if they were standing on your front lawn. Hiring thousands of ?judges? does not work and is not acceptable - only Country in the World that does this!|20009|85354
realDonaldTrump|Thu Jul 05 14:08:57 +0000 2018|Congress must pass smart, fast and reasonable Immigration Laws now. Law Enforcement at the Border is doing a great job, but the laws they are forced to work with are insane. When people, with or without children, enter our Country, they must be told to leave without our........|19381|82990
realDonaldTrump|Thu Jul 05 02:47:35 +0000 2018|Happy Birthday, America! https://t.co/SIi6xXsfof|32959|183488
realDonaldTrump|Wed Jul 04 20:46:00 +0000 2018|The OPEC Monopoly must remember that gas prices are up &amp; they are doing little to help. If anything, they are driving prices higher as the United States defends many of their members for very little $?s. This must be a two way street. REDUCE PRICING NOW!|26409|113302
realDonaldTrump|Wed Jul 04 14:44:53 +0000 2018|https://t.co/ue5JEZy85v|21406|80255
realDonaldTrump|Wed Jul 04 14:42:38 +0000 2018|Happy Fourth of July....Our Country is doing GREAT!|45196|224388
realDonaldTrump|Wed Jul 04 00:36:39 +0000 2018|Tomorrow, families across our Nation will gather to celebrate the Fourth of July. As we do, we will think of the men &amp; women serving overseas at this very moment, far away from their families, protecting America - &amp; we will thank GOD for blessing us with these incredible HEROES! https://t.co/FQ1D7oEta2|20365|89594
realDonaldTrump|Tue Jul 03 23:52:08 +0000 2018|...has endured because of the sweat, blood and sacrifice of the American Armed Forces ? the greatest force for peace and justice in the history of the world!|12730|66347
realDonaldTrump|Tue Jul 03 23:52:06 +0000 2018|Tonight we gathered to celebrate the courageous men and women who make freedom possible: our brave service members, and our wonderful Veterans. For 242 years, American Independence...|18249|91149
realDonaldTrump|Tue Jul 03 23:19:35 +0000 2018|Thank you, @WVGovernor Jim Justice, for that warm introduction. Tonight, it was my great honor to attend the ?Greenbrier Classic ? Salute to Service Dinner? in West Virginia! God Bless our Veterans. God Bless America - and HAPPY INDEPENDENCE DAY TO ALL! https://t.co/V35qvCN8m6|10090|48928
realDonaldTrump|Tue Jul 03 23:13:34 +0000 2018|After having written many best selling books, and somewhat priding myself on my ability to write, it should be noted that the Fake News constantly likes to pore over my tweets looking for a mistake. I capitalize certain words only for emphasis, not b/c they should be capitalized!|15000|87110
realDonaldTrump|Tue Jul 03 21:35:11 +0000 2018|The Washington Post is constantly quoting ?anonymous sources? that do not exist. Rarely do they use the name of anyone because there is no one to give them the kind of negative quote that they are looking for. They are a disgrace to journalism but then again, so are many others!|22930|97625
realDonaldTrump|Tue Jul 03 21:26:01 +0000 2018|Heading to West Virginia to be with my friend, @WVGovernor Jim Justice, at his beautiful Greenbrier Resort. He works hard, does a great job, and raises lots of money for charities!|9122|52093
realDonaldTrump|Tue Jul 03 14:18:44 +0000 2018|Wow! The NSA has deleted 685 million phone calls and text messages. Privacy violations? They blame technical irregularities. Such a disgrace. The Witch Hunt continues!|27801|107393
realDonaldTrump|Tue Jul 03 14:00:22 +0000 2018|Now that Harley-Davidson is moving part of its operation out of the U.S., my Administration is working with other Motor Cycle companies who want to move into the U.S. Harley customers are not happy with their move - sales are down 7% in 2017. The U.S. is where the Action is!|17920|86795
realDonaldTrump|Tue Jul 03 12:03:40 +0000 2018|Just out that the Obama Administration granted citizenship, during the terrible Iran Deal negotiation, to 2,500 Iranians - including to government officials. How big (and bad) is that?|29159|93618
realDonaldTrump|Tue Jul 03 11:16:18 +0000 2018|Many good conversations with North Korea-it is going well! In the meantime, no Rocket Launches or Nuclear Testing in 8 months. All of Asia is thrilled. Only the Opposition Party, which includes the Fake News, is complaining. If not for me, we would now be at War with North Korea!|18855|82269
realDonaldTrump|Tue Jul 03 10:57:52 +0000 2018|How can the Democrats, who are weak on the Border and weak on Crime, do well in November. The people of our Country want and demand Safety and Security, while the Democrats are more interested in  ripping apart and demeaning (and not properly funding) our great Law Enforcement!|20372|87091
realDonaldTrump|Tue Jul 03 10:49:10 +0000 2018|When we have an ?infestation? of MS-13 GANGS in certain parts of our country, who do we send to get them out? ICE! They are tougher and smarter than these rough criminal elelments that bad immigration laws allow into our country. Dems do not appreciate the great job they do! Nov.|21952|95229
realDonaldTrump|Tue Jul 03 10:33:44 +0000 2018|The economy is doing perhaps better than ever before, and that?s prior to fixing some of the worst and most unfair Trade Deals ever made by any country. In any event, they are coming along very well. Most countries agree that they must be changed, but nobody ever asked!|14399|66886
realDonaldTrump|Tue Jul 03 10:25:37 +0000 2018|I interviewed 4 very impressive people yesterday. On Monday I will be announcing my decision for Justice of the United States Supreme Court!|13886|74427
realDonaldTrump|Tue Jul 03 10:16:51 +0000 2018|Crazy Maxine Waters, said by some to be one of the most corrupt people in politics, is rapidly becoming, together with Nancy Pelosi, the FACE of the Democrat Party. Her ranting and raving, even referring to herself as a wounded animal, will make people flee the Democrats!|19143|84844
realDonaldTrump|Tue Jul 03 02:43:57 +0000 2018|Many Democrats are deeply concerned about the fact that their ?leadership? wants to denounce and abandon the great men and women of ICE, thereby declaring war on Law &amp; Order. These people will be voting for Republicans in November and, in many cases, joining the Republican Party!|26087|110794
realDonaldTrump|Mon Jul 02 21:48:02 +0000 2018|Today, it was my great honor to welcome Prime Minister Mark Rutte of the Netherlands, to the @WhiteHouse! https://t.co/Zn6ZLM0tzy|12072|67598
realDonaldTrump|Mon Jul 02 03:01:30 +0000 2018|Congratulations to Andres Manuel Lopez Obrador on becoming the next President of Mexico. I look very much forward to working with him. There is much to be done that will benefit both the United States and Mexico!|66863|209365
realDonaldTrump|Sun Jul 01 19:39:28 +0000 2018|A big week, especially with our numerous victories in the Supreme Court. Heading back to the White House now. Focus will be on the selection of a new Supreme Court Justice. Exciting times for our country. Economy may be stronger than it has ever been!|25873|124150
realDonaldTrump|Sun Jul 01 12:11:05 +0000 2018|The Liberal Left, also known as the Democrats, want to get rid of ICE, who do a fantastic job, and want Open Borders. Crime would be rampant and uncontrollable! Make America Great Again|29898|131413
realDonaldTrump|Sun Jul 01 12:00:03 +0000 2018|I will be interviewed by @MariaBartiromo at 10:00 A.M. on @FoxNews|8140|50232
realDonaldTrump|Sat Jun 30 19:44:09 +0000 2018|When people come into our Country illegally, we must IMMEDIATELY escort them back out without going through years of legal maneuvering. Our laws are the dumbest anywhere in the world. Republicans want Strong Borders and no Crime. Dems want Open Borders and are weak on Crime!|38291|153151
realDonaldTrump|Sat Jun 30 19:31:42 +0000 2018|I will be interviewed by @MariaBartiromo on Sunday on @FoxNews at 10:00 A. M. Enjoy!|9673|50138
realDonaldTrump|Sat Jun 30 19:26:12 +0000 2018|Either we need to elect more Republicans in November or Republicans must end the ridiculous 60 vote, or Filibuster, rule - or better yet, do both. Cryin? Chuck would do it on day one, but we?ll never give him the chance. Some great legislation awaits - be smart!|23166|94478
realDonaldTrump|Sat Jun 30 19:17:42 +0000 2018|I never pushed the Republicans in the House to vote for the Immigration Bill, either GOODLATTE 1 or 2, because it could never have gotten enough Democrats as long as there is the 60 vote threshold. I released many prior to the vote knowing we need more Republicans to win in Nov.|15122|68114
realDonaldTrump|Sat Jun 30 19:05:48 +0000 2018|A friend of mine and a man who has truly seen politics and life as few others ever will, Sean Spicer, has written a great new book, ?The Briefing: Politics, the Press and the President.? It is a story told with both heart and knowledge. Really good, go get it!|15193|77278
realDonaldTrump|Sat Jun 30 12:33:55 +0000 2018|I will be making my choice for Justice of the United States Supreme Court on the first Monday after the July 4th Holiday, July 9th!|20890|105545
realDonaldTrump|Sat Jun 30 11:37:03 +0000 2018|Just spoke to King Salman of Saudi Arabia and explained to him that, because of the turmoil &amp; disfunction in Iran and Venezuela, I am asking that Saudi Arabia increase oil production, maybe up to 2,000,000 barrels, to make up the difference...Prices to high! He has agreed!|40708|152738
realDonaldTrump|Sat Jun 30 11:22:41 +0000 2018|To the great and brave men and women of ICE, do not worry or lose your spirit. You are doing a fantastic job of keeping us safe by eradicating the worst criminal elements. So brave! The radical left Dems want you out. Next it will be all police. Zero chance, It will never happen!|37867|148958
realDonaldTrump|Sat Jun 30 11:07:30 +0000 2018|The Democrats are making a strong push to abolish ICE, one of the smartest, toughest and most spirited law enforcement groups of men and women that I have ever seen. I have watched ICE liberate towns from the grasp of MS-13 &amp; clean out the toughest of situations. They are great!|26795|111423
realDonaldTrump|Fri Jun 29 23:30:02 +0000 2018|The new plant being built by Foxconn in Wisconsin is incredible. Congratulations to the people of Wisconsin and to Governor Scott Walker @GovWalker and his talented representatives for having pulled it off. Great job!|15396|76971
realDonaldTrump|Fri Jun 29 18:06:13 +0000 2018|"Six months after our TAX CUTS, more than 6 MILLION workers have received bonuses, pay raises, and retirement account contributions.
#TaxCutsandJobsAct https://t.co/MevjwIINGU"|19422|85752
realDonaldTrump|Fri Jun 29 17:59:22 +0000 2018|Before going any further today, I want to address the horrific shooting that took place yesterday at the Capital Gazette newsroom in Annapolis, Maryland. This attack shocked the conscience of our Nation, and filled our hearts with grief... https://t.co/LALXGhk04b|12070|59607
realDonaldTrump|Thu Jun 28 20:49:55 +0000 2018|Prior to departing Wisconsin, I was briefed on the shooting at Capital Gazette in Annapolis, Maryland. My thoughts and prayers are with the victims and their families. Thank you to all of the First Responders who are currently on the scene.|18059|98272
realDonaldTrump|Thu Jun 28 19:09:42 +0000 2018|"AMERICA IS OPEN FOR BUSINESS! 
https://t.co/fuRF2Z6CZl"|12640|56102
realDonaldTrump|Thu Jun 28 18:57:22 +0000 2018|Today, we broke ground on a plant that will provide jobs for up to 15,000 Wisconsin Workers! As Foxconn has discovered, there is no better place to build, hire and grow than right here in the United States! https://t.co/tOFFodZYvK|21860|96536
realDonaldTrump|Thu Jun 28 13:06:01 +0000 2018|I am in Milwaukee, Wisconsin, for meetings. Soon to leave for a big groundbreaking for Foxconn, which is building a great new electronics plant in Wisconsin. 15,000 Jobs, so great!|16307|89626
realDonaldTrump|Thu Jun 28 12:56:17 +0000 2018|....persecuted on old and/or totally unrelated charges (there was no collusion and there was no obstruction of the no collusion)...And what is going on in the FBI &amp; DOJ with Crooked Hillary, the DNC and all of the lies? A disgraceful situation!|17199|73896
realDonaldTrump|Thu Jun 28 12:43:25 +0000 2018|When is Bob Mueller going to list his Conflicts of Interest? Why has it taken so long? Will they be listed at the top of his $22,000,000 Report...And what about the 13 Angry Democrats, will they list their conflicts with Crooked H? How many people will be sent to jail and......|20703|80480
realDonaldTrump|Thu Jun 28 12:30:31 +0000 2018|Peter Strzok worked as the leader of the Rigged Witch Hunt for a long period of time - he got it started and was only fired because the gig was up. But remember, he took his orders from Comey and McCabe and they took their orders from you know who. Mueller/Comey best friends!|21369|81746
realDonaldTrump|Thu Jun 28 11:38:40 +0000 2018|Just watched @SharkGregNorman on @foxandfriends. Said ?President is doing a great job. All over the world, people want to come back to the U.S.? Thank you Greg, and you?re looking and doing great!|11972|62847
realDonaldTrump|Thu Jun 28 11:32:09 +0000 2018|Amy Kremer, Women for Trump, was so great on @foxandfriends. Brave and very smart, thank you Amy! @AmyKremer|9461|51393
realDonaldTrump|Thu Jun 28 11:25:15 +0000 2018|Russia continues to say they had nothing to do with Meddling in our Election! Where is the DNC Server, and why didn?t Shady James Comey and the now disgraced FBI agents take and closely examine it? Why isn?t Hillary/Russia being looked at? So many questions, so much corruption!|23109|94053
realDonaldTrump|Thu Jun 28 11:02:01 +0000 2018|Lover FBI Agent Peter Strzok was given poor marks on yesterday?s closed door testimony and, according to most reports, refused to answer many questions. There was no Collusion and the Witch Hunt, headed by 13 Angry Democrats and others who are totally conflicted, is Rigged!|18968|79104
realDonaldTrump|Thu Jun 28 03:24:54 +0000 2018|...home addresses ? putting these selfless public servants in harm?s way. These radical protesters want ANARCHY ? but the only response they will find from our government is LAW AND ORDER!|19023|81445
realDonaldTrump|Thu Jun 28 03:24:54 +0000 2018|In recent days we have heard shameless attacks on our courageous law enforcement officers. Extremist Democrat politicians have called for the complete elimination of ICE. Leftwing Activists are trying to block ICE officers from doing their jobs and publicly posting their...|21627|83593
realDonaldTrump|Thu Jun 28 03:03:04 +0000 2018|Thank you North Dakota. Together, we are MAKING AMERICA SAFE AND GREAT AGAIN! #MAGA https://t.co/6Am9n6px8I|15825|74996
realDonaldTrump|Wed Jun 27 23:14:58 +0000 2018|Just landed in North Dakota with @SenJohnHoeven and @RepKevinCramer. We will see everyone at Scheels Arena shortly! https://t.co/pakUigKB61|7858|44878
realDonaldTrump|Wed Jun 27 21:18:03 +0000 2018|Today, it was my great honor to welcome President Marcelo Rebelo de Sousa of Portugal to the @WhiteHouse!???? https://t.co/yd37K4Ei8R|10590|58943
realDonaldTrump|Wed Jun 27 20:28:58 +0000 2018|Heading to North Dakota to fully stand with and endorse Kevin Cramer for Senate. He is an extraordinary Congressman who will hopefully soon represent this great state as your Senator. He is tough on crime, strong on borders, loves our Military, and our Vets! #NDSen https://t.co/uP95m0sIRP|13195|59268
realDonaldTrump|Wed Jun 27 19:13:34 +0000 2018|Statement on Justice Anthony Kennedy. #SCOTUS https://t.co/8aWJ6fWemA|11051|47707
realDonaldTrump|Wed Jun 27 17:33:03 +0000 2018|Today, I was thrilled to join student leaders from Colleges and Universities across the country... https://t.co/OQp3NcOeE4|11334|55640
realDonaldTrump|Wed Jun 27 15:26:24 +0000 2018|Harley-Davidson should stay 100% in America, with the people that got you your success. I?ve done so much for you, and then this. Other companies are coming back where they belong! We won?t forget, and neither will your customers or your now very HAPPY competitors!|18499|84986
realDonaldTrump|Wed Jun 27 14:11:05 +0000 2018|Supreme Court rules in favor of non-union workers who are now, as an example, able to support a candidate of his or her choice without having those who control the Union deciding for them. Big loss for the coffers of the Democrats!|23763|104834
realDonaldTrump|Wed Jun 27 12:39:56 +0000 2018|HOUSE REPUBLICANS SHOULD PASS THE STRONG BUT FAIR IMMIGRATION BILL, KNOWN AS GOODLATTE II, IN THEIR AFTERNOON VOTE TODAY, EVEN THOUGH THE DEMS WON?T LET IT PASS IN THE SENATE. PASSAGE WILL SHOW THAT WE WANT STRONG BORDERS &amp; SECURITY WHILE THE DEMS WANT OPEN BORDERS = CRIME.  WIN!|22609|99956
realDonaldTrump|Wed Jun 27 11:18:02 +0000 2018|Congratulations to Maxine Waters, whose crazy rants have made her, together with Nancy Pelosi, the unhinged FACE of the Democrat Party. Together, they will Make America Weak Again! But have no fear, America is now stronger than ever before, and I?m not going anywhere!|37836|159765
realDonaldTrump|Wed Jun 27 03:52:16 +0000 2018|Big and conclusive win by Mitt Romney. Congratulations! I look forward to working together - there is so much good to do. A great and loving family will be coming to D.C.|9636|63304
realDonaldTrump|Wed Jun 27 02:59:30 +0000 2018|The legendary Gary Player at Turnberry in Scotland! https://t.co/3oGoqWhhtA|5086|33907
realDonaldTrump|Wed Jun 27 02:54:46 +0000 2018|A great First Lady! https://t.co/Pt35aluI4C|15640|90520
realDonaldTrump|Wed Jun 27 02:47:23 +0000 2018|The Democrats are in Turmoil! Open Borders and unchecked Crime a certain way to lose elections. Republicans are for Strong Borders, NO Crime! A BIG NIGHT!|18489|83192
realDonaldTrump|Wed Jun 27 02:18:31 +0000 2018|Wow! Big Trump Hater Congressman Joe Crowley, who many expected was going to take Nancy Pelosi?s place, just LOST his primary election. In other words, he?s out! That is a big one that nobody saw happening. Perhaps he should have been nicer, and more respectful, to his President!|24432|121939
realDonaldTrump|Wed Jun 27 02:05:19 +0000 2018|Tremendous win for Congressman Dan Donovan. You showed great courage in a tough race! New York, and my many friends on Staten Island, have elected someone they have always been very proud of. Congratulations!|14450|75313
realDonaldTrump|Wed Jun 27 01:52:50 +0000 2018|Congratulations to Governor Henry McMaster on your BIG election win! South Carolina loves you. We are all proud of you and Peggy! @henrymcmaster|13222|66752
realDonaldTrump|Tue Jun 26 20:12:05 +0000 2018|Today, we tell the story of an incredible HERO who defended our nation in World War Two ? First Lieutenant Garlin Murl Conner. Although he died 20 years ago, today he takes his rightful place in the Eternal Chronicle of American Valor...https://t.co/mzJ8pPPgZE|15329|72324
realDonaldTrump|Tue Jun 26 14:40:42 +0000 2018|SUPREME COURT UPHOLDS TRUMP TRAVEL BAN. Wow!|36919|170816
realDonaldTrump|Tue Jun 26 13:30:44 +0000 2018|?The most profound question of our era: Was there a conspiracy in the Obama Department of Justice and the FBI to prevent Donald Trump from becoming President of the U.S., and was Strzok at the core of the conspiracy??  Judge Andrew Napolitano|28656|107752
realDonaldTrump|Tue Jun 26 12:36:18 +0000 2018|The face of the Democrats is now Maxine Waters who, together with Nancy Pelosi, have established a fine leadership team. They should always stay together and lead the Democrats, who want Open Borders and Unlimited Crime, well into the future....and pick Crooked Hillary for Pres.|24681|98833
realDonaldTrump|Tue Jun 26 12:17:49 +0000 2018|A Harley-Davidson should never be built in another country-never! Their employees and customers are already very angry at them. If they move, watch, it will be the beginning of the end - they surrendered, they quit! The Aura will be gone and they will be taxed like never before!|19739|89396
realDonaldTrump|Tue Jun 26 11:57:00 +0000 2018|It was great being with Governor Henry McMaster last night in South Carolina. Henry is tough on Crime and Borders, loves our Military and our Vets and has created many jobs and a great economy. GO OUT AND VOTE FOR HENRY TODAY, HE WILL NEVER LET YOU DOWN!|15469|72763
realDonaldTrump|Tue Jun 26 11:49:57 +0000 2018|....We are finishing our study of Tariffs on cars from the E.U. in that they have long taken advantage of the U.S. in the form of Trade Barriers and Tariffs. In the end it will all even out - and it won?t take very long!|12401|58668
realDonaldTrump|Tue Jun 26 11:37:51 +0000 2018|....When I had Harley-Davidson officials over to the White House, I chided them about tariffs in other countries, like India, being too high. Companies are now coming back to America. Harley must know that they won?t be able to sell back into U.S. without paying a big tax!|12333|58042
realDonaldTrump|Tue Jun 26 11:25:01 +0000 2018|....We are getting other countries to reduce and eliminate tariffs and trade barriers that have been unfairly used for years against our farmers, workers and companies. We are opening up closed markets and expanding our footprint. They must play fair or they will pay tariffs!|14346|65901
realDonaldTrump|Tue Jun 26 11:16:36 +0000 2018|Early this year Harley-Davidson said they would move much of their plant operations in Kansas City to Thailand. That was long before Tariffs were announced. Hence, they were just using Tariffs/Trade War as an excuse. Shows how unbalanced &amp; unfair trade is, but we will fix it.....|14710|65777
realDonaldTrump|Tue Jun 26 01:35:03 +0000 2018|Thank you South Carolina. Now let?s get out tomorrow and VOTE for @HenryMcMaster! https://t.co/5xlz0wfMfu|13332|56579
realDonaldTrump|Mon Jun 25 23:44:36 +0000 2018|Just landed in South Carolina - will be at the McMaster rally shortly! #MAGA|7892|52849
realDonaldTrump|Mon Jun 25 23:30:34 +0000 2018|The hearing of Peter Strzok and the other hating frauds at the FBI &amp; DOJ should be shown to the public on live television, not a closed door hearing that nobody will see. We should expose these people for what they are - there should be total transparency!|38597|134049
realDonaldTrump|Mon Jun 25 23:22:12 +0000 2018|Why is Senator Mark Warner (D-VA), perhaps in a near drunken state, claiming he has information that only he and Bob Mueller, the leader of the 13 Angry Democrats on a Witch Hunt, knows? Isn?t this highly illegal. Is it being investigated?|25242|91847
realDonaldTrump|Mon Jun 25 23:06:56 +0000 2018|?Director David Lynch: Trump Could Go Down as One of the Greatest Presidents? https://t.co/AcgnIZNh6e|14859|61950
realDonaldTrump|Mon Jun 25 21:28:06 +0000 2018|Surprised that Harley-Davidson, of all companies, would be the first to wave the White Flag. I fought hard for them and ultimately they will not pay tariffs selling into the E.U., which has hurt us badly on trade, down $151 Billion. Taxes just a Harley excuse - be patient!  #MAGA|17414|75444
realDonaldTrump|Mon Jun 25 17:11:17 +0000 2018|Congresswoman Maxine Waters, an extraordinarily low IQ person, has become, together with Nancy Pelosi, the Face of the Democrat Party. She has just called for harm to supporters, of which there are many, of the Make America Great Again movement. Be careful what you wish for Max!|41373|144903
realDonaldTrump|Mon Jun 25 14:36:39 +0000 2018|Will be heading to one of my favorite places, South Carolina, to fight for one of my original ?fighters,? Governor Henry McMaster. Speaking at 7:00 P.M.|14876|72391
realDonaldTrump|Mon Jun 25 12:54:25 +0000 2018|....If this is done, illegal immigration will be stopped in it?s tracks - and at very little, by comparison, cost. This is the only real answer - and we must continue to BUILD THE WALL!|22190|95008
realDonaldTrump|Mon Jun 25 12:43:00 +0000 2018|Hiring manythousands of judges, and going through a long and complicated legal process, is not the way to go - will always be disfunctional. People must simply be stopped at the Border and told they cannot come into the U.S. illegally. Children brought back to their country......|22194|92719
realDonaldTrump|Mon Jun 25 12:36:29 +0000 2018|Such a difference in the media coverage of the same immigration policies between the Obama Administration and ours. Actually, we have done a far better job in that our facilities are cleaner and better run than were the facilities under Obama. Fake News is working overtime!|26580|105415
realDonaldTrump|Mon Jun 25 12:02:21 +0000 2018|I have tried to stay uninvolved with the Department of Justice and FBI (although I do not legally have to), because of the now totally discredited and very expensive Witch Hunt currently going on. But you do have to ask why the DOJ &amp; FBI aren?t giving over requested documents?|29994|115733
realDonaldTrump|Mon Jun 25 11:41:25 +0000 2018|The Red Hen Restaurant should focus more on cleaning its filthy canopies, doors and windows (badly needs a paint job) rather than refusing to serve a fine person like Sarah Huckabee Sanders. I always had a rule, if a restaurant is dirty on the outside, it is dirty on the inside!|35503|139237
realDonaldTrump|Mon Jun 25 11:28:48 +0000 2018|Former Attorney General Michael Mukasey said that President Trump is probably correct that there was surveillance on Trump Tower. Actually, far greater than would ever have been believed!|18480|73568
realDonaldTrump|Mon Jun 25 01:08:19 +0000 2018|.@RepClayHiggins has been a great help to me on Cutting Taxes, creating great new healthcare programs at low cost, fighting for Border Security, our Military and are Vets. He is tough on Crime and has my full Endorsement. The Great State of Louisiana, we want Clay!|14288|61943
realDonaldTrump|Mon Jun 25 00:08:51 +0000 2018|House Republicans could easily pass a Bill on Strong Border Security but remember, it still has to pass in the Senate, and for that we need 10 Democrat votes, and all they do is RESIST. They want Open Borders and don?t care about Crime! Need more Republicans to WIN in November!|29172|111516
realDonaldTrump|Mon Jun 25 00:01:05 +0000 2018|.@jimmyfallon is now whimpering to all that he did the famous ?hair show? with me (where he seriously messed up my hair), &amp; that he would have now done it differently because it is said to have ?humanized? me-he is taking heat. He called &amp; said ?monster ratings.? Be a man Jimmy!|19705|94805
realDonaldTrump|Sun Jun 24 20:12:25 +0000 2018|The United States is insisting that all countries that have placed artificial Trade Barriers and Tariffs on goods going into their country, remove those Barriers &amp; Tariffs or be met with more than Reciprocity by the U.S.A. Trade must be fair and no longer a one way street!|27611|112726
realDonaldTrump|Sun Jun 24 15:08:33 +0000 2018|....Our Immigration policy, laughed at all over the world, is very unfair to all of those people who have gone through the system legally and are waiting on line for years! Immigration must be based on merit - we need people who will help to Make America Great Again!|31132|126549
realDonaldTrump|Sun Jun 24 15:02:02 +0000 2018|We cannot allow all of these people to invade our Country. When somebody comes in, we must immediately, with no Judges or Court Cases, bring them back from where they came. Our system is a mockery to good immigration policy and Law and Order. Most children come without parents...|30845|120731
realDonaldTrump|Sun Jun 24 13:12:50 +0000 2018|Democrats, fix the laws. Don?t RESIST. We are doing a far better job than Bush and Obama, but we need strength and security at the Border! Cannot accept all of the people trying to break into our Country. Strong Borders, No Crime!|30982|127069
realDonaldTrump|Sun Jun 24 01:43:41 +0000 2018|"Major Wall Street Journal opinion piece today talking about the Russian Witch Hunt and the disgrace that it is. So many people hurt, so bad for our country - a total sham!
https://t.co/bcpSGtoX6a"|24991|84022
realDonaldTrump|Sat Jun 23 22:06:58 +0000 2018|AMERICA IS OPEN FOR BUSINESS! https://t.co/ZjdlHwJlxm|16679|75312
realDonaldTrump|Sat Jun 23 20:25:06 +0000 2018|Thank you @NVGOP! #MAGA https://t.co/OGTR2j6PGG|9455|42474
realDonaldTrump|Sat Jun 23 17:12:03 +0000 2018|Happy Birthday to Supreme Court Justice Clarence Thomas, a friend and great man! https://t.co/hlXYYkTjcv|18975|92979
realDonaldTrump|Sat Jun 23 17:05:33 +0000 2018|It?s very sad that Nancy Pelosi and her sidekick, Cryin? Chuck Schumer, want to protect illegal immigrants far more than the citizens of our country. The United States cannot stand for this. We wants safety and security at our borders!|37476|152881
realDonaldTrump|Sat Jun 23 16:57:48 +0000 2018|Heading to Nevada to talk trade and immigration with supporters. Country?s economy is stronger than ever before with numbers that are getting better by the week. Tremendous potential, and trade deals are coming along well.|15231|79442
realDonaldTrump|Sat Jun 23 14:53:30 +0000 2018|My thoughts and prayers are with Representative Katie Arrington of South Carolina, including all of those involved in last nights car accident, and their families. https://t.co/rWYt2VBjxc|13496|59304
realDonaldTrump|Sat Jun 23 14:00:19 +0000 2018|...everyone how much he likes me, but he will only vote with Nancy Pelosi. Keith is strong on borders and tough on crime ? and loves cutting taxes! #MAGA|8012|37753
realDonaldTrump|Sat Jun 23 14:00:16 +0000 2018|.@VP Pence is heading to Pittsburgh, Pennsylvania where we have both strongly endorsed one of the finest men around, Congressman Keith @RothfusForPA. He is running against #LambTheSham, who is telling...|10040|44268
realDonaldTrump|Sat Jun 23 12:52:57 +0000 2018|Drudge Report  ?OBAMA KEPT THEM IN CAGES, WRAPPED THEM IN FOIL? We do a much better job while at the same time maintaining a MUCH stronger Border! Mainstream Fake Media hates this story.|31895|113509
realDonaldTrump|Sat Jun 23 12:42:45 +0000 2018|?Disability applications plunge as economy strengthens?  Failing New York Times|13281|63276
realDonaldTrump|Sat Jun 23 12:38:05 +0000 2018|The National Association of Manufacturers just announced that 95.1% of Manufacturers ?have a positive outlook for their companies.?  This is the best number in the Association?s history!|18798|81131
realDonaldTrump|Sat Jun 23 11:36:35 +0000 2018|The Russian Witch Hunt is Rigged!|17659|85590
realDonaldTrump|Sat Jun 23 11:33:01 +0000 2018|.@FoxNews  Poll numbers plummet on the Democrat inspired and paid for Russian Witch Hunt. With all of the bias, lying and hate by the investigators, people want the investigators investigated. Much more will come out. A total scam and excuse for the Dems losing the Election!|21391|85970
realDonaldTrump|Sat Jun 23 11:15:33 +0000 2018|Steel is coming back fast! U.S. Steel is adding great capacity also. So are others. https://t.co/0Pzwjg3Vxn|11825|50945
realDonaldTrump|Sat Jun 23 00:34:33 +0000 2018|Based on the Tariffs and Trade Barriers long placed on the U.S. &amp; its great companies and workers by the European Union, if these Tariffs and Barriers are not soon broken down and removed, we will be placing a 20% Tariff on all of their cars coming into the U.S. Build them here!|19266|86087
realDonaldTrump|Fri Jun 22 20:23:33 +0000 2018|Our first duty, and our highest loyalty, is to the citizens of the United States. We will not rest until our border is secure, our citizens are safe, and we finally end the immigration crisis once and for all. https://t.co/7YfZ9kjB23|24422|93424
realDonaldTrump|Fri Jun 22 19:40:20 +0000 2018|We are gathered today to hear directly from the AMERICAN VICTIMS of ILLEGAL IMMIGRATION. These are the American Citizens permanently separated from their loved ones b/c they were killed by criminal illegal aliens. These are the families the media ignores...https://t.co/ZjXESYAcjY|29695|87671
realDonaldTrump|Fri Jun 22 14:10:07 +0000 2018|Hope OPEC will increase output substantially. Need to keep prices down!|12926|62781
realDonaldTrump|Fri Jun 22 13:43:06 +0000 2018|We must maintain a Strong Southern Border. We cannot allow our Country to be overrun by illegal immigrants as the Democrats tell their phony stories of sadness and grief, hoping it will help them in the elections. Obama and others had the same pictures, and did nothing about it!|28438|107532
realDonaldTrump|Fri Jun 22 13:30:54 +0000 2018|80% of Mexico?s Exports come to the United States. They totally rely on us, which is fine with me. They do have, though, very strong Immigration Laws. The U.S. has pathetically weak and ineffective Immigration Laws that the Democrats refuse to help us fix. Will speak to Mexico!|22316|91038
realDonaldTrump|Fri Jun 22 11:58:43 +0000 2018|Congressman Ron DeSantis, a top student at Yale and Harvard Law School, is running for Governor of the Great State of Florida. Ron is strong on Borders, tough on Crime &amp; big on Cutting Taxes - Loves our Military &amp; our Vets. He will be a Great Governor &amp; has my full Endorsement!|24957|99778
realDonaldTrump|Fri Jun 22 11:46:12 +0000 2018|Congresswoman Martha Roby of Alabama has been a consistent and reliable vote for our Make America Great Again Agenda. She is in a Republican Primary run-off against a recent Nancy Pelosi voting Democrat. I fully endorse Martha for Alabama 2nd Congressional District!|13371|54043
realDonaldTrump|Fri Jun 22 11:31:29 +0000 2018|Governor Henry McMaster is a truly fine man who loves the People of South Carolina. He was one of my very early supporters and truly helped me to a Big South Carolina Victory. I will see you all in S.C on Monday and Vice President Pence will be there for Henry on Saturday!|12794|56178
realDonaldTrump|Fri Jun 22 11:06:30 +0000 2018|Republicans should stop wasting their time on Immigration until after we elect more Senators and Congressmen/women in November. Dems are just playing games, have no intention of doing anything to solves this decades old problem. We can pass great legislation after the Red Wave!|23785|89470
realDonaldTrump|Fri Jun 22 11:00:36 +0000 2018|Elect more Republicans in  November and we will pass the finest, fairest and most comprehensive Immigration Bills anywhere in the world. Right now we have the dumbest and the worst. Dems are doing nothing but Obstructing. Remember their motto, RESIST! Ours is PRODUCE!|29755|105206
realDonaldTrump|Fri Jun 22 10:54:51 +0000 2018|Even if we get 100% Republican votes in the Senate, we need 10 Democrat votes to get a much needed Immigration Bill - &amp; the Dems are Obstructionists who won?t give votes for political reasons &amp; because they don?t care about Crime coming from Border! So we need to elect more R?s!|20057|77063
realDonaldTrump|Fri Jun 22 10:41:35 +0000 2018|Our great Judge Jeanine Pirro is out with a new book, ?Liars, Leakers and Liberals, the Case Against the Anti-Trump Conspiracy,? which is fantastic. Go get it!|19852|87748
realDonaldTrump|Thu Jun 21 23:07:53 +0000 2018|You cannot pass legislation on immigration whether it be for safety and security or any other reason including ?heart,? without getting Dem votes. Problem is, they don?t care about security and R?s do. Zero Dems voted to support the Goodlatte Bill. They won?t vote for anything!|23077|83251
realDonaldTrump|Thu Jun 21 22:40:07 +0000 2018|We have to maintain strong borders or we will no longer have a country that we can be proud of ? and if we show any weakness, millions of people will journey into our country.|32073|143089
realDonaldTrump|Thu Jun 21 21:51:07 +0000 2018|?I REALLY DON?T CARE, DO U?? written on the back of Melania?s jacket, refers to the Fake News Media. Melania has learned how dishonest they are, and she truly no longer cares!|40068|157055
realDonaldTrump|Thu Jun 21 20:46:44 +0000 2018|Big Supreme Court win on internet sales tax - about time! Big victory for fairness and for our country. Great victory for consumers and retailers.|13668|66192
realDonaldTrump|Thu Jun 21 20:46:10 +0000 2018|Farm Bill just passed in the House. So happy to see work requirements included. Big win for the farmers!|15563|75989
realDonaldTrump|Thu Jun 21 20:45:32 +0000 2018|I was thrilled to be back in Minnesota for a roundtable with hardworking American Patriots. Thank you! https://t.co/suoRN02zMq|9994|51136
realDonaldTrump|Thu Jun 21 20:25:24 +0000 2018|"\"The real big story that affects everybody in America is the success of @POTUS's TAX CUT package and what it's done for our economy...? @Varneyco https://t.co/2bUbA7zSFM"|11377|46649
realDonaldTrump|Thu Jun 21 17:02:40 +0000 2018|My Administration is acting swiftly to address the illegal immigration crisis on the Southern Border. Loopholes in our immigration laws all supported by extremist open border Democrats...and that's what they are - they're extremist open border Democrats.... https://t.co/F73I5gu0Q5|18901|70038
realDonaldTrump|Thu Jun 21 14:38:15 +0000 2018|Democrats want open Borders, where anyone can come into our Country, and stay. This is Nancy Pelosi?s dream. It won?t happen!|24706|102982
realDonaldTrump|Thu Jun 21 13:52:18 +0000 2018|Henry McMaster has done a great job as Governor of South Carolina. The state is BOOMING, with jobs and new industry setting records. He is tough on Crime and Strong on Borders, Healthcare, the Military and our great Vets. Henry has my full and complete Endrosement! #MAGA|9320|42733
realDonaldTrump|Thu Jun 21 13:08:33 +0000 2018|What is the purpose of the House doing good immigration bills when you need 9 votes by Democrats in the Senate, and the Dems are only looking to Obstruct (which they feel is good for them in the Mid-Terms). Republicans must get rid of the stupid Filibuster Rule-it is killing you!|20111|76575
realDonaldTrump|Thu Jun 21 12:50:56 +0000 2018|Last night in Minnesota was incredible. What a crowd!|12019|75007
realDonaldTrump|Thu Jun 21 12:38:16 +0000 2018|I will be going the Columbia, South Carolina, on Monday night to do a campaign speech for one of my very early supporters, a man who truly loves the people of South Carolina, Governor Henry McMaster. Henry worked so hard &amp; was so loyal to me that I look forward to reciprocating!|16731|80170
realDonaldTrump|Thu Jun 21 12:29:54 +0000 2018|The Border has been a big mess and problem for many years. At some point Schumer and Pelosi, who are weak on Crime and Border security, will be forced to do a real deal, so easy, that solves this long time problem. Schumer used to want Border security - now he?ll take Crime!|17515|71439
realDonaldTrump|Thu Jun 21 12:12:07 +0000 2018|We shouldn?t be hiring judges by the thousands, as our ridiculous immigration laws demand, we should be changing our laws, building the Wall, hire Border Agents and Ice and not let people come into our country based on the legal phrase they are told to say as their password.|27278|103897
realDonaldTrump|Thu Jun 21 03:51:37 +0000 2018|ALL-TIME RECORD OPTIMISM! https://t.co/ZTrfJY2afh|18331|74236
realDonaldTrump|Thu Jun 21 03:24:35 +0000 2018|Just returning from the Great State of Minnesota where we had an incredible rally with 9,000 people, and at least 10,000 who could not get in - I will return! Congratulations to @PeteStauber who is loved and respected in Minnesota!|16535|86397
realDonaldTrump|Thu Jun 21 01:01:15 +0000 2018|Thank you Duluth, Minnesota. Together, we are MAKING AMERICA GREAT AGAIN! https://t.co/G0hbbx6xAK|16022|71767
realDonaldTrump|Wed Jun 20 23:30:38 +0000 2018|So sorry, people wanting to get into the already packed arena - I LOVE YOU ALL! https://t.co/PFvXrsvgkA|21156|92746
realDonaldTrump|Wed Jun 20 21:54:38 +0000 2018|Just landed in Duluth, Minnesota. Two events planned - looking forward to them and being with @PeteStauber and his wonderful family!|9547|55102
realDonaldTrump|Wed Jun 20 20:39:30 +0000 2018|Don?t worry, the Republicans, and your President, will fix it! https://t.co/xsbuPzXbHj|83078|201950
realDonaldTrump|Wed Jun 20 20:34:24 +0000 2018|Look what Fake ABC News put out. I guess they had it prepared from the 13 Angry Democrats leading the Witch Hunt! #StopTheBias https://t.co/c0XOk1btEQ|14357|51091
realDonaldTrump|Wed Jun 20 20:04:45 +0000 2018|Had a great meeting with the House GOP last night at the Capitol. They applauded and laughed loudly when I mentioned my experience with Mark Sanford. I have never been a fan of his!|9794|53173
realDonaldTrump|Wed Jun 20 17:37:42 +0000 2018|https://t.co/yfwdyUHmn3|11598|43146
realDonaldTrump|Wed Jun 20 15:00:16 +0000 2018|More records! #MAGA https://t.co/2CP5eq40Fy|10529|41802
realDonaldTrump|Wed Jun 20 14:00:18 +0000 2018|?FBI texts have revealed anti-Trump Bias.? @FoxNews  Big News, but the Fake News doesn?t want to cover. Total corruption - the Witch Hunt has turned out to be a scam! At some point soon the Mainstream Media will have to cover correctly, too big a story!|21676|82263
realDonaldTrump|Wed Jun 20 13:41:25 +0000 2018|It?s the Democrats fault, they won?t give us the votes needed to pass good immigration legislation. They want open borders, which breeds horrible crime. Republicans want security. But I am working on something - it never ends!|22914|95065
realDonaldTrump|Wed Jun 20 12:25:17 +0000 2018|The Fake News is not mentioning the safety and security of our Country when talking about illegal immigration. Our immigration laws are the weakest and worst anywhere in the world, and the Dems will do anything not to change them &amp; to obstruct-want open borders which means crime!|31322|124886
realDonaldTrump|Wed Jun 20 02:36:54 +0000 2018|THANK YOU @HouseGOP! https://t.co/scvACfJwts|9289|47646
realDonaldTrump|Wed Jun 20 02:17:37 +0000 2018|Earlier today, @FLOTUS Melania and I were honored to welcome King Felipe VI and Queen Letizia of Spain to the @WhiteHouse!???? https://t.co/cCubCyiRm5|12841|69223
realDonaldTrump|Wed Jun 20 01:06:27 +0000 2018|Homeland Security @SecNielsen did a fabulous job yesterday at the press conference explaining security at the border and for our country, while at the same time recommending changes to obsolete &amp; nasty laws, which force family separation. We want ?heart? and security in America!|21996|95472
realDonaldTrump|Tue Jun 19 18:04:17 +0000 2018|I want to take a moment to address the current illegal immigration crisis on the Southern Border...it has been going on for many, many decades... https://t.co/1F7EK9Ef88|21496|81417
realDonaldTrump|Tue Jun 19 17:35:39 +0000 2018|THANK YOU @NFIB! #NFIB75 https://t.co/5ppZhQhZu0|8452|38257
realDonaldTrump|Tue Jun 19 15:22:29 +0000 2018|Join me tomorrow in Duluth, Minnesota for a #MAGA Rally! Tickets: https://t.co/mhhJB8WQlF https://t.co/gP59o1RDqW|10345|42176
realDonaldTrump|Tue Jun 19 14:11:51 +0000 2018|#CHANGETHELAWS   Now is the best opportunity ever for Congress to change the ridiculous and obsolete laws on immigration. Get it done, always keeping in mind that we must have strong border security.|19512|79405
realDonaldTrump|Tue Jun 19 14:07:02 +0000 2018|We must always arrest people coming into our Country illegally. Of the 12,000 children, 10,000 are being sent by their parents on a very dangerous trip, and only 2000 are with their parents, many of whom have tried to enter our Country illegally on numerous occasions.|32012|120606
realDonaldTrump|Tue Jun 19 13:52:24 +0000 2018|Democrats are the problem. They don?t care about crime and want illegal immigrants, no matter how bad they may be, to pour into and infest our Country, like MS-13. They can?t win on their terrible policies, so they view them as potential voters!|27500|107747
realDonaldTrump|Tue Jun 19 13:52:18 +0000 2018|If you don?t have Borders, you don?t have a Country!|41023|171212
realDonaldTrump|Tue Jun 19 13:52:07 +0000 2018|Crime in Germany is up 10% plus (officials do not want to report these crimes) since migrants were accepted. Others countries are even worse. Be smart America!|19123|79334
realDonaldTrump|Tue Jun 19 13:52:06 +0000 2018|I can?t think of something more concerning than a law enforcement officer suggesting that their going to use their powers to affect an election!? Inspector General Horowitz on what was going on with numerous people regarding my election. A Rigged Witch Hunt!p|20276|83952
realDonaldTrump|Mon Jun 18 15:27:41 +0000 2018|Comey gave Strozk his marching orders. Mueller is Comey?s best friend. Witch Hunt!|20819|87115
realDonaldTrump|Mon Jun 18 14:57:40 +0000 2018|If President Obama (who got nowhere with North Korea and would have had to go to war with many millions of people being killed) had gotten along with North Korea and made the initial steps toward a deal that I have, the Fake News would have named him a national hero!|26155|118485
realDonaldTrump|Mon Jun 18 13:53:48 +0000 2018|It is the Democrats fault for being weak and ineffective with Boarder Security and Crime. Tell them to start thinking about the people devastated by Crime coming from illegal immigration. Change the laws!|22862|98851
realDonaldTrump|Mon Jun 18 13:50:53 +0000 2018|CHANGE THE LAWS!|18411|83750
realDonaldTrump|Mon Jun 18 13:50:40 +0000 2018|Children are being used by some of the worst criminals on earth as a means to enter our country. Has anyone been looking at the Crime taking place south of the border. It is historic, with some countries the most dangerous places in the world. Not going to happen in the U.S.|29343|115292
realDonaldTrump|Mon Jun 18 13:04:28 +0000 2018|We don?t want what is happening with immigration in Europe to happen with us!|31497|125526
realDonaldTrump|Mon Jun 18 13:02:43 +0000 2018|The people of Germany are turning against their leadership as migration is rocking the already tenuous Berlin coalition. Crime in Germany is way up. Big mistake made all over Europe in allowing millions of people in who have so strongly and violently changed their culture!|33767|115470
realDonaldTrump|Mon Jun 18 12:46:07 +0000 2018|Why don?t the Democrats give us the votes to fix the world?s worst immigration laws? Where is the outcry for the killings and crime being caused by gangs and thugs, including MS-13, coming into our country illegally?|26206|107945
realDonaldTrump|Mon Jun 18 01:03:52 +0000 2018|?The highest level of bias I?ve ever witnessed in any law enforcement officer.? Trey Gowdy on the FBI?s own, Peter Strzok. Also remember that they all worked for Slippery James Comey and that Comey is best friends with Robert Mueller. A really sick deal, isn?t it?|27141|104334
realDonaldTrump|Mon Jun 18 00:49:01 +0000 2018|The Democrats should get together with their Republican counterparts and work something out on Border Security &amp; Safety. Don?t wait until after the election because you are going to lose!|19516|88278
realDonaldTrump|Mon Jun 18 00:42:04 +0000 2018|Why was the FBI?s sick loser, Peter Strzok, working on the totally discredited Mueller team of 13 Angry &amp; Conflicted Democrats, when Strzok was giving Crooked Hillary a free pass yet telling his lover, lawyer Lisa Page, that ?we?ll stop? Trump from becoming President? Witch Hunt!|20807|82941
realDonaldTrump|Mon Jun 18 00:25:53 +0000 2018|Why was the FBI giving so much information to the Fake News Media. They are not supposed to be doing that, and knowing the enemy of the people Fake News, they put their own spin on it - truth doesn?t matter to them!|23907|100061
realDonaldTrump|Sun Jun 17 14:54:53 +0000 2018|WITCH HUNT! There was no Russian Collusion. Oh, I see, there was no Russian Collusion, so now they look for obstruction on the no Russian Collusion. The phony Russian Collusion was a made up Hoax. Too bad they didn?t look at Crooked Hillary like this. Double Standard!|29760|123809
realDonaldTrump|Sun Jun 17 13:26:28 +0000 2018|Washington Post employees want to go on strike because Bezos isn?t paying them enough. I think a really long strike would be a great idea. Employees would get more money and we would get rid of Fake News for an extended period of time! Is @WaPo a registered lobbyist?|16335|70047
realDonaldTrump|Sun Jun 17 13:08:26 +0000 2018|Our economy is perhaps BETTER than it has ever been. Companies doing really well, and moving back to America, and jobs numbers are the best in 44 years.|15368|81536
realDonaldTrump|Sun Jun 17 13:01:06 +0000 2018|The denuclearization deal with North Korea is being praised and celebrated all over Asia. They are so happy! Over here, in our country, some people would rather see this historic deal fail than give Trump a win, even if it does save potentially millions &amp; millions of lives!|18232|78434
realDonaldTrump|Sun Jun 17 12:48:43 +0000 2018|Holding back the ?war games? during the negotiations was my request because they are VERY EXPENSIVE and set a bad light during a good faith negotiation. Also, quite provocative. Can start up immediately if talks break down, which I hope will not happen!|14747|74832
realDonaldTrump|Sun Jun 17 12:40:02 +0000 2018|Funny how the Fake News, in a coordinated effort with each other, likes to say I gave sooo much to North Korea because I ?met.? That?s because that?s all they have to disparage! We got so much for peace in the world, &amp; more is being added in finals. Even got our hostages/remains!|16735|77630
realDonaldTrump|Sun Jun 17 12:31:46 +0000 2018|Daniel Henninger of The Wall Street Journal: ?This IG Report makes it clear, as did Rod Rosenstein?s memo, that Trump was absolutely justified, unquestionably justified, in firing Jim Comey. So I think the Mueller Investigation is on pretty weak grounds right now.?  Witch Hunt!|16951|70144
realDonaldTrump|Sun Jun 17 11:58:01 +0000 2018|Please clear up the Fake News! https://t.co/3VbIKbmKwP|12053|51328
realDonaldTrump|Sun Jun 17 11:52:40 +0000 2018|Chuck Schumer said ?the Summit was what the Texans call all cattle and no hat.? Thank you Chuck, but are you sure you got that right? No more nuclear testing or rockets flying all over the place, blew up launch sites. Hostages already back, hero remains coming home &amp; much more!|19253|84021
realDonaldTrump|Sat Jun 16 14:01:33 +0000 2018|The IG Report totally destroys James Comey and all of his minions including the great lovers, Peter Strzok and Lisa Page, who started the disgraceful Witch Hunt against so many innocent people. It will go down as a dark and dangerous period in American History!|29409|117757
realDonaldTrump|Sat Jun 16 13:12:14 +0000 2018|My supporters are the smartest, strongest, most hard working and most loyal that we have seen in our countries history. It is a beautiful thing to watch as we win elections and gather support from all over the country. As we get stronger, so does our country. Best numbers ever!|42628|181479
realDonaldTrump|Sat Jun 16 13:03:57 +0000 2018|Democrats can fix their forced family breakup at the Border by working with Republicans on new legislation, for a change! This is why we need more Republicans elected in November. Democrats are good at only three things, High Taxes, High Crime and Obstruction. Sad!|29665|117791
realDonaldTrump|Fri Jun 15 22:32:18 +0000 2018|Great discussions with European Union Commission President Jean-Claude Juncker and EU Council President Donald Tusk at the #G7Summit in Canada last week. https://t.co/kGxXe50459|8884|47113
realDonaldTrump|Fri Jun 15 22:23:44 +0000 2018|The Fake News Media said that I did not get along with other Leaders at the #G7Summit in Canada. They are once again, WRONG! https://t.co/I6eEKEZV6z|17380|71985
realDonaldTrump|Fri Jun 15 22:03:07 +0000 2018|I have a great relationship with Angela Merkel of Germany, but the Fake News Media only shows the bad photos (implying anger) of negotiating an agreement - where I am asking for things that no other American President would ask for! https://t.co/Ib97nN5HZt|21273|80485
realDonaldTrump|Fri Jun 15 17:49:38 +0000 2018|I?ve had to beat 17 very talented people including the Bush Dynasty, then I had to beat the Clinton Dynasty, and now I have to beat a phony Witch Hunt and all of the dishonest people covered in the IG Report...and never forget the Fake News Media. It never ends!|36664|151599
realDonaldTrump|Fri Jun 15 17:41:10 +0000 2018|Wow, what a tough sentence for Paul Manafort, who has represented Ronald Reagan, Bob Dole and many other top political people and campaigns. Didn?t know Manafort was the head of the Mob. What about Comey and Crooked Hillary and all of the others? Very unfair!|24711|96286
realDonaldTrump|Fri Jun 15 17:08:14 +0000 2018|The Democrats are forcing the breakup of families at the Border with their horrible and cruel legislative agenda. Any Immigration Bill MUST HAVE full funding for the Wall, end Catch &amp; Release, Visa Lottery and Chain, and go to Merit Based Immigration. Go for it! WIN!|27895|108913
realDonaldTrump|Fri Jun 15 12:03:30 +0000 2018|?Donald Trump was 100% right to fire James Comey.? Mark Levin|15379|76369
realDonaldTrump|Fri Jun 15 11:53:57 +0000 2018|?Why in the world didn?t Barack Obama fire this guy (Comey)?? asks Mark Levin!|13309|65516
realDonaldTrump|Fri Jun 15 11:50:07 +0000 2018|Wow, the highest rated (by far) morning show, @foxandfriends, is on the Front Lawn of the White House. Maybe I?ll have to take an unannounced trip down to see them?|14462|86775
realDonaldTrump|Fri Jun 15 11:45:03 +0000 2018|U.S.A. Jobs numbers are the BEST in 44 years. If my opponent (the Democrats) had won the election, they would have raised taxes substantially and increased regulations - the economy, and jobs, would have been a disaster!|21096|97511
realDonaldTrump|Fri Jun 15 11:06:28 +0000 2018|Thank you for all of the compliments on getting the World Cup to come to the U.S.A., Mexico and Canada. I worked hard on this, along with a Great Team of talented people. We never fail, and it will be a great World Cup! A special thanks to Bob Kraft for excellent advice.|13080|70938
realDonaldTrump|Fri Jun 15 10:55:40 +0000 2018|The IG Report is a total disaster for Comey, his minions and sadly, the FBI. Comey will now officially go down as the worst leader, by far, in the history of the FBI. I did a great service to the people in firing him. Good Instincts. Christopher Wray will bring it proudly back!|19095|84618
realDonaldTrump|Fri Jun 15 10:35:14 +0000 2018|FBI Agent Peter Strzok, who headed the Clinton &amp; Russia investigations, texted to his lover Lisa Page, in the IG Report, that ?we?ll stop? candidate Trump from becoming President. Doesn?t get any lower than that!|23102|90414
realDonaldTrump|Thu Jun 14 17:34:46 +0000 2018|Happy #FlagDay?? https://t.co/KEUMfnoHIv|16689|83204
realDonaldTrump|Thu Jun 14 16:33:55 +0000 2018|Happy 243rd Birthday to the @USArmy! Thank you for your bravery, sacrifices, and dedication to the U.S.A. We love you! https://t.co/XlQYstu3Vo|15987|78056
realDonaldTrump|Thu Jun 14 15:09:21 +0000 2018|....Schneiderman, who ran the Clinton campaign in New York, never had the guts to bring this ridiculous case, which lingered in their office for almost 2 years. Now he resigned his office in disgrace, and his disciples brought it when we would not settle.|17173|74819
realDonaldTrump|Thu Jun 14 15:09:12 +0000 2018|The sleazy New York Democrats, and their now disgraced (and run out of town) A.G. Eric Schneiderman, are doing everything they can to sue me on a foundation that took in $18,800,000 and gave out to charity more money than it took in, $19,200,000. I won?t settle this case!...|26443|109803
realDonaldTrump|Thu Jun 14 15:08:51 +0000 2018|So, the Democrats make up a phony crime, Collusion with the Russians, pay a fortune to make the crime sound real, illegally leak (Comey) classified information so that a Special Councel will be appointed, and then Collude to make this pile of garbage take on life in Fake News!|30939|115326
realDonaldTrump|Thu Jun 14 15:08:44 +0000 2018|Now that I am back from Singapore, where we had a great result with respect to North Korea, the thought process must sadly go back to the Witch Hunt, always remembering that there was No Collusion and No Obstruction of the fabricated No Crime.|16122|76990
realDonaldTrump|Thu Jun 14 12:34:25 +0000 2018|The Republican Party is starting to show very big numbers. People are starting to see what is being done. Results are speaking loudly. North Korea and our greatest ever economy are leading the way!|23419|112962
realDonaldTrump|Wed Jun 13 20:50:20 +0000 2018|Congratulations to @KevinCramer on his huge win in North Dakota. We need Kevin in the Senate, and I strongly endorse him. Heidi voted NO on our Tax Cuts, and always will vote no when we need her. Kevin is strong on Crime &amp; Borders, big on Cutting Taxes!|14989|70069
realDonaldTrump|Wed Jun 13 20:17:00 +0000 2018|Congratulations to Danny Tarkanian on his big GOP primary win in Nevada. Danny worked hard an got a great result. Looking good in November!|15505|81252
realDonaldTrump|Wed Jun 13 20:11:41 +0000 2018|Senator Claire McCaskill of the GREAT State of Missouri flew around in a luxurious private jet during her RV tour of the state. RV?s are not for her. People are really upset, so phony! Josh Hawley should win big, and has my full endorsement.|24509|94306
realDonaldTrump|Wed Jun 13 13:30:49 +0000 2018|So funny to watch the Fake News, especially NBC and CNN. They are fighting hard to downplay the deal with North Korea. 500 days ago they would have ?begged? for this deal-looked like war would break out. Our Country?s biggest enemy is the Fake News so easily promulgated by fools!|41574|161659
realDonaldTrump|Wed Jun 13 11:52:50 +0000 2018|Oil prices are too high, OPEC is at it again. Not good!|23551|110562
realDonaldTrump|Wed Jun 13 11:49:16 +0000 2018|The U.S., together with Mexico and Canada, just got the World Cup. Congratulations - a great deal of hard work!|19454|101700
realDonaldTrump|Wed Jun 13 11:10:03 +0000 2018|We save a fortune by not doing war games, as long as we are negotiating in good faith - which both sides are!|18552|101003
realDonaldTrump|Wed Jun 13 10:01:40 +0000 2018|Before taking office people were assuming that we were going to War with North Korea. President Obama said that North Korea was our biggest and most dangerous problem. No longer - sleep well tonight!|31722|143371
realDonaldTrump|Wed Jun 13 09:56:57 +0000 2018|Just landed - a long trip, but everybody can now feel much safer than the day I took office. There is no longer a Nuclear Threat from North Korea. Meeting with Kim Jong Un was an interesting and very positive experience. North Korea has great potential for the future!|21245|103814
realDonaldTrump|Wed Jun 13 09:55:31 +0000 2018|Congratulations to Corey Stewart for his great victory for Senator from Virginia. Now he runs against a total stiff, Tim Kaine, who is weak on crime and borders, and wants to raise your taxes through the roof. Don?t underestimate Corey, a major chance of winning!|15902|73063
realDonaldTrump|Wed Jun 13 09:40:03 +0000 2018|...realize the economy is the best it?s ever been with employment being at an all time high, and many companies pouring back into our country. Wake up Punchy!|13277|73333
realDonaldTrump|Wed Jun 13 09:40:02 +0000 2018|Robert De Niro, a very Low IQ individual, has received too many shots to the head by real boxers in movies. I watched him last night and truly believe he may be ?punch-drunk.? I guess he doesn?t...|19527|97678
realDonaldTrump|Wed Jun 13 09:37:03 +0000 2018|My political representatives didn?t want me to get involved in the Mark Sanford primary thinking that Sanford would easily win - but with a few hours left I felt that Katie was such a good candidate, and Sanford was so bad, I had to give it a shot. Congrats to Katie Arrington!|11914|62092
realDonaldTrump|Wed Jun 13 01:14:14 +0000 2018|A year ago the pundits &amp; talking heads, people that couldn?t do the job before, were begging for conciliation and peace - ?please meet, don?t go to war.? Now that we meet and have a great relationship with Kim Jong Un, the same haters shout out, ?you shouldn?t meet, do not meet!?|30014|125072
realDonaldTrump|Wed Jun 13 00:27:36 +0000 2018|The World has taken a big step back from potential Nuclear catastrophe! No more rocket launches, nuclear testing or research! The hostages are back home with their families. Thank you to Chairman Kim, our day together was historic!|32217|150930
realDonaldTrump|Wed Jun 13 00:11:43 +0000 2018|I want to thank Chairman Kim for taking the first bold step toward a bright new future for his people. Our unprecedented meeting ? the first between an American President and a leader of North Korea ? proves that real change is possible! https://t.co/yF3iwD23YQ|23551|110047
realDonaldTrump|Wed Jun 13 00:02:14 +0000 2018|There is no limit to what NoKo can achieve when it gives up its nuclear weapons and embraces commerce &amp; engagement w/ the world. Chairman Kim has before him the opportunity to be remembered as the leader who ushered in a glorious new era of security &amp; prosperity for his citizens! https://t.co/Xbup4Zyz33|17686|82091
realDonaldTrump|Tue Jun 12 23:37:13 +0000 2018|"It's time for another #MAGA rally. Join me in Duluth, Minnesota on Wednesday, June 20th at 6:30pm!
Tickets?https://t.co/mhhJB9erdd https://t.co/T6eXenoSxT"|12814|51827
realDonaldTrump|Tue Jun 12 21:23:18 +0000 2018|"Here is the video, ?A Story of Opportunity? that I shared with Kim Jong-un at the #SingaporeSummit
??https://t.co/43oOci4jvo https://t.co/xBKFkDLtj7"|15258|56604
realDonaldTrump|Tue Jun 12 20:40:28 +0000 2018|...Got along great with Kim Jong-un who wants to see wonderful things for his country. As I said earlier today: Anyone can make war, but only the most courageous can make peace! #SingaporeSummit|17799|81839
realDonaldTrump|Tue Jun 12 20:40:26 +0000 2018|Heading back home from Singapore after a truly amazing visit. Great progress was made on the denuclearization of North Korea. Hostages are back home, will be getting the remains of our great heroes back to their families, no missiles shot, no research happening, sites closing...|18862|88343
realDonaldTrump|Tue Jun 12 20:12:43 +0000 2018|Mark Sanford has been very unhelpful to me in my campaign to MAGA. He is MIA and nothing but trouble. He is better off in Argentina. I fully endorse Katie Arrington for Congress in SC, a state I love. She is tough on crime and will continue our fight to lower taxes. VOTE Katie!|18245|77761
realDonaldTrump|Tue Jun 12 19:30:54 +0000 2018|I strongly endorse Adam Laxalt for Governor of Nevada. Adam is smart, works hard, and knows how to win. He will be a great Governor. Also, will fight hard to lower your taxes and is tough on crime!|14600|63696
realDonaldTrump|Tue Jun 12 08:02:55 +0000 2018|https://t.co/tJG3KIn2q0|48827|178798
realDonaldTrump|Tue Jun 12 00:35:49 +0000 2018|Our Great Larry Kudlow, who has been working so hard on trade and the economy, has just suffered a heart attack. He is now in Walter Reed Medical Center.|24168|98897
realDonaldTrump|Tue Jun 12 00:03:23 +0000 2018|Just won big Supreme Court decision on Voting! Great News!|22636|115335
realDonaldTrump|Mon Jun 11 22:04:01 +0000 2018|The fact that I am having a meeting is a major loss for the U.S., say the haters &amp; losers. We have our hostages, testing, research and all missle launches have stoped, and these pundits, who have called me wrong from the beginning, have nothing else they can say! We will be fine!|32895|147431
realDonaldTrump|Mon Jun 11 21:52:36 +0000 2018|Stock Market up almost 40% since the Election, with 7 Trillion Dollars of U.S. value built throughout the economy. Lowest unemployment rate in many decades, with Black &amp; Hispanic unemployment lowest in History, and Female unemployment lowest in 21 years. Highest confidence ever!|31316|136943
realDonaldTrump|Mon Jun 11 21:27:21 +0000 2018|Meetings between staffs and representatives are going well and quickly....but in the end, that doesn?t matter. We will all know soon whether or not a real deal, unlike those of the past, can happen!|20616|103143
realDonaldTrump|Mon Jun 11 07:51:06 +0000 2018|Thank you Prime Minister Lee Hsien Loong! https://t.co/8MMYGuOj8Q|18638|85787
realDonaldTrump|Mon Jun 11 02:41:02 +0000 2018|Sorry, we cannot let our friends, or enemies, take advantage of us on Trade anymore. We must put the American worker first!|32550|151324
realDonaldTrump|Mon Jun 11 01:45:11 +0000 2018|Great to be in Singapore, excitement in the air!|20692|110833
realDonaldTrump|Mon Jun 11 01:42:35 +0000 2018|....Germany pays 1% (slowly) of GDP towards NATO, while we pay 4% of a MUCH larger GDP. Does anybody believe that makes sense? We protect Europe (which is good) at great financial loss, and then get unfairly clobbered on Trade. Change is coming!|32406|136695
realDonaldTrump|Mon Jun 11 01:29:29 +0000 2018|....And add to that the fact that the U.S. pays close to the entire cost of NATO-protecting many of these same countries that rip us off on Trade (they pay only a fraction of the cost-and laugh!). The European Union had a $151 Billion Surplus-should pay much more for Military!|24581|103258
realDonaldTrump|Mon Jun 11 01:17:17 +0000 2018|Why should I, as President of the United States, allow countries to continue to make Massive Trade Surpluses, as they have for decades, while our Farmers, Workers &amp; Taxpayers have such a big and unfair price to pay? Not fair to the PEOPLE of America! $800 Billion Trade Deficit...|32747|140224
realDonaldTrump|Mon Jun 11 01:05:07 +0000 2018|Fair Trade is now to be called Fool Trade if it is not Reciprocal. According to a Canada release, they make almost 100 Billion Dollars in Trade with U.S. (guess they were bragging and got caught!). Minimum is 17B. Tax Dairy from us at 270%. Then Justin acts hurt when called out!|26092|103295
realDonaldTrump|Sat Jun 09 23:04:54 +0000 2018|PM Justin Trudeau of Canada acted so meek and mild during our @G7 meetings only to give a news conference after I left saying that, ?US Tariffs were kind of insulting? and he ?will not be pushed around.? Very dishonest &amp; weak. Our Tariffs are in response to his of 270% on dairy!|34206|123955
realDonaldTrump|Sat Jun 09 23:03:16 +0000 2018|Based on Justin?s false statements at his news conference, and the fact that Canada is charging massive Tariffs to our U.S. farmers, workers and companies, I have instructed our U.S. Reps not to endorse the Communique as we look at Tariffs on automobiles flooding the U.S. Market!|32207|129300
realDonaldTrump|Sat Jun 09 20:58:15 +0000 2018|?Create peace and great prosperity for his land. I look forward to meeting him and have a feeling that this one-time opportunity will not be wasted!|14437|69810
realDonaldTrump|Sat Jun 09 20:58:14 +0000 2018|I am on my way to Singapore where we have a chance to achieve a truly wonderful result for North Korea and the World. It will certainly be an exciting day and I know that Kim Jong-un will work very hard to do something that has rarely been done before...|22651|101691
realDonaldTrump|Sat Jun 09 20:57:12 +0000 2018|The United States will not allow other countries to impose massive Tariffs and Trade Barriers on its farmers, workers and companies. While sending their product into our country tax free. We have put up with Trade Abuse for many decades ? and that is long enough.|29245|123188
realDonaldTrump|Sat Jun 09 20:56:34 +0000 2018|...U.S.A. Trade. They fully understand where I am coming from. After many decades, fair and reciprocal Trade will happen!|11020|55558
realDonaldTrump|Sat Jun 09 20:56:33 +0000 2018|Just left the @G7 Summit in beautiful Canada. Great meetings and relationships with the six Country Leaders especially since they know I cannot allow them to apply large Tariffs and strong barriers to...|11385|59292
realDonaldTrump|Sat Jun 09 20:43:08 +0000 2018|Just met the new Prime Minister of Italy, @GiuseppeConteIT, a really great guy. He will be honored in Washington, at the @WhiteHouse, shortly. He will do a great job - the people of Italy got it right!|20330|85529
realDonaldTrump|Sat Jun 09 20:33:56 +0000 2018|Henry McMaster loves the people of South Carolina and was with me from the beginning. He is strong on Crime and Borders, great for our Military and our Vets. He is doing a fantastic job as your Governor, and has my full endorsement, a special guy. Vote on Tuesday!|16793|73430
realDonaldTrump|Sat Jun 09 16:00:25 +0000 2018|.@G7 Press Briefing in Charlevoix, Canada, prior to departing for Singapore! https://t.co/75y1SXuwuU|10969|45052
realDonaldTrump|Sat Jun 09 04:22:10 +0000 2018|My thoughts and prayers are with the families of our serviceman who was killed and his fellow servicemen who were wounded in Somalia. They are truly all HEROES.|16785|95604
realDonaldTrump|Fri Jun 08 11:22:44 +0000 2018|I am heading for Canada and the G-7 for talks that will mostly center on the long time unfair trade practiced against the United States. From there I go to Singapore and talks with North Korea on Denuclearization. Won?t be talking about the Russian Witch Hunt Hoax for a while!|17242|81552
realDonaldTrump|Fri Jun 08 11:12:57 +0000 2018|Congratulations to the Washington Capitals on their GREAT play and winning the Stanley Cup Championship. Alex Ovechkin, the team captain, was spectacular - a true Superstar! D.C. is popping, in many ways. What a time!|20139|117774
realDonaldTrump|Fri Jun 08 10:25:35 +0000 2018|Looking forward to straightening out unfair Trade Deals with the G-7 countries. If it doesn?t happen, we come out even better!|15304|76029
realDonaldTrump|Fri Jun 08 10:16:39 +0000 2018|Canada charges the U.S. a 270%  tariff on Dairy Products! They didn?t tell you that, did they? Not fair to our farmers!|25630|93237
realDonaldTrump|Fri Jun 08 10:06:20 +0000 2018|Obama, Schumer and Pelosi did NOTHING about North Korea, and now weak on Crime, High Tax Schumer is telling me what to do at the Summit the Dems could never set up. Schumer failed with North Korea and Iran, we don?t need his advice!|28866|113581
realDonaldTrump|Fri Jun 08 02:15:37 +0000 2018|Why isn?t the European Union and Canada informing the public that for years they have used massive Trade Tariffs and non-monetary Trade Barriers against the U.S. Totally unfair to our farmers, workers &amp; companies. Take down your tariffs &amp; barriers or we will more than match you!|26363|96601
realDonaldTrump|Thu Jun 07 23:44:47 +0000 2018|Prime Minister Trudeau is being so indignant, bringing up the relationship that the U.S. and Canada had over the many years and all sorts of other things...but he doesn?t bring up the fact that they charge us up to 300% on dairy ? hurting our Farmers, killing our Agriculture!|29268|107990
realDonaldTrump|Thu Jun 07 22:04:04 +0000 2018|Please tell Prime Minister Trudeau and President Macron that they are charging the U.S. massive tariffs and create non-monetary barriers. The EU trade surplus with the U.S. is $151 Billion, and Canada keeps our farmers and others out. Look forward to seeing them tomorrow.|23134|90807
realDonaldTrump|Thu Jun 07 20:02:08 +0000 2018|Great day of meetings with Prime Minister @AbeShinzo of Japan! https://t.co/uKcdA8RxoN|11362|50744
realDonaldTrump|Thu Jun 07 19:55:47 +0000 2018|PM Abe and I are also working to improve the trading relationship between the U.S. and Japan, something we have to do. The U.S. seeks a bilateral deal with Japan that is based on the principle of fairness and reciprocity. We?re working hard to reduce our trade imbalance... https://t.co/pnqEHoplk0|10035|47743
realDonaldTrump|Thu Jun 07 19:51:41 +0000 2018|Today, I am greatly honored to welcome my good friend, PM Abe of Japan to the @WhiteHouse. Over the past 16 months the Prime Minister and I have worked closely together to address common challenges, of which there are many... https://t.co/sNlmdd6fgm|9689|49104
realDonaldTrump|Thu Jun 07 17:20:41 +0000 2018|It?s my great honor to welcome Prime Minister @AbeShinzo back to the @WhiteHouse!???? https://t.co/6yCxud2jAN|9731|49645
realDonaldTrump|Thu Jun 07 15:50:50 +0000 2018|?$3 billion payoff: 101 utilities cut rates, credit GOP tax cuts? https://t.co/x1a1OJuRgd|10515|41453
realDonaldTrump|Thu Jun 07 15:49:40 +0000 2018|?Total jobless claims running at lowest level in 44 years? https://t.co/La9irHMTXM|10885|46009
realDonaldTrump|Thu Jun 07 15:42:17 +0000 2018|MAKING AMERICA GREAT AGAIN! https://t.co/KppRUU5OZ3|36086|99962
realDonaldTrump|Thu Jun 07 15:15:21 +0000 2018|The Obama Administration is now accused of trying to give Iran secret access to the financial system of the United States. This is totally illegal. Perhaps we could get the 13 Angry Democrats to divert some of their energy to this ?matter? (as Comey would call it). Investigate!|30917|100480
realDonaldTrump|Thu Jun 07 15:10:46 +0000 2018|When will people start saying, ?thank you, Mr. President, for firing James Comey??|15745|86788
realDonaldTrump|Thu Jun 07 14:07:16 +0000 2018|Our Justice Department must not let Awan &amp; Debbie Wasserman Schultz off the hook. The Democrat I.T. scandal is a key to much of the corruption we see today. They want to make a ?plea deal? to hide what is on their Server. Where is Server? Really bad!|32886|101253
realDonaldTrump|Thu Jun 07 14:01:01 +0000 2018|Looking forward to seeing my friend Prime Minister @AbeShinzo of Japan at noon. Will be discussing North Korea and Trade.|9737|49160
realDonaldTrump|Thu Jun 07 13:49:41 +0000 2018|How could Jeff Flake, who is setting record low polling numbers in Arizona and was therefore humiliatingly forced out of his own Senate seat without even a fight (and who doesn?t have a clue), think about running for office, even a lower one, again? Let?s face it, he?s a Flake!|16936|76687
realDonaldTrump|Thu Jun 07 13:07:56 +0000 2018|When and where will all of the many conflicts of interest be listed by the 13 Angry Democrats (plus) working on the Witch Hunt Hoax. There has never been a group of people on a case so biased or conflicted. It is all a Democrat Excuse for LOSING the Election. Where is the server?|17486|71367
realDonaldTrump|Thu Jun 07 13:05:24 +0000 2018|Alan Dershowitz, Harvard Law Professor: ?It all proves that we never needed a Special Counsel....All of this could have been done by the Justice Dept. Don?t need a multi-million dollar group of people with a target on someone?s back. Not the way Justice should operate.? So true!|17783|69767
realDonaldTrump|Thu Jun 07 12:07:10 +0000 2018|Good luck to Alice Johnson. Have a wonderful life!|17099|90238
realDonaldTrump|Thu Jun 07 11:57:03 +0000 2018|Isn?t it Ironic? Getting ready to go to the G-7 in Canada to fight for our country on Trade (we have the worst trade deals ever made), then off to Singapore to meet with North Korea &amp; the Nuclear Problem...But back home we still have the 13 Angry Democrats pushing the Witch Hunt!|20191|83178
realDonaldTrump|Wed Jun 06 21:41:09 +0000 2018|Thank you to everyone at @FEMA HQ for today?s briefing on preparations for the upcoming hurricane season. Disaster response and recovery is best achieved when it?s federally supported, state managed, and locally executed ? this is the successful model we will continue to build. https://t.co/xpm7IRiZwn|10862|51477
realDonaldTrump|Wed Jun 06 20:09:03 +0000 2018|We must always protect those who protect us. Today, it was my great honor to sign the #VAMissionAct and to make Veterans Choice the permanent law of the land! https://t.co/VV3GdDISbD https://t.co/4OsUDWIzwo|15324|66098
realDonaldTrump|Wed Jun 06 19:37:37 +0000 2018|Today we mark another milestone: the 74th anniversary of #DDay, the Allied invasion of Normandy. On June 6, 1944, more than 70,000 brave young Americans charged out of landing craft, jumped out of airplanes, and stormed into hell... https://t.co/zV8pqoVG9h|13994|63031
realDonaldTrump|Wed Jun 06 14:43:35 +0000 2018|Congratulations to Dana Rohrabacher on his big California win. We are proud of you Dana!|12745|70445
realDonaldTrump|Wed Jun 06 14:04:29 +0000 2018|Many more Republican voters showed up yesterday than the Fake News thought possible. The political pundits just don?t get what is going on out there - or they do get it but refuse to report the facts! Remember, Dems are High Tax, High Crime, easy to beat!|19541|79810
realDonaldTrump|Wed Jun 06 13:54:17 +0000 2018|...Four reporters spotted Melania in the White House last week walking merrily along to a meeting. They never reported the sighting because it would hurt the sick narrative that she was living in a different part of the world, was really ill, or whatever. Fake News is really bad!|21501|95254
realDonaldTrump|Wed Jun 06 13:48:20 +0000 2018|The Fake News Media has been so unfair, and vicious, to my wife and our great First Lady, Melania. During her recovery from surgery they reported everything from near death, to facelift, to left the W.H. (and me) for N.Y. or Virginia, to abuse. All Fake, she is doing really well!|25653|121866
realDonaldTrump|Wed Jun 06 13:37:22 +0000 2018|Gold Star father, Ceejay Metcalf, whose great son Michael was just honored at the White House, was fantastic this morning on @foxandfriends. He is a special man!|9258|52375
realDonaldTrump|Wed Jun 06 13:16:34 +0000 2018|Great night for Republicans! Congratulations to John Cox on a really big number in California. He can win. Even Fake News CNN said the Trump impact was really big, much bigger than they ever thought possible. So much for the big Blue Wave, it may be a big Red Wave. Working hard!|18965|84134
realDonaldTrump|Wed Jun 06 04:02:00 +0000 2018|Mitch McConnell announced he will cancel the Senate?s August Recess. Great, maybe the Democrats will finally get something done other than their acceptance of High Crime and High Taxes. We need Border Security!|19304|86665
realDonaldTrump|Wed Jun 06 01:33:37 +0000 2018|....The greatest Witch Hunt in political history!|16186|77223
realDonaldTrump|Wed Jun 06 01:27:03 +0000 2018|...This is a level of criminality beyond the pale. This is such a grave abuse of power and authority, it?s like nothing else we?ve seen in our history. This makes the Nixon Watergate burglary look like keystone cop stuff|21942|85076
realDonaldTrump|Wed Jun 06 01:23:44 +0000 2018|Chris Farrell, Judicial Watch. ?They were running an operation to undermine a candidate for President of the U.S. These are all violations of law. This is intelligence tradecraft to steer an election. There?s nothing more grave when it comes to abuse of our intelligence system...|20385|73881
realDonaldTrump|Wed Jun 06 01:02:36 +0000 2018|Great interview by @LouDobbs with Chris Farrell of Judicial Watch concerning the governments counter-intelligence operation into the Trump Campaign. SPYGATE at the highest level. Who would believe?|12766|52416
realDonaldTrump|Wed Jun 06 00:37:50 +0000 2018|Wow, Strzok-Page, the incompetent &amp; corrupt FBI lovers, have texts referring to a counter-intelligence operation into the Trump Campaign dating way back to December, 2015. SPYGATE is in full force! Is the Mainstream Media interested yet? Big stuff!|27731|86284
realDonaldTrump|Tue Jun 05 20:37:50 +0000 2018|https://t.co/4OjDqTMEIx|9960|43104
realDonaldTrump|Tue Jun 05 20:07:04 +0000 2018|Imagine how much wasteful spending we?d save if we didn?t have Chuck and Nancy standing in our way! For years, Democrats in Congress have depleted our military and busted our budgets on needless spending, and to what end? No more.|21483|88185
realDonaldTrump|Tue Jun 05 20:06:27 +0000 2018|The HISTORIC Rescissions Package we?ve proposed would cut $15,000,000,000 in Wasteful Spending! We are getting our government back on track.|18326|79653
realDonaldTrump|Tue Jun 05 13:55:59 +0000 2018|Terrific new book out by the wonderful Harris Faulkner, ?9 Rules of Engagement.? Harris shares lessons from a military family. Enjoy!|10511|51871
realDonaldTrump|Tue Jun 05 13:49:56 +0000 2018|Senator @RogerWicker of Mississippi has done everything necessary to Make America Great Again! Get out and vote for Roger, he has my total support!|9679|41517
realDonaldTrump|Tue Jun 05 13:44:18 +0000 2018|Vote for Congressman Devin Nunes, a true American Patriot the likes of which we rarely see in our modern day world....he truly loves our country and deserves everyone?s support!|20931|79080
realDonaldTrump|Tue Jun 05 13:09:59 +0000 2018|Get the vote out in California today for Rep. Kevin McCarthy and all of the great GOP candidates for Congress. Keep our country out of the hands of High Tax, High Crime Nancy Pelosi.|17812|70414
realDonaldTrump|Tue Jun 05 13:02:33 +0000 2018|In High Tax, High Crime California, be sure to get out and vote for Republican John Cox for Governor. He will make a BIG difference!|13956|58953
realDonaldTrump|Tue Jun 05 11:58:52 +0000 2018|Separating families at the Border is the fault of bad legislation passed by the Democrats. Border Security laws should be changed but the Dems can?t get their act together! Started the Wall.|18491|80966
realDonaldTrump|Tue Jun 05 11:50:55 +0000 2018|....@NASCAR and Champion @MartinTruex_Jr were recently at the White House. It was a great day for a great sport!|7448|42003
realDonaldTrump|Tue Jun 05 11:34:04 +0000 2018|Meeting in Singapore with North Korea will hopefully be the start of something big...we will soon see!|15194|77907
realDonaldTrump|Tue Jun 05 11:31:47 +0000 2018|The Russian Witch Hunt Hoax continues, all because Jeff Sessions didn?t tell me he was going to recuse himself...I would have quickly picked someone else. So much time and money wasted, so many lives ruined...and Sessions knew better than most that there was No Collusion!|16019|64581
realDonaldTrump|Tue Jun 05 11:21:58 +0000 2018|We have had many Championship teams recently at the White House including the Chicago Cubs, Houston Astros, Pittsburgh Penguins, New England Patriots, Alabama and Clemson National Champions, and many others. National Anthem &amp; more great music today at 3:00 P.M.|10776|55663
realDonaldTrump|Tue Jun 05 11:08:34 +0000 2018|We will proudly be playing the National Anthem and other wonderful music celebrating our Country today at 3 P.M., The White House, with the United States Marine Band and the United States Army Chorus. Honoring America! NFL, no escaping to Locker Rooms!|17462|79774
realDonaldTrump|Tue Jun 05 10:51:07 +0000 2018|The U.S. has an increased economic value of more than 7 Trillion Dollars since the Election. May be the best economy in the history of our country. Record Jobs numbers. Nice!|15882|72001
realDonaldTrump|Tue Jun 05 10:38:51 +0000 2018|What is taking so long with the Inspector General?s Report on Crooked Hillary and Slippery James Comey. Numerous delays. Hope Report is not being changed and made weaker! There are so many horrible things to tell, the public has the right to know. Transparency!|23347|83464
realDonaldTrump|Tue Jun 05 02:55:56 +0000 2018|The Philadelphia Eagles Football Team was invited to the White House. Unfortunately, only a small number of players decided to come, and we canceled the event. Staying in the Locker Room for the playing of our National Anthem is as disrespectful to our country as kneeling. Sorry!|25090|115962
realDonaldTrump|Tue Jun 05 01:10:39 +0000 2018|Big Supreme Court ruling for Baker just out!|11685|68082
realDonaldTrump|Mon Jun 04 20:42:19 +0000 2018|In many ways this is the greatest economy in the HISTORY of America and the best time EVER to look for a job!|17264|83604
realDonaldTrump|Mon Jun 04 20:41:55 +0000 2018|The Fake News Media is desperate to distract from the economy and record setting economic numbers and so they keep talking about the phony Russian Witch Hunt.|19732|87906
realDonaldTrump|Mon Jun 04 19:05:19 +0000 2018|#500Days of American Greatness: https://t.co/qQEEPqmaax https://t.co/1VCeoTk1cI|12947|52051
realDonaldTrump|Mon Jun 04 14:01:40 +0000 2018|The appointment of the Special Counsel is totally UNCONSTITUTIONAL! Despite that, we play the game because I, unlike the Democrats, have done nothing wrong!|18303|78237
realDonaldTrump|Mon Jun 04 13:47:43 +0000 2018|Farmers have not been doing well for 15 years. Mexico, Canada, China and others have treated them unfairly. By the time I finish trade talks, that will change. Big trade barriers against U.S. farmers, and other businesses, will finally be broken. Massive trade deficits no longer!|19223|80466
realDonaldTrump|Mon Jun 04 12:43:38 +0000 2018|The U.S. has made such bad trade deals over so many years that we can only WIN!|11944|60686
realDonaldTrump|Mon Jun 04 12:41:47 +0000 2018|China already charges a tax of 16% on soybeans. Canada has all sorts of trade barriers on our Agricultural products. Not acceptable!|14105|63800
realDonaldTrump|Mon Jun 04 12:35:25 +0000 2018|As has been stated by numerous legal scholars, I have the absolute right to PARDON myself, but why would I do that when I have done nothing wrong? In the meantime, the never ending Witch Hunt, led by 13 very Angry and Conflicted Democrats (&amp; others) continues into the mid-terms!|21043|89264
realDonaldTrump|Mon Jun 04 12:20:31 +0000 2018|?This is the best time EVER to look for a job.? James Freeman of WSJ.|11995|59640
realDonaldTrump|Mon Jun 04 12:18:07 +0000 2018|....We had Repeal &amp; Replace done (and the saving to our country of one trillion dollars) except for one person, but it is getting done anyway. Individual Mandate is gone and great, less expensive plans will be announced this month. Drug prices coming down &amp; Right to Try!|15136|67884
realDonaldTrump|Mon Jun 04 11:35:50 +0000 2018|This is my 500th. Day in Office and we have accomplished a lot - many believe more than any President in his first 500 days. Massive Tax &amp; Regulation Cuts, Military &amp; Vets, Lower Crime &amp; Illegal Immigration, Stronger Borders, Judgeships, Best Economy &amp; Jobs EVER, and much more...|27295|127632
realDonaldTrump|Sun Jun 03 17:34:02 +0000 2018|Mark Penn  ?Why are there people from the Clinton Foundation on the Mueller Staff? Why is there an Independent Counsel? To go after people and their families for unrelated offenses...Constitution was set up to prevent this...Stormtrooper tactics almost.? A disgrace!|30342|110050
realDonaldTrump|Sun Jun 03 13:34:19 +0000 2018|....Paul Manafort came into the campaign very late and was with us for a short period of time (he represented Ronald Reagan, Bob Dole &amp; many others over the years), but we should have been told that Comey and the boys were doing a number on him, and he wouldn?t have been hired!|20118|85421
realDonaldTrump|Sun Jun 03 13:25:18 +0000 2018|As only one of two people left who could become President, why wouldn?t the FBI or Department of ?Justice? have told me that they were secretly investigating Paul Manafort (on charges that were 10 years old and had been previously dropped) during my campaign? Should have told me!|22189|93813
realDonaldTrump|Sun Jun 03 12:59:42 +0000 2018|Jesse Watters ?The only thing Trump obstructed was Hillary getting to the White House.?  So true!|29432|122473
realDonaldTrump|Sat Jun 02 21:23:15 +0000 2018|When you?re almost 800 Billion Dollars a year down on Trade, you can?t lose a Trade War! The U.S. has been ripped off by other countries for years on Trade, time to get smart!|29485|127408
realDonaldTrump|Sat Jun 02 20:57:30 +0000 2018|Why is it that the Wall Street Journal, though well meaning, never mentions the unfairness of the Tariffs routinely charged against the U.S. by other countries, or the many Billions of Dollars that the Tariffs we are now charging are, and will be, pouring into U.S. coffers?|18620|78852
realDonaldTrump|Sat Jun 02 17:51:38 +0000 2018|The United States must, at long last, be treated fairly on Trade. If we charge a country ZERO to sell their goods, and they charge us 25, 50 or even 100 percent to sell ours, it is UNFAIR and can no longer be tolerated. That is not Free or Fair Trade, it is Stupid Trade!|30552|125528
realDonaldTrump|Sat Jun 02 17:43:07 +0000 2018|There was No Collusion with Russia (except by the Democrats). When will this very expensive Witch Hunt Hoax ever end? So bad for our Country. Is the Special Counsel/Justice Department leaking my lawyers letters to the Fake News Media? Should be looking at Dems corruption instead?|18387|75261
realDonaldTrump|Sat Jun 02 16:46:05 +0000 2018|Real @FoxNews is doing great, Fake News CNN is dead! https://t.co/1p37tPiB3v|16155|68872
realDonaldTrump|Sat Jun 02 16:35:14 +0000 2018|Very surprised that China would be doing this? https://t.co/D03kV07dF7|7490|32904
realDonaldTrump|Sat Jun 02 16:28:53 +0000 2018|https://t.co/8lI2lomGkh|11932|42445
realDonaldTrump|Sat Jun 02 16:13:11 +0000 2018|Now this is a record that will never be broken! https://t.co/rtpLfvsBU5|5769|34807
realDonaldTrump|Sat Jun 02 12:40:48 +0000 2018|....?$17 million spent, it?s a scam Investigation. Americans are being worked. We now know there was Russian collusion, with Russians and the Democrats. The Mueller team is stacked with anti-Trumpers, who actually represented Clinton people (&amp; gave $?s to Crooked H).? Dan Bongino|19057|73570
realDonaldTrump|Sat Jun 02 12:06:47 +0000 2018|?John Brennan, no single figure in American history has done more to discredit the intelligence community than this liar. Not only is he a liar, he?s a liar about being a liar.?  Dan Bongino on @foxandfriends|23195|85803
realDonaldTrump|Sat Jun 02 11:40:03 +0000 2018|?We ran out of words to describe how good the jobs numbers are.?  Neil Irwin of the @nytimes.|15931|73248
realDonaldTrump|Fri Jun 01 21:40:50 +0000 2018|Today, it was my great honor to be with the brave men and women of the United States Coast Guard! https://t.co/RAyPbOGXuZ|15177|82564
realDonaldTrump|Fri Jun 01 13:18:21 +0000 2018|Canada has treated our Agricultural business and Farmers very poorly for a very long period of time. Highly restrictive on Trade! They must open their markets and take down their trade barriers! They report a really high surplus on trade with us. Do Timber &amp; Lumber in U.S.?|18738|80624
realDonaldTrump|Fri Jun 01 11:21:48 +0000 2018|Looking forward to seeing the employment numbers at 8:30 this morning.|11209|75131
realDonaldTrump|Fri Jun 01 11:15:31 +0000 2018|Why aren?t they firing no talent Samantha Bee for the horrible language used on her low ratings show? A total double standard but that?s O.K., we are Winning, and will be doing so for a long time to come!|31216|138500
realDonaldTrump|Fri Jun 01 11:05:16 +0000 2018|A.P. has just reported that the Russian Hoax Investigation has now cost our government over $17 million, and going up fast. No Collusion, except by the Democrats!|25285|96084
realDonaldTrump|Thu May 31 21:19:34 +0000 2018|FAIR TRADE!|19402|96083
realDonaldTrump|Thu May 31 13:18:35 +0000 2018|Will be giving a Full Pardon to Dinesh D?Souza today. He was treated very unfairly by our government!|35833|150407
realDonaldTrump|Thu May 31 13:15:28 +0000 2018|Very good meetings with North Korea.|19717|107420
realDonaldTrump|Thu May 31 12:11:01 +0000 2018|Not that it matters but I never fired James Comey because of Russia! The Corrupt Mainstream Media loves to keep pushing that narrative, but they know it is not true!|16115|73376
realDonaldTrump|Thu May 31 12:05:20 +0000 2018|The corrupt Mainstream Media is working overtime not to mention the infiltration of people, Spies (Informants), into my campaign! Surveillance much?|19707|85485
realDonaldTrump|Thu May 31 11:53:08 +0000 2018|Iger, where is my call of apology? You and ABC have offended millions of people, and they demand a response. How is Brian Ross doing? He tanked the market with an ABC lie, yet no apology. Double Standard!|23949|97575
realDonaldTrump|Thu May 31 10:55:14 +0000 2018|RUSH LIMBAUGH  ?If the FBI was so concerned, and if they weren?t targeting Trump, they should have told Trump. If they were really concerned about the Russians infiltrating a campaign (hoax), then why not try to stop it? Why not tell Trump? Because they were pushing this scam.?|23680|88041
realDonaldTrump|Thu May 31 03:21:26 +0000 2018|?The recusal of Jeff Sessions was an unforced betrayal of the President of the United States.? JOE DIGENOVA, former U.S. Attorney.|15704|63791
realDonaldTrump|Thu May 31 03:06:28 +0000 2018|The soon to be released book, ?The Russia Hoax, The Illicit Scheme To Clear Hillary Clinton And Frame Donald Trump,? written by Gregg Jarrett, looks like a real deal big hit. The Phony Witch Hunt will be opened up for the world to see! Out in 5 weeks.|21297|81208
realDonaldTrump|Thu May 31 00:08:50 +0000 2018|Very importantly, @RepDanDonovan will win for the Republicans in November...and his opponent will not. Remember Alabama. We can?t take any chances on losing to a Nancy Pelosi controlled Democrat!|13224|55167
realDonaldTrump|Wed May 30 23:46:15 +0000 2018|There is no one better to represent the people of N.Y. and Staten Island (a place I know very well) than @RepDanDonovan, who is strong on Borders &amp; Crime, loves our Military &amp; our Vets, voted for Tax Cuts and is helping me to Make America Great Again. Dan has my full endorsement!|12303|52127
realDonaldTrump|Wed May 30 22:59:08 +0000 2018|Great meeting with @KimKardashian today, talked about prison reform and sentencing. https://t.co/uOy4UJ41JF|40600|156322
realDonaldTrump|Wed May 30 17:19:59 +0000 2018|Moments ago, it was my great honor to sign #RightToTry into law! https://t.co/mtPiHsBc1H https://t.co/hFtpyJlV4h|12531|56967
realDonaldTrump|Wed May 30 17:11:58 +0000 2018|With the #RightToTry Law I signed today, patients with life threatening illnesses will finally have access to experimental treatments that could improve or even cure their conditions. These are experimental treatments and products that have shown great promise... https://t.co/FIUwhpUpoL|18052|77056
realDonaldTrump|Wed May 30 17:09:38 +0000 2018|Today I am proud to keep another promise to the American people as I sign the #RightToTry Legislation into law. https://t.co/VD8CN5YfIo|11238|57461
realDonaldTrump|Wed May 30 15:31:01 +0000 2018|Bob Iger of ABC called Valerie Jarrett to let her know that ?ABC does not tolerate comments like those? made by Roseanne Barr. Gee, he never called President Donald J. Trump to apologize for the HORRIBLE statements made and said about me on ABC. Maybe I just didn?t get the call?|44029|160801
realDonaldTrump|Wed May 30 14:35:07 +0000 2018|The Failing and Corrupt @nytimes estimated the crowd last night at ?1000 people,? when in fact it was many times that number - and the arena was rockin?. This is the way they demean and disparage. They are very dishonest people who don?t ?get? me, and never did!|18988|81672
realDonaldTrump|Wed May 30 12:47:07 +0000 2018|....There are lots of really good lawyers in the country, he could have picked somebody else!? And I wish I did!|13690|70537
realDonaldTrump|Wed May 30 12:47:04 +0000 2018|....chief law enforcement officer, and they told me later, ?oh by the way I?m not going to be able to participate in the most important case in the office, I would be frustrated too...and that?s how I read that - Senator Sessions, why didn?t you tell me before I picked you.....|15194|66487
realDonaldTrump|Wed May 30 12:46:57 +0000 2018|Rep.Trey Gowdy, ?I don?t think so, I think what the President is doing is expressing frustration that Attorney General Sessions should have shared these reasons for recusal before he took the job, not afterward. If I were the President and I picked someone to be the country?s....|13319|57685
realDonaldTrump|Tue May 29 13:30:24 +0000 2018|The Fake Mainstream Media has, from the time I announced I was running for President, run the most highly sophisticated &amp; dishonest Disinformation Campaign in the history of politics. No matter how well WE do, they find fault. But the forgotten men &amp; women WON, I?m President!|34823|136454
realDonaldTrump|Tue May 29 11:27:07 +0000 2018|Sorry, I?ve got to start focusing my energy on North Korea Nuclear, bad Trade Deals, VA Choice, the Economy, rebuilding the Military, and so much more, and not on the Rigged Russia Witch Hunt that should be investigating Clinton/Russia/FBI/Justice/Obama/Comey/Lynch etc.|28166|119095
realDonaldTrump|Tue May 29 11:09:32 +0000 2018|Why aren?t the 13 Angry and heavily conflicted Democrats investigating the totally Crooked Campaign of totally Crooked Hillary Clinton. It?s a Rigged Witch Hunt, that?s why! Ask them if they enjoyed her after election celebration!|18158|78167
realDonaldTrump|Tue May 29 11:00:02 +0000 2018|The 13 Angry Democrats (plus people who worked 8 years for Obama) working on the rigged Russia Witch Hunt, will be MEDDLING with the mid-term elections, especially now that Republicans (stay tough!) are taking the lead in Polls. There was no Collusion, except by the Democrats!|23189|96405
realDonaldTrump|Tue May 29 10:49:23 +0000 2018|?This investigation involved far more surveillance than we ever had any idea about. It wasn?t just a wiretap against a campaign aide...it was secretly gathering information on the Trump Campaign...people call that Spying...this is unprecedented and  scandalous.? Mollie Hemingway|19711|74593
realDonaldTrump|Tue May 29 10:30:32 +0000 2018|We have put a great team together for our talks with North Korea. Meetings are currently taking place concerning Summit, and more. Kim Young Chol, the Vice Chairman of North Korea, heading now to New York. Solid response to my letter, thank you!|16474|73365
realDonaldTrump|Tue May 29 10:07:26 +0000 2018|Democrats mistakenly tweet 2014 pictures from Obama?s term showing children from the Border in steel cages. They thought it was recent pictures in order to make us look bad, but backfires. Dems must agree to Wall and new Border Protection for good of country...Bipartisan Bill!|28689|102425
realDonaldTrump|Mon May 28 21:53:56 +0000 2018|California has a rare opportunity to turn things around and solve its high crime, high tax, problems - along with so many others. On June 5th., vote for GOP Gubernatorial Candidate JOHN COX, a really good and highly competent man. He?ll Make California Great Again!|24094|98798
realDonaldTrump|Mon May 28 21:22:15 +0000 2018|A Democratic lawmaker just introduced a bill to Repeal the GOP Tax Cuts (no chance). This is too good to be true for Republicans...Remember, the Nancy Pelosi Dems are also weak on Crime, the Border and want to be gentle and kind to MS-13 gang members...not good!|26070|94066
realDonaldTrump|Mon May 28 17:19:33 +0000 2018|Our fallen heroes have not only written our history they have shaped our destiny. They saved the lives of the men and women with whom they served. They cared for their families more than anything in the world, they loved their families. They inspired their communities... https://t.co/Q9cOcQeEDc|17105|79150
realDonaldTrump|Mon May 28 17:14:45 +0000 2018|The heroes who rest in these hallowed fields, in cemeteries, battlefields, and burial grounds near and far are drawn the full tapestry of American life. They came from every generation from towering cities and wind swept prairies, from privilege and from poverty... https://t.co/aOw3QwN2SV|13546|64501
realDonaldTrump|Mon May 28 17:13:04 +0000 2018|Thank you for joining us on this solemn day of remembrance. We are gathered here on the sacred soil of @ArlingtonNatl Cemetery to honor the lives and deeds of America's greatest heroes, the men and women who laid down their lives for our freedom. #MemorialDay https://t.co/YSYAHf7bNu|10753|51743
realDonaldTrump|Mon May 28 14:32:31 +0000 2018|?We now find out that the Obama Administration put the opposing campaigns presidential candidate, or his campaign, under investigation. That raises legitimate questions. I just find this really odd...this goes to the heart of our electoral system.? Jonathan Turley on @FoxNews|21582|79237
realDonaldTrump|Mon May 28 14:08:56 +0000 2018|?Sally Yates is part of concerns people have raised about bias in the Justice Dept. I find her actions to be really quite unbelievable.? Jonathan Turley|15560|65259
realDonaldTrump|Mon May 28 13:55:59 +0000 2018|?The President deserves some answers.? @FoxNews in discussing ?SPYGATE.?|13436|61735
realDonaldTrump|Mon May 28 12:58:07 +0000 2018|Happy Memorial Day! Those who died for our great country would be very happy and proud at how well our country is doing today. Best economy in decades, lowest unemployment numbers for Blacks and Hispanics EVER (&amp; women in 18years), rebuilding our Military and so much more. Nice!|26544|128121
realDonaldTrump|Mon May 28 11:01:47 +0000 2018|#MemorialDay?? https://t.co/Iohcuhi4dQ|17685|70019
realDonaldTrump|Sun May 27 20:32:33 +0000 2018|Why didn?t President Obama do something about the so-called Russian Meddling when he was told about it by the FBI before the Election? Because he thought Crooked Hillary was going to win, and he didn?t want to upset the apple cart! He was in charge, not me, and did nothing.|33177|124397
realDonaldTrump|Sun May 27 20:09:12 +0000 2018|Our United States team has arrived in North Korea to make arrangements for the Summit between Kim Jong Un and myself. I truly believe North Korea has brilliant potential and will be a great economic and financial Nation one day. Kim Jong Un agrees with me on this. It will happen!|28475|117069
realDonaldTrump|Sun May 27 14:13:24 +0000 2018|Why didn?t the 13 Angry Democrats investigate the campaign of Crooked Hillary Clinton, many crimes, much Collusion with Russia? Why didn?t the FBI take the Server from the DNC?  Rigged Investigation!|26730|105010
realDonaldTrump|Sun May 27 13:14:04 +0000 2018|Fantastic to have 400,000 GREAT MEN &amp; WOMEN of Rolling Thunder in D.C. showing their patriotism. They love our Country, they love our Flag, they stand for our National Anthem! Thanks to Executive Director Artie Muller.|25836|117465
realDonaldTrump|Sun May 27 12:41:24 +0000 2018|Who?s going to give back the young and beautiful lives (and others) that have been devastated and destroyed by the phony Russia Collusion Witch Hunt? They journeyed down to Washington, D.C., with stars in their eyes and wanting to help our nation...They went back home in tatters!|20942|87774
realDonaldTrump|Sun May 27 01:49:54 +0000 2018|WELCOME HOME JOSH! https://t.co/2X0cKE4stx|22366|87804
realDonaldTrump|Sat May 26 19:56:52 +0000 2018|When will the 13 Angry Democrats (&amp; those who worked for President O), reveal their disqualifying Conflicts of Interest? It?s been a long time now! Will they be indelibly written into the Report along with the fact that the only Collusion is with the Dems, Justice, FBI &amp; Russia?|23326|89189
realDonaldTrump|Sat May 26 19:41:50 +0000 2018|This whole Russia Probe is Rigged. Just an excuse as to why the Dems and Crooked Hillary lost the Election and States that haven?t been lost in decades. 13 Angry Democrats, and all Dems if you include the people who worked for Obama for 8 years. #SPYGATE &amp; CONFLICTS OF INTEREST!|21041|82084
realDonaldTrump|Sat May 26 19:28:04 +0000 2018|With Spies, or ?Informants? as the Democrats like to call them because it sounds less sinister (but it?s not), all over my campaign, even from a very early date, why didn?t the crooked highest levels of the FBI or ?Justice? contact me to tell me of the  phony Russia problem?|21154|80780
realDonaldTrump|Sat May 26 15:21:10 +0000 2018|The Failing @nytimes quotes ?a senior White House official,? who doesn?t exist, as saying ?even if the meeting were reinstated, holding it on June 12 would be impossible, given the lack of time and the amount of planning needed.? WRONG AGAIN! Use real people, not phony sources.|21814|82373
realDonaldTrump|Sat May 26 15:03:33 +0000 2018|Unlike what the Failing and Corrupt New York Times would like people to believe, there is ZERO disagreement within the Trump Administration as to  how to deal with North Korea...and if there was, it wouldn?t matter. The @nytimes has called me wrong right from the beginning!|14744|61114
realDonaldTrump|Sat May 26 14:47:14 +0000 2018|Thanks to very brave Teacher &amp; Hero Jason Seaman of Noblesville, Indiana, for his heroic act in saving so many precious young lives. His quick and automatic action is being talked about all over the world!|21624|99704
realDonaldTrump|Sat May 26 14:38:54 +0000 2018|Looking forward to seeing Joshua Holt this evening in the White House. The great people of Utah are Celebrating!|11642|58851
realDonaldTrump|Sat May 26 13:59:02 +0000 2018|Put pressure on the Democrats to end the horrible law that separates children from there parents once they cross the Border into the U.S. Catch and Release, Lottery and Chain must also go with it and we MUST continue building the WALL! DEMOCRATS ARE PROTECTING MS-13 THUGS.|21861|88296
realDonaldTrump|Sat May 26 13:22:09 +0000 2018|Good news about the release of the American hostage from Venezuela. Should be landing in D.C. this evening and be in the White House, with his family, at about 7:00 P.M. The great people of Utah will be very happy!|23190|94271
realDonaldTrump|Sat May 26 00:37:35 +0000 2018|We are having very productive talks with North Korea about reinstating the Summit which, if it does happen, will likely remain in Singapore on the same date, June 12th., and, if necessary, will be extended beyond that date.|21469|88142
realDonaldTrump|Fri May 25 23:13:19 +0000 2018|...but complain and obstruct. They made only bad deals (Iran) and their so-called Trade Deals are the laughing stock of the world!|14127|64364
realDonaldTrump|Fri May 25 23:07:19 +0000 2018|Senator Schumer and Obama Administration let phone company ZTE flourish with no security checks. I closed it down then let it reopen with high level security guarantees, change of management and board, must purchase U.S. parts and pay a $1.3 Billion fine. Dems do nothing....|24049|92133
realDonaldTrump|Fri May 25 22:45:32 +0000 2018|Funny to watch the Democrats criticize Trade Deals being negotiated by me when they don?t even know what the deals are and when for 8 years the Obama Administration did NOTHING on trade except let other countries rip off the United States. Lost almost $800 Billion/year under ?O?|31206|116105
realDonaldTrump|Fri May 25 22:14:54 +0000 2018|Chicago Police have every right to legally protest against the mayor and an administration that just won?t let them do their job. The killings are at a record pace and tough police work, which Chicago will not allow, would bring things back to order fast...the killings must stop!|24935|102548
realDonaldTrump|Fri May 25 20:39:26 +0000 2018|To the @NavalAcademy Class of 2018, I say: We know you are up to the task. We know you will make us proud. We know that glory will be yours. Because you are WINNERS, you are WARRIORS, you are FIGHTERS, you are CHAMPIONS, and YOU will lead us to VICTORY! God Bless the U.S.A.! https://t.co/V9TgEo8MY4|17093|71002
realDonaldTrump|Fri May 25 17:22:37 +0000 2018|On behalf of the American People, CONGRATULATIONS! We love you! https://t.co/YRlj0vRXwk|18090|87728
realDonaldTrump|Fri May 25 17:12:13 +0000 2018|"Today, it was my great honor to deliver the 2018 Commencement Address at the United States @NavalAcademy in Annapolis, Maryland. Congratulations!

Good luck. Godspeed. And ANCHORS AWEIGH! https://t.co/aoLBK7y16a"|10700|53578
realDonaldTrump|Fri May 25 12:14:07 +0000 2018|Very good news to receive the warm and productive statement from North Korea. We will soon see where it will lead, hopefully to long and enduring prosperity and peace. Only time (and talent) will tell!|23222|99481
realDonaldTrump|Fri May 25 12:04:20 +0000 2018|Democrats are so obviously rooting against us in our negotiations with North Korea. Just like they are coming to the defense of MS 13 thugs, saying that they are individuals &amp; must be nurtured, or asking to end your big Tax Cuts &amp; raise your taxes instead. Dems have lost touch!|25987|95397
realDonaldTrump|Fri May 25 12:04:19 +0000 2018|?Everyone knows there was a Spy, and in fact the people who were involved in the Spying are admitting that there was a Spy...Widespread Spying involving multiple people.? Mollie Hemingway, The Federalist Senior Editor  But the corrupt Mainstream Media hates this monster story!|21052|77062
realDonaldTrump|Fri May 25 12:04:17 +0000 2018|Can anyone even imagine having Spies placed in a competing campaign, by the people and party in absolute power, for the sole purpose of political advantage and gain? And to think that the party in question, even with the expenditure of far more money, LOST!|22752|92624
realDonaldTrump|Fri May 25 12:04:16 +0000 2018|The Democrats are now alluding to the the concept that having an Informant placed in an opposing party?s campaign is different than having a Spy, as illegal as that may be. But what about an ?Informant? who is paid a fortune and who ?sets up? way earlier than the Russian Hoax?|17952|67338
realDonaldTrump|Thu May 24 21:18:32 +0000 2018|Today, it was my great honor to present the #MedalOfHonor to @USNavy (SEAL) Master Chief Special Warfare Operator Britt Slabinski in the East Room of the @WhiteHouse. Full ceremony: https://t.co/2UldFozRh1 https://t.co/R3ACmkWsqJ|14619|69105
realDonaldTrump|Thu May 24 17:54:36 +0000 2018|"Today, it was my honor to sign #S2155, the \"Economic Growth, Regulatory Relief, and Consumer Protection Act.? Read more: https://t.co/sYZ4PzzxxW https://t.co/gi0qGe6ukX"|8610|38757
realDonaldTrump|Thu May 24 16:57:51 +0000 2018|I have decided to terminate the planned Summit in Singapore on June 12th. While many things can happen and a great opportunity lies ahead potentially, I believe that this is a tremendous setback for North Korea and indeed a setback for the world... https://t.co/jT0GfxT0Lc|15604|61594
realDonaldTrump|Thu May 24 16:24:38 +0000 2018|It was my great honor to host a roundtable re: MS-13 yesterday in Bethpage, New York. Democrats must abandon their resistance to border security so that we can SUPPORT law enforcement and SAVE innocent lives! https://t.co/pxe9Z4efyZ|12627|56275
realDonaldTrump|Thu May 24 16:18:25 +0000 2018|Sadly, I was forced to cancel the Summit Meeting in Singapore with Kim Jong Un. https://t.co/rLwXxBxFKx|16355|61009
realDonaldTrump|Thu May 24 12:34:29 +0000 2018|Not surprisingly, the GREAT Men &amp; Women of the FBI are starting to speak out against Comey, McCabe and all of the political corruption and poor leadership found within the top ranks of the FBI. Comey was a terrible and corrupt leader who inflicted great pain on the FBI! #SPYGATE|33414|120022
realDonaldTrump|Thu May 24 12:21:08 +0000 2018|Clapper has now admitted that there was Spying in my campaign. Large dollars were paid to the Spy, far beyond normal. Starting to look like one of the biggest political scandals in U.S. history. SPYGATE - a terrible thing!|30364|107911
realDonaldTrump|Thu May 24 00:58:04 +0000 2018|Will be interviewed on @foxandfriends tomorrow morning at 6:00 A.M. Enjoy!|12119|63721
realDonaldTrump|Thu May 24 00:08:49 +0000 2018|Great to be in New York for the day. Heading back to the @WhiteHouse now, lots of work to be done! https://t.co/w3LUiQ8SWh|12825|68229
realDonaldTrump|Wed May 23 23:41:47 +0000 2018|Thank you to all of the incredible law enforcement officers and firefighters in Bethpage, New York. Keep up the great work! https://t.co/SMaZ8Hfas4|11596|57485
realDonaldTrump|Wed May 23 19:35:18 +0000 2018|Crippling loopholes in our laws have enabled MS-13 gang members and other criminals to infiltrate our communities - and Democrats in Congress REFUSE to close these loopholes, including the disgraceful practice known as Catch-and-Release. Democrats must abandon their resistance... https://t.co/VkMCIzwt8v|17010|62159
realDonaldTrump|Wed May 23 19:29:23 +0000 2018|Today on Long Island, we were all moved to be joined by families who have suffered unthinkable heartbreak at the hands of MS-13. I was truly honored to be joined again by the courageous families who were my guests at the State of the Union... https://t.co/Gs0CGJYqXU|13404|60042
realDonaldTrump|Wed May 23 16:19:04 +0000 2018|Thank you @SBAList! #SBAGala https://t.co/mPKwukX08o|7289|33804
realDonaldTrump|Wed May 23 13:34:06 +0000 2018|WITCH HUNT!|22742|92066
realDonaldTrump|Wed May 23 13:18:54 +0000 2018|There will be big news coming soon for our great American Autoworkers. After many decades of losing your jobs to other countries, you have waited long enough!|18548|86252
realDonaldTrump|Wed May 23 11:58:22 +0000 2018|Big legislation will be signed by me shortly. After many years, RIGHT TO TRY and big changes to DODD FRANK.|13539|62414
realDonaldTrump|Wed May 23 11:55:35 +0000 2018|Our Trade Deal with China is moving along nicely, but in the end we will probably have to use a different structure in that this will be too hard to get done and to verify results after completion.|11187|56645
realDonaldTrump|Wed May 23 11:33:59 +0000 2018|?Trump should be happy that the FBI was SPYING on his campaign? No, James Clapper, I am not happy. Spying on a campaign would be illegal, and a scandal to boot!|25840|92417
realDonaldTrump|Wed May 23 11:22:25 +0000 2018|Everybody is with Tomi Lahren, a truly outstanding and respected young woman! @foxandfriends|15638|86331
realDonaldTrump|Wed May 23 11:12:27 +0000 2018|SPYGATE could be one of the biggest political scandals in history!|23797|89190
realDonaldTrump|Wed May 23 11:00:45 +0000 2018|?It?s clear that they had eyes and ears all over the Trump Campaign? Judge Andrew Napolitano|14869|60941
realDonaldTrump|Wed May 23 10:54:01 +0000 2018|Look how things have turned around on the Criminal Deep State. They go after Phony Collusion with Russia, a made up Scam, and end up getting caught in a major SPY scandal the likes of which this country may never have seen before! What goes around, comes around!|33091|112803
realDonaldTrump|Wed May 23 10:45:37 +0000 2018|@foxandfriends  ?New Bombshell in the Obama Spying Scandal. Did other Agencies SPY on Trump Campaign?? Even Clapper, worlds dumbest former Intelligence Head, who has the problem of lying a lot, used the word SPY when describing the illegal activities!|4469|11104
realDonaldTrump|Wed May 23 01:13:46 +0000 2018|...Follow the money! The spy was there early in the campaign and yet never reported Collusion with Russia, because there was no Collusion. He was only there to spy for political reasons and to help Crooked Hillary win - just like they did to Bernie Sanders, who got duped!|23573|83786
realDonaldTrump|Wed May 23 01:13:46 +0000 2018|If the person placed very early into my campaign wasn?t a SPY put there by the previous Administration for political purposes, how come such a seemingly massive amount of money was paid for services rendered - many times higher than normal...|24501|91010
realDonaldTrump|Wed May 23 00:40:41 +0000 2018|For the first time since Roe v. Wade, America has a Pro-Life President, a Pro-Life Vice President, a Pro-Life House of Representatives and 25 Pro-Life Republican State Capitals! https://t.co/EfF54tmetT|20015|82509
realDonaldTrump|Tue May 22 19:35:34 +0000 2018|It was my honor to welcome @NASCAR Cup Series Champion @MartinTruex_Jr and his team to the @WhiteHouse yesterday! https://t.co/5cr2oybrnQ|10469|55659
realDonaldTrump|Tue May 22 18:21:32 +0000 2018|Today, it was my great honor to welcome President Moon Jae-in of the Republic of Korea to the @WhiteHouse!???? https://t.co/yvOxNiA1DM|13493|67003
realDonaldTrump|Mon May 21 23:18:00 +0000 2018|.@AsaHutchinson, the great Governor of Arkansas, is in a primary tomorrow. He has done an incredible job with a focus on lower taxes, border security, and crime prevention. Asa loves our military and our veterans. I fully endorse Asa for Governor!|17741|74596
realDonaldTrump|Mon May 21 13:16:31 +0000 2018|Under our potential deal with China, they will purchase from our Great American Farmers practically as much as our Farmers can produce.|19819|91447
realDonaldTrump|Mon May 21 12:51:20 +0000 2018|The Wall Street Journal asks, ?WHERE IN THE WORLD WAS BARACK OBAMA??  A very good question!|26027|111669
realDonaldTrump|Mon May 21 12:12:55 +0000 2018|...they then used to start an investigation about Trump. It is that simple. This guy is the genesis of this whole Debacle. This was a Political hit job, this was not an Intelligence Investigation. Brennan has disgraced himself, he?s worried about staying out of Jail.? Dan Bongino|22145|83373
realDonaldTrump|Mon May 21 12:01:01 +0000 2018|....top of the FBI. Brennan started this entire debacle about President Trump. We now know that Brennan had detailed knowledge of the (phony) Dossier...he knows about the Dossier, he denies knowledge of the Dossier, he briefs the Gang of 8 on the Hill about the Dossier, which....|20372|73192
realDonaldTrump|Mon May 21 11:53:07 +0000 2018|?John Brennan is panicking. He has disgraced himself, he has disgraced the Country, he has disgraced the entire Intelligence Community. He is the one man who is largely responsible for the destruction of American?s faith in the Intelligence Community and in some people at the....|32613|111357
realDonaldTrump|Mon May 21 11:40:22 +0000 2018|China must continue to be strong &amp; tight on the Border of North Korea until a deal is made. The word is that recently the Border has become much more porous and more has been filtering in. I want this to happen, and North Korea to be VERY successful, but only after signing!|13483|63304
realDonaldTrump|Mon May 21 11:31:16 +0000 2018|On China, Barriers and Tariffs to come down for first time.|11417|56538
realDonaldTrump|Mon May 21 11:27:42 +0000 2018|China has agreed to buy massive amounts of ADDITIONAL Farm/Agricultural Products - would be one of the best things to happen to our farmers in many years!|16813|78707
realDonaldTrump|Mon May 21 11:21:29 +0000 2018|I ask Senator Chuck Schumer, why didn?t President Obama &amp; the Democrats do something about Trade with China, including Theft of Intellectual Property etc.? They did NOTHING! With that being said, Chuck &amp; I have long agreed on this issue! Fair Trade, plus, with China will happen!|16929|76904
realDonaldTrump|Sun May 20 17:37:40 +0000 2018|I hereby demand, and will do so officially tomorrow, that the Department of Justice look into whether or not the FBI/DOJ infiltrated or surveilled the Trump Campaign for Political Purposes - and if any such demands or requests were made by people within the Obama Administration!|52748|179766
realDonaldTrump|Sun May 20 17:13:47 +0000 2018|The Witch Hunt finds no Collusion with Russia - so now they?re looking at the rest of the World. Oh? great!|19025|88263
realDonaldTrump|Sun May 20 14:04:24 +0000 2018|....and why hasn?t the Podesta brother been charged and arrested, like others, after being forced to close down his very large and successful firm? Is it because he is a VERY well connected Democrat working in the Swamp of Washington, D.C.?|29920|111928
realDonaldTrump|Sun May 20 13:37:34 +0000 2018|What ever happened to the Server, at the center of so much Corruption, that the Democratic National Committee REFUSED to hand over to the hard charging (except in the case of Democrats) FBI? They broke into homes &amp; offices early in the morning, but were afraid to take the Server?|31034|106785
realDonaldTrump|Sun May 20 13:29:32 +0000 2018|Now that the Witch Hunt has given up on Russia and is looking at the rest of the World, they should easily be able to take it into the Mid-Term Elections where they can put some hurt on the Republican Party. Don?t worry about Dems FISA Abuse, missing Emails or Fraudulent Dossier!|22739|89299
realDonaldTrump|Sun May 20 13:19:34 +0000 2018|...in the Hillary Clinton Campaign where she deleted 33,000 Emails, got $145,000,000 while Secretary of State, paid McCabes wife $700,000 (and got off the FBI hook along with Terry M) and so much more. Republicans and real Americans should start getting tough on this Scam.|30509|113201
realDonaldTrump|Sun May 20 13:11:05 +0000 2018|....At what point does this soon to be $20,000,000 Witch Hunt, composed of 13 Angry and Heavily Conflicted Democrats and two people who have worked for Obama for 8 years, STOP! They have found no Collussion with Russia, No Obstruction, but they aren?t looking at the corruption...|26145|98605
realDonaldTrump|Sun May 20 13:04:21 +0000 2018|Things are really getting ridiculous. The Failing and Crooked (but not as Crooked as Hillary Clinton) @nytimes has done a long &amp; boring story indicating that the World?s most expensive Witch Hunt has found nothing on Russia &amp; me so now they are looking at the rest of the World!|22073|86305
realDonaldTrump|Sat May 19 21:27:48 +0000 2018|If the FBI or DOJ was infiltrating a campaign for the benefit of another campaign, that is a really big deal. Only the release or review of documents that the House Intelligence Committee (also, Senate Judiciary) is asking for can give the conclusive answers. Drain the Swamp!|34908|124326
realDonaldTrump|Sat May 19 18:37:39 +0000 2018|Great to have our incredible First Lady back home in the White House. Melania is feeling and doing really well. Thank you for all of your prayers and best wishes!|22980|156238
realDonaldTrump|Sat May 19 18:00:43 +0000 2018|Happy #ArmedForcesDay to our GREAT military men and women for their selfless service to our Nation! https://t.co/jbJvrkV1hH|16922|74773
realDonaldTrump|Fri May 18 22:57:09 +0000 2018|America is blessed with extraordinary energy abundance, including more than 250 years worth of beautiful clean coal. We have ended the war on coal, and will continue to work to promote American energy dominance!|19536|97411
realDonaldTrump|Fri May 18 22:00:58 +0000 2018|California finally deserves a great Governor, one who understands borders, crime and lowering taxes. John Cox is the man - he?ll be the best Governor you?ve ever had. I fully endorse John Cox for Governor and look forward to working with him to Make California Great Again!|24348|100636
realDonaldTrump|Fri May 18 20:41:21 +0000 2018|Just met with UN Secretary-General Ant?nio Guterres who is working hard to ?Make the United Nations Great Again.? When the UN does more to solve conflicts around the world, it means the U.S. has less to do and we save money. @NikkiHaley is doing a fantastic job! https://t.co/pqUv6cyH2z|10650|51421
realDonaldTrump|Fri May 18 20:22:25 +0000 2018|America is a Nation that believes in the power of redemption. America is a Nation that believes in second chances - and America is a Nation that believes that the best is always yet to come! #PrisonReform https://t.co/Yk5UJUYgHN|14082|60787
realDonaldTrump|Fri May 18 16:34:24 +0000 2018|We grieve for the terrible loss of life, and send our support and love to everyone affected by this horrible attack in Texas. To the students, families, teachers and personnel at Santa Fe High School ? we are with you in this tragic hour, and we will be with you forever... https://t.co/LtJ0D29Hsv|17191|79595
realDonaldTrump|Fri May 18 15:05:35 +0000 2018|School shooting in Texas. Early reports not looking good. God bless all!|16897|92620
realDonaldTrump|Fri May 18 13:50:11 +0000 2018|Reports are there was indeed at least one FBI representative implanted, for political purposes, into my campaign for president. It took place very early on, and long before the phony Russia Hoax became a ?hot? Fake News story. If true - all time biggest political scandal!|26384|88148
realDonaldTrump|Fri May 18 13:38:11 +0000 2018|Why isn?t disgraced FBI official Andrew McCabe being investigated for the $700,000 Crooked Hillary Democrats in Virginia, led by Clinton best friend Terry M (under FBI investigation that they killed) gave to McCabe?s wife in her run for office? Then dropped case on Clinton!|23287|87077
realDonaldTrump|Fri May 18 10:51:43 +0000 2018|Fake News Media had me calling Immigrants, or Illegal Immigrants, ?Animals.? Wrong! They were begrudgingly forced to withdraw their stories. I referred to MS 13 Gang Members as ?Animals,? a big difference - and so true. Fake News got it purposely wrong, as usual!|41929|157345
realDonaldTrump|Fri May 18 10:24:53 +0000 2018|?Apparently the DOJ put a Spy in the Trump Campaign. This has never been done before and by any means necessary, they are out to frame Donald Trump for crimes he didn?t commit.?  David Asman  @LouDobbs @GreggJarrett   Really bad stuff!|20794|74156
realDonaldTrump|Thu May 17 22:17:08 +0000 2018|It was my great honor to visit with our HEROES last night at Walter Reed Medical Center. There is nobody like them! https://t.co/fG5W1SwIHK|13056|70770
realDonaldTrump|Thu May 17 22:14:23 +0000 2018|Tomorrow, the House will vote on a strong Farm Bill, which includes work requirements. We must support our Nation?s great farmers!|13936|71966
realDonaldTrump|Thu May 17 21:53:51 +0000 2018|Great talk with my friend President Mauricio Macri of Argentina this week. He is doing such a good job for Argentina. I support his vision for transforming his country?s economy and unleashing its potential!|16350|81068
realDonaldTrump|Thu May 17 21:27:52 +0000 2018|Talking trade with the Vice Premier of the People?s Republic of China, Liu He. https://t.co/9T7Iq6F3Xe|7806|42613
realDonaldTrump|Thu May 17 21:00:12 +0000 2018|Congratulations to our new CIA Director, Gina Haspel! https://t.co/n1xj9LSV9D|18229|82173
realDonaldTrump|Thu May 17 15:25:57 +0000 2018|Congrats to the House for passing the VA MISSION Act yesterday. Without this funding our veterans will be forced to stand in never ending lines in order to receive care. Putting politics over our veterans care is UNACCEPTABLE ? Senate must vote yes on this bill by Memorial Day!|18628|78930
realDonaldTrump|Thu May 17 13:52:44 +0000 2018|Despite the disgusting, illegal and unwarranted Witch Hunt, we have had the most successful first 17 month Administration in U.S. history - by far! Sorry to the Fake News Media and ?Haters,? but that?s the way it is!|31336|134254
realDonaldTrump|Thu May 17 12:45:03 +0000 2018|Wow, word seems to be coming out that the Obama FBI ?SPIED ON THE TRUMP CAMPAIGN WITH AN EMBEDDED INFORMANT.? Andrew McCarthy says, ?There?s probably no doubt that they had at least one confidential informant in the campaign.? If so, this is bigger than Watergate!|33060|112842
realDonaldTrump|Thu May 17 11:28:09 +0000 2018|Congratulations America, we are now into the second year of the greatest Witch Hunt in American History...and there is still No Collusion and No Obstruction. The only Collusion was that done by Democrats who were unable to win an Election despite the spending of far more money!|29124|122942
realDonaldTrump|Wed May 16 22:57:25 +0000 2018|Gina Haspel is one step closer to leading our brave men and women at the CIA. She is exceptionally qualified and the Senate should confirm her immediately. We need her to keep our great country safe! #ConfirmGina|16620|80612
realDonaldTrump|Wed May 16 18:40:36 +0000 2018|...and voted against the massive Tax Cut Bill. He?s also weak on borders and crime. Sadly, our great Military and Vets mean nothing to Bobby Jr. Lou Barletta will win! #MAGA|9303|43828
realDonaldTrump|Wed May 16 18:40:35 +0000 2018|Lou Barletta will be a great Senator for Pennsylvania but his opponent, Bob Casey, has been a do-nothing Senator who only shows up at election time. He votes along the Nancy Pelosi, Elizabeth Warren lines, loves sanctuary cities, bad and expensive healthcare...|13935|56845
realDonaldTrump|Wed May 16 17:50:58 +0000 2018|Today, it was my great honor to welcome President Mirziyoyev of Uzbekistan to the @WhiteHouse! https://t.co/3EkHChjnYA|8266|45312
realDonaldTrump|Wed May 16 17:21:18 +0000 2018|House votes today on Choice/MISSION Act. Who will stand with our Great Vets, caregivers, and Veterans Service Organizations? Must get Choice passed by Memorial Day!|14656|67736
realDonaldTrump|Wed May 16 13:09:20 +0000 2018|...haven?t even started yet! The U.S. has very little to give, because it has given so much over the years. China has much to give!|9284|46824
realDonaldTrump|Wed May 16 13:09:20 +0000 2018|...We have not seen China?s demands yet, which should be few in that previous U.S. Administrations have done so poorly in negotiating. China has seen our demands. There has been no folding as the media would love people to believe, the meetings...|8719|43325
realDonaldTrump|Wed May 16 13:09:19 +0000 2018|The Washington Post and CNN have typically written false stories about our trade negotiations with China. Nothing has happened with ZTE except as it pertains to the larger trade deal. Our country has been losing hundreds of billions of dollars a year with China...|13080|57747
realDonaldTrump|Wed May 16 12:25:42 +0000 2018|Congratulations to Deb Fischer. The people of Nebraska have seen what a great job she is doing - and it showed up at the ballot box! #MAGA|11898|63898
realDonaldTrump|Wed May 16 12:07:52 +0000 2018|Congratulations to Lou Barletta of Pennsylvania. He will be a great Senator and will represent his people well - like they haven?t been represented in many years. Lou is a friend of mine and a special guy, he will very much help MAKE AMERICA GREAT AGAIN!|16873|85257
realDonaldTrump|Tue May 15 20:29:39 +0000 2018|Thank you to the Washington Examiner and @CortesSteve on the great article - on WINNING! https://t.co/b5dfUABN5q|11505|47953
realDonaldTrump|Tue May 15 18:56:56 +0000 2018|#PeaceOfficersMemorialDay https://t.co/agxulpPyag|10844|48806
realDonaldTrump|Tue May 15 18:39:58 +0000 2018|Today is one of the most important and solemn occasions of the year ? the day we pay tribute to the Law Enforcement Heroes who gave their lives in the line of duty. They made the ultimate sacrifice so that we could live in safety and peace. We stand with our police (HEROES) 100%! https://t.co/XDtYRUeOk1|18175|81691
realDonaldTrump|Tue May 15 17:30:16 +0000 2018|Nebraska - make sure you get out to the polls and VOTE for Deb Fischer today! https://t.co/bDHVaGv2FS|11579|45459
realDonaldTrump|Tue May 15 14:08:21 +0000 2018|Can you believe that with all of the made up, unsourced stories I get from the Fake News Media, together with the  $10,000,000 Russian Witch Hunt (there is no Collusion), I now have my best Poll Numbers in a year. Much of the Media may be corrupt, but the People truly get it!|31019|137396
realDonaldTrump|Tue May 15 12:35:30 +0000 2018|Trade negotiations are continuing with China. They have been making hundreds of billions of dollars a year from the U.S., for many years. Stay tuned!|14434|76469
realDonaldTrump|Tue May 15 12:26:59 +0000 2018|Our great First Lady is doing really well. Will be leaving hospital in 2 or 3 days. Thank you for so much love and support!|20476|155985
realDonaldTrump|Mon May 14 21:09:16 +0000 2018|Heading over to Walter Reed Medical Center to see our great First Lady, Melania. Successful procedure, she is in good spirits. Thank you to all of the well-wishers!|21985|146046
realDonaldTrump|Mon May 14 20:46:25 +0000 2018|The so-called leaks coming out of the White House are a massive over  exaggeration put out by the Fake News Media in order to make us look as bad as possible. With that being said, leakers are traitors and cowards, and we will find out who they are!|25938|116511
realDonaldTrump|Mon May 14 20:06:53 +0000 2018|ZTE, the large Chinese phone company, buys a big percentage of individual parts from U.S. companies. This is also reflective of the larger trade deal we are negotiating with China and my personal relationship with President Xi.|12136|61766
realDonaldTrump|Mon May 14 15:16:38 +0000 2018|#USEmbassyJerusalem https://t.co/f1SFvrkcAH|15516|63131
realDonaldTrump|Mon May 14 13:36:25 +0000 2018|Big day for Israel. Congratulations!|30616|163384
realDonaldTrump|Mon May 14 10:54:15 +0000 2018|U.S. Embassy opening in Jerusalem will be covered live on @FoxNews &amp; @FoxBusiness. Lead up to 9:00 A.M. (eastern) event has already begun. A great day for Israel!|17221|83488
realDonaldTrump|Mon May 14 00:03:21 +0000 2018|So sad to see the Terror Attack in Paris. At some point countries will have to open their eyes &amp; see what is really going on. This kind of sickness &amp; hatred is not compatible with a loving, peaceful, &amp; successful country! Changes to our thought process on terror must be made.|30535|131578
realDonaldTrump|Sun May 13 20:11:33 +0000 2018|Remember how badly Iran was behaving with the Iran Deal in place. They were trying to take over the Middle East by whatever means necessary. Now, that will not happen!|26902|122053
realDonaldTrump|Sun May 13 19:22:03 +0000 2018|China and the United States are working well together on trade, but past negotiations have been so one sided in favor of China, for so many years, that it is hard for them to make a deal that benefits both countries. But be cool, it will all work out!|19306|98981
realDonaldTrump|Sun May 13 15:01:00 +0000 2018|President Xi of China, and I, are working together to give massive Chinese phone company, ZTE, a way to get back into business, fast. Too many jobs in China lost. Commerce Department has been instructed to get it done!|16860|82416
realDonaldTrump|Sun May 13 12:29:08 +0000 2018|Happy Mother?s Day!!! https://t.co/zw71dnT7TJ|28847|129034
realDonaldTrump|Sat May 12 22:20:16 +0000 2018|The Senate should get funding done before the August break, or NOT GO HOME. Wall and Border Security should be included. Also waiting for approval of almost 300 nominations, worst in history. Democrats are doing everything possible to obstruct, all they know how to do. STAY!|30722|113491
realDonaldTrump|Sat May 12 22:02:55 +0000 2018|Iran?s Military Budget is up more than 40% since the Obama negotiated Nuclear Deal was reached...just another indicator that it was all a big lie. But not anymore!|27101|109317
realDonaldTrump|Sat May 12 21:08:55 +0000 2018|North Korea has announced that they will dismantle Nuclear Test Site this month, ahead of the big Summit Meeting on June 12th. Thank you, a very smart and gracious gesture!|33247|159163
realDonaldTrump|Fri May 11 23:49:40 +0000 2018|Why doesn?t the Fake News Media state that the Trump Administration?s Anti-Trust Division has been, and is, opposed to the AT&amp;T purchase of Time Warner in a currently ongoing Trial. Such a disgrace in reporting!|22093|92243
realDonaldTrump|Fri May 11 23:39:01 +0000 2018|Big week next week when the American Embassy in Israel will be moved to Jerusalem. Congratulations to all!|30023|142339
realDonaldTrump|Fri May 11 20:56:25 +0000 2018|The American people deserve a healthcare system that takes care of them ? not one that takes advantage of them. We will work every day to ensure all Americans have access to the quality, affordable medication they need and deserve. We will not rest until the job is done! https://t.co/9BzevAniNx|19542|85439
realDonaldTrump|Fri May 11 19:30:16 +0000 2018|Today, my Administration is launching the most sweeping action in history to lower the price of prescription drugs for the American People. We will have tougher negotiation, more competition, and much lower prices at the pharmacy counter! https://t.co/xdakX43a4d|21751|90764
realDonaldTrump|Fri May 11 00:49:43 +0000 2018|"Thank you Indiana! #MAGA??
https://t.co/fCv76VyUax"|17294|81116
realDonaldTrump|Thu May 10 14:37:57 +0000 2018|The highly anticipated meeting between Kim Jong Un and myself will take place in Singapore on June 12th. We will both try to make it a very special moment for World Peace!|60611|232391
realDonaldTrump|Thu May 10 14:33:00 +0000 2018|Five Most Wanted leaders of ISIS just captured!|66324|295370
realDonaldTrump|Thu May 10 14:30:27 +0000 2018|Senator Cryin? Chuck Schumer fought hard against the Bad Iran Deal, even going at it with President Obama, &amp; then Voted AGAINST it! Now he says I should not have terminated the deal - but he doesn?t really believe that! Same with Comey. Thought he was terrible until I fired him!|25962|104439
realDonaldTrump|Thu May 10 10:01:43 +0000 2018|On behalf of the American people, WELCOME HOME! https://t.co/hISaCI95CB|48531|187760
realDonaldTrump|Thu May 10 02:19:02 +0000 2018|Gina Haspel did a spectacular job today. There is nobody even close to run the CIA!|18505|94511
realDonaldTrump|Wed May 09 22:41:03 +0000 2018|Looking forward to greeting the Hostages (no longer) at 2:00 A.M.|17718|107014
realDonaldTrump|Wed May 09 22:38:10 +0000 2018|The Failing New York Times criticized Secretary of State Pompeo for being AWOL (missing), when in fact he was flying to North Korea. Fake News, so bad!|25485|103343
realDonaldTrump|Wed May 09 12:35:51 +0000 2018|Secretary Pompeo and his ?guests? will be landing at Andrews Air Force Base at 2:00 A.M. in the morning. I will be there to greet them. Very exciting!|26687|118111
realDonaldTrump|Wed May 09 12:30:56 +0000 2018|I am pleased to inform you that Secretary of State Mike Pompeo is in the air and on his way back from North Korea with the 3 wonderful gentlemen that everyone is looking so forward to meeting. They seem to be in good health. Also, good meeting with Kim Jong Un. Date &amp; Place set.|43499|164722
realDonaldTrump|Wed May 09 12:00:30 +0000 2018|Congratulations to Mike Dewine on his big win in the Great State of Ohio. He will be a great Governor with a heavy focus on HealthCare and Jobs.  His Socialist opponent in November should not do well, a big failure in last job!|13199|65110
realDonaldTrump|Wed May 09 11:48:17 +0000 2018|Candace Owens of Turning Point USA is having a big impact on politics in our Country. She represents an ever expanding group of very smart ?thinkers,? and it is wonderful to watch and hear the dialogue going on...so good for our Country!|32419|134181
realDonaldTrump|Wed May 09 11:38:45 +0000 2018|The Fake News is working overtime. Just reported that, despite the tremendous success we are having with the economy &amp; all things else, 91% of the Network News about me is negative (Fake). Why do we work so hard in working with the media when it is corrupt? Take away credentials?|26864|117348
realDonaldTrump|Wed May 09 11:24:20 +0000 2018|The Republican Party had a great night. Tremendous voter energy and excitement, and all candidates are those who have a great chance of winning in November. The Economy is sooo strong, and with Nancy Pelosi wanting to end the big Tax Cuts and Raise Taxes, why wouldn?t we win?|18578|81338
realDonaldTrump|Tue May 08 22:11:13 +0000 2018|The Iran Deal is defective at its core. If we do nothing, we know what will happen. In just a short time, the world?s leading state sponsor of terror will be on the cusp of acquiring the world?s most dangerous weapons.... https://t.co/58qwBLzxIH|23608|93571
realDonaldTrump|Tue May 08 18:52:00 +0000 2018|Statement on the Iran Nuclear Deal: https://t.co/O3SpryCKkc|26586|88241
realDonaldTrump|Tue May 08 11:30:23 +0000 2018|John Kerry can?t get over the fact that he had his chance and blew it! Stay away from negotiations John, you are hurting your country!|32560|134491
realDonaldTrump|Tue May 08 11:22:53 +0000 2018|I will be speaking to my friend, President Xi of China, this morning at 8:30. The primary topics will be Trade, where good things will happen, and North Korea, where relationships and trust are building.|16475|84670
realDonaldTrump|Tue May 08 11:09:23 +0000 2018|Gina Haspel, my highly respected nominee to lead the CIA, is being praised for the fact that she has been, and alway will be, TOUGH ON TERROR! This is a woman who has been a leader wherever she has gone. The CIA wants her to lead them into America?s  bright and glorious future!|20024|89638
realDonaldTrump|Mon May 07 18:44:32 +0000 2018|I will be announcing my decision on the Iran Deal tomorrow from the White House at 2:00pm.|26221|108949
realDonaldTrump|Mon May 07 17:20:50 +0000 2018|National Prescription Drug #TakeBackDay numbers are in! Another record broken: nearly 1 MILLION pounds of Rx pills disposed! Let?s keep fighting this opioid epidemic, America!|13372|65642
realDonaldTrump|Mon May 07 14:08:37 +0000 2018|The United States does not need John Kerry?s possibly illegal Shadow Diplomacy on the very badly negotiated Iran Deal.  He was the one that created this MESS in the first place!|31931|115458
realDonaldTrump|Mon May 07 13:35:32 +0000 2018|Is this Phony Witch Hunt going to go on even longer so it wrongfully impacts the Mid-Term Elections, which is what the Democrats always intended? Republicans better get tough and smart before it is too late!|22646|92897
realDonaldTrump|Mon May 07 13:29:49 +0000 2018|Lisa Page, who may hold the record for the most Emails in the shortest period of time (to her Lover, Peter S), and attorney Baker, are out at the FBI as part of the Probers getting caught? Why is Peter S still there? What a total mess. Our Country has to get back to Business!|20963|85685
realDonaldTrump|Mon May 07 13:05:44 +0000 2018|Good luck to Ric Grenell, our new Ambassador to Germany. A great and talented guy, he will represent our Country well!|11481|63709
realDonaldTrump|Mon May 07 13:00:18 +0000 2018|?The Great Revolt? by Salena Zito and Brad Todd does much to tell the story of our great Election victory. The Forgotten Men &amp; Women are forgotten no longer!|11991|57442
realDonaldTrump|Mon May 07 11:39:53 +0000 2018|The 13 Angry Democrats in charge of the Russian Witch Hunt are starting to find out that there is a Court System in place that actually protects people from injustice...and just wait ?till the Courts get to see your unrevealed Conflicts of Interest!|29136|107606
realDonaldTrump|Mon May 07 11:27:34 +0000 2018|The Russia Witch Hunt is rapidly losing credibility. House Intelligence Committee found No Collusion, Coordination or anything else with Russia. So now the Probe says OK, what else is there? How about Obstruction for a made up, phony crime.There is no O, it?s called Fighting Back|20828|88277
realDonaldTrump|Mon May 07 11:04:47 +0000 2018|My highly respected nominee for CIA Director, Gina Haspel, has come under fire because she was too tough on Terrorists. Think of that, in these very dangerous times, we have the most qualified person, a woman, who Democrats want OUT because she is too tough on terror. Win Gina!|24057|90645
realDonaldTrump|Mon May 07 10:53:49 +0000 2018|To the great people of West Virginia we have, together, a really great chance to keep making a big difference. Problem is, Don Blankenship, currently running for Senate, can?t win the General Election in your State...No way! Remember Alabama. Vote Rep. Jenkins or A.G. Morrisey!|14469|58425
realDonaldTrump|Sat May 05 21:35:50 +0000 2018|Thank you Cleveland, Ohio! https://t.co/ROEFRLY7jP|15601|75684
realDonaldTrump|Sat May 05 00:31:30 +0000 2018|Our high level delegation is on the way back from China where they had long meetings with Chinese leaders and business representatives. We will be meeting tomorrow to determine the results, but it is hard for China in that they have become very spoiled with U.S. trade wins!|16955|79194
realDonaldTrump|Sat May 05 00:17:34 +0000 2018|Just returned home to the beautiful White House, from Dallas, where the Arena was packed to the rafters with the great fans and supporters of the @NRA. It was so wonderful to be there!|17707|95228
realDonaldTrump|Sat May 05 00:08:03 +0000 2018|Great book just out by very successful businessman @AndyPuzder. Always known as somebody who knows how to win, ?Capitalist Comeback? will be a big hit!|9422|49825
realDonaldTrump|Fri May 04 22:56:13 +0000 2018|I want to thank all of our friends and patriots at the @NRA. We will never fail, and we will always protect your Second Amendment! God Bless you, and God Bless America! https://t.co/3PoNPV24p4|17636|73004
realDonaldTrump|Fri May 04 21:59:28 +0000 2018|We are going to demand Congress secure the border in the upcoming CR. Illegal immigration must end!|23924|113030
realDonaldTrump|Fri May 04 21:58:44 +0000 2018|Democrats and liberals in Congress want to disarm law-abiding Americans at the same time they are releasing dangerous criminal aliens and savage gang members onto our streets. Politicians who put criminal aliens before American Citizens should be voted out of office!|35237|128252
realDonaldTrump|Fri May 04 20:37:47 +0000 2018|All of us here today are united by the same timeless values. We believe that our liberty is a gift from our creator, and that no Government can ever take it away. We believe in the rule of law - and we support the men and women of law enforcement. We have pride in our history... https://t.co/eONj1Y8oju|17840|71280
realDonaldTrump|Fri May 04 13:27:50 +0000 2018|JUST OUT: 3.9% Unemployment. 4% is Broken! In the meantime, WITCH HUNT!|29809|134425
realDonaldTrump|Fri May 04 10:57:26 +0000 2018|Going to Dallas (the GREAT State of Texas) today. Leaving soon!|12029|81708
realDonaldTrump|Fri May 04 10:45:31 +0000 2018|NBC NEWS is wrong again! They cite ?sources? which are constantly wrong. Problem is, like so many others, the sources probably don?t exist, they are fabricated, fiction! NBC, my former home with the Apprentice, is now as bad as Fake News CNN. Sad!|20225|85266
realDonaldTrump|Fri May 04 10:37:48 +0000 2018|Andy McCarthy will be on  @LouDobbs tonight. 7:00 P.M. , @FoxBusiness.|5880|32247
realDonaldTrump|Fri May 04 10:28:58 +0000 2018|Because Jobs in the U.S. are doing so well, Americans receiving unemployment aid is the lowest since 1973. Great!|21953|108613
realDonaldTrump|Fri May 04 10:22:31 +0000 2018|Our Southern Border is under siege. Congress must act now to change our weak and ineffective immigration laws. Must build a Wall. Mexico, which has a massive crime problem, is doing little to help!|18894|79255
realDonaldTrump|Thu May 03 18:20:41 +0000 2018|#NationalDayOfPrayer https://t.co/nFUc3uyQL8|15334|67592
realDonaldTrump|Thu May 03 16:49:29 +0000 2018|This spring marks 4yrs since the Phoenix VA crisis. We won't forget what happened to our GREAT VETS. Choice is vital, but the program needs work &amp; is running out of $. Congress must fix Choice Program by Memorial Day so VETS can get the care they deserve. I will sign immediately!|17091|74956
realDonaldTrump|Thu May 03 16:27:05 +0000 2018|Today, it was my great honor to celebrate the #NationalDayOfPrayer at the @WhiteHouse, in the Rose Garden! Proclamation: https://t.co/4jAxJnBJoq https://t.co/AsWTfpu290|13062|60460
realDonaldTrump|Thu May 03 11:00:14 +0000 2018|...despite already having signed a detailed letter admitting that there was no affair. Prior to its violation by Ms. Clifford and her attorney, this was a private agreement. Money from the campaign, or campaign contributions, played no roll in this transaction.|16927|82271
realDonaldTrump|Thu May 03 10:54:38 +0000 2018|...very common among celebrities and people of wealth. In this case it is in full force and effect and will be used in Arbitration for damages against Ms. Clifford (Daniels). The agreement was used to stop the false and extortionist accusations made by her about an affair,......|16102|74785
realDonaldTrump|Thu May 03 10:46:09 +0000 2018|Mr. Cohen, an attorney, received a monthly retainer, not from the campaign and having nothing to do with the campaign, from which he entered into, through reimbursement, a private contract between two parties, known as a non-disclosure agreement, or NDA. These agreements are.....|16008|72222
realDonaldTrump|Thu May 03 03:45:24 +0000 2018|Our great financial team is in China trying to negotiate a level playing field on trade! I look forward to being with President Xi in the not too distant future. We will always have a good (great) relationship!|15320|76707
realDonaldTrump|Thu May 03 03:37:02 +0000 2018|Ainsley Earnhardt, a truly great person, just wrote a wonderful book, ?The Light Within Me,? which is doing really well. She is very special and so is her new book...bring it to number one!|16430|84010
realDonaldTrump|Thu May 03 00:53:30 +0000 2018|As everybody is aware, the past Administration has long been asking for three hostages to be released from a North Korean Labor camp, but to no avail. Stay tuned!|22293|104145
realDonaldTrump|Wed May 02 22:40:23 +0000 2018|?This isn?t some game. You are screwing with the work of the president of the United States.?  John Dowd, March 2018.  With North Korea, China, the Middle East and so much more, there is not much time to be thinking about this, especially since there was no Russian ?Collusion.?|22435|89824
realDonaldTrump|Wed May 02 20:27:47 +0000 2018|I have been briefed on the U.S. C-130 ?Hercules? cargo plane from the Puerto Rico National Guard that crashed near Savannah Hilton Head International Airport. Please join me in thoughts and prayers for the victims, their families and the great men and women of the National Guard.|19243|92707
realDonaldTrump|Wed May 02 18:16:56 +0000 2018|Congratulations @SecPompeo! https://t.co/ECrMGkXMQF|13276|62136
realDonaldTrump|Wed May 02 14:45:54 +0000 2018|A Rigged System - They don?t want to turn over Documents to Congress. What are they afraid of? Why so much redacting? Why such unequal ?justice?? At some point I will have no choice but to use the powers granted to the Presidency and get involved!|30689|112867
realDonaldTrump|Wed May 02 13:33:41 +0000 2018|NEW BOOK - A MUST READ! ?The Russia Hoax - The Illicit Scheme to Clear Hillary Clinton and Frame Donald Trump? by the brilliant Fox News Legal Analyst Gregg Jarrett. A sad chapter for law enforcement. A rigged system!|24113|86885
realDonaldTrump|Wed May 02 13:23:17 +0000 2018|?The questions are an intrusion into the President?s Article 2  powers under the Constitution to fire any Executive Branch Employee...what the President was thinking is an outrageous.....as to the President?s unfettered power to fire anyone...? Joe Digenova, former US Attorney|16820|66230
realDonaldTrump|Wed May 02 11:45:08 +0000 2018|There was no Collusion (it is a Hoax) and there is no Obstruction of Justice (that is a setup &amp; trap). What there is is Negotiations going on with North Korea over Nuclear War, Negotiations going on with China over Trade Deficits, Negotiations on NAFTA, and much more. Witch Hunt!|26044|106236
realDonaldTrump|Tue May 01 19:42:58 +0000 2018|Today, it was my great honor to thank and welcome heroic crew members and passengers of Southwest Airlines Flight 1380 at the @WhiteHouse! https://t.co/fYYgWToddi|14947|83193
realDonaldTrump|Tue May 01 18:14:11 +0000 2018|Congratulations @ArmyWP_Football! https://t.co/rmaLoZMWtK|10560|54002
realDonaldTrump|Tue May 01 16:57:13 +0000 2018|Today I had the great honor of awarding the Commander-in-Chief?s Trophy, for the first time in 21 years, to the @ArmyWP_Football Black Knights at the @WhiteHouse. Congratulations!https://t.co/KRQXR3xEES|12867|62505
realDonaldTrump|Tue May 01 15:23:44 +0000 2018|Yesterday, it was my great honor to welcome President @MBuhari of the Federal Republic of Nigeria to the @WhiteHouse!???? https://t.co/ApOC3CUSjV|12461|55038
realDonaldTrump|Tue May 01 11:34:13 +0000 2018|It would seem very hard to obstruct justice for a crime that never happened! Witch Hunt!|26025|122887
realDonaldTrump|Tue May 01 11:00:00 +0000 2018|Delegation heading to China to begin talks on the Massive Trade Deficit that has been created with our Country. Very much like North Korea, this should have been fixed years ago, not now. Same with other countries and NAFTA...but it will all get done. Great Potential for USA!|17723|81567
realDonaldTrump|Tue May 01 10:47:30 +0000 2018|So disgraceful that the questions concerning the Russian Witch Hunt were ?leaked? to the media. No questions on Collusion. Oh, I see...you have a made up, phony crime, Collusion, that never existed, and an investigation begun with illegally leaked classified information. Nice!|25441|107790
realDonaldTrump|Mon Apr 30 23:02:13 +0000 2018|The White House is running very smoothly despite phony Witch Hunts etc. There is great Energy and unending Stamina, both necessary to get things done. We are accomplishing the unthinkable and setting positive records while doing so! Fake News is going ?bonkers!?|21030|93631
realDonaldTrump|Mon Apr 30 22:49:55 +0000 2018|The Fake News is going crazy making up false stories and using only unnamed sources (who don?t exist). They are totally unhinged, and the great success of this Administration is making them do and say things that even they can?t believe they are saying. Truly bad people!|25375|107654
realDonaldTrump|Mon Apr 30 22:39:34 +0000 2018|During Small Business Week, we celebrate the great, hard-working entrepreneurs across our country who have started and operate a small business!|15842|86353
realDonaldTrump|Mon Apr 30 22:38:35 +0000 2018|The migrant ?caravan? that is openly defying our border shows how weak &amp; ineffective U.S. immigration laws are. Yet Democrats like Jon Tester continue to support the open borders agenda ? Tester even voted to protect Sanctuary Cities. We need lawmakers who will put America First.|23598|95699
realDonaldTrump|Mon Apr 30 18:54:28 +0000 2018|I recently had a terrific meeting with a bipartisan group of freshman lawmakers who feel very strongly in favor of Congressional term limits. I gave them my full support and endorsement for their efforts. #DrainTheSwamp|26659|113131
realDonaldTrump|Mon Apr 30 12:19:33 +0000 2018|Numerous countries are being considered for the MEETING, but would Peace House/Freedom House, on the Border of North &amp; South Korea, be a more Representative, Important and Lasting site than a third party country? Just asking!|19531|91467
realDonaldTrump|Mon Apr 30 12:10:58 +0000 2018|The White House Correspondents? Dinner is DEAD as we know it. This was a total disaster and an embarrassment to our great Country and all that it stands for. FAKE NEWS is alive and well and beautifully represented on Saturday night!|22571|105476
realDonaldTrump|Mon Apr 30 02:59:23 +0000 2018|Headline: ?Kim Prepared to Cede Nuclear Weapons if U.S. Pledges Not to Invade? - from the Failing New York Times. Also, will shut down Nuclear Test Site in May.|19063|89881
realDonaldTrump|Mon Apr 30 02:38:00 +0000 2018|The White House Correspondents? Dinner was a failure last year, but this year was an embarrassment to everyone associated with it. The filthy ?comedian? totally bombed (couldn?t even deliver her lines-much like the Seth Meyers weak performance). Put Dinner to rest, or start over!|22003|104292
realDonaldTrump|Mon Apr 30 01:29:09 +0000 2018|?Trump?s Triumphs are driving his critics Crazy!? Thank you Steve Hilton @NextRevFNC, just want to do what is right for our wonderful U.S.A.|14477|73003
realDonaldTrump|Sun Apr 29 11:54:02 +0000 2018|Just got recent Poll - much higher than President O at same time....Well, much more has been accomplished!|25881|141929
realDonaldTrump|Sun Apr 29 11:45:40 +0000 2018|While Washington, Michigan, was a big success, Washington, D.C., just didn?t work. Everyone is talking about the fact that the White House Correspondents Dinner was a very big, boring bust...the so-called comedian really ?bombed.? @greggutfeld should host next year! @PeteHegseth|18120|83380
realDonaldTrump|Sun Apr 29 11:21:32 +0000 2018|Great evening last night in Washington, Michigan. The enthusiasm, knowledge and love in that room was unreal. To the many thousands of people who couldn?t get in, I cherish you....and will be back!|20457|106541
realDonaldTrump|Sat Apr 28 22:45:49 +0000 2018|Join me LIVE in Washington, Michigan at 7:00pmE on @FoxNews! #MAGA|8258|50885
realDonaldTrump|Sat Apr 28 19:11:51 +0000 2018|Secret Service has just informed me that Senator Jon Tester?s statements on Admiral Jackson are not true. There were no such findings. A horrible thing that we in D.C. must live with, just like phony Russian Collusion. Tester should lose race in Montana. Very dishonest and sick!|37548|132510
realDonaldTrump|Sat Apr 28 13:54:16 +0000 2018|Look forward to being in the Great State of Michigan tonight. Major business expansion and jobs pouring into your State. Auto companies expanding at record pace. Big crowd tonight, will be live on T.V.|18086|94960
realDonaldTrump|Sat Apr 28 13:45:20 +0000 2018|Just had a long and very good talk with President Moon of South Korea. Things are going very well, time and location of meeting with North Korea is being set. Also spoke to Prime Minister Abe of Japan to inform him of the ongoing negotiations.|22974|98589
realDonaldTrump|Sat Apr 28 12:58:18 +0000 2018|?Clapper lied about (fraudulent) Dossier leaks to CNN? @foxandfriends FoxNews  He is a lying machine who now works for Fake News CNN.|20365|77735
realDonaldTrump|Sat Apr 28 12:15:49 +0000 2018|....great people of Montana will not stand for this kind of slander when talking of a great human being. Admiral Jackson is the kind of man that those in Montana would most respect and admire, and now, for no reason whatsoever, his reputation has been shattered. Not fair, Tester!|21028|92039
realDonaldTrump|Sat Apr 28 12:07:16 +0000 2018|Allegations made by Senator Jon Tester against Admiral/Doctor Ron Jackson are proving false. The Secret Service is unable to confirm (in fact they deny) any of the phony Democrat charges which have absolutely devastated the wonderful Jackson family. Tester should resign. The.....|24882|91098
realDonaldTrump|Sat Apr 28 02:04:31 +0000 2018|House Intelligence Committee rules that there was NO COLLUSION between the Trump Campaign and Russia. As I have been saying all along, it is all a big Hoax by the Democrats based on payments and lies. There should never have been a Special Counsel appointed. Witch Hunt!|26489|111159
realDonaldTrump|Fri Apr 27 19:23:23 +0000 2018|I urge all Americans to participate in #takebackday tomorrow! Let?s come together and BEAT last October?s record of disposed prescription pills! Visit https://t.co/QCG7bHvvxd to learn more on how to participate Saturday and every day. https://t.co/W00YxL1RwK|11418|48644
realDonaldTrump|Fri Apr 27 14:14:58 +0000 2018|Just Out: House Intelligence Committee Report released. ?No evidence? that the Trump Campaign ?colluded, coordinated or conspired with Russia.? Clinton Campaign paid for Opposition Research obtained from Russia- Wow! A total Witch Hunt! MUST END NOW!|32316|117281
realDonaldTrump|Fri Apr 27 13:28:21 +0000 2018|Look forward to meeting with Chancellor Angela Merkel of Germany today. So much to discuss, so little time! It will be good for both of our great countries!|11116|71305
realDonaldTrump|Fri Apr 27 13:11:14 +0000 2018|Kanye West has performed a great service to the Black Community - Big things are happening and eyes are being opened for the first time in Decades - Legacy Stuff! Thank you also to Chance and Dr. Darrell Scott, they really get it (lowest Black &amp; Hispanic unemployment in history).|32785|142084
realDonaldTrump|Fri Apr 27 11:50:02 +0000 2018|Please do not forget the great help that my good friend, President Xi of China, has given to the United States, particularly at the Border of North Korea. Without him it would have been a much longer, tougher, process!|23981|109441
realDonaldTrump|Fri Apr 27 11:23:27 +0000 2018|So great to have Staff Sgt. Dan Nevins and the incredible WOUNDED WARRIORS with me in the White House yesterday. These are truly brave and special people! @foxandfriends|11555|63286
realDonaldTrump|Fri Apr 27 10:55:48 +0000 2018|KOREAN WAR TO END! The United States, and all of its GREAT people, should be very proud of what is now taking place in Korea!|37450|130787
realDonaldTrump|Fri Apr 27 10:41:23 +0000 2018|After a furious year of missile launches and Nuclear testing, a historic meeting between North and South Korea is now taking place. Good things are happening, but only time will tell!|24307|117247
realDonaldTrump|Fri Apr 27 10:26:35 +0000 2018|Is everybody believing what is going on. James Comey can?t define what a leak is. He illegally leaked CLASSIFIED INFORMATION but doesn?t understand what he did or how serious it is. He lied all over the place to cover it up. He?s either very sick or very dumb. Remember sailor!|23936|104976
realDonaldTrump|Thu Apr 26 23:39:32 +0000 2018|The U.S. has put together a STRONG bid w/ Canada &amp; Mexico for the 2026 World Cup. It would be a shame if countries that we always support were to lobby against the U.S. bid. Why should we be supporting these countries when they don?t support us (including at the United Nations)?|22072|96976
realDonaldTrump|Thu Apr 26 22:17:45 +0000 2018|Loved being on @foxandfriends this morning. Great show!|10863|80346
realDonaldTrump|Wed Apr 25 21:18:51 +0000 2018|MAGA! https://t.co/jFf5ONASlv|57348|227561
realDonaldTrump|Wed Apr 25 19:33:07 +0000 2018|Thank you Kanye, very cool! https://t.co/vRIC87M21X|105064|356103
realDonaldTrump|Wed Apr 25 14:11:57 +0000 2018|Looking forward to my meeting with Tim Cook of Apple. We will be talking about many things, including how the U.S. has been treated unfairly for many years, by many countries, on trade.|15348|84523
realDonaldTrump|Wed Apr 25 14:10:30 +0000 2018|.@FLOTUS did a spectacular job hosting the President of France @EmmanuelMacron and his wife Brigitte. Every detail was done to perfection. The State Dining Room never looked more beautiful, and Washington is abuzz over what an incredible job Melania did.|16692|88912
realDonaldTrump|Wed Apr 25 13:29:16 +0000 2018|Busy day planned.  Looking forward to watching President Macron of France address a Joint Session of Congress today. This is a great honor and seldom allowed to be done...he will be GREAT!|12411|72571
realDonaldTrump|Wed Apr 25 11:53:36 +0000 2018|Congratulations to Republican Debbie Lesko on her big win in the Special Election for Arizona House seat. Debbie will do a Great Job! Press is so silent.|22414|109721
realDonaldTrump|Tue Apr 24 20:18:39 +0000 2018|Our two great republics are linked together by the timeless bonds of history, culture, and destiny. We are people who cherish our values, protect our civilization, and recognize the image of God in every human soul. https://t.co/01c8iSGDB3|19714|92021
realDonaldTrump|Tue Apr 24 19:18:25 +0000 2018|Today, @FLOTUS Melania and I were honored to welcome French President @EmmanuelMacron and Mrs. Brigitte Macron to the @WhiteHouse. We look forward to hosting them at tonight's State Dinner, in their honor. https://t.co/wGJcWqSzyP|8953|48084
realDonaldTrump|Tue Apr 24 19:06:57 +0000 2018|.@JimRenacci has worked so hard on Tax Reductions, Illegal Immigration, the Border and Crime. I need Jim very badly to help our agenda and to keep MAKING AMERICA GREAT AGAIN! He will be a fantastic Senator for the Great State of Ohio, and has my full endorsement!|14329|58499
realDonaldTrump|Tue Apr 24 18:41:09 +0000 2018|?President Trump Calls the U.S.-France Relationship ?Unbreakable.? History Shows He?s Right.? https://t.co/L0gT4rvaJO|10356|53851
realDonaldTrump|Tue Apr 24 18:02:04 +0000 2018|Arizona, please get out today and vote @DebbieLesko for Congress in #AZ08. Strong on Border, Immigration and Crime. Great on the Military. Time is ticking down - get out and VOTE today. We need Debbie in Congress!|15979|59304
realDonaldTrump|Tue Apr 24 17:56:10 +0000 2018|Americans stand with you and all of Canada, Prime Minister @JustinTrudeau. Our thoughts and prayers are with you all. #TorontoStrong https://t.co/Xo3Cn962z8|6796|38900
realDonaldTrump|Tue Apr 24 16:43:34 +0000 2018|Having great meetings and discussions with my friend, President @EmmanuelMacron of France. We are in the midst of meetings on Iran, Syria and Trade. We will be holding a joint press conference shortly, here at the @WhiteHouse. ???? https://t.co/ju1FXhgjaD|10024|50527
realDonaldTrump|Mon Apr 23 20:08:34 +0000 2018|Here?s a great stat - since January 2017, the number of people forced to use food stamps is down 1.9 million. The American people are finally back to work!|31249|149737
realDonaldTrump|Mon Apr 23 13:51:17 +0000 2018|Mexico, whose laws on immigration are very tough, must stop people from going through Mexico and into the U.S. We may make this a condition of the new NAFTA Agreement. Our Country cannot accept what is happening! Also, we must get Wall funding fast.|24422|103380
realDonaldTrump|Mon Apr 23 13:44:46 +0000 2018|Despite the Democrat inspired laws on Sanctuary Cities and the Border being so bad and one sided, I have instructed the Secretary of Homeland Security not to let these large Caravans of people into our Country. It is a disgrace. We are the only Country in the World so naive! WALL|24825|101055
realDonaldTrump|Mon Apr 23 13:15:19 +0000 2018|Hard to believe Obstructionists May vote against Mike Pompeo for Secretary of State. The Dems will not approve hundreds of good people, including the Ambassador to Germany. They are maxing out the time on approval process for all, never happened before. Need more Republicans!|22105|87553
realDonaldTrump|Sun Apr 22 20:12:26 +0000 2018|Thank you to the incredible Law Enforcement Officers from the Palm Beach County Sheriff?s Office. They keep us safe and are very cool about it! https://t.co/NlhxpPwmzT|16827|92007
realDonaldTrump|Sun Apr 22 20:04:10 +0000 2018|Kim Strassel of the WSJ just said, after reviewing the dumb Comey Memos, ?you got to ask, what was the purpose of the Special Counsel? There?s no there there.? Dan Henninger of the WSJ said Memos would show that this would be one of the weakest obstruction cases ever brought!|23478|92586
realDonaldTrump|Sun Apr 22 18:43:38 +0000 2018|Funny how all of the Pundits that couldn?t come close to making a deal on North Korea are now all over the place telling me how to make a deal!|27312|117844
realDonaldTrump|Sun Apr 22 17:23:41 +0000 2018|A complete Witch Hunt!|19243|93513
realDonaldTrump|Sun Apr 22 14:06:06 +0000 2018|?I can die happy now with Trump Job performance,? stated Mary Matalin. ?A great overall President, stunning!? Thank you Mary.|16295|88588
realDonaldTrump|Sun Apr 22 13:02:01 +0000 2018|....We are a long way from conclusion on North Korea, maybe things will work out, and maybe they won?t - only time will tell....But the work I am doing now should have been done a long time ago!|21271|103213
realDonaldTrump|Sun Apr 22 12:50:22 +0000 2018|Sleepy Eyes Chuck Todd of Fake News NBC just stated that we have given up so much in our negotiations with North Korea, and they have given up nothing. Wow, we haven?t given up anything &amp; they have agreed to denuclearization (so great for World), site closure, &amp; no more testing!|24863|99535
realDonaldTrump|Sun Apr 22 12:22:37 +0000 2018|?GOP Lawmakers asking Sessions to Investigate Comey and Hillary Clinton.? @FoxNews   Good luck with that request!|19862|86221
realDonaldTrump|Sat Apr 21 22:30:45 +0000 2018|?At least two Memos Comey shared with a friend contained Classified Information.?  Wall Street Journal|21313|86532
realDonaldTrump|Sat Apr 21 20:13:08 +0000 2018|The Washington Post said I refer to Jeff Sessions as ?Mr. Magoo? and Rod Rosenstein as ?Mr. Peepers.? This is ?according to people with whom the president has spoken.? There are no such people and don?t know these characters...just more Fake &amp; Disgusting News to create ill will!|17059|67035
realDonaldTrump|Sat Apr 21 19:24:21 +0000 2018|James Comey?s Memos are Classified, I did not Declassify them. They belong to our Government! Therefore, he broke the law! Additionally, he totally made up many of the things he said I said, and he is already a proven liar and leaker. Where are Memos on Clinton, Lynch &amp; others?|20066|74238
