screen_name|created_at|text|retweet_count|favorite_count
realDonaldTrump|Sat Apr 21 19:02:05 +0000 2018|Sylvester Stallone called me with the story of heavyweight boxing champion Jack Johnson. His trials and tribulations were great, his life complex and controversial. Others have looked at this over the years, most thought it would be done, but yes, I am considering a Full Pardon!|20152|97102
realDonaldTrump|Sat Apr 21 18:52:28 +0000 2018|So funny, the Democrats have sued the Republicans for Winning. Now he R?s counter and force them to turn over a treasure trove of material, including Servers and Emails!|22720|93542
realDonaldTrump|Sat Apr 21 15:47:48 +0000 2018|Heading to the Southern White House to watch the Funeral Service of Barbara Bush. First Lady Melania has arrived in Houston to pay our respects. Will be a beautiful day!|11594|76606
realDonaldTrump|Sat Apr 21 15:45:24 +0000 2018|Today, my thoughts and prayers are with the entire Bush family. In memory of First Lady Barbara Bush, there is a remembrance display located at her portrait in the Center Hall of the @WhiteHouse. https://t.co/AuJ3RLZyax|12630|77433
realDonaldTrump|Sat Apr 21 15:44:55 +0000 2018|Fantastic crowd and great people yesterday in Key West, Florida. Thank you! https://t.co/HqOUFgmbQS|13706|66929
realDonaldTrump|Sat Apr 21 13:18:58 +0000 2018|Join me in Washington, Michigan on Saturday, April 28, 2018 at 7:00pm! #MAGA Tickets: https://t.co/DISosdqBuu https://t.co/gHdTgHw5FU|10460|40121
realDonaldTrump|Sat Apr 21 13:10:01 +0000 2018|....it means lying or making up stories. Sorry, I don?t see Michael doing that despite the horrible Witch Hunt and the dishonest media!|11055|52102
realDonaldTrump|Sat Apr 21 13:10:01 +0000 2018|....non-existent ?sources? and a drunk/drugged up loser who hates Michael, a fine person with a wonderful family. Michael is a businessman for his own account/lawyer who I have always liked &amp; respected. Most people will flip if the Government lets them out of trouble, even if....|10524|48392
realDonaldTrump|Sat Apr 21 13:10:00 +0000 2018|The New York Times and a third rate reporter named Maggie Haberman, known as a Crooked H flunkie who I don?t speak to and have nothing to do with, are going out of their way to destroy Michael Cohen and his relationship with me in the hope that he will ?flip.? They use....|14238|58575
realDonaldTrump|Sat Apr 21 03:22:51 +0000 2018|"A message from Kim Jong Un: ?North Korea will stop nuclear tests and launches of intercontinental ballistic missiles.?
Also will ?Shut down a nuclear test site in the country?s Northern Side to prove the vow to suspend nuclear tests.? Progress being made for all!"|30730|138838
realDonaldTrump|Sat Apr 21 03:13:07 +0000 2018|James Comey illegally leaked classified documents to the press in order to generate a Special Council? Therefore, the Special Council was established based on an illegal act? Really, does everybody know what that means?|27716|103446
realDonaldTrump|Fri Apr 20 23:19:51 +0000 2018|Just heard the Campaign was sued by the Obstructionist Democrats. This can be good news in that we will now counter for the DNC Server that they refused to give to the FBI, the Debbie Wasserman Schultz Servers and Documents held by the Pakistani mystery man and Clinton Emails.|30381|108291
realDonaldTrump|Fri Apr 20 22:50:34 +0000 2018|North Korea has agreed to suspend all Nuclear Tests and close up a major test site. This is very good news for North Korea and the World - big progress! Look forward to our Summit.|44867|181216
realDonaldTrump|Fri Apr 20 20:25:13 +0000 2018|Can you believe that despite 93% bad stories from the Fake News Media (should be getting good stories), today we had just about our highest Poll Numbers, including those on Election Day? The American public is wise to the phony an dishonest press. Make America Great Again!|30766|128143
realDonaldTrump|Fri Apr 20 10:57:12 +0000 2018|Looks like OPEC is at it again. With record amounts of Oil all over the place, including the fully loaded ships at sea, Oil prices are artificially Very High! No good and will not be accepted!|23147|96104
realDonaldTrump|Fri Apr 20 10:50:38 +0000 2018|Nancy Pelosi is going absolutely crazy about the big Tax Cuts given to the American People by the Republicans...got not one Democrat Vote! Here?s a choice. They want to end them and raise your taxes substantially. Republicans are working on making them permanent and more cuts!|27917|107499
realDonaldTrump|Fri Apr 20 10:43:17 +0000 2018|So exciting! I have agreed to be the Commencement Speaker at our GREAT Naval Academy on May 25th in Annapolis, Maryland. Looking forward to being there.|19198|113677
realDonaldTrump|Fri Apr 20 10:34:16 +0000 2018|So General Michael Flynn?s life can be totally destroyed while Shadey James Comey can Leak and Lie and make lots of money from a third rate book (that should never have been written). Is that really the way life in America is supposed to work? I don?t think so!|29478|106581
realDonaldTrump|Fri Apr 20 03:37:26 +0000 2018|James Comey Memos just out and show clearly that there was NO COLLUSION and NO OBSTRUCTION. Also, he leaked classified information. WOW! Will the Witch Hunt continue?|24487|99171
realDonaldTrump|Thu Apr 19 22:46:06 +0000 2018|James Comey just threw Andrew McCabe ?under the bus.? Inspector General?s Report on McCabe is a disaster for both of them! Getting a little (lot) of their own medicine?|20887|82792
realDonaldTrump|Thu Apr 19 22:30:36 +0000 2018|Sanctuary Cities released at least 142 Gang Members across the United States, making it easy for them to commit all forms of violent crimes where none would have existed. We are doing a great job of law enforcement, but things such as this make safety in America difficult!|19645|72321
realDonaldTrump|Thu Apr 19 22:30:25 +0000 2018|My thoughts, prayers and condolences are with the families, friends and colleagues of the two @GCSOFlorida deputies (HEROES) who lost their lives in the line of duty today.|13895|64185
realDonaldTrump|Thu Apr 19 20:31:56 +0000 2018|Mike Pompeo is outstanding. First in his class at West Point. A top student at Harvard Law School. A success at whatever he has done. We need the Senate to approve Mike ASAP. He will be a great Secretary of State!|21715|88783
realDonaldTrump|Thu Apr 19 20:27:01 +0000 2018|...Hopefully the Senate will not leave Washington until our Ambassadors, Judges and the people who make Washington work are approved. The Democrats are Obstructing the process and we need these people approved for the good of our Country!|18339|71786
realDonaldTrump|Thu Apr 19 20:21:16 +0000 2018|Democrats are obstructing good (hopefully great) people wanting to give up a big portion of their life to work for our Government, hence, the American People. They are ?slow walking? all of my nominations - hundreds of people. At this rate it would take 9 years for all approvals!|25685|94660
realDonaldTrump|Thu Apr 19 18:40:12 +0000 2018|.@MarshaBlackburn is a wonderful woman who has always been there when we have needed her. Great on the Military, Border Security and Crime. Loves and works hard for the people of Tennessee. She has my full endorsement and I will be there to campaign with her!|14551|58970
realDonaldTrump|Thu Apr 19 18:33:24 +0000 2018|THANK YOU #JIATFSouth, @Norad_Northcom, @southcomwatch and @DHSgov. Keep up the GREAT work! https://t.co/3v2uG6Jp1T|6410|30967
realDonaldTrump|Thu Apr 19 16:23:52 +0000 2018|Just arrived @NASKeyWest! Heading to a briefing with the Joint Interagency Task Force South, NORTHCOM and SOUTHCOM. https://t.co/r906IXnBcG|8826|43733
realDonaldTrump|Thu Apr 19 15:48:38 +0000 2018|Governor Jerry Brown announced he will deploy ?up to 400 National Guard Troops? to do nothing. The crime rate in California is high enough, and the Federal Government will not be paying for Governor Brown?s charade. We need border security and action, not words!|19488|82183
realDonaldTrump|Thu Apr 19 15:23:22 +0000 2018|Thank you San Diego County for defending the rule of law and supporting our lawsuit against California's illegal and unconstitutional 'Sanctuary' policies. California's dangerous policies release violent criminals back into our communities, putting all Americans at risk.|19289|84123
realDonaldTrump|Thu Apr 19 14:45:14 +0000 2018|Great meeting with Prime Minister Abe of Japan, who has just left Florida. Talked in depth about North Korea, Military and Trade. Good things will happen!|13612|69429
realDonaldTrump|Thu Apr 19 02:58:21 +0000 2018|It was my great honor to host my friend @JPN_PMO @AbeShinzo and his delegation at Mar-a-Lago for the past two days. Lots accomplished, thank you! #Success???? https://t.co/2NnItfwfBl|14125|63530
realDonaldTrump|Wed Apr 18 21:32:53 +0000 2018|Great working luncheon with U.S. and Japanese Delegations this afternoon! https://t.co/ywU2CEih8b|12171|63355
realDonaldTrump|Wed Apr 18 21:00:12 +0000 2018|Prime Minister @AbeShinzo of Japan and myself this morning building an even deeper and better relationship while playing a quick round of golf at Trump International Golf Club. https://t.co/YqU7pHiFoU|14666|73804
realDonaldTrump|Wed Apr 18 16:30:39 +0000 2018|Best wishes to Prime Minister @Netanyahu and all of the people of Israel on the 70th Anniversary of your Great Independence. We have no better friends anywhere. Looking forward to moving our Embassy to Jerusalem next month!|22966|99359
realDonaldTrump|Wed Apr 18 12:05:42 +0000 2018|Slippery James Comey, the worst FBI Director in history, was not fired because of the phony Russia investigation where, by the way, there was NO COLLUSION (except by the Dems)!|21768|93742
realDonaldTrump|Wed Apr 18 10:42:23 +0000 2018|Mike Pompeo met with Kim Jong Un in North Korea last week. Meeting went very smoothly and a good relationship was formed. Details of Summit are being worked out now. Denuclearization will be a great thing for World, but also for North Korea!|24735|98096
realDonaldTrump|Wed Apr 18 10:08:50 +0000 2018|A sketch years later about a nonexistent man. A total con job, playing the Fake News Media for Fools (but they know it)! https://t.co/9Is7mHBFda|17078|60047
realDonaldTrump|Wed Apr 18 09:59:07 +0000 2018|There is a Revolution going on in California. Soooo many Sanctuary areas want OUT of this ridiculous, crime infested &amp; breeding concept. Jerry Brown is trying to back out of the National Guard at the Border, but the people of the State are not happy. Want Security &amp; Safety NOW!|27858|112022
realDonaldTrump|Wed Apr 18 02:49:28 +0000 2018|While Japan and South Korea would like us to go back into TPP, I don?t like the deal for the United States. Too many contingencies and no way to get out if it doesn?t work. Bilateral deals are far more efficient, profitable and better for OUR workers. Look how bad WTO is to U.S.|17367|75923
realDonaldTrump|Wed Apr 18 02:32:04 +0000 2018|Pastor Andrew Brunson, a fine gentleman and Christian leader in the United States, is on trial and being persecuted in Turkey for no reason. They call him a Spy, but I am more a Spy than he is. Hopefully he will be allowed to come home to his beautiful family where he belongs!|19826|82624
realDonaldTrump|Wed Apr 18 02:26:57 +0000 2018|It is my great honor to host @JPN_PMO @AbeShinzo! https://t.co/QxMpCGRycF|9371|41323
realDonaldTrump|Wed Apr 18 02:23:58 +0000 2018|.@FLOTUS Melania and I join the Nation in celebrating the life of Barbara Bush: https://t.co/4OW72iddQx|8507|44320
realDonaldTrump|Tue Apr 17 22:59:20 +0000 2018|States and Cities throughout our Country are being cheated and treated so badly by online retailers. Very unfair to traditional tax paying stores!|13608|68066
realDonaldTrump|Tue Apr 17 21:34:23 +0000 2018|....Congress ? House and Senate must quickly pass a legislative fix to ensure violent criminal aliens can be removed from our society. Keep America Safe!|12630|54342
realDonaldTrump|Tue Apr 17 21:34:23 +0000 2018|Today?s Court decision means that Congress must close loopholes that block the removal of dangerous criminal aliens, including aggravated felons. This is a public safety crisis that can only be fixed by....|15203|65232
realDonaldTrump|Tue Apr 17 20:45:36 +0000 2018|Welcome Prime Minister Abe! https://t.co/538EYyfWDq|13974|56916
realDonaldTrump|Tue Apr 17 17:59:39 +0000 2018|Rasmussen just came out at 51% Approval despite the Fake News Media. They were one of the three most accurate on Election Day. Just about the most inaccurate were CNN and ABC News/Washington Post, and they haven?t changed (get new pollsters). Much of the media is a Scam!|17699|75858
realDonaldTrump|Tue Apr 17 17:51:52 +0000 2018|Getting ready to meet Prime Minister Abe of Japan, a truly fine gentleman!|10038|66027
realDonaldTrump|Tue Apr 17 12:24:36 +0000 2018|So many people are seeing the benefits of the Tax Cut Bill. Everyone is talking, really nice to see!|14811|83146
realDonaldTrump|Tue Apr 17 12:24:36 +0000 2018|Looks like Jerry Brown and California are not looking for safety and security along their very porous Border. He cannot come to terms for the National Guard to patrol and protect the Border. The high crime rate will only get higher. Much wanted Wall in San Diego already started!|14710|63294
realDonaldTrump|Tue Apr 17 12:24:35 +0000 2018|I am in Florida and looking forward to my meeting with Prime Minister Abe of Japan. Working on Trade and Military Security.|11354|62275
realDonaldTrump|Tue Apr 17 12:24:34 +0000 2018|Employment is up, Taxes are DOWN. Enjoy!|23882|121402
realDonaldTrump|Mon Apr 16 12:31:02 +0000 2018|Russia and China are playing the Currency Devaluation game as the U.S. keeps raising interest rates. Not acceptable!|20597|95050
realDonaldTrump|Mon Apr 16 12:25:19 +0000 2018|Comey drafted the Crooked Hillary exoneration long before he talked to her (lied in Congress to Senator G), then based his decisions on her poll numbers. Disgruntled, he, McCabe, and the others, committed many crimes!|27658|109492
realDonaldTrump|Sun Apr 15 14:44:30 +0000 2018|Just hit 50% in the Rasmussen Poll, much higher than President Obama at same point. With all of the phony stories and Fake News, it?s hard to believe! Thank you America, we are doing Great Things.|28506|137509
realDonaldTrump|Sun Apr 15 13:07:10 +0000 2018|Slippery James Comey, a man who always ends up badly and out of whack (he is not smart!), will go down as the WORST FBI Director in history, by far!|21382|96239
realDonaldTrump|Sun Apr 15 12:56:13 +0000 2018|Attorney Client privilege is now a thing of the past. I have many (too many!) lawyers and they are probably wondering when their offices, and even homes, are going to be raided with everything, including their phones and computers, taken. All lawyers are deflated and concerned!|22956|100271
realDonaldTrump|Sun Apr 15 12:32:16 +0000 2018|I never asked Comey for Personal Loyalty. I hardly even knew this guy. Just another of his many lies. His ?memos? are self serving and FAKE!|21420|99493
realDonaldTrump|Sun Apr 15 12:19:42 +0000 2018|The Syrian raid was so perfectly carried out, with such precision, that the only way the Fake News Media could demean was by my use of the term ?Mission Accomplished.? I knew they would seize on this but felt it is such a great Military term, it should be brought back. Use often!|22981|112597
realDonaldTrump|Sun Apr 15 12:08:03 +0000 2018|Comey throws AG Lynch ?under the bus!? Why can?t we all find out what happened on the tarmac in the back of the plane with Wild Bill and Lynch? Was she promised a Supreme Court seat, or AG, in order to lay off Hillary. No golf and grandkids talk (give us all a break)!|25413|99207
realDonaldTrump|Sun Apr 15 11:57:14 +0000 2018|The big questions in Comey?s badly reviewed book aren?t answered like, how come he gave up Classified Information (jail), why did he lie to Congress (jail), why did the DNC refuse to give Server to the FBI (why didn?t they TAKE it), why the phony memos, McCabe?s $700,000 &amp; more?|26485|98379
realDonaldTrump|Sun Apr 15 11:42:33 +0000 2018|Unbelievably, James Comey states that Polls, where Crooked Hillary was leading, were a factor in the handling (stupidly) of the Clinton Email probe. In other words, he was making decisions based on the fact that he thought she was going to win, and he wanted a job. Slimeball!|26364|103594
realDonaldTrump|Sat Apr 14 12:29:48 +0000 2018|So proud of our great Military which will soon be, after the spending of billions of fully approved dollars, the finest that our Country has ever had. There won?t be anything, or anyone, even close!|29136|156619
realDonaldTrump|Sat Apr 14 12:21:00 +0000 2018|A perfectly executed strike last night. Thank you to France and the United Kingdom for their wisdom and the power of their fine Military. Could not have had a better result. Mission Accomplished!|41544|194660
realDonaldTrump|Sat Apr 14 01:31:56 +0000 2018|https://t.co/6VLQYAlcto|34859|100854
realDonaldTrump|Fri Apr 13 19:36:27 +0000 2018|DOJ just issued the McCabe report - which is a total disaster. He LIED! LIED! LIED! McCabe was totally controlled by Comey - McCabe is Comey!! No collusion, all made up by this den of thieves and lowlifes!|34913|122879
realDonaldTrump|Fri Apr 13 16:21:16 +0000 2018|We are bringing back our factories, we are bringing back our jobs, and we are bringing back those four beautiful words: MADE IN THE USA! https://t.co/grABSrYUBX|24282|108254
realDonaldTrump|Fri Apr 13 12:17:37 +0000 2018|....untruthful slime ball who was, as time has proven, a terrible Director of the FBI. His handling of the Crooked Hillary Clinton case, and the events surrounding it, will go down as one of the worst ?botch jobs? of history. It was my great honor to fire James Comey!|33494|138585
realDonaldTrump|Fri Apr 13 12:01:47 +0000 2018|James Comey is a proven LEAKER &amp; LIAR. Virtually everyone in Washington thought he should be fired for the terrible job he did-until he was, in fact, fired. He leaked CLASSIFIED information, for which he should be prosecuted. He lied to Congress under OATH. He is a weak and.....|31850|123508
realDonaldTrump|Fri Apr 13 11:44:51 +0000 2018|Tremendous pressure is building, like never before, for the Border Wall and an end to crime cradling Sanctuary Cities. Started the Wall in San Diego, where the people were pushing really hard to get it. They will soon be protected!|22131|105757
realDonaldTrump|Fri Apr 13 03:15:16 +0000 2018|Would only join TPP if the deal were substantially better than the deal offered to Pres. Obama. We already have BILATERAL deals with six of the eleven nations in TPP, and are working to make a deal with the biggest of those  nations, Japan, who has hit us hard on trade for years!|16012|76584
realDonaldTrump|Thu Apr 12 19:03:57 +0000 2018|America?s greatest treasure is our people ? and my Administration HEARS YOUR VOICE and HAS YOUR BACK. We are fighting to give every American a future of dignity, purpose and pride. AMERICAN SPIRIT is back! #TaxCuts https://t.co/oSGZe0irBf|19178|79071
realDonaldTrump|Thu Apr 12 18:32:30 +0000 2018|Thank you to all of the American workers who travelled here today! This event is dedicated to YOU: the hardworking Americans who make this nation run. You love your country, you provide for your family, you have PRIDE in your work and you cherish our GREAT AMERICAN FLAG! #TaxCuts https://t.co/RwaLpCRPh5|13669|63868
realDonaldTrump|Thu Apr 12 16:46:15 +0000 2018|I have agreed with the historically cooperative, disciplined approach that we have engaged in with Robert Mueller (Unlike the Clintons!). I have full confidence in Ty Cobb, my Special Counsel, and have been fully advised throughout each phase of this process.|15986|80712
realDonaldTrump|Thu Apr 12 16:42:54 +0000 2018|On Yom HaShoah we remember the six million Jews slaughtered in the Holocaust. With each passing year, our duty to remember this atrocity increases as we pledge #NeverAgain. #HolocaustRemembranceDay https://t.co/tyga4VtjLT|16157|64214
realDonaldTrump|Thu Apr 12 10:37:16 +0000 2018|Good luck to Mike Pompeo during his Confirmation Hearing today. He will be a great Secretary of State!|11856|60782
realDonaldTrump|Thu Apr 12 10:15:25 +0000 2018|Never said when an attack on Syria would take place. Could be very soon or not so soon at all! In any event, the United States, under my Administration, has done a great job of ridding the region of ISIS. Where is our ?Thank you America??|24373|110689
realDonaldTrump|Thu Apr 12 10:08:49 +0000 2018|California Governor Jerry Brown is doing the right thing and sending the National Guard to the Border. Thank you Jerry, good move for the safety of our Country!|14138|83836
realDonaldTrump|Thu Apr 12 10:03:46 +0000 2018|If I wanted to fire Robert Mueller in December, as reported by the Failing New York Times, I would have fired him. Just more Fake News from a biased newspaper!|18341|84883
realDonaldTrump|Thu Apr 12 00:48:39 +0000 2018|Big show tonight on @seanhannity! 9:00 P.M. on @FoxNews|10592|54061
realDonaldTrump|Wed Apr 11 22:59:42 +0000 2018|Honored to have Republican Congressional Leadership join me at the @WhiteHouse this evening. Lots to discuss as we continue MAKING AMERICA GREAT AGAIN! https://t.co/b9z5Nfdkcl|10635|56502
realDonaldTrump|Wed Apr 11 19:47:07 +0000 2018|?Trump just took a giant step towards actual welfare reform? https://t.co/LQlACDDLug|15625|67491
realDonaldTrump|Wed Apr 11 15:47:46 +0000 2018|The @WhiteHouse is partnering with @Interior and @NatlParkService to bring the @NSCsafety's ?Prescribed to Death? Opioid Memorial to the Ellipse - beginning tomorrow, April 12th to April 18th. More information: https://t.co/z4FPQxt4Bl https://t.co/XvScPqvAkQ|8180|34865
realDonaldTrump|Wed Apr 11 13:50:23 +0000 2018|Speaker Paul Ryan is a truly good man, and while he will not be seeking re-election, he will leave a legacy of achievement that nobody can question. We are with you Paul!|9486|60179
realDonaldTrump|Wed Apr 11 13:00:23 +0000 2018|Much of the bad blood with Russia is caused by the Fake &amp; Corrupt Russia Investigation, headed up by the all Democrat loyalists, or people that worked for Obama. Mueller is most conflicted of all (except Rosenstein who signed FISA &amp; Comey letter). No Collusion, so they go crazy!|25640|95068
realDonaldTrump|Wed Apr 11 11:37:56 +0000 2018|Our relationship with Russia is worse now than it has ever been, and that includes the Cold War. There is no reason for this. Russia needs us to help with their economy, something that would be very easy to do, and we need all nations to work together. Stop the arms race?|30870|121977
realDonaldTrump|Wed Apr 11 10:57:30 +0000 2018|Russia vows to shoot down any and all missiles fired at Syria. Get ready Russia,  because they will be coming, nice and new and ?smart!? You shouldn?t be partners with a Gas Killing Animal who kills his people and enjoys it!|63016|167968
realDonaldTrump|Wed Apr 11 10:47:37 +0000 2018|....doing things that nobody thought possible, despite the never ending and corrupt Russia Investigation, which takes tremendous time and focus. No Collusion or Obstruction (other than I fight back), so now they do the Unthinkable, and RAID a lawyers office for information! BAD!|17078|74017
realDonaldTrump|Wed Apr 11 10:38:42 +0000 2018|So much Fake News about what is going on in the White House. Very calm and calculated with a big focus on open and fair trade with China, the coming North Korea meeting and, of course, the vicious gas attack in Syria. Feels great to have Bolton &amp; Larry K on board. I (we) are|15403|67443
realDonaldTrump|Wed Apr 11 10:30:19 +0000 2018|The Failing New York Times wrote another phony story. It was political pundit Doug Schoen, not a Ukrainian businessman, who asked me to do a short speech by phone (Skype), hosted by Doug, in Ukraine. I was very positive about Ukraine-another negative to the Fake Russia  C story!|16213|65261
realDonaldTrump|Tue Apr 10 21:49:56 +0000 2018|"Today, it was my great honor to welcome the 2017 NCAA Football National Champion, Alabama Crimson Tide - to the White House. Congratulations! #RollTide
https://t.co/hF5EZHlSVS https://t.co/JfGue4IIs1"|15954|78189
realDonaldTrump|Tue Apr 10 18:30:38 +0000 2018|Very thankful for President Xi of China?s kind words on tariffs and automobile barriers...also, his enlightenment on intellectual property and technology transfers. We will make great progress together!|21539|103443
realDonaldTrump|Tue Apr 10 13:30:35 +0000 2018|Last night, it was my great honor to host America?s senior defense and military leaders for dinner at the White House. America?s military is the GREATEST fighting force in the history of the world. They all have my pledge of unwavering commitment to our men and women in uniform! https://t.co/BjWKcMX0iL|18678|85438
realDonaldTrump|Tue Apr 10 11:08:18 +0000 2018|A TOTAL WITCH HUNT!!!|29560|119156
realDonaldTrump|Tue Apr 10 11:07:58 +0000 2018|Attorney?client privilege is dead!|25716|101821
realDonaldTrump|Mon Apr 09 19:32:27 +0000 2018|Great @Cabinet meeting at the @WhiteHouse this morning! https://t.co/kzmfovwUeb https://t.co/7AgbwbFNuw|10045|51782
realDonaldTrump|Mon Apr 09 19:17:39 +0000 2018|The Democrats are not doing what?s right for our country. I will not rest until we have secured our borders and restored the rule of law! https://t.co/zKGgPlaadS|26029|101908
realDonaldTrump|Mon Apr 09 10:03:16 +0000 2018|When a car is sent to the United States from China, there is a Tariff to be paid of 2 1/2%. When a car is sent to China from the United States, there is a Tariff to be paid of 25%. Does that sound like free or fair trade.  No, it sounds like STUPID TRADE -  going on for years!|45014|171906
realDonaldTrump|Mon Apr 09 00:43:27 +0000 2018|Congratulations to Patrick Reed on his great and courageous MASTERS win! When Patrick had his amazing win at Doral 5 years ago, people saw his great talent, and a bright future ahead. Now he is the Masters Champion!|12324|90091
realDonaldTrump|Sun Apr 08 13:12:57 +0000 2018|If President Obama had crossed his stated Red Line In The Sand, the Syrian disaster would have ended long ago! Animal Assad would have been history!|23548|88696
realDonaldTrump|Sun Apr 08 13:04:22 +0000 2018|....to pay. Open area immediately for medical help and verification. Another humanitarian disaster for no reason whatsoever. SICK!|14806|65814
realDonaldTrump|Sun Apr 08 13:00:06 +0000 2018|Many dead, including women and children, in mindless CHEMICAL attack in Syria. Area of atrocity is in lockdown and encircled by Syrian Army, making it completely inaccessible to outside world. President Putin, Russia and Iran are responsible for backing Animal Assad. Big price...|31462|98620
realDonaldTrump|Sun Apr 08 12:12:35 +0000 2018|President Xi and I will always be friends, no matter what happens with our dispute on trade. China will take down its Trade Barriers because it is the right thing to do. Taxes will become Reciprocal &amp; a deal will be made on Intellectual Property. Great future for both countries!|22933|104672
realDonaldTrump|Sun Apr 08 11:58:13 +0000 2018|The Washington Post is far more fiction than fact. Story after story is made up garbage - more like a poorly written novel than good reporting. Always quoting sources (not names), many of which don?t exist. Story on John Kelly isn?t true, just another hit job!|19479|78628
realDonaldTrump|Sun Apr 08 11:27:49 +0000 2018|?The FBI closed the case on Hillary, which was a rigged investigation. They exonerated her even before they ever interviewed her, they never even put her under oath.....? and much more. So true Jesse! @WattersWorld|20091|76237
realDonaldTrump|Sun Apr 08 00:03:23 +0000 2018|While Security spending was somewhat more than his predecessor, Scott Pruitt has received death threats because of his bold actions at EPA. Record clean Air &amp; Water while saving USA Billions of Dollars. Rent was about market rate, travel expenses OK. Scott is doing a great job!|17493|73427
realDonaldTrump|Sat Apr 07 22:42:22 +0000 2018|Fire at Trump Tower is out. Very confined (well built building). Firemen (and women) did a great job. THANK YOU!|23103|131730
realDonaldTrump|Sat Apr 07 21:00:39 +0000 2018|What does the Department of Justice and FBI have to hide? Why aren?t they giving the strongly requested documents (unredacted) to the HOUSE JUDICIARY COMMITTEE? Stalling, but for what reason? Not looking good!|25439|91371
realDonaldTrump|Sat Apr 07 20:52:58 +0000 2018|Lawmakers of the House Judiciary Committee are angrily accusing the Department of Justice of missing the Thursday Deadline for turning over UNREDACTED Documents relating to FISA abuse, FBI, Comey, Lynch, McCabe, Clinton Emails and much more. Slow walking - what is going on? BAD!|21212|76992
realDonaldTrump|Sat Apr 07 18:11:15 +0000 2018|We are sealing up our Southern Border. The people of our great country want Safety and Security. The Dems have been a disaster on this very important issue!|23616|104115
realDonaldTrump|Sat Apr 07 18:03:56 +0000 2018|The United States hasn?t had a Trade Surplus with China in 40 years. They must end unfair trade, take down barriers and charge only Reciprocal Tariffs. The U.S. is losing $500 Billion a year, and has been losing Billions of Dollars for decades. Cannot continue!|21210|87734
realDonaldTrump|Sat Apr 07 17:35:28 +0000 2018|Just spoke to @JustinTrudeau to pay my highest respect and condolences to the families of the terrible Humboldt Team tragedy. May God be with them all!|17235|90858
realDonaldTrump|Fri Apr 06 20:26:53 +0000 2018|Congratulations to @bernieandsid on their new @77wabcradio morning radio show in New York City. It was an honor to join you two ? good luck! https://t.co/sulTcRp3IC|8418|39719
realDonaldTrump|Fri Apr 06 20:23:58 +0000 2018|?BET founder: Trump's economy is bringing black workers back into the labor force? https://t.co/TtMDfi4bv0|28650|94597
realDonaldTrump|Fri Apr 06 16:24:27 +0000 2018|AMERICA IS OPEN FOR BUSINESS! https://t.co/5jxdojPZmN|15759|66832
realDonaldTrump|Fri Apr 06 14:46:10 +0000 2018|Do you believe that the Fake News Media is pushing hard on a story that I am going to replace A.G. Jeff Sessions with EPA Chief Scott Pruitt, who is doing a great job but is TOTALLY under siege? Do people really believe this stuff? So much of the media is dishonest and corrupt!|21735|88030
realDonaldTrump|Fri Apr 06 14:32:43 +0000 2018|China, which is a great economic power, is considered a Developing Nation within the World Trade Organization. They therefore get tremendous perks and advantages, especially over the U.S. Does anybody think this is fair. We were badly represented. The WTO is unfair to U.S.|23277|93431
realDonaldTrump|Fri Apr 06 11:11:51 +0000 2018|Despite the Aluminum Tariffs, Aluminum prices are DOWN 4%. People are surprised, I?m not! Lots of money coming into U.S. coffers and Jobs, Jobs, Jobs!|18148|78569
realDonaldTrump|Thu Apr 05 20:28:44 +0000 2018|Thank you @WVGovernor Jim Justice. It was my great honor to be with the amazing people of West Virginia today! #MAGA https://t.co/IwPuQNadMM|10066|48672
realDonaldTrump|Thu Apr 05 20:12:10 +0000 2018|Thanks to our historic TAX CUTS, America is open for business, and millions of American workers are seeing more take-home pay through higher wages, salaries and bonuses! https://t.co/0u3dpLJiV2|14843|68260
realDonaldTrump|Thu Apr 05 13:10:07 +0000 2018|The Fake News Washington Post, Amazon?s ?chief lobbyist,? has another (of many) phony headlines, ?Trump Defiant As China Adds Trade Penalties.? WRONG! Should read, ?Trump Defiant as U.S. Adds Trade Penalties, Will End Barriers And Massive  I.P. Theft.? Typically bad reporting!|23484|90339
realDonaldTrump|Thu Apr 05 11:40:53 +0000 2018|The Caravan is largely broken up thanks to the strong immigration laws of Mexico and their willingness to use them so as not to cause a giant scene at our Border. Because of the Trump Administrations actions, Border crossings are at a still UNACCEPTABLE 46 year low. Stop drugs!|19937|90750
realDonaldTrump|Wed Apr 04 23:08:19 +0000 2018|?Still Rising: Rasmussen Poll Shows Donald Trump Approval Ratings Now at 51 Percent? https://t.co/q80PaE0gQo|23136|97277
realDonaldTrump|Wed Apr 04 15:05:38 +0000 2018|Today we honor Dr. Martin Luther King, Jr. on the 50th anniversary of his assassination. Earlier this year I spoke about Dr. King?s legacy of justice and peace, and his impact on uniting Americans. #MLK50 Proclamation: https://t.co/XXtPO0VX5A https://t.co/SH0esMSyMT|17906|72265
realDonaldTrump|Wed Apr 04 14:50:03 +0000 2018|Our thoughts and prayers are with the four U.S. Marines from the 3rd Marine Aircraft Wing who lost their lives in yesterday?s Southern California helicopter crash. We pray for their families, and our great @USMC.|17273|84879
realDonaldTrump|Wed Apr 04 13:20:31 +0000 2018|When you?re already $500 Billion DOWN, you can?t lose!|17535|85273
realDonaldTrump|Wed Apr 04 11:22:03 +0000 2018|We are not in a trade war with China, that war was lost many years ago by the foolish, or incompetent, people who represented the U.S. Now we have a Trade Deficit of $500 Billion a year, with Intellectual Property Theft of another $300 Billion. We cannot let this continue!|35479|139562
realDonaldTrump|Wed Apr 04 11:19:28 +0000 2018|Our Border Laws are very weak while those of Mexico &amp; Canada are very strong. Congress must change these Obama era, and other, laws NOW! The Democrats stand in our way - they want people to pour into our country unchecked....CRIME! We will be taking strong action today.|23328|96489
realDonaldTrump|Tue Apr 03 21:49:14 +0000 2018|Was just briefed on the shooting at YouTube?s HQ in San Bruno, California. Our thoughts and prayers are with everybody involved. Thank you to our phenomenal Law Enforcement Officers and First Responders that are currently on the scene.|18938|106068
realDonaldTrump|Tue Apr 03 19:59:40 +0000 2018|WE WILL PROTECT OUR SOUTHERN BORDER! https://t.co/Z7fqQKcnez|20240|81949
realDonaldTrump|Tue Apr 03 19:15:42 +0000 2018|Today, it was my honor to welcome Estonia President @KerstiKaljulaid, Lithuania President @Grybauskaite_LT, and Latvia President @Vejonis to the @WhiteHouse. Congratulations on your 100th anniversaries of independence! #BalticSummit: https://t.co/XAchZ3zUSe https://t.co/RRftyTGEvb|8950|44127
realDonaldTrump|Tue Apr 03 13:55:37 +0000 2018|I am right about Amazon costing the United States Post Office massive amounts of money for being their Delivery Boy. Amazon should pay these costs (plus) and not have them bourne by the American Taxpayer. Many billions of dollars. P.O. leaders don?t have a clue (or do they?)!|19256|81510
realDonaldTrump|Tue Apr 03 11:08:51 +0000 2018|Thank you to Rasmussen for the honest polling. Just hit 50%, which is higher than Cheatin? Obama at the same time in his Administration.|21432|96479
realDonaldTrump|Tue Apr 03 10:58:30 +0000 2018|Check out the fact that you can?t get a job at ratings challenged @CNN unless you state that you are totally anti-Trump? Little Jeff Zuker, whose job is in jeopardy, is not having much fun lately. They should clean up and strengthen CNN and get back to honest reporting!|15973|68438
realDonaldTrump|Tue Apr 03 10:49:07 +0000 2018|The big Caravan of People from Honduras, now coming across Mexico and heading to our ?Weak Laws? Border, had better be stopped before it gets there. Cash cow NAFTA is in play, as is foreign aid to Honduras and the countries that allow this to happen. Congress MUST ACT NOW!|24335|96147
realDonaldTrump|Tue Apr 03 10:34:18 +0000 2018|The Fake News Networks, those that knowingly have a sick and biased AGENDA, are worried about the competition and quality of Sinclair Broadcast. The ?Fakers? at CNN, NBC, ABC &amp; CBS have done so much dishonest reporting that they should only be allowed to get awards for fiction!|20339|83972
realDonaldTrump|Tue Apr 03 02:03:18 +0000 2018|#AutismAwarenessDay #LightItUpBlue https://t.co/JAzSE6yEes|17358|88799
realDonaldTrump|Tue Apr 03 00:34:48 +0000 2018|?President Trump's approval rate among likely U.S. voters hit 50 percent on Monday, which puts him higher than former President Barack Obama's score at the same point into his first term, according to a new poll.? Via: @Anna_Giaritelli @DCExaminer https://t.co/ZzycNoDCQJ|18138|72115
realDonaldTrump|Tue Apr 03 00:24:01 +0000 2018|39% of my nominations, including Diplomats to foreign lands, have not been confirmed due to Democrat obstruction and delay. At this rate, it would take more than 7 years before I am allowed to have these great people start working. Never happened before. Disgraceful!|29331|100076
realDonaldTrump|Tue Apr 03 00:12:03 +0000 2018|Honduras, Mexico and many other countries that the U.S. is very generous to, sends many of their people to our country through our WEAK IMMIGRATION POLICIES. Caravans are heading here. Must pass tough laws and build the WALL. Democrats allow open borders, drugs and crime!|19627|77010
realDonaldTrump|Tue Apr 03 00:00:58 +0000 2018|As ridiculous as it sounds, the laws of our country do not easily allow us to send those crossing our Southern Border back where they came from. A whole big wasted procedure must take place. Mexico &amp; Canada have tough immigration laws, whereas ours are an Obama joke. ACT CONGRESS|23523|87034
realDonaldTrump|Mon Apr 02 16:38:29 +0000 2018|?President Donald J. Trump Proclaims April 2, 2018, World Autism Awareness Day? https://t.co/ECBCHfll0p|12997|54668
realDonaldTrump|Mon Apr 02 15:41:04 +0000 2018|An honor to host the Annual @WhiteHouse Easter Egg Roll! https://t.co/bOMJRK8FyK|9132|49714
realDonaldTrump|Mon Apr 02 13:58:00 +0000 2018|So sad that the Department of ?Justice? and the FBI are slow walking, or even not giving, the unredacted documents requested by Congress. An embarrassment to our country!|20204|77622
realDonaldTrump|Mon Apr 02 13:35:03 +0000 2018|Only fools, or worse, are saying that our money losing Post Office makes money with Amazon. THEY LOSE A FORTUNE, and this will be changed. Also, our fully tax paying retailers are closing stores all over the country...not a level playing field!|17512|74970
realDonaldTrump|Mon Apr 02 13:28:42 +0000 2018|So funny to watch Fake News Networks, among the most dishonest groups of people I have ever dealt with, criticize Sinclair Broadcasting for being biased. Sinclair is far superior to CNN and even more Fake NBC, which is a total joke.|18100|79464
realDonaldTrump|Mon Apr 02 13:08:47 +0000 2018|Mexico is making a fortune on NAFTA...They have very strong border laws - ours are pathetic. With all of the money they make from the U.S., hopefully they will stop people from coming through their country and into ours, at least until Congress changes our immigration laws!|18599|74826
realDonaldTrump|Mon Apr 02 11:17:19 +0000 2018|DACA is dead because the Democrats didn?t care or act, and now everyone wants to get onto the DACA bandwagon... No longer works. Must build Wall and secure our borders with proper Border legislation. Democrats want No Borders, hence drugs and crime!|21999|87881
realDonaldTrump|Mon Apr 02 11:10:19 +0000 2018|...Congress must immediately pass Border Legislation, use Nuclear Option if necessary, to stop the massive inflow of Drugs and People. Border Patrol Agents (and ICE) are GREAT, but the weak Dem laws don?t allow them to do their job. Act now Congress, our country is being stolen!|22589|87208
realDonaldTrump|Mon Apr 02 11:02:30 +0000 2018|Mexico has the absolute power not to let these large ?Caravans? of people enter their country. They must stop them at their Northern Border, which they can do because their border laws work, not allow them to pass through into our country, which has no effective border laws.....|18795|73960
realDonaldTrump|Sun Apr 01 14:28:19 +0000 2018|These big flows of people are all trying to take advantage of DACA. They want in on the act!|18782|82013
realDonaldTrump|Sun Apr 01 14:25:46 +0000 2018|Mexico is doing very little, if not NOTHING, at stopping people from flowing into Mexico through their Southern Border, and then into the U.S. They laugh at our dumb immigration laws. They must stop the big drug and people flows, or I will stop their cash cow, NAFTA. NEED WALL!|31682|122800
realDonaldTrump|Sun Apr 01 13:56:34 +0000 2018|Border Patrol Agents are not allowed to properly do their job at the Border because of ridiculous liberal (Democrat) laws like Catch &amp; Release. Getting more dangerous. ?Caravans? coming. Republicans must go to Nuclear Option to pass tough laws NOW. NO MORE DACA DEAL!|35503|128045
realDonaldTrump|Sun Apr 01 12:27:02 +0000 2018|HAPPY EASTER!|39141|202732
realDonaldTrump|Sat Mar 31 12:53:01 +0000 2018|Governor Jerry ?Moonbeam? Brown pardoned 5 criminal illegal aliens whose crimes include (1) Kidnapping and Robbery (2) Badly beating wife and threatening a crime with intent to terrorize (3) Dealing drugs. Is this really what the great people of California want? @FoxNews|31029|94902
realDonaldTrump|Sat Mar 31 12:52:59 +0000 2018|...does not include the Fake Washington Post, which is used as a ?lobbyist? and should so  REGISTER. If the P.O. ?increased its parcel rates, Amazon?s shipping costs would rise by $2.6 Billion.? This Post Office scam must stop. Amazon must pay real costs (and taxes) now!|21499|86943
realDonaldTrump|Sat Mar 31 12:45:41 +0000 2018|While we are on the subject, it is reported that the U.S. Post Office will lose $1.50 on average for each package it delivers for Amazon. That amounts to Billions of Dollars. The Failing N.Y. Times reports that ?the size of the company?s lobbying staff has ballooned,? and that...|20590|79593
realDonaldTrump|Fri Mar 30 20:24:56 +0000 2018|https://t.co/UM3YJ6lUiD|24341|85446
realDonaldTrump|Thu Mar 29 20:06:37 +0000 2018|Washington spent trillions building up foreign countries while allowing OUR OWN infrastructure to fall into a state of total disrepair. No more! It's time to REBUILD, and we will do it with American WORKERS, American GRIT, and American PRIDE! https://t.co/Q9rPZi2D2s|25776|102284
realDonaldTrump|Thu Mar 29 19:58:35 +0000 2018|JOBS, JOBS, JOBS! Unemployment claims have fallen to a 45-year low. Together, we are making the economy great again! https://t.co/pN2TE5HDQm|17538|72603
realDonaldTrump|Thu Mar 29 19:44:06 +0000 2018|We are going to REBUILD our crumbling infrastructure, and there is no better place to begin this campaign than in the Great State of Ohio. A tremendous honor to be here today at a state-of-the-art training site, where the skills of the American Worker are forged and refined! https://t.co/bU3KS62c0x|15940|72459
realDonaldTrump|Thu Mar 29 11:57:38 +0000 2018|I have stated my concerns with Amazon long before the Election. Unlike others, they pay little or no taxes to state &amp; local governments, use our Postal System as their Delivery Boy (causing tremendous loss to the U.S.), and are putting many thousands of retailers out of business!|31712|126036
realDonaldTrump|Wed Mar 28 21:31:54 +0000 2018|....In the interim, Hon. Robert Wilkie of DOD will serve as Acting Secretary. I am thankful for Dr. David Shulkin?s service to our country and to our GREAT VETERANS!|9435|47061
realDonaldTrump|Wed Mar 28 21:31:08 +0000 2018|I am pleased to announce that I intend to nominate highly respected Admiral Ronny L. Jackson, MD, as the new Secretary of Veterans Affairs....|16304|76182
realDonaldTrump|Wed Mar 28 19:47:02 +0000 2018|Great briefing this afternoon on the start of our Southern Border WALL! https://t.co/pmCNoxxlkH|30418|115359
realDonaldTrump|Wed Mar 28 16:19:02 +0000 2018|....release known dangerous criminals into communities across the State. All citizens have the right to be protected by Federal law and strong borders.|14372|65167
realDonaldTrump|Wed Mar 28 16:18:44 +0000 2018|My Administration stands in solidarity with the brave citizens in Orange County defending their rights against California's illegal and unconstitutional Sanctuary policies. California's Sanctuary laws....|25382|107671
realDonaldTrump|Wed Mar 28 16:14:34 +0000 2018|.@USTradeRep just announced an agreement in principle with South Korea on KORUS! A great deal for American and Korean workers. Let?s now focus on our important security relationship.|11668|53601
realDonaldTrump|Wed Mar 28 10:16:26 +0000 2018|Received message last night from XI JINPING of China that his meeting with KIM JONG UN went very well and that KIM looks forward to his meeting with me. In the meantime, and unfortunately, maximum sanctions and pressure must be maintained at all cost!|23093|100301
realDonaldTrump|Wed Mar 28 10:05:18 +0000 2018|For years and through many administrations, everyone said that peace and the denuclearization of the Korean Peninsula was not even a small possibility. Now there is a good chance that Kim Jong Un will do what is right for his people and for humanity. Look forward to our meeting!|25289|110338
realDonaldTrump|Wed Mar 28 09:52:36 +0000 2018|THE SECOND AMENDMENT WILL NEVER BE REPEALED! As much as Democrats would like to see this happen, and despite the words yesterday of former Supreme Court Justice Stevens, NO WAY. We need more Republicans in 2018 and must ALWAYS hold the Supreme Court!|56646|188057
realDonaldTrump|Tue Mar 27 18:35:06 +0000 2018|I am very pleased to welcome the opioid memorial to the President's Park in April. I encourage all to visit and remember those who we have lost to this deadly epidemic. We will keep fighting until we defeat the opioid crisis! https://t.co/ZM7AYJyECr|14778|66059
realDonaldTrump|Tue Mar 27 00:44:52 +0000 2018|Trade talks going on with numerous countries that, for many years, have not treated the United States fairly. In the end, all will be happy!|20057|101425
realDonaldTrump|Mon Mar 26 20:29:19 +0000 2018|Great news! #MAGA https://t.co/mRQGRJkozC|15006|67069
realDonaldTrump|Mon Mar 26 12:38:55 +0000 2018|So much Fake News. Never been more voluminous or more inaccurate. But through it all, our country is doing great!|26000|129475
realDonaldTrump|Mon Mar 26 11:05:40 +0000 2018|The economy is looking really good. It has been many years that we have seen these kind of numbers. The underlying strength of companies has perhaps never been better.|18790|95442
realDonaldTrump|Mon Mar 26 03:26:43 +0000 2018|.@HowieCarrShow just wrote a book which everyone is talking about. He was a great help. He is a veteran journalist who had a great influence in NH and beyond. He calls it the most amazing political campaign of modern times. The book is called, ?What Really Happened.? Enjoy! #MAGA https://t.co/jYhjpoJKHe|19663|72937
realDonaldTrump|Sun Mar 25 13:45:44 +0000 2018|?President Donald J. Trump Proclaims March 25, 2018, as Greek Independence Day: A National Day of Celebration of Greek and American Democracy? https://t.co/GwSJ2UK2xD https://t.co/GltMwxINA2|10825|50157
realDonaldTrump|Sun Mar 25 13:08:27 +0000 2018|Happy National #MedalOfHonorDay to our HEROES. We love you! https://t.co/6euI31R4Gz|14311|63076
realDonaldTrump|Sun Mar 25 11:49:16 +0000 2018|....lawyer or law firm will take months to get up to speed (if for no other reason than they can bill more), which is unfair to our great country - and I am very happy with my existing team. Besides, there was NO COLLUSION with Russia, except by Crooked Hillary and the Dems!|17164|79990
realDonaldTrump|Sun Mar 25 11:40:41 +0000 2018|Many lawyers and top law firms want to represent me in the Russia case...don?t believe the Fake News narrative that it is hard to find a lawyer who wants to take this on. Fame &amp; fortune will NEVER be turned down by a lawyer, though some are conflicted. Problem is that a new......|13674|64690
realDonaldTrump|Sun Mar 25 10:42:20 +0000 2018|Much can be done with the $1.6 Billion given to building and fixing the border wall. It is just a down payment. Work will start immediately. The rest of the money will come - and remember DACA, the Democrats abandoned you (but we will not)!|18766|77748
realDonaldTrump|Sun Mar 25 10:33:25 +0000 2018|Because of the $700 &amp; $716 Billion Dollars gotten to rebuild our Military, many jobs are created and our Military is again rich. Building a great Border Wall, with drugs (poison) and enemy combatants pouring into our Country, is all about National Defense. Build WALL through M!|29647|113794
realDonaldTrump|Sun Mar 25 10:10:14 +0000 2018|France honors a great hero. Officer died after bravely swapping places with hostage in ISIS related terror attack. So much bravery around the world constantly fighting radical Islamic terrorism. Even stronger measures needed, especially at borders!|18575|80304
realDonaldTrump|Sat Mar 24 16:40:11 +0000 2018|Our thoughts and prayers are with the victims of the horrible attack in France yesterday, and we grieve the nation?s loss. We also condemn the violent actions of the attacker and anyone who would provide him support. We are with you @EmmanuelMacron!|14981|80426
realDonaldTrump|Fri Mar 23 23:01:10 +0000 2018|As a matter of National Security I've signed the Omnibus Spending Bill. I say to Congress: I will NEVER sign another bill like this again. To prevent this omnibus situation from ever happening again, I'm calling on Congress to give me a line-item veto for all govt spending bills! https://t.co/kYwMk5AE5k|18444|69135
realDonaldTrump|Fri Mar 23 20:50:30 +0000 2018|Obama Administration legalized bump stocks. BAD IDEA. As I promised, today the Department of Justice will issue the rule banning BUMP STOCKS with a mandated comment period. We will BAN all devices that turn legal weapons into illegal machine guns.|16305|79535
realDonaldTrump|Fri Mar 23 16:32:58 +0000 2018|News conference at the White House concerning the Omnibus Spending Bill.  1:00 P.M.|9179|46129
realDonaldTrump|Fri Mar 23 12:55:15 +0000 2018|I am considering a VETO of the Omnibus Spending Bill based on the fact that the 800,000 plus DACA recipients have been totally abandoned by the Democrats (not even mentioned in Bill) and the BORDER WALL, which is desperately needed for our National Defense, is not fully funded.|35442|150417
realDonaldTrump|Fri Mar 23 12:26:37 +0000 2018|DACA was abandoned by the Democrats. Very unfair to them! Would have been tied to desperately needed Wall.|15649|70783
realDonaldTrump|Fri Mar 23 10:07:18 +0000 2018|House Intelligence Committee votes to release final report. FINDINGS: (1) No evidence provided of Collusion between Trump Campaign &amp; Russia. (2)  The Obama Administrations Post election response was insufficient. (3) Clapper provided inconsistent testimony on media contacts.|20026|75056
realDonaldTrump|Thu Mar 22 22:26:41 +0000 2018|I am pleased to announce that, effective 4/9/18, @AmbJohnBolton will be my new National Security Advisor. I am very thankful for the service of General H.R. McMaster who has done an outstanding job &amp; will always remain my friend. There will be an official contact handover on 4/9.|23085|93090
realDonaldTrump|Thu Mar 22 20:11:30 +0000 2018|My honor Charlie - thank you! #MAGA https://t.co/ZbXFxNVMLP|10365|48410
realDonaldTrump|Thu Mar 22 18:40:54 +0000 2018|As a candidate, I pledged that if elected I would use every lawful tool to combat unfair trade, protect American workers, and defend our national security.  Today, we took another critical step to fulfill that commitment. https://t.co/7NBI0Dibmx https://t.co/nmzqos3BUA|15022|65735
realDonaldTrump|Thu Mar 22 10:40:37 +0000 2018|Remember when they were saying, during the campaign, that Donald Trump is giving great speeches and drawing big crowds, but he is spending much less money and not using social media as well as Crooked Hillary?s large and highly sophisticated staff. Well, not saying that anymore!|19249|91588
realDonaldTrump|Thu Mar 22 10:19:57 +0000 2018|Crazy Joe Biden is trying to act like a tough guy. Actually, he is weak, both mentally and physically, and yet he threatens me, for the second time, with physical assault. He doesn?t know me, but he would go down fast and hard, crying all the way. Don?t threaten people Joe!|71316|249488
realDonaldTrump|Thu Mar 22 03:04:47 +0000 2018|Democrats refused to take care of DACA. Would have been so easy, but they just didn?t care. I had to fight for Military and start of Wall.|17454|80145
realDonaldTrump|Thu Mar 22 03:00:36 +0000 2018|Got $1.6 Billion to start Wall on Southern Border, rest will be forthcoming. Most importantly, got $700 Billion to rebuild our Military, $716 Billion next year...most ever. Had to waste money on Dem giveaways in order to take care of military pay increase and new equipment.|23592|106074
realDonaldTrump|Wed Mar 21 19:05:40 +0000 2018|.....They can help solve problems with North Korea, Syria, Ukraine, ISIS, Iran and even the coming Arms Race. Bush tried to get along, but didn?t have the ?smarts.? Obama and Clinton tried, but didn?t have the energy or chemistry (remember RESET). PEACE THROUGH STRENGTH!|19008|82536
realDonaldTrump|Wed Mar 21 18:56:14 +0000 2018|I called President Putin of Russia to congratulate him on his election victory (in past, Obama called him also). The Fake News Media is crazed because they wanted me to excoriate him. They are wrong! Getting along with Russia (and others) is a good thing, not a bad thing.......|28191|126505
realDonaldTrump|Wed Mar 21 11:29:03 +0000 2018|?Special Council is told to find crimes, whether a crime exists or not. I was opposed to the selection of Mueller to be Special Council. I am still opposed to it. I think President Trump was right when he said there never should have been a Special Council appointed because.....|17842|75967
realDonaldTrump|Wed Mar 21 11:11:17 +0000 2018|...there was no probable cause for believing that there was any crime, collusion or otherwise, or obstruction of justice!?  So stated by Harvard Law Professor Alan Dershowitz.|19020|80899
realDonaldTrump|Wed Mar 21 10:52:27 +0000 2018|Department of Justice should have urged the Supreme Court to at least hear the Drivers License case on illegal immigrants in Arizona. I agree with @LouDobbs. Should have sought review.|14177|58157
realDonaldTrump|Wed Mar 21 10:28:16 +0000 2018|AUSTIN BOMBING SUSPECT IS DEAD. Great job by law enforcement and all concerned!|25150|132417
realDonaldTrump|Tue Mar 20 15:36:23 +0000 2018|Our Nation was founded by farmers. Our independence was won by farmers. And our continent was tamed by farmers. Our farmers always lead the way -- we are PROUD of them, and we are DELIVERING for them! #NationalAgricultureDay|32540|136577
realDonaldTrump|Tue Mar 20 00:28:45 +0000 2018|The Democrats do not want to help DACA. Would be so easy to make a deal!|20942|96000
realDonaldTrump|Mon Mar 19 13:07:50 +0000 2018|A total WITCH HUNT with massive conflicts of interest!|23396|106971
realDonaldTrump|Mon Mar 19 12:16:40 +0000 2018|.@seanhannity on @foxandfriends now! Great! 8:18 A.M.|7609|48486
realDonaldTrump|Sun Mar 18 12:35:42 +0000 2018|Why does the Mueller team have 13 hardened Democrats, some big Crooked Hillary supporters, and Zero Republicans? Another Dem recently added...does anyone think this is fair? And yet, there is NO COLLUSION!|31681|121818
realDonaldTrump|Sun Mar 18 12:22:11 +0000 2018|Spent very little time with Andrew McCabe, but he never took notes when he was with me. I don?t believe he made memos except to help his own agenda, probably at a later date. Same with lying James Comey. Can we call them Fake Memos?|30018|125671
realDonaldTrump|Sun Mar 18 12:02:31 +0000 2018|Wow, watch Comey lie under oath to Senator G when asked ?have you ever been an anonymous source...or known someone else to be an anonymous source...?? He said strongly ?never, no.? He lied as shown clearly on @foxandfriends.|26207|99012
realDonaldTrump|Sun Mar 18 00:12:48 +0000 2018|The Mueller probe should never have been started in that there was no collusion and there was no crime. It was based on fraudulent activities and a Fake Dossier paid for by Crooked Hillary and the DNC, and improperly used in FISA COURT for surveillance of my campaign. WITCH HUNT!|28117|100758
realDonaldTrump|Sat Mar 17 17:34:21 +0000 2018|The Fake News is beside themselves that McCabe was caught, called out and fired. How many hundreds of thousands of dollars was given to wife?s campaign by Crooked H friend, Terry M, who was also under investigation? How many lies? How many leaks? Comey knew it all, and much more!|37343|138293
realDonaldTrump|Sat Mar 17 17:11:50 +0000 2018|As the House Intelligence Committee has concluded, there was no collusion between Russia and the Trump Campaign. As many are now finding out, however, there was tremendous leaking, lying and corruption at the highest levels of the FBI, Justice &amp; State. #DrainTheSwamp|30200|112055
realDonaldTrump|Sat Mar 17 15:00:54 +0000 2018|Happy #StPatricksDay https://t.co/4vVsW2smhB|16294|91326
realDonaldTrump|Sat Mar 17 04:08:02 +0000 2018|Andrew McCabe FIRED, a great day for the hard working men and women of the FBI - A great day for Democracy. Sanctimonious James Comey was his boss and made McCabe look like a choirboy. He knew all about the lies and corruption going on at the highest levels of the FBI!|45478|158991
realDonaldTrump|Fri Mar 16 17:42:07 +0000 2018|?U.S. Consumer Confidence Hits 14-Year High? https://t.co/tXJsSRoM64|14901|64165
realDonaldTrump|Fri Mar 16 16:27:06 +0000 2018|It would be great for the Republican Party of Nevada, and it?s unity if good guy Danny Tarkanian would run for Congress and Dean Heller, who is doing a really good job, could run for Senate unopposed!|14658|69643
realDonaldTrump|Fri Mar 16 14:40:53 +0000 2018|Our thoughts and prayers go out to the families and loved ones of the brave troops lost in the helicopter crash on the Iraq-Syria border yesterday. Their sacrifice in service to our country will never be forgotten.|20752|110714
realDonaldTrump|Fri Mar 16 01:49:47 +0000 2018|?President Donald J. Trump Delivers Remarks at the Shamrock??Bowl Presentation by Prime Minister Varadkar in the East Room of the White House? ???? https://t.co/ZbogpAE09g|11788|56961
realDonaldTrump|Thu Mar 15 23:10:56 +0000 2018|Continuing to monitor the heartbreaking bridge collapse at FIU - so tragic. Many brave First Responders rushed in to save lives. Thank you for your courage. Praying this evening for all who are affected.|18556|105215
realDonaldTrump|Thu Mar 15 17:47:50 +0000 2018|It was my honor to welcome Prime Minister Leo Varadkar of Ireland to the @WhiteHouse! https://t.co/ZT3WnIZR2L|10094|59724
realDonaldTrump|Thu Mar 15 13:29:25 +0000 2018|We do have a Trade Deficit with Canada, as we do with almost all countries (some of them massive). P.M. Justin Trudeau of Canada, a very good guy, doesn?t like saying that Canada has a Surplus vs. the U.S.(negotiating), but they do...they almost all do...and that?s how I know!|16312|76925
realDonaldTrump|Thu Mar 15 11:11:39 +0000 2018|Larry Kudlow will be my Chief Economic Advisor as Director of the National Economic Council. Our Country will have many years of Great Economic &amp; Financial Success, with low taxes, unparalleled innovation, fair trade and an ever expanding labor force leading the way! #MAGA|16772|78987
realDonaldTrump|Thu Mar 15 04:31:47 +0000 2018|Please join me with your thoughts and prayers for both aviators, their families and our incredible @USNavy. https://t.co/60bHhrp8Y1|14420|65361
realDonaldTrump|Wed Mar 14 23:49:09 +0000 2018|It was wonderful to be back in Missouri where our push for historic TAX CUTS all began. Six months ago I promised that we would cut taxes to bring Main Street roaring back - and that is exactly what is happening! https://t.co/4kPofEii3i|14010|65074
realDonaldTrump|Wed Mar 14 22:36:12 +0000 2018|Together, we are MAKING AMERICA GREAT AGAIN! https://t.co/CUutL5SZxQ|13383|66703
realDonaldTrump|Wed Mar 14 21:25:58 +0000 2018|Today the House took major steps toward securing our schools by passing the STOP School Violence Act. We must put the safety of America's children FIRST by improving training and by giving schools and law enforcement better tools. A tragedy like Parkland can't happen ever again!|19294|90761
realDonaldTrump|Wed Mar 14 21:20:42 +0000 2018|Thank you for hosting! #MAGA https://t.co/9pHH60DVlX|7052|37456
realDonaldTrump|Wed Mar 14 14:37:36 +0000 2018|We cannot keep a blind eye to the rampant unfair trade practices against our Country!|15441|81693
realDonaldTrump|Wed Mar 14 13:54:50 +0000 2018|Five of our incredible @Cabinet Secretaries are testifying on the Hill this morning on the need to rebuild our Nation?s crumbling infrastructure. We need to build FAST &amp; we need to build for our FUTURE. Thank you @SenateCommerce for hosting this hearing! #InfrastructureInAmerica|11999|54529
realDonaldTrump|Wed Mar 14 13:12:09 +0000 2018|Perhaps at no time in history have the business fundamentals of U.S. companies been better than they are today!|13124|71294
realDonaldTrump|Wed Mar 14 13:02:11 +0000 2018|Hundreds of good people, including very important Ambassadors and Judges, are being blocked and/or slow walked by the Democrats in the Senate. Many important positions in Government are unfilled because of this obstruction. Worst in U.S. history!|24983|88017
realDonaldTrump|Wed Mar 14 00:34:44 +0000 2018|All across this nation, we pray for our country and we THANK GOD for our United States Marines! Thank you. God Bless You. And God Bless America! https://t.co/vKXBd0CGH1|18628|82362
realDonaldTrump|Wed Mar 14 00:25:59 +0000 2018|It was my great honor to deliver a message at the Marine Corps Air Station Miramar to our GREAT U.S. Military, straight from the heart of the American People: We support you, we thank you, we love you - and we will always have your back! https://t.co/oCt1nH3DON|14965|70694
realDonaldTrump|Tue Mar 13 22:23:26 +0000 2018|If we don?t have a wall system, we?re not going to have a country. Congress must fund the BORDER WALL &amp; prohibit grants to sanctuary jurisdictions that threaten the security of our country &amp; the people of our country. We must enforce our laws &amp; protect our people! #BuildTheWall https://t.co/NGqNueukvj|25063|92505
realDonaldTrump|Tue Mar 13 15:27:18 +0000 2018|California?s sanctuary policies are illegal and unconstitutional and put the safety and security of our entire nation at risk. Thousands of dangerous &amp; violent criminal aliens are released as a result of sanctuary policies, set free to prey on innocent Americans. THIS MUST STOP!|31390|121890
realDonaldTrump|Tue Mar 13 15:24:23 +0000 2018|?According to the Center for Immigration Studies, the $18 billion wall will pay for itself by curbing the importation of crime, drugs and illegal immigrants who tend to go on the federal dole...? https://t.co/NdLC6jZwWE|19328|67426
realDonaldTrump|Tue Mar 13 14:37:15 +0000 2018|Heading to see the BORDER WALL prototypes in California! https://t.co/fU6Ukc271l|16004|84191
realDonaldTrump|Tue Mar 13 12:44:33 +0000 2018|Mike Pompeo, Director of the CIA, will become our new Secretary of State. He will do a fantastic job! Thank you to Rex Tillerson for his service! Gina Haspel will become the new Director of the CIA, and the first woman so chosen. Congratulations to all!|39325|119504
realDonaldTrump|Tue Mar 13 12:28:03 +0000 2018|The Economy is raging, at an all time high, and is set to get even better. Jobs and wages up. Vote for Rick Saccone and keep it going!|16287|73504
realDonaldTrump|Tue Mar 13 00:49:27 +0000 2018|THE HOUSE INTELLIGENCE COMMITTEE HAS, AFTER A 14 MONTH LONG IN-DEPTH INVESTIGATION, FOUND NO EVIDENCE OF COLLUSION OR COORDINATION BETWEEN THE TRUMP CAMPAIGN AND RUSSIA TO INFLUENCE THE 2016 PRESIDENTIAL ELECTION.|42780|156106
realDonaldTrump|Mon Mar 12 21:13:12 +0000 2018|It was my great honor to welcome the 2017 World Series Champion Houston @Astros to the @WhiteHouse! #HoustonStrong https://t.co/IO6B42jixA|14183|73812
realDonaldTrump|Mon Mar 12 14:43:36 +0000 2018|The Pittsburgh Post Gazette just endorsed Rick Saccone for Congress. He will be much better for steel and business. Very strong on experience and what our Country needs. Lamb will always vote for Pelosi and Dems....Will raise taxes, weak on Crime and Border.|12443|49440
realDonaldTrump|Mon Mar 12 14:12:11 +0000 2018|If schools are mandated to be gun free zones, violence and danger are given an open invitation to enter. Almost all school shootings are in gun free zones. Cowards will only go where there is no deterrent!|17720|76887
realDonaldTrump|Mon Mar 12 13:22:38 +0000 2018|....On 18 to 21 Age Limits, watching court cases and rulings before acting. States are making this decision. Things are moving rapidly on this, but not much political support (to put it mildly).|10552|54233
realDonaldTrump|Mon Mar 12 13:15:57 +0000 2018|Very strong improvement and strengthening of background checks will be fully backed by White House. Legislation moving forward. Bump Stocks will soon be out. Highly trained expert teachers will be allowed to conceal carry, subject to State Law. Armed guards OK, deterrent!.......|16443|79357
realDonaldTrump|Mon Mar 12 12:20:03 +0000 2018|Secretary of Commerce Wilbur Ross will be speaking with representatives of the European Union about eliminating the large Tariffs and Barriers they use against the U.S.A. Not fair to our farmers and manufacturers.|14694|65500
realDonaldTrump|Sun Mar 11 15:16:22 +0000 2018|Rasmussen and others have my approval ratings at around 50%, which is higher than Obama, and yet the political pundits love saying my approval ratings are ?somewhat low.? They know they are lying when they say it. Turn off the show - FAKE NEWS!|23635|103034
realDonaldTrump|Sun Mar 11 14:49:29 +0000 2018|The Democrats continue to Obstruct the confirmation of hundreds of good and talented people who are needed to run our government...A record in U.S. history. State Department, Ambassadors and many others are being slow walked. Senate must approve NOW!|23973|89366
realDonaldTrump|Sun Mar 11 14:02:23 +0000 2018|The Republicans are 5-0 in recent Congressional races, a point which the Fake News Media continuously fails to mention. I backed and campaigned for all of the winners. They give me credit for one. Hopefully, Rick Saccone will be another big win on Tuesday.|17512|75741
realDonaldTrump|Sun Mar 11 13:50:47 +0000 2018|...have shown conclusively that there was no Collusion with Russia..just excuse for losing. The only Collusion was that done by the DNC, the Democrats and Crooked Hillary. The writer of the story, Maggie Haberman, a Hillary flunky, knows nothing about me and is not given access.|18979|82925
realDonaldTrump|Sun Mar 11 13:41:04 +0000 2018|The Failing New York Times purposely wrote a false story stating that I am unhappy with my legal team on the Russia case and am going to add another lawyer to help out. Wrong. I am VERY happy with my lawyers, John Dowd, Ty Cobb and Jay Sekulow. They are doing a great job and.....|20270|89268
realDonaldTrump|Sun Mar 11 01:37:31 +0000 2018|Epic crowd in Moon Township, Pennsylvania tonight. Thank you! Get out on Tuesday and VOTE for Rick @Saccone4PA18. Together, we are MAKING AMERICA GREAT AGAIN! https://t.co/ckbCOsDQ2l|18178|70705
realDonaldTrump|Sat Mar 10 23:56:47 +0000 2018|"Join me LIVE in Moon Township, Pennsylvania at 7:00pmE. Great crowd for a #MAGA rally!
https://t.co/PYJNg0WGDL"|7307|41537
realDonaldTrump|Sat Mar 10 21:29:37 +0000 2018|The European Union, wonderful countries who treat the U.S. very badly on trade, are complaining about the tariffs on Steel &amp; Aluminum. If they drop their horrific barriers &amp; tariffs on U.S. products going in, we will likewise drop ours. Big Deficit. If not, we Tax Cars etc. FAIR!|22895|96551
realDonaldTrump|Sat Mar 10 20:02:02 +0000 2018|In the first hours after hearing that North Korea?s leader wanted to meet with me to talk denuclearization and that missile launches will end, the press was startled &amp; amazed.They couldn?t believe it. But by the following morning the news became FAKE.They said so what, who cares!|20512|86601
realDonaldTrump|Sat Mar 10 18:38:17 +0000 2018|North Korea has not conducted a Missile Test since November 28, 2017 and has promised not to do so through our meetings. I believe they will honor that commitment!|17120|87786
realDonaldTrump|Sat Mar 10 18:22:10 +0000 2018|Heading to Moon Township, Pennsylvania, to be with a really good person, State Representative Rick Saccone, who is running for Congress. Big &amp; happy crowd (why not, some of the best economic numbers ever). Rick will help me a lot. Also, tough on crime &amp; border. Loves 2nd A &amp; VETS|13168|61973
realDonaldTrump|Sat Mar 10 17:23:16 +0000 2018|Spoke to Prime Minister Abe of Japan, who is very enthusiastic about talks with North Korea. Also discussing opening up Japan to much better trade with the U.S. Currently have a massive $100 Billion Trade Deficit. Not fair or sustainable. It will all work out!|16083|70256
realDonaldTrump|Sat Mar 10 16:15:19 +0000 2018|Chinese President XI JINPING and I spoke at length about the meeting with KIM JONG UN of North Korea. President XI told me he appreciates that the U.S. is working to solve the problem diplomatically rather than going with the ominous alternative. China continues to be helpful!|18297|88785
realDonaldTrump|Sat Mar 10 15:52:04 +0000 2018|Congratulations to Kristian Saucier, a man who has served proudly in the Navy, on your newly found Freedom. Now you can go out and have the life you deserve!|17732|83352
realDonaldTrump|Sat Mar 10 13:38:51 +0000 2018|We are deeply saddened by the tragic situation in Yountville and mourn the loss of three incredible women who cared for our Veterans.|13383|73017
realDonaldTrump|Sat Mar 10 00:42:49 +0000 2018|The deal with North Korea is very much in the making and will be, if completed, a very good one for the World. Time and place to be determined.|25671|122030
realDonaldTrump|Fri Mar 09 22:48:52 +0000 2018|Spoke to PM @TurnbullMalcolm of Australia. He is committed to having a very fair and reciprocal military and trade relationship. Working very quickly on a security agreement so we don?t have to impose steel or aluminum tariffs on our ally, the great nation of Australia!|16522|76213
realDonaldTrump|Fri Mar 09 20:40:53 +0000 2018|That?s right @RepBost! Thank you for your support in helping put America back to work. It?s about JOBS, JOBS, JOBS for our incredible workers and putting AMERICA FIRST! https://t.co/ChUQEa6rsC|12539|53100
realDonaldTrump|Fri Mar 09 20:35:10 +0000 2018|Look forward to being in Pennsylvania tomorrow in support of Rick @Saccone4PA18. Big crowd expected in Moon Township. Vote Rick and see you there! #MAGA|11837|52495
realDonaldTrump|Fri Mar 09 16:47:37 +0000 2018|JOBS, JOBS, JOBS! #MAGA https://t.co/YAaqRcA7ZS|17419|69155
realDonaldTrump|Fri Mar 09 01:08:14 +0000 2018|Kim Jong Un talked about denuclearization with the South Korean Representatives, not just a freeze. Also, no missile testing by North Korea during this period of time. Great progress being made but sanctions will remain until an agreement is reached. Meeting being planned!|43021|168068
realDonaldTrump|Thu Mar 08 22:17:04 +0000 2018|"?Presidential Proclamation on Adjusting Imports of Aluminum into the United States? 
 
Proclamation: https://t.co/aCaMtOUAl0
Remarks: https://t.co/nypErcqFSU https://t.co/rcrkpvChkz"|11754|51262
realDonaldTrump|Thu Mar 08 22:16:36 +0000 2018|"?Presidential Proclamation on Adjusting Imports of Steel into the United States?
 
Proclamation: https://t.co/hxduwSoElz
Remarks: https://t.co/nypErcqFSU https://t.co/q92FDYZeUl"|9088|42496
realDonaldTrump|Thu Mar 08 18:58:46 +0000 2018|Great meeting with @Cabinet at the @WhiteHouse today! #MAGA https://t.co/InWj0QTosz|8846|46780
realDonaldTrump|Thu Mar 08 18:20:06 +0000 2018|"Happy #InternationalWomensDay

?First Lady Melania Trump to Present the 2018 International Women of Courage Award? https://t.co/EwYtFXGvn2"|11389|56762
realDonaldTrump|Thu Mar 08 12:38:32 +0000 2018|Looking forward to 3:30 P.M. meeting today at the White House. We have to protect &amp; build our Steel and Aluminum Industries while at the same time showing great flexibility and cooperation toward those that are real friends  and treat us fairly on both trade and the military.|18203|89925
realDonaldTrump|Wed Mar 07 15:38:49 +0000 2018|The U.S. is acting swiftly on Intellectual Property theft. We cannot allow this to happen as it has for many years!|18546|92114
realDonaldTrump|Wed Mar 07 15:10:48 +0000 2018|China has been asked to develop a plan for the year of a One Billion Dollar reduction in their massive Trade Deficit with the United States. Our relationship with China has been a very good one, and we look forward to seeing what ideas they come back with. We must act soon!|17988|83830
realDonaldTrump|Wed Mar 07 11:40:29 +0000 2018|From Bush 1 to present, our Country has lost more than 55,000 factories, 6,000,000 manufacturing jobs and accumulated Trade Deficits of more than 12 Trillion Dollars. Last year we had a Trade Deficit of almost 800 Billion Dollars. Bad Policies &amp; Leadership. Must WIN again!  #MAGA|34007|124422
realDonaldTrump|Wed Mar 07 11:24:42 +0000 2018|@MarkBurnettTV @RealRomaDowney From Bush 1 to present, our Country has lost more than 55,000 factories, 6,000,000 manufacturing jobs and accumulated Trade Deficits of more than 12 Trillion Dollars. Last year we had a Trade Deficit of almost 800 Billion Dollars. Bad policies &amp; leadership. Must win again!  #MAGA|1114|2659
realDonaldTrump|Wed Mar 07 10:44:26 +0000 2018|Great couple, great book! https://t.co/cLDI79rin8|7149|37037
realDonaldTrump|Wed Mar 07 00:49:30 +0000 2018|Will be making a decision soon on the appointment of new Chief Economic Advisor. Many people wanting the job - will choose wisely!|15671|84420
realDonaldTrump|Tue Mar 06 14:11:54 +0000 2018|Possible progress being made in talks with North Korea. For the first time in many years, a serious effort is being made by all parties concerned. The World is watching and waiting! May be false hope, but the U.S. is ready to go hard in either direction!|26331|118254
realDonaldTrump|Tue Mar 06 13:46:57 +0000 2018|Federal Judge in Maryland has just ruled that ?President Trump has the right to end DACA.? President Obama had 8 years to fix this problem, and didn?t. I am waiting for the Dems, they are running for the hills!|21340|82460
realDonaldTrump|Tue Mar 06 13:25:15 +0000 2018|Lowest rated Oscars in HISTORY. Problem is, we don?t have Stars anymore - except your President (just kidding, of course)!|55662|205499
realDonaldTrump|Tue Mar 06 13:05:34 +0000 2018|We will see what happens! https://t.co/Y1qxoAUfd9|9306|37845
realDonaldTrump|Tue Mar 06 13:02:59 +0000 2018|We are getting it done - jobs and security! https://t.co/Ui8bubj7Yr|12310|51087
realDonaldTrump|Tue Mar 06 13:00:58 +0000 2018|Total inaction on DACA by Dems. Where are you? A deal can be made!|14565|69998
realDonaldTrump|Tue Mar 06 12:55:35 +0000 2018|The new Fake News narrative is that there is CHAOS in the White House. Wrong! People will always come &amp; go, and I want strong dialogue before making a final decision. I still have some people that I want to change (always seeking perfection). There is no Chaos, only great Energy!|21556|94656
realDonaldTrump|Mon Mar 05 20:37:51 +0000 2018|It?s March 5th and the Democrats are nowhere to be found on DACA. Gave them 6 months, they just don?t care. Where are they? We are ready to make a deal!|28263|109918
realDonaldTrump|Mon Mar 05 13:22:29 +0000 2018|Why did the Obama Administration start an investigation into the Trump Campaign (with zero proof of wrongdoing) long before the Election in November? Wanted to discredit so Crooked H would win. Unprecedented. Bigger than Watergate! Plus, Obama did NOTHING about Russian meddling.|37005|126455
realDonaldTrump|Mon Mar 05 12:57:12 +0000 2018|To protect our Country we must protect American Steel! #AMERICA FIRST|16399|80910
realDonaldTrump|Mon Mar 05 11:53:48 +0000 2018|...treat our farmers much better. Highly restrictive. Mexico must do much more on stopping drugs from pouring into the U.S. They have not done what needs to be done. Millions of people addicted and dying.|17164|83074
realDonaldTrump|Mon Mar 05 11:47:56 +0000 2018|We have large trade deficits with Mexico and Canada. NAFTA, which is under renegotiation right now, has been a bad deal for U.S.A. Massive relocation of companies &amp; jobs. Tariffs on Steel and Aluminum will only come off if new &amp; fair NAFTA agreement is signed. Also, Canada must..|18252|79332
realDonaldTrump|Mon Mar 05 00:10:12 +0000 2018|We are on the losing side of almost all trade deals. Our friends and enemies have taken advantage of the U.S. for many years. Our Steel and Aluminum industries are dead. Sorry, it?s time for a change! MAKE AMERICA GREAT AGAIN!|25123|113433
realDonaldTrump|Sun Mar 04 17:42:03 +0000 2018|The Gridiron Dinner last night was great fun. I am accomplishing a lot in Washington and have never had a better time doing something, and especially since this is for the American People!|18891|98729
realDonaldTrump|Sat Mar 03 17:53:50 +0000 2018|If the E.U. wants to further increase their already massive tariffs and barriers on U.S. companies doing business there, we will simply apply a Tax on their Cars which freely pour into the U.S. They make it impossible for our cars (and more) to sell there. Big trade imbalance!|29127|120249
realDonaldTrump|Sat Mar 03 17:43:26 +0000 2018|The United States has an $800 Billion Dollar Yearly Trade Deficit because of our ?very stupid? trade deals and policies. Our jobs and wealth are being given to other countries that have taken advantage of us for years. They laugh at what fools our leaders have been. No more!|29419|125787
realDonaldTrump|Sat Mar 03 17:33:53 +0000 2018|Mainstream Media in U.S. is being mocked all over the world. They?ve gone CRAZY! https://t.co/4UGYuJpUA7|19394|71799
realDonaldTrump|Sat Mar 03 14:15:00 +0000 2018|Happy National Anthem Day! https://t.co/cf1eugMbKU|20755|91365
realDonaldTrump|Fri Mar 02 19:48:19 +0000 2018|REST IN PEACE BILLY GRAHAM! https://t.co/2qMoUccVC2|21304|108779
realDonaldTrump|Fri Mar 02 13:57:22 +0000 2018|When a country Taxes our products coming in at, say, 50%, and we Tax the same product coming into our country at ZERO, not fair or smart. We will soon be starting RECIPROCAL TAXES so that we will charge the same thing as they charge us. $800 Billion Trade Deficit-have no choice!|29442|119781
realDonaldTrump|Fri Mar 02 13:01:58 +0000 2018|We must protect our country and our workers. Our steel industry is in bad shape. IF YOU DON?T HAVE STEEL, YOU DON?T HAVE A COUNTRY!|20786|100402
realDonaldTrump|Fri Mar 02 11:18:28 +0000 2018|Eric, we are all with you and your family! Look forward to seeing you back on T.V. https://t.co/d6y3Q00BSy|11805|53432
realDonaldTrump|Fri Mar 02 11:07:40 +0000 2018|Alec Baldwin, whose dying mediocre career was saved by his terrible impersonation of me on SNL, now says playing me was agony. Alec, it was agony for those who were forced to watch. Bring back Darrell Hammond, funnier and a far greater talent!|26967|135916
realDonaldTrump|Fri Mar 02 10:50:34 +0000 2018|When a country (USA) is losing many billions of dollars on trade with virtually every country it does business with, trade wars are good, and easy to win. Example, when we are down $100 billion with a certain country and they get cute, don?t trade anymore-we win big. It?s easy!|21714|97729
realDonaldTrump|Fri Mar 02 03:04:51 +0000 2018|Good (Great) meeting in the Oval Office tonight with the NRA!|16531|90713
realDonaldTrump|Fri Mar 02 00:52:43 +0000 2018|Manufacturing growing at the fastest pace in almost two decades!|14001|73318
realDonaldTrump|Fri Mar 02 00:51:28 +0000 2018|Jobless claims at a 49 year low!|14429|73514
realDonaldTrump|Thu Mar 01 21:31:32 +0000 2018|"Together, we will face this challenge as a national family with conviction, with unity, and with a commitment to love and support our neighbors in times of dire need. Working together, we will defeat this #OpioidEpidemic.
Full Opioid Summit: https://t.co/qqfeVr4BBf https://t.co/oFvr0DJMEf"|11230|50343
realDonaldTrump|Thu Mar 01 20:40:52 +0000 2018|?Consumer Confidence in February Highest Since November 2000? https://t.co/UgAJRawExx|10110|45663
realDonaldTrump|Thu Mar 01 18:26:55 +0000 2018|?Manufacturing in U.S. Expands at Fastest Pace Since May 2004? https://t.co/XZkwS8tTml|10885|47388
realDonaldTrump|Thu Mar 01 18:06:30 +0000 2018|Unemployment filings are at their lowest level in over 48 years. Great news for workers and JOBS, JOBS, JOBS! #MAGA https://t.co/SzHTarzfrW|14345|57478
realDonaldTrump|Thu Mar 01 12:12:42 +0000 2018|Our Steel and Aluminum industries (and many others) have been decimated by decades of unfair trade and bad policy with countries from around the world. We must not let our country, companies and workers be taken advantage of any longer. We want free, fair and SMART TRADE!|21653|100473
realDonaldTrump|Thu Mar 01 11:53:58 +0000 2018|Many ideas, some good &amp; some not so good, emerged from our bipartisan meeting on school safety yesterday at the White House. Background Checks a big part of conversation. Gun free zones are proven targets of killers. After many years, a Bill should emerge. Respect 2nd Amendment!|16533|77094
realDonaldTrump|Wed Feb 28 21:34:16 +0000 2018|It was an honor to welcome bipartisan members of Congress for a discussion on SAFE schools and SAFE communities. As we continue to mourn the loss of so many precious young lives in Parkland, we are determined to turn our grief into action. Full meeting: https://t.co/tbl94sCM01 https://t.co/TmUMusoR9x|11187|52034
realDonaldTrump|Wed Feb 28 19:01:34 +0000 2018|"Today we honor Billy Graham as only three private citizens before him have been honored. 

We say a prayer for our country: that all across this land, the Lord will raise up men and women like Billy Graham to spread a message of love and hope to every precious child of God. https://t.co/EM4lZUZpX9"|16530|70955
realDonaldTrump|Wed Feb 28 18:36:53 +0000 2018|Starting at a small Bible School in Florida, Billy Graham soon led a nationwide revival. From a large tent in Los Angeles, to one hundred thousand people in a single day at Yankee Stadium, to more than two million people at Madison Square Garden over sixteen weeks in 1957... https://t.co/z1vvAemlBP|13753|64730
realDonaldTrump|Wed Feb 28 17:10:22 +0000 2018|Today, in the center of this great Chamber lies Billy Graham ? an Ambassador for Christ who reminded the world of the power of prayer and the gift of God?s grace. https://t.co/5aMh8nFPJW|16880|73003
realDonaldTrump|Wed Feb 28 14:34:37 +0000 2018|Why is A.G. Jeff Sessions asking the Inspector General to investigate potentially massive FISA abuse. Will take forever, has no prosecutorial power and already late with reports on Comey etc. Isn?t the I.G. an Obama guy? Why not use Justice Department lawyers? DISGRACEFUL!|24487|87604
realDonaldTrump|Wed Feb 28 14:08:21 +0000 2018|45 year low on illegal border crossings this year. Ice and Border Patrol Agents are doing a great job for our Country. MS-13 thugs being hit hard.|19928|108667
realDonaldTrump|Wed Feb 28 12:29:56 +0000 2018|I have decided that sections of the Wall that California wants built NOW will not be built until the whole Wall is approved. Big victory yesterday with ruling from the courts that allows us to proceed. OUR COUNTRY MUST HAVE BORDER SECURITY!|21236|97975
realDonaldTrump|Wed Feb 28 12:02:58 +0000 2018|The Heritage Foundation has just stated that 64% of the Trump Agenda is already done, faster than even Ronald Reagan. ?We?re blown away,? said Thomas Binion of Heritage, President Trump ?is very active, very conservative and very effective. Huge volume &amp; spectrum of issues.?|22490|91652
realDonaldTrump|Wed Feb 28 04:28:31 +0000 2018|Big legal win today. U.S. judge sided with the Trump Administration and rejected the attempt to stop the government from building a great Border Wall on the Southern Border. Now this important project can go forward!|22372|97052
realDonaldTrump|Wed Feb 28 04:20:43 +0000 2018|Such a beautiful map, thank you! https://t.co/FyQdgKvsRO|16064|68520
realDonaldTrump|Tue Feb 27 22:58:19 +0000 2018|.@SenatorWicker of Mississippi has been a great supporter and incredible help in getting our massive Tax Cut Bill done and approved. Also big help on cutting regs. I am with him in his re-election all the way!|11631|48919
realDonaldTrump|Tue Feb 27 22:55:36 +0000 2018|Texas LC George P. Bush backed me when it wasn?t the politically correct thing to do, and I back him now. Also, AC Sid Miller has been with me from the beginning, he is ?Trump?s Man in Texas.? Also support Comptroller Glenn Hegar, and Railroad Commissioner Christi Craddick.|14766|63113
realDonaldTrump|Tue Feb 27 18:18:22 +0000 2018|?American consumers are the most confident they've been since 2000....A strong job market is boosting confidence. The unemployment rate has stayed at a 17-year low.? https://t.co/aL7aVoR7XC|12859|56052
realDonaldTrump|Tue Feb 27 18:11:19 +0000 2018|I want to encourage all of my many Texas friends to vote in the primary for Governor Greg Abbott, Senator Ted Cruz, Lt. Gov. Dan Patrick, and Attorney General Ken Paxton. They are helping me to Make America Great Again! Vote early or on March 6th.|27970|102788
realDonaldTrump|Tue Feb 27 12:49:41 +0000 2018|WITCH HUNT!|22627|90582
realDonaldTrump|Tue Feb 27 12:45:58 +0000 2018|?We?ve seen NO EVIDENCE OF COLLUSION....I have seen nothing, the firing of James Comey and all of the aftermath, that suggests that the President has obstructed justice because he?s exercising his power as the President of the U.S. I just don?t see it.?  Judge Ken Starr|22376|89507
realDonaldTrump|Tue Feb 27 12:28:59 +0000 2018|?I?ve been skeptical about the collusion and obstruction claims for the last year. I just don?t see the evidence....in terms of the collusion, it?s all a bit implausible based on the evidence we have.?  Jonathan Turley on @FoxNews|14074|63305
realDonaldTrump|Tue Feb 27 11:59:30 +0000 2018|?He?s got a very good point. Somebody in the Justice Department has a treasure trove of evidence of Mrs. Clinton?s criminality at her own hands, or through others, that ought to be investigated. I fully agree with the President on that.? @judgenapolitano on @marthamaccallum Show|18640|66903
realDonaldTrump|Sun Feb 25 01:00:46 +0000 2018|I will be interviewed by @JudgeJeanine on @FoxNews at 9:00 P.M. Enjoy!|8173|48392
realDonaldTrump|Sun Feb 25 00:56:35 +0000 2018|?Congressman Schiff omitted and distorted key facts? @FoxNews  So, what else is new. He is a total phony!|18527|74126
realDonaldTrump|Sat Feb 24 23:44:11 +0000 2018|?Russians had no compromising information on Donald Trump? @FoxNews  Of course not, because there is none, and never was. This whole Witch Hunt is an illegal disgrace...and Obama did nothing about Russia!|18326|71423
realDonaldTrump|Sat Feb 24 23:20:06 +0000 2018|Dem Memo: FBI did not disclose who the clients were - the Clinton Campaign and the DNC. Wow!|20634|77423
realDonaldTrump|Sat Feb 24 23:16:13 +0000 2018|The Democrat memo response on government surveillance abuses is a total political and legal BUST. Just confirms all of the terrible things that were done. SO ILLEGAL!|19671|80090
realDonaldTrump|Sat Feb 24 22:26:15 +0000 2018|BIG CPAC STRAW POLL RESULTS: 93% APPROVE OF THE JOB PRESIDENT TRUMP IS DOING (Thank you!). 50% say President Trump should Tweet MORE or SAME (funny!). 79% say Republicans in Congress should do a better job of working with President Trump (starting to happen).|24220|96446
realDonaldTrump|Sat Feb 24 21:18:01 +0000 2018|Dems are no longer talking DACA! ?Out of sight, out of mind,? they say. DACA beneficiaries should not be happy. Nancy Pelosi truly doesn?t care about them. Republicans stand ready to make a deal!|21439|91170
realDonaldTrump|Sat Feb 24 21:07:43 +0000 2018|Unemployment claims are at the lowest level since 1973. Much of this has to do with the massive cutting of unnecessary and job killing Regulations!|15267|72275
realDonaldTrump|Sat Feb 24 20:16:32 +0000 2018|Democrat judges have totally redrawn election lines in the great State of Pennsylvania. @FoxNews. This is very unfair to Republicans and to our country as a whole. Must be appealed to the United States Supreme Court ASAP!|21525|77626
realDonaldTrump|Sat Feb 24 18:54:14 +0000 2018|Armed Educators (and trusted people who work within a school) love our students and will protect them. Very smart people. Must be firearms adept &amp; have annual training. Should get yearly bonus. Shootings will not happen again - a big &amp; very inexpensive deterrent. Up to States.|19785|83467
realDonaldTrump|Sat Feb 24 13:21:02 +0000 2018|So true Wayne, and Lowest black unemployment in history! https://t.co/gDxxJdZQUm|19425|78403
realDonaldTrump|Fri Feb 23 22:46:47 +0000 2018|Thank you to the great men and women of the United States @SecretService for a job well done!|14793|84000
realDonaldTrump|Fri Feb 23 21:19:37 +0000 2018|"Today, @FLOTUS Melania and I were honored to welcome Prime Minister @TurnbullMalcolm and Mrs. Turnbull of Australia to the @WhiteHouse!

????Press Conference: https://t.co/rKokJGRsgu https://t.co/PkJUw8x9jb"|8539|46163
realDonaldTrump|Fri Feb 23 17:12:40 +0000 2018|Our nation?s motto is IN GOD WE TRUST. This week, our nation lost an incredible leader who devoted his life to helping us understand what those words really mean. We will never forget the historic crowds, the voice, the energy, and the profound faith of Billy Graham! #CPAC2018 https://t.co/5GDh7Jonkv|19884|83262
realDonaldTrump|Fri Feb 23 17:08:42 +0000 2018|We salute our great American flag, we put our hands on our hearts for the pledge of Allegiance, and we all PROUDLY STAND for the National Anthem. #CPAC2018 https://t.co/qGKW2xGjP0|17362|74582
realDonaldTrump|Fri Feb 23 17:06:36 +0000 2018|After years of rebuilding OTHER nations, we are finally rebuilding OUR nation - and we are restoring our confidence and our pride! #CPAC2018 https://t.co/rD9oTU8iex|15191|67320
realDonaldTrump|Fri Feb 23 13:09:54 +0000 2018|For those of you who are still interested, the Democrats have totally forgotten about DACA. Not a lot of interest on this subject from them!|23507|94272
realDonaldTrump|Fri Feb 23 13:07:07 +0000 2018|My daughter, Ivanka, just arrived in South Korea. We cannot have a better, or smarter, person representing our country.|13746|95425
realDonaldTrump|Fri Feb 23 13:01:09 +0000 2018|CPAC Today!|7387|45228
realDonaldTrump|Fri Feb 23 11:28:35 +0000 2018|MS-13 gang members are being removed by our Great ICE and Border Patrol Agents by the thousands, but these killers come back in from El Salvador, and through Mexico, like water. El Salvador just takes our money, and Mexico must help MORE with this problem. We need The Wall!|26862|121241
realDonaldTrump|Fri Feb 23 01:26:26 +0000 2018|?School shooting survivor says he quit @CNN Town Hall after refusing scripted question.? @TuckerCarlson. Just like so much of CNN, Fake News. That?s why their ratings are so bad! MSNBC may be worse.|29840|108244
realDonaldTrump|Thu Feb 22 20:07:20 +0000 2018|"Today, it was my great honor to host a School Safety Roundtable at the @WhiteHouse with State and local leaders, law enforcement officers, and education officials.

There is nothing more important than protecting our children. They deserve to be safe, and we will deliver! https://t.co/WhC2AxgWXO"|17710|80530
realDonaldTrump|Thu Feb 22 16:29:50 +0000 2018|On behalf of an entire Nation, CONGRATULATIONS to the U.S. Women's Hockey Team on winning the GOLD! #GoTeamUSA #Olympics https://t.co/3cUZwLVGua|17352|100201
realDonaldTrump|Thu Feb 22 14:53:52 +0000 2018|Will be meeting with Lawmakers today at 11:30 A.M. to discuss School Safety.  Next week it will be with our Nation?s Governors. It?s been many years of all talk, no action. We?ll get it done!|18741|102672
realDonaldTrump|Thu Feb 22 14:31:35 +0000 2018|What many people don?t understand, or don?t want to understand, is that Wayne, Chris and the folks who work so hard at the @NRA are Great People and Great American Patriots. They love our Country and will do the right thing.                  MAKE AMERICA GREAT AGAIN!|21484|89260
realDonaldTrump|Thu Feb 22 13:13:32 +0000 2018|I will be strongly pushing Comprehensive Background Checks with an emphasis on Mental Health. Raise age to 21 and end sale of Bump Stocks! Congress is in a mood to finally do something on this issue - I hope!|35729|182654
realDonaldTrump|Thu Feb 22 13:05:18 +0000 2018|....If a potential ?sicko shooter? knows that a school has a large number of very weapons talented teachers (and others) who will be instantly shooting, the sicko will NEVER attack that school. Cowards won?t go there...problem solved. Must be offensive, defense alone won?t work!|24474|103446
realDonaldTrump|Thu Feb 22 12:54:09 +0000 2018|....History shows that a school shooting lasts, on average, 3 minutes. It takes police &amp; first responders approximately 5 to 8 minutes to get to site of crime. Highly trained, gun adept, teachers/coaches would solve the problem instantly, before police arrive. GREAT DETERRENT!|28355|121973
realDonaldTrump|Thu Feb 22 12:40:08 +0000 2018|....immediately fire back if a savage sicko came to a school with bad intentions. Highly trained teachers would also serve as a deterrent to the cowards that do this. Far more assets at much less cost than guards. A ?gun free? school is a magnet for bad people. ATTACKS WOULD END!|21297|98939
realDonaldTrump|Thu Feb 22 12:26:28 +0000 2018|I never said ?give teachers guns? like was stated on Fake News @CNN &amp; @NBC. What I said was to look at the possibility of giving ?concealed guns to gun adept teachers with military or special training experience - only the best. 20% of teachers, a lot, would now be able to|21322|85692
realDonaldTrump|Thu Feb 22 01:40:33 +0000 2018|"I will always remember the time I spent today with courageous students, teachers and families. So much love in the midst of so much pain. We must not let them down. We must keep our children safe!!

Full Listening Session: https://t.co/x5VenyQX5p https://t.co/CAPfX5odIp"|22667|102478
realDonaldTrump|Wed Feb 21 21:12:45 +0000 2018|.@FLOTUS Melania and I join millions of people around the world in mourning the passing of Billy Graham. Our prayers are with his children, grandchildren, great-grandchildren and all who worked closely with Reverend Graham in his lifelong ministry. https://t.co/e1697tcyaI|17465|81387
realDonaldTrump|Wed Feb 21 18:20:25 +0000 2018|Yesterday, it was my great honor to recognize extraordinary Law Enforcement Officers and First Responders, and to award them the the highest possible decoration for bravery by public safety officers, the Medal of Valor. #AmericanHeroes https://t.co/em0wBbvy5P|14433|72195
realDonaldTrump|Wed Feb 21 14:40:21 +0000 2018|Question: If all of the Russian meddling took place during the Obama Administration, right up to January 20th, why aren?t they the subject of the investigation? Why didn?t Obama do something about the meddling? Why aren?t Dem crimes under investigation? Ask Jeff Sessions!|30967|112531
realDonaldTrump|Wed Feb 21 14:22:07 +0000 2018|The GREAT Billy Graham is dead. There was nobody like him! He will be missed by Christians and all religions. A very special man.|28509|146242
realDonaldTrump|Wed Feb 21 01:18:36 +0000 2018|@CNN @MSNBC Whether we are Republican or Democrat, we must now focus on strengthening Background Checks!|15372|79014
realDonaldTrump|Wed Feb 21 01:14:19 +0000 2018|So true, thank you! https://t.co/9TTXlfokYz|20739|94728
realDonaldTrump|Wed Feb 21 01:08:00 +0000 2018|Bad ratings @CNN &amp; @MSNBC got scammed when they covered the anti-Trump Russia rally wall-to-wall. They probably knew it was Fake News but, because it was a rally against me, they pushed it hard anyway. Two really dishonest newscasters, but the public is wise!|21224|91849
realDonaldTrump|Tue Feb 20 17:49:07 +0000 2018|"Main Street is BOOMING thanks to our incredible TAX CUT and Reform law. \"This shows small-business owners are more than just optimistic, they are ready to grow their businesses.\" https://t.co/w9aw68UwOj"|16721|72404
realDonaldTrump|Tue Feb 20 15:29:07 +0000 2018|....cameras running. Another False Accusation. Why doesn?t @washingtonpost report the story of the women taking money to make up stories about me? One had her home mortgage paid off. Only @FoxNews so reported...doesn?t fit the Mainstream Media narrative.|18718|76520
realDonaldTrump|Tue Feb 20 15:16:06 +0000 2018|A woman I don?t know and, to the best of my knowledge, never met, is on the FRONT PAGE of the Fake News Washington Post saying I kissed her (for two minutes yet) in the lobby of Trump Tower 12 years ago. Never happened! Who would do this in a public space with live security......|20652|93221
realDonaldTrump|Tue Feb 20 13:38:49 +0000 2018|I have been much tougher on Russia than Obama, just look at the facts. Total Fake News!|15388|75381
realDonaldTrump|Tue Feb 20 13:11:58 +0000 2018|Hope Republicans in the Great State of Pennsylvania challenge the new ?pushed? Congressional Map, all the way to the Supreme Court, if necessary. Your Original was correct! Don?t let the Dems take elections away from you so that they can raise taxes &amp; waste money!|19309|76744
realDonaldTrump|Tue Feb 20 13:03:53 +0000 2018|Matt Schlapp and CPAC are getting ready for another exciting event. Big difference from those days when President Obama held the White House. You?ve come a long way Matt!|9685|50085
realDonaldTrump|Tue Feb 20 12:54:39 +0000 2018|Republicans are now leading the Generic Poll, perhaps because of the popular Tax Cuts which the Dems want to take away. Actually, they want to raise you taxes, substantially. Also, they want to do nothing on DACA, R?s want to fix!|16386|79589
realDonaldTrump|Tue Feb 20 12:46:18 +0000 2018|....The President Obama quote just before election. That?s because he thought Crooked Hillary was going to win and he didn?t want to ?rock the boat.? When I easily won the Electoral College, the whole game changed and the Russian excuse became the narrative of the Dems.|19696|82575
realDonaldTrump|Tue Feb 20 12:37:20 +0000 2018|?There is no serious person out there who would suggest somehow that you could even rig America?s elections, there?s no evidence that that has happened in the past or that it will happen this time, and so I?d invite Mr. Trump to stop whining and make his case to get votes.? .....|16565|65631
realDonaldTrump|Tue Feb 20 12:24:54 +0000 2018|Thank you to @foxandfriends for the great timeline on all of the failures the Obama Administration had against Russia, including Crimea, Syria and so much more. We are now starting to win again!|13978|64336
realDonaldTrump|Tue Feb 20 02:48:02 +0000 2018|?The Faith of Donald Trump,? a book just out by David Brody and Scott Lamb, is a very interesting read. Enjoy!|12621|66048
realDonaldTrump|Tue Feb 20 02:29:29 +0000 2018|The U.S. economy is looking very good, in my opinion, even better than anticipated. Companies are pouring back into our country, reversing the long term trend of leaving. The unemployment numbers are looking great, and Regulations &amp; Taxes have been massively Cut! JOBS, JOBS, JOBS|24178|117107
realDonaldTrump|Tue Feb 20 02:21:08 +0000 2018|.@MittRomney has announced he is running for the Senate from the wonderful State of Utah. He will make a great Senator and worthy successor to @OrrinHatch, and has my full support and endorsement!|8980|53508
realDonaldTrump|Mon Feb 19 19:55:49 +0000 2018|Obama was President up to, and beyond, the 2016 Election. So why didn?t he do something about Russian meddling?|21253|88423
realDonaldTrump|Mon Feb 19 13:42:10 +0000 2018|Have a great, but very reflective, President?s Day!|22633|139699
realDonaldTrump|Mon Feb 19 04:28:40 +0000 2018|Just watched a very insecure Oprah Winfrey, who at one point I knew very well, interview a panel of people on 60 Minutes. The questions were biased and slanted, the facts incorrect. Hope Oprah runs so she can be exposed and defeated just like all of the others!|32570|148275
realDonaldTrump|Sun Feb 18 19:13:02 +0000 2018|My great friends from NASCAR are having their big race today, The Daytona 500. Brian France and the France family are special people. Enjoy the race!|14791|99014
realDonaldTrump|Sun Feb 18 17:10:32 +0000 2018|Thank you to KenStarr, former Independent Counsel, Whitewater, for your insight and powerful words on FISA abuse, Russian meddling etc. Really great interview with @MariaBartiromo|17102|75012
realDonaldTrump|Sun Feb 18 13:55:55 +0000 2018|Great Pollster John McLaughlin now has the GOP up in the Generic Congressional Ballot. Big gain over last 4 weeks. I guess people are loving the big Tax Cuts given them by the Republicans, the Cuts the Dems want to take away. We need more Republicans!|20882|94218
realDonaldTrump|Sun Feb 18 13:46:39 +0000 2018|The Fake News of big ratings loser CNN. https://t.co/rYsv90cnvs|18550|74067
realDonaldTrump|Sun Feb 18 13:11:28 +0000 2018|If it was the GOAL of Russia to create discord, disruption and chaos within the U.S. then, with all of the Committee Hearings, Investigations and Party hatred, they have succeeded beyond their wildest dreams. They are laughing their asses off in Moscow. Get smart America!|31411|114509
realDonaldTrump|Sun Feb 18 12:43:48 +0000 2018|Now that Adam Schiff is starting to blame President Obama for Russian meddling in the election, he is probably doing so as yet another excuse that the Democrats, lead by their fearless leader, Crooked Hillary Clinton, lost the 2016 election. But wasn?t I a great candidate?|18728|87207
realDonaldTrump|Sun Feb 18 12:33:16 +0000 2018|I never said Russia did not meddle in the election, I said ?it may be Russia, or China or another country or group, or it may be a 400 pound genius sitting in bed and playing with his computer.? The Russian ?hoax? was that the Trump campaign colluded with Russia - it never did!|30558|123425
realDonaldTrump|Sun Feb 18 12:22:29 +0000 2018|Finally, Liddle? Adam Schiff, the leakin? monster of no control, is now blaming the Obama Administration for Russian meddling in the 2016 Election. He is finally right about something. Obama was President, knew of the threat, and did nothing. Thank you Adam!|27018|105202
realDonaldTrump|Sun Feb 18 12:02:52 +0000 2018|Never gotten over the fact that Obama was able to send $1.7 Billion Dollars in CASH to Iran and nobody in Congress, the FBI or Justice called for an investigation!|37907|122125
realDonaldTrump|Sun Feb 18 04:22:48 +0000 2018|General McMaster forgot to say that the results of the 2016 election were not impacted or changed by the Russians and that the only Collusion was between Russia and Crooked H, the DNC and the Dems. Remember the Dirty Dossier, Uranium, Speeches, Emails and the Podesta Company!|25814|93592
realDonaldTrump|Sun Feb 18 04:08:45 +0000 2018|Very sad that the FBI missed all of the many signals sent out by the Florida school shooter. This is not acceptable. They are spending too much time trying to prove Russian collusion with the Trump campaign - there is no collusion. Get back to the basics and make us all proud!|35137|144393
realDonaldTrump|Sat Feb 17 23:45:28 +0000 2018|Just like they don?t want to solve the DACA problem, why didn?t the Democrats pass gun control legislation when they had both the House &amp; Senate during the Obama Administration. Because they didn?t want to, and now they just talk!|30652|119109
realDonaldTrump|Sat Feb 17 20:16:39 +0000 2018|"?I have seen all of the Russian ads and I can say very definitively that swaying the election was *NOT* the main goal.?
Rob Goldman
Vice President of Facebook Ads https://t.co/A5ft7cGJkE"|16285|56358
realDonaldTrump|Sat Feb 17 20:11:32 +0000 2018|The Fake News Media never fails. Hard to ignore this fact from the Vice President of Facebook Ads, Rob Goldman! https://t.co/XGC7ynZwYJ|17834|58726
realDonaldTrump|Sat Feb 17 19:46:48 +0000 2018|Funny how the Fake News Media doesn?t want to say that the Russian group was formed in 2014, long before my run for President. Maybe they knew I was going to run even though I didn?t know!|24302|102516
realDonaldTrump|Sat Feb 17 19:36:14 +0000 2018|Deputy A.G. Rod Rosenstein stated at the News Conference: ?There is no allegation in the indictment that any American was a knowing participant in this illegal activity. There is no allegation in the indictment that the charged conduct altered the outcome of the 2016 election.|20884|87641
realDonaldTrump|Sat Feb 17 19:26:13 +0000 2018|?Charges Deal Don A Big Win,? written by Michael Goodwin of the @nypost, succinctly states that ?the Russians had no impact on the election results.? There was no Collusion with the Trump Campaign. ?She lost the old-fashioned way, by being a terrible candidate. Case closed.?|17976|69017
realDonaldTrump|Sat Feb 17 19:04:43 +0000 2018|Melania and I met such incredible people last night in Broward County, Florida. Will never forget them, or the evening!|14032|94263
realDonaldTrump|Sat Feb 17 04:53:13 +0000 2018|Our entire Nation, w/one heavy heart, continues to pray for the victims &amp; their families in Parkland, FL. To teachers, law enforcement, first responders &amp; medical professionals who responded so bravely in the face of danger: We THANK YOU for your courage! https://t.co/3yJsrebZMG https://t.co/ti791dENTy|23606|114672
realDonaldTrump|Fri Feb 16 20:18:11 +0000 2018|Russia started their anti-US campaign in 2014, long before I announced that I would run for President. The results of the election were not impacted. The Trump campaign did nothing wrong - no collusion!|35261|136754
realDonaldTrump|Fri Feb 16 14:49:54 +0000 2018|Cannot believe how BADLY DACA recipients have been treated by the Democrats...totally abandoned! Republicans are still working hard.|20873|94179
realDonaldTrump|Fri Feb 16 14:37:56 +0000 2018|I will be leaving for Florida today to meet with some of the bravest people on earth - but people whose lives have been totally shattered. Am also working with Congress on many fronts.|18987|116733
realDonaldTrump|Thu Feb 15 20:19:11 +0000 2018|Presidential Proclamation Honoring the Victims of the Tragedy in Parkland, Florida: https://t.co/RTQWAKiSnR https://t.co/Nhs32bm5zB|12952|60146
realDonaldTrump|Thu Feb 15 19:26:09 +0000 2018|...lottery, continues deadly catch-and-release, and bars enforcement even for FUTURE illegal immigrants. Voting for this amendment would be a vote AGAINST law enforcement, and a vote FOR open borders. If Dems are actually serious about DACA, they should support the Grassley bill!|14546|58320
realDonaldTrump|Thu Feb 15 19:25:23 +0000 2018|The Schumer-Rounds-Collins immigration bill would be a total catastrophe. @DHSgov says it would be ?the end of immigration enforcement in America.? It creates a giant amnesty (including for dangerous criminals), doesn?t build the wall, expands chain migration, keeps the visa...|19098|70040
realDonaldTrump|Thu Feb 15 17:33:41 +0000 2018|In times of tragedy, the bonds that sustain us are those of family, faith, community, and country. These bonds are stronger than the forces of hatred and evil - and these bonds grow even stronger in the hours of our greatest need. https://t.co/bu140nscez https://t.co/OoTXMCSexB|18894|80300
realDonaldTrump|Thu Feb 15 14:57:21 +0000 2018|While the Republicans and Democrats in Congress are working hard to come up with a solution to DACA, they should be strongly considering a system of Merit Based Immigration so that we will have the people ready, willing and able to help all of those companies moving into the USA!|19764|98110
realDonaldTrump|Thu Feb 15 12:12:41 +0000 2018|So many signs that the Florida shooter was mentally disturbed, even expelled from school for bad and erratic behavior. Neighbors and classmates knew he was a big problem. Must always report such instances to authorities, again and again!|19807|86461
realDonaldTrump|Wed Feb 14 20:55:01 +0000 2018|Just spoke to Governor Rick Scott. We are working closely with law enforcement on the terrible Florida school shooting.|18445|107807
realDonaldTrump|Wed Feb 14 20:50:11 +0000 2018|My prayers and condolences to the families of the victims of the terrible Florida shooting. No child, teacher or anyone else should ever feel unsafe in an American school.|37551|168475
realDonaldTrump|Wed Feb 14 19:11:32 +0000 2018|Today, I was honored to be joined by Republicans and Democrats from both the House and Senate, as well as members of my Cabinet - to discuss the urgent need to rebuild and restore America?s depleted infrastructure. https://t.co/8ByoQJsjTT https://t.co/BVBRDvHfcC|10799|54493
realDonaldTrump|Wed Feb 14 18:15:12 +0000 2018|As we come together to celebrate the extraordinary contributions of African-Americans to our nation, our thoughts turn to the heroes of the civil rights movement whose courage and sacrifice have inspired us all. Proclamation: https://t.co/Sw1iGIJgWV https://t.co/Nx0AEKZy5p|14260|63352
realDonaldTrump|Tue Feb 13 10:52:47 +0000 2018|Negotiations on DACA have begun. Republicans want to make a deal and Democrats say they want to make a deal. Wouldn?t it be great if we could finally, after so many years, solve the DACA puzzle. This will be our last chance, there will never be another opportunity! March 5th.|21450|103420
realDonaldTrump|Tue Feb 13 10:43:22 +0000 2018|Our infrastructure plan has been put forward and has received great reviews by everyone except, of course, the Democrats. After many years we have taken care of our Military, now we have to fix our roads, bridges, tunnels, airports and more. Bipartisan, make deal Dems?|21731|102275
realDonaldTrump|Mon Feb 12 20:48:16 +0000 2018|The journey to #MAGA began @CPAC 2011 and the opportunity to reconnect with friends and supporters is something I look forward to every year. See you at #CPAC2018!|13537|65158
realDonaldTrump|Mon Feb 12 12:54:32 +0000 2018|Thank you to Sue Kruczek, who lost her wonderful and talented son Nick to the Opioid scourge, for your kind words while on @foxandfriends. We are fighting this terrible epidemic hard - Nick will not have died in vain!|15908|83860
realDonaldTrump|Mon Feb 12 12:46:56 +0000 2018|This will be a big week for Infrastructure. After so stupidly spending $7 trillion in the Middle East, it is now time to start investing in OUR Country!|28593|133910
realDonaldTrump|Sun Feb 11 20:36:08 +0000 2018|Just spoke to @JohnKasich to express condolences and prayers to all for the horrible shooting of two great police officers from @WestervillePD. This is a true tragedy!|14118|74914
realDonaldTrump|Sun Feb 11 20:26:03 +0000 2018|Rep. Lou Barletta, a Great Republican from Pennsylvania who was one of my very earliest supporters, will make a FANTASTIC Senator. He is strong &amp; smart, loves Pennsylvania &amp; loves our Country! Voted for Tax Cuts, unlike Bob Casey, who listened to Tax Hikers Pelosi and Schumer!|22907|93986
realDonaldTrump|Sun Feb 11 19:15:32 +0000 2018|4.2 million hard working Americans have already received a large Bonus and/or Pay Increase because of our recently Passed Tax Cut &amp; Jobs Bill....and it will only get better! We are far ahead of schedule.|23707|120649
realDonaldTrump|Sun Feb 11 18:21:48 +0000 2018|So many positive things going on for the U.S.A. and the Fake News Media just doesn?t want to go there. Same negative stories over and over again! No wonder the People no longer trust the media, whose approval ratings are correctly at their lowest levels in history!    #MAGA|29245|118960
realDonaldTrump|Sat Feb 10 23:34:08 +0000 2018|My Administration has identified three major priorities for creating a safe, modern and lawful immigration system: fully securing the border, ending chain migration, and canceling the visa lottery. Congress must secure the immigration system and protect Americans. https://t.co/xV1lgfhjBU|30193|114535
realDonaldTrump|Sat Feb 10 21:18:23 +0000 2018|My thoughts and prayers are with the two police officers, their families, and everybody at the @WestervillePD. https://t.co/AoingY77Ky|19380|81828
realDonaldTrump|Sat Feb 10 18:50:02 +0000 2018|Republicans want to fix DACA far more than the Democrats do. The Dems had all three branches of government back in 2008-2011, and they decided not to do anything about DACA. They only want to use it as a campaign issue. Vote Republican!|28868|113805
realDonaldTrump|Sat Feb 10 18:34:49 +0000 2018|....agencies, not just the FBI &amp; DOJ, now the State Department to dig up dirt on him in the days leading up to the Election. Comey had conversations with Donald Trump, which I don?t believe were accurate...he leaked information (corrupt).? Tom Fitton of Judicial Watch on @FoxNews|18981|73150
realDonaldTrump|Sat Feb 10 18:16:20 +0000 2018|?My view is that not only has Trump been vindicated in the last several weeks about the mishandling of the Dossier and the lies about the Clinton/DNC Dossier, it shows that he?s been victimized. He?s been victimized by the Obama Administration who were using all sorts of.......|24570|97878
realDonaldTrump|Sat Feb 10 15:33:35 +0000 2018|Peoples lives are being shattered and destroyed by a mere allegation. Some are true and some are false. Some are old and some are new. There is no recovery for someone falsely accused - life and career are gone. Is there no such thing any longer as Due Process?|35011|131120
realDonaldTrump|Sat Feb 10 15:20:05 +0000 2018|According to the @nytimes, a Russian sold phony secrets on ?Trump? to the U.S. Asking price was $10 million, brought down to $1 million to be paid over time. I hope people are now seeing &amp; understanding what is going on here. It is all now starting to come out - DRAIN THE SWAMP!|30862|101303
realDonaldTrump|Sat Feb 10 14:20:35 +0000 2018|The Democrats sent a very political and long response memo which they knew, because of sources and methods (and more), would have to be heavily redacted, whereupon they would blame the White House for lack of transparency. Told them to re-do and send back in proper form!|30464|112915
realDonaldTrump|Sat Feb 10 14:02:54 +0000 2018|Jobless claims have dropped to a 45 year low!|13029|62432
realDonaldTrump|Fri Feb 09 13:59:13 +0000 2018|Costs on non-military lines will never come down if we do not elect more Republicans in the 2018 Election, and beyond. This Bill is a BIG VICTORY for our Military, but much waste in order to get Dem votes. Fortunately, DACA not included in this Bill, negotiations to start now!|20351|86214
realDonaldTrump|Fri Feb 09 13:47:28 +0000 2018|Without more Republicans in Congress, we were forced to increase spending on things we do not like or want in order to finally, after many years of depletion, take care of our Military. Sadly, we needed some Dem votes for passage. Must elect more Republicans in 2018 Election!|26847|106623
realDonaldTrump|Fri Feb 09 13:39:15 +0000 2018|Just signed Bill. Our Military will now be stronger than ever before. We love and need our Military and gave them everything ? and more. First time this has happened in a long time. Also means JOBS, JOBS, JOBS!|25839|126115
realDonaldTrump|Fri Feb 09 03:22:53 +0000 2018|Wow! -Senator Mark Warner got caught having extensive contact with a lobbyist for a Russian oligarch. Warner did not want a ?paper trail? on a ?private? meeting (in London) he requested with Steele of fraudulent Dossier fame. All tied into Crooked Hillary.|38093|122706
realDonaldTrump|Thu Feb 08 23:26:22 +0000 2018|Time to end the visa lottery. Congress must secure the immigration system and protect Americans. https://t.co/yukxm48x9X|22660|93701
realDonaldTrump|Thu Feb 08 20:10:58 +0000 2018|As long as we open our eyes to God?s grace - and open our hearts to God?s love - then America will forever be the land of the free, the home of the brave, and a light unto all nations. #NationalPrayerBreakfast https://t.co/1cwxs3l0uK|29637|106941
realDonaldTrump|Thu Feb 08 18:44:00 +0000 2018|I will be meeting with Henry Kissinger at 1:45pm. Will be discussing North Korea, China and the Middle East.|12896|77231
realDonaldTrump|Thu Feb 08 17:13:13 +0000 2018|Our founders invoked our Creator four times in the Declaration of Independence. Our currency declares ?IN GOD WE TRUST.? And we place our hands on our hearts as we recite the Pledge of Allegiance and proclaim that we are ?One Nation Under God.? #NationalPrayerBreakfast https://t.co/zukP40Ezpo|28135|103610
realDonaldTrump|Thu Feb 08 11:08:39 +0000 2018|Will be heading over shortly to make remarks at The National Prayer Breakfast in Washington. Great religious and political leaders, and many friends, including T.V. producer Mark Burnett of our wonderful 14 season Apprentice triumph, will be there. Looking forward to seeing all!|16884|102427
realDonaldTrump|Wed Feb 07 22:36:15 +0000 2018|The Budget Agreement today is so important for our great Military. It ends the dangerous sequester and gives Secretary Mattis what he needs to keep America Great. Republicans and Democrats must support our troops and support this Bill!|21953|105492
realDonaldTrump|Wed Feb 07 22:13:16 +0000 2018|Congratulations to the Republic of Korea on what will be a MAGNIFICENT Winter Olympics! What the South Korean people have built is truly an inspiration! https://t.co/giN2B1h6Ph|12607|68178
realDonaldTrump|Wed Feb 07 18:01:05 +0000 2018|Best wishes to the Republic of Korea on hosting the @Olympics! What a wonderful opportunity to show everyone that you are a truly GREAT NATION! https://t.co/aboM2Up48y|12138|63258
realDonaldTrump|Wed Feb 07 16:10:00 +0000 2018|NEW FBI TEXTS ARE BOMBSHELLS!|36931|131521
realDonaldTrump|Wed Feb 07 14:59:49 +0000 2018|In the ?old days,? when good news was reported, the Stock Market would go up. Today, when good news is reported, the Stock Market goes down. Big mistake, and we have so much good (great) news about the economy!|20800|108488
realDonaldTrump|Wed Feb 07 03:05:45 +0000 2018|Congratulations @ElonMusk and @SpaceX on the successful #FalconHeavy launch. This achievement, along with @NASA?s commercial and international partners, continues to show American ingenuity at its best! https://t.co/eZfLSpyJPK|29934|161927
realDonaldTrump|Wed Feb 07 00:48:01 +0000 2018|HAPPY BIRTHDAY to our 40th President of the United States of America, Ronald Reagan! https://t.co/JtEglBhm4c|31140|175428
realDonaldTrump|Tue Feb 06 22:45:50 +0000 2018|Today, we heard the experiences of law enforcement professionals and community leaders working to combat the threat of MS-13, and the reforms we need from Congress to defeat it. Watch here: https://t.co/VPMTnko7Ik https://t.co/4OaXXuj9Va|17361|73282
realDonaldTrump|Tue Feb 06 16:05:42 +0000 2018|We need a 21st century MERIT-BASED immigration system.  Chain migration and the visa lottery are outdated programs that hurt our economic and national security. https://t.co/rP9Gtr2E5N|24107|88811
realDonaldTrump|Tue Feb 06 16:00:43 +0000 2018|Polling shows nearly 7 in 10 Americans support an immigration reform package that includes DACA, fully secures the border, ends chain migration &amp; cancels the visa lottery. If D?s oppose this deal, they aren?t serious about DACA-they just want open borders. https://t.co/XDMcDOr9vM|22323|86203
realDonaldTrump|Tue Feb 06 13:37:00 +0000 2018|My prayers and best wishes are with the family of Edwin Jackson, a wonderful young man whose life was so senselessly taken. @Colts|19717|100690
realDonaldTrump|Tue Feb 06 13:32:57 +0000 2018|So disgraceful that a person illegally in our country killed @Colts linebacker Edwin Jackson. This is just one of many such preventable tragedies. We must get the Dems to get tough on the Border, and with illegal immigration, FAST!|33988|137419
realDonaldTrump|Mon Feb 05 20:42:01 +0000 2018|Thanks to the historic TAX CUTS that I signed into law, your paychecks are going way UP, your taxes are going way DOWN, and America is once again OPEN FOR BUSINESS! https://t.co/GISFbDDGXX|21636|102064
realDonaldTrump|Mon Feb 05 15:08:51 +0000 2018|Representative Devin Nunes, a man of tremendous courage and grit, may someday be recognized as a Great American Hero for what he has exposed and what he has had to endure!|33705|128032
realDonaldTrump|Mon Feb 05 14:36:40 +0000 2018|Any deal on DACA that does not include STRONG border security and the desperately needed WALL is a total waste of time. March 5th is rapidly approaching and the Dems seem not to care about DACA. Make a deal!|28261|118337
realDonaldTrump|Mon Feb 05 12:39:10 +0000 2018|Little Adam Schiff, who is desperate to run for higher office, is one of the biggest liars and leakers in Washington, right up there with Comey, Warner, Brennan and Clapper! Adam leaves closed committee hearings to illegally leak confidential information. Must be stopped!|40519|136003
realDonaldTrump|Mon Feb 05 12:17:57 +0000 2018|Thank you to @foxandfriends for exposing the truth. Perhaps that?s why your ratings are soooo much better than your untruthful competition!|21509|103362
realDonaldTrump|Mon Feb 05 12:11:56 +0000 2018|The Democrats are pushing for Universal HealthCare while thousands of people are marching in the UK because their U system is going broke and not working. Dems want to greatly raise taxes for really bad and non-personal medical care. No thanks!|28983|116218
realDonaldTrump|Mon Feb 05 03:54:42 +0000 2018|Congratulations to the Philadelphia Eagles on a great Super Bowl victory!|34531|205699
realDonaldTrump|Sun Feb 04 16:58:14 +0000 2018|My thoughts and prayers are with all of the victims involved in this mornings train collision in South Carolina. Thank you to our incredible First Responders for the work they?ve done!|21859|136725
realDonaldTrump|Sun Feb 04 00:53:18 +0000 2018|...a tool of anti-Trump political actors. This is unacceptable in a democracy and ought to alarm anyone who wants the FBI to be a nonpartisan enforcer of the law....The FBI wasn?t straight with Congress, as it hid most of these facts from investigators.? Wall Street Journal|33642|125274
realDonaldTrump|Sun Feb 04 00:40:24 +0000 2018|?The four page memo released Friday reports the disturbing fact about how the FBI and FISA appear to have been used to influence the 2016 election and its aftermath....The FBI failed to inform the FISA court that the Clinton campaign had funded the dossier....the FBI became....|34671|125175
realDonaldTrump|Sun Feb 04 00:26:23 +0000 2018|Great jobs numbers and finally, after many years, rising wages- and nobody even talks about them. Only Russia, Russia, Russia, despite the fact that, after a year of looking, there is No Collusion!|28365|130581
realDonaldTrump|Sat Feb 03 14:40:27 +0000 2018|This memo totally vindicates ?Trump? in probe. But the Russian Witch Hunt goes on and on. Their was no Collusion and there was no Obstruction (the word now used because, after one year of looking endlessly and finding NOTHING, collusion is dead). This is an American disgrace!|36632|135457
realDonaldTrump|Sat Feb 03 14:40:23 +0000 2018|Rasmussen just announced that my approval rating jumped to 49%, a far better number than I had in winning the Election, and higher than certain ?sacred cows.? Other Trump polls are way up also. So why does the media refuse to write this? Oh well, someday!|32818|150246
realDonaldTrump|Fri Feb 02 22:26:22 +0000 2018|Today, it was my honor to join the great men and women of @DHSgov, @CustomsBorder, @ICEgov and @USCIS at the U.S. Customs and Border Protection National Targeting Center in Sterling, Virginia. Fact sheet: https://t.co/Q027Wgdzdo https://t.co/NecuA0y1Sk|13789|68261
realDonaldTrump|Fri Feb 02 18:07:08 +0000 2018|?Trump the orator outlines the greatness of America to Democrats? disgust? https://t.co/XpirrtTY6V|16566|74506
realDonaldTrump|Fri Feb 02 18:05:49 +0000 2018|"With 3.5 million Americans receiving bonuses or other benefits from their employers as a result of TAX CUTS, 2018 is off to great start!
?Unemployment rate at 4.1%.
?Average earnings up 2.9% in the last year.
?200,000 new American jobs.
?#MAGA?? https://t.co/upqSvBhRqJ"|25988|103974
realDonaldTrump|Fri Feb 02 11:49:14 +0000 2018|?You had Hillary Clinton and the Democratic Party try to hide the fact that they gave money to GPS Fusion to create a Dossier which was used by their allies in the Obama Administration to convince a Court misleadingly, by all accounts, to spy on the Trump Team.? Tom Fitton, JW|49169|155120
realDonaldTrump|Fri Feb 02 11:33:58 +0000 2018|The top Leadership and Investigators of the FBI and the Justice Department have politicized the sacred investigative process in favor of Democrats and against Republicans - something which would have been unthinkable just a short time ago. Rank &amp; File are great people!|37808|133312
realDonaldTrump|Fri Feb 02 03:32:48 +0000 2018|The Democrats just aren?t calling about DACA. Nancy Pelosi and Chuck Schumer have to get moving fast, or they?ll disappoint you again. We have a great chance to make a deal or, blame the Dems! March 5th is coming up fast.|27186|119273
realDonaldTrump|Thu Feb 01 12:02:49 +0000 2018|Thank you for all of the nice compliments and reviews on the State of the Union speech. 45.6 million people watched, the highest number in history. @FoxNews beat every other Network, for the first time ever, with 11.7 million people tuning in. Delivered from the heart!|35111|177668
realDonaldTrump|Thu Feb 01 11:51:43 +0000 2018|March 5th is rapidly approaching and the Democrats are doing nothing about DACA. They Resist, Blame, Complain and Obstruct - and do nothing. Start pushing Nancy Pelosi and the Dems to work out a DACA fix, NOW!|28173|118651
realDonaldTrump|Thu Feb 01 11:43:17 +0000 2018|Heading to beautiful West Virginia to be with great members of the Republican Party. Will be planning Infrastructure and discussing Immigration and DACA, not easy when we have no support from the Democrats. NOT ONE DEM VOTED FOR OUR TAX CUT BILL! Need more Republicans in ?18.|26911|132931
realDonaldTrump|Wed Jan 31 02:00:02 +0000 2018|"Join me live for the #SOTU
https://t.co/0SLktWxfHi"|20352|104948
realDonaldTrump|Mon Jan 29 20:12:39 +0000 2018|Congratulations to America?s new Secretary of @HHSGov, Alex Azar! https://t.co/Y9inQaCt7o|15019|81003
realDonaldTrump|Sun Jan 28 13:18:33 +0000 2018|Our economy is better than it has been in many decades. Businesses are coming back to America like never before. Chrysler, as an example, is leaving Mexico and coming back to the USA. Unemployment is nearing record lows. We are on the right track!|39827|192244
realDonaldTrump|Sun Jan 28 13:18:32 +0000 2018|Somebody please inform Jay-Z that because of my policies, Black Unemployment has just been reported to be at the LOWEST RATE EVER RECORDED!|59971|230785
realDonaldTrump|Sun Jan 28 04:08:02 +0000 2018|Democrats are not interested in Border Safety &amp; Security or in the funding and rebuilding of our Military. They are only interested in Obstruction!|33752|151072
realDonaldTrump|Sun Jan 28 03:58:02 +0000 2018|I have offered DACA a wonderful deal, including a doubling in the number of recipients &amp; a twelve year pathway to citizenship, for two reasons: (1) Because the Republicans want to fix a long time terrible problem. (2) To show that Democrats do not want to solve DACA, only use it!|44214|169005
realDonaldTrump|Sat Jan 27 22:59:52 +0000 2018|Taliban targeted innocent Afghans, brave police in Kabul today. Our thoughts and prayers go to the victims, and first responders. We will not allow the Taliban to win!|20757|109851
realDonaldTrump|Sat Jan 27 19:30:24 +0000 2018|On Holocaust Remembrance Day we mourn and grieve the murder of 6 million innocent Jewish men, women and children, and the millions of others who perished in the evil Nazi Genocide. We pledge with all of our might and resolve: Never Again! https://t.co/PfHM7UiZ0C https://t.co/25W0SZHTOu|24385|103876
realDonaldTrump|Sat Jan 27 11:55:58 +0000 2018|Thank you to Brandon Judd of the National Border Patrol Council for his strong statement on @foxandfriends that we very badly NEED THE WALL. Must also end loophole of ?catch &amp; release? and clean up the legal and other procedures at the border NOW for Safety &amp; Security reasons.|27614|119624
realDonaldTrump|Fri Jan 26 23:27:23 +0000 2018|Thank you for the wonderful welcome @WEF! #Davos2018 https://t.co/IQkoQJxR5B|15392|69467
realDonaldTrump|Fri Jan 26 17:16:44 +0000 2018|DACA has been made increasingly difficult by the fact that Cryin? Chuck Schumer took such a beating over the shutdown that he is unable to act on immigration!|24622|114390
realDonaldTrump|Fri Jan 26 17:12:32 +0000 2018|Heading back from a very exciting two days in Davos, Switzerland. Speech on America?s economic revival was well received. Many of the people I met will be investing in the U.S.A.! #MAGA|21322|107936
realDonaldTrump|Fri Jan 26 12:54:36 +0000 2018|Join me live at the 2018 World Economic Forum in Davos, Switzerland! #WEF18 https://t.co/fdHejCmv73 https://t.co/DuKJlVTWB8|9532|50464
realDonaldTrump|Fri Jan 26 11:23:07 +0000 2018|Great bilateral meeting with President @Alain_Berset of the Swiss Confederation - as we continue to strengthen our great friendship. Such an honor to be in Switzerland! #WEF18 https://t.co/87pLrCpQkZ|10211|53888
realDonaldTrump|Fri Jan 26 10:46:48 +0000 2018|It was an honor to meet with Republic of Rwanda President Paul Kagame this morning in Davos, Switzerland. Many great discussions! #WEF18 https://t.co/SaPzwVhDiB|11875|61491
realDonaldTrump|Fri Jan 26 10:11:26 +0000 2018|Will be interviewed on  @SquawkCNBC by @JoeSquawk coming up at 6:00amE from Davos, Switzerland. Enjoy! #WEF18 https://t.co/7egYlxnFBd|6211|35438
realDonaldTrump|Thu Jan 25 22:38:21 +0000 2018|Today, Americans everywhere remember the brave men and women of @NASA who lost their lives in our Nation?s eternal quest to expand the boundaries of human potential. https://t.co/clBsJTGz8B https://t.co/jTJkusdBQA|16815|81001
realDonaldTrump|Thu Jan 25 18:03:29 +0000 2018|Very productive bilateral meeting with Prime Minister Benjamin @Netanyahu of Israel - in Davos, Switzerland! #WEF18 https://t.co/2sZM9YI7tJ|14381|70403
realDonaldTrump|Thu Jan 25 17:25:53 +0000 2018|Great bilateral meeting with Prime Minister Theresa May of the United Kingdom, affirming the special relationship and our commitment to work together on key national security challenges and economic opportunities. #WEF18 https://t.co/FPP8aRDAyt|15117|73587
realDonaldTrump|Thu Jan 25 00:27:00 +0000 2018|Will soon be heading to Davos, Switzerland, to tell the world how great America is and is doing. Our economy is now booming and with all I am doing, will only get better...Our country is finally WINNING again!|26678|146994
realDonaldTrump|Wed Jan 24 22:51:20 +0000 2018|It was my great honor to welcome Mayor?s from across America to the WH. My Administration will always support local government - and listen to the leaders who know their communities best. Together, we will usher in a bold new era of Peace and Prosperity! https://t.co/dmYECTnk0a https://t.co/RSv7V7r0DT|15931|76404
realDonaldTrump|Wed Jan 24 20:26:16 +0000 2018|Earlier today, I spoke with @GovMattBevin of Kentucky regarding yesterday?s shooting at Marshall County High School. My thoughts and prayers are with Bailey Holt, Preston Cope, their families, and all of the wounded victims who are in recovery. We are with you!|18267|95288
realDonaldTrump|Wed Jan 24 11:58:58 +0000 2018|Tremendous investment by companies from all over the world being made in America. There has never been anything like it. Now Disney, J.P. Morgan Chase and many others. Massive Regulation Reduction and Tax Cuts are making us a powerhouse again. Long way to go! Jobs, Jobs, Jobs!|31376|141861
realDonaldTrump|Wed Jan 24 04:07:27 +0000 2018|Cryin? Chuck Schumer fully understands, especially after his humiliating defeat, that if there is no Wall, there is no DACA. We must have safety and security, together with a strong Military, for our great people!|34533|148708
realDonaldTrump|Wed Jan 24 03:54:22 +0000 2018|Where are the 50,000 important text messages between FBI lovers Lisa Page and Peter Strzok?  Blaming Samsung!|30008|122369
realDonaldTrump|Tue Jan 23 14:16:02 +0000 2018|Thank you to General John Kelly, who is doing a fantastic job, and all of the Staff and others in the White House, for a job well done. Long hours and Fake reporting makes your job more difficult, but it is always great to WIN, and few have won more than us!|20361|93921
realDonaldTrump|Tue Jan 23 13:34:37 +0000 2018|Nobody knows for sure that the Republicans &amp; Democrats will be able to reach a deal on DACA by February 8, but everyone will be trying....with a big additional focus put on Military Strength and Border Security. The Dems have just learned that a Shutdown is not the answer!|22724|108340
realDonaldTrump|Tue Jan 23 11:55:42 +0000 2018|In one of the biggest stories in a long time, the FBI now says it is missing five months worth of lovers Strzok-Page texts, perhaps 50,000, and all in prime time. Wow!|34531|128919
realDonaldTrump|Tue Jan 23 11:31:40 +0000 2018|Even Crazy Jim Acosta of Fake News CNN agrees: ?Trump World and WH sources dancing in end zone: Trump wins again...Schumer and Dems caved...gambled and lost.? Thank you for your honesty Jim!|25587|123991
realDonaldTrump|Tue Jan 23 04:30:33 +0000 2018|Big win for Republicans as Democrats cave on Shutdown. Now I want a big win for everyone, including Republicans, Democrats and DACA, but especially for our Great Military and Border Security. Should be able to get there. See you at the negotiating table!|26431|128394
realDonaldTrump|Mon Jan 22 15:13:18 +0000 2018|End the Democrats Obstruction! https://t.co/tzBXilvW1b|20416|89279
realDonaldTrump|Mon Jan 22 13:15:55 +0000 2018|Democrats have shut down our government in the interests of their far left base. They don?t want to do it but are powerless!|20780|105124
realDonaldTrump|Mon Jan 22 13:07:09 +0000 2018|The Democrats are turning down services and security for citizens in favor of services and security for non-citizens. Not good!|31335|126826
realDonaldTrump|Mon Jan 22 01:21:42 +0000 2018|Thank you to Brad Blakeman on @FoxNews for grading year one of my presidency with an ?A?-and likewise to Doug Schoen for the very good grade and statements. Working hard!|22378|122160
realDonaldTrump|Sun Jan 21 12:35:28 +0000 2018|Great to see how hard Republicans are fighting for our Military and Safety at the Border. The Dems just want illegal immigrants to pour into our nation unchecked. If stalemate continues, Republicans should go to 51% (Nuclear Option) and vote on real, long term budget, no C.R.?s!|44788|171234
realDonaldTrump|Sun Jan 21 02:18:51 +0000 2018|Eric Trump on @JudgeJeanine on @FoxNews now!|6015|44789
realDonaldTrump|Sun Jan 21 00:47:40 +0000 2018|The Trump Administration has terminated more UNNECESSARY Regulation, in just twelve months, than any other Administration has terminated during their full term in office, no matter what the length. The good news is, THERE IS MUCH MORE TO COME!|29989|148749
realDonaldTrump|Sat Jan 20 22:31:27 +0000 2018|Unprecedented success for our Country, in so many ways, since the Election. Record Stock Market, Strong on Military, Crime, Borders, &amp; ISIS, Judicial Strength &amp; Numbers, Lowest Unemployment for Women &amp; ALL, Massive Tax Cuts, end of Individual Mandate - and so much more. Big 2018!|27186|125745
realDonaldTrump|Sat Jan 20 18:51:24 +0000 2018|Beautiful weather all over our great country, a perfect day for all Women to March. Get out there now to celebrate the historic milestones and unprecedented economic success and wealth creation that has taken place over the last 12 months. Lowest female unemployment in 18 years!|49766|200481
realDonaldTrump|Sat Jan 20 14:27:54 +0000 2018|Democrats are holding our Military hostage over their desire to have unchecked illegal immigration. Can?t let that happen!|41978|161614
realDonaldTrump|Sat Jan 20 11:47:42 +0000 2018|#AMERICA FIRST!|29662|118125
realDonaldTrump|Sat Jan 20 11:44:01 +0000 2018|For those asking, the Republicans only have 51 votes in the Senate, and they need 60. That is why we need to win more Republicans in 2018 Election! We can then be even tougher on  Crime (and Border), and even better to our Military &amp; Veterans!|37849|148911
realDonaldTrump|Sat Jan 20 11:33:35 +0000 2018|This is the One Year Anniversary of my Presidency and the Democrats wanted to give me a nice present. #DemocratShutdown|28485|118469
realDonaldTrump|Sat Jan 20 11:17:10 +0000 2018|Democrats are far more concerned with Illegal Immigrants than they are with our great Military or Safety at our dangerous Southern Border. They could have easily made a deal but decided to play Shutdown politics instead. #WeNeedMoreRepublicansIn18 in order to power through mess!|39952|138973
realDonaldTrump|Sat Jan 20 02:28:56 +0000 2018|Not looking good for our great Military or Safety &amp; Security on the very dangerous Southern Border. Dems want a Shutdown in order to help diminish the great success of the Tax Cuts, and what they are doing for our booming economy.|29395|112642
realDonaldTrump|Fri Jan 19 22:17:53 +0000 2018|Excellent preliminary meeting in Oval with @SenSchumer - working on solutions for Security and our great Military together with @SenateMajLdr McConnell and @SpeakerRyan. Making progress - four week extension would be best!|12316|62477
realDonaldTrump|Fri Jan 19 20:53:17 +0000 2018|Just signed 702 Bill to reauthorize foreign intelligence collection. This is NOT the same FISA law that was so wrongly abused during the election. I will always do the right thing for our country and put the safety of the American people first!|26239|123938
realDonaldTrump|Fri Jan 19 18:39:50 +0000 2018|Today, I was honored and proud to address the 45th Annual @March_for_Life! You are living witnesses of this year?s March for Life theme: #LoveSavesLives. https://t.co/DMST4qhDmp|23589|93073
realDonaldTrump|Fri Jan 19 16:28:29 +0000 2018|"?Shutting down the government is a very serious thing. People die, accidents happen. I don?t know how I would vote right now on a CR, OK??
Sen. Dianne Feinstein (D-Calif)
https://t.co/7xP3CBnv5j"|14601|47456
realDonaldTrump|Fri Jan 19 16:14:05 +0000 2018|".@WhiteHouse Briefing with Director Marc Short and Director Mick Mulvaney...
https://t.co/0O0VsYXmHB"|8037|42329
realDonaldTrump|Fri Jan 19 12:04:47 +0000 2018|Government Funding Bill past last night in the House of Representatives. Now Democrats are needed if it is to pass in the Senate - but they want illegal immigration and weak borders. Shutdown coming? We need more Republican victories in 2018!|24477|106403
realDonaldTrump|Thu Jan 18 23:39:53 +0000 2018|House of Representatives needs to pass Government Funding Bill tonight. So important for our country - our Military needs it!|19146|97813
realDonaldTrump|Thu Jan 18 21:04:36 +0000 2018|AMERICA will once again be a NATION that thinks big, dreams bigger, and always reaches for the stars. YOU are the ones who will shape America?s destiny. YOU are the ones who will restore our prosperity. And YOU are the ones who are MAKING AMERICA GREAT AGAIN! #MAGA https://t.co/f2abNK47II|24780|99480
realDonaldTrump|Thu Jan 18 20:45:33 +0000 2018|Departing Pittsburgh now, where it was my great honor to stand with our incredible workers, and to show the world that AMERICA is back - and we are coming back bigger and better and stronger than ever before! https://t.co/kWPgylqFzj|14416|73040
realDonaldTrump|Thu Jan 18 13:49:11 +0000 2018|A government shutdown will be devastating to our military...something the Dems care very little about!|20556|87040
realDonaldTrump|Thu Jan 18 13:37:24 +0000 2018|CHIP should be part of a long term solution, not a 30 Day, or short term, extension!|11365|60159
realDonaldTrump|Thu Jan 18 13:16:26 +0000 2018|We need the Wall for the safety and security of our country. We need the Wall to help stop the massive inflow of drugs from Mexico, now rated the number one most dangerous country in the world. If there is no Wall, there is no Deal!|27425|118863
realDonaldTrump|Thu Jan 18 12:53:17 +0000 2018|Will be going to Pennsylvania today in order to give my total support to RICK SACCONE, running for Congress in a Special Election (March 13). Rick is a great guy. We need more Republicans to continue our already successful agenda!|16220|82111
realDonaldTrump|Thu Jan 18 11:25:03 +0000 2018|....The Wall will be paid for, directly or indirectly, or through longer term reimbursement, by Mexico, which has a ridiculous $71 billion dollar trade surplus with the U.S. The $20 billion dollar Wall is ?peanuts? compared to what Mexico makes from the U.S. NAFTA is a bad joke!|26493|107594
realDonaldTrump|Thu Jan 18 11:15:25 +0000 2018|The Wall is the Wall, it has never changed or evolved from the first day I conceived of it. Parts will be, of necessity, see through and it was never intended to be built in areas where there is natural protection such as mountains, wastelands or tough rivers or water.....|20285|90670
realDonaldTrump|Thu Jan 18 01:11:26 +0000 2018|ISIS is in retreat, our economy is booming, investments and jobs are pouring back into the country, and so much more! Together there is nothing we can?t overcome--even a very biased media. We ARE Making America Great Again!|37653|172223
realDonaldTrump|Thu Jan 18 01:05:46 +0000 2018|Despite some very corrupt and dishonest media coverage, there are many great reporters I respect and lots of GOOD NEWS for the American people to be proud of!|21104|107626
realDonaldTrump|Thu Jan 18 01:00:05 +0000 2018|"And the FAKE NEWS winners are...
https://t.co/59G6x2f7fD"|38471|106924
realDonaldTrump|Wed Jan 17 23:36:44 +0000 2018|Main Street is BACK! Strongest Holiday Sales bump since the Great Recession -- beating forecasts by BILLIONS OF DOLLARS. https://t.co/kDcGbMieSt|14708|65461
realDonaldTrump|Wed Jan 17 23:32:58 +0000 2018|During the campaign, I promised to MAKE AMERICA GREAT AGAIN by bringing businesses and jobs back to our country. I am very proud to see companies like Chrysler moving operations from Mexico to Michigan where there are so many great American workers! https://t.co/hz2q9UTfnF|23332|95305
realDonaldTrump|Wed Jan 17 23:28:30 +0000 2018|I promised that my policies would allow companies like Apple to bring massive amounts of money back to the United States. Great to see Apple follow through as a result of TAX CUTS. Huge win for American workers and the USA! https://t.co/OwXVUyLOb1|22946|88704
realDonaldTrump|Wed Jan 17 23:19:02 +0000 2018|Today, we witnessed an incredible moment in history ? the presentation of Congress? highest civilian honor to our friend, and true AMERICAN HERO, Bob Dole. #CongressionalGoldMedal https://t.co/qNQqDLRmCk|14726|72387
realDonaldTrump|Wed Jan 17 13:04:46 +0000 2018|Eric Trump on @foxandfriends  now!|6351|52184
realDonaldTrump|Tue Jan 16 23:20:10 +0000 2018|....we need to keep America safe, including moving away from a random chain migration and lottery system, to one that is merit-based. https://t.co/7PtoSFK1n2|17902|78351
realDonaldTrump|Tue Jan 16 23:19:39 +0000 2018|New report from DOJ &amp; DHS shows that nearly 3 in 4 individuals convicted of terrorism-related charges are foreign-born. We have submitted to Congress a list of resources and reforms....|24295|95805
realDonaldTrump|Tue Jan 16 20:17:39 +0000 2018|Today, it was my honor to welcome President Nursultan Nazarbayev of Kazakhstan to the @WhiteHouse! https://t.co/TerYFZViax|9400|53860
realDonaldTrump|Tue Jan 16 19:43:32 +0000 2018|?President Donald J. Trump Proclaims January 16, 2018, as Religious Freedom Day? https://t.co/bD3R2dJfyp|18499|71012
realDonaldTrump|Tue Jan 16 14:30:00 +0000 2018|Unemployment for Black Americans is the lowest ever recorded. Trump approval ratings with Black Americans has doubled. Thank you, and it will get even (much) better! @FoxNews|26453|108748
realDonaldTrump|Tue Jan 16 14:24:40 +0000 2018|?90% of Trump 2017 news coverage was negative? -and much of it contrived!@foxandfriends|15264|70098
realDonaldTrump|Tue Jan 16 14:19:46 +0000 2018|Do you notice the Fake News Mainstream Media never likes covering the great and record setting economic news, but rather talks about anything negative or that can be turned into the negative. The Russian Collusion Hoax is dead, except as it pertains to the Dems. Public gets it!|24741|106900
realDonaldTrump|Tue Jan 16 14:07:38 +0000 2018|The Democrats want to shut down the Government over Amnesty for all and Border Security. The biggest loser will be our rapidly rebuilding Military, at a time we need it more than ever. We need a merit based system of immigration, and we need it now! No more dangerous Lottery.|22423|96277
realDonaldTrump|Tue Jan 16 13:54:02 +0000 2018|We must have Security at our VERY DANGEROUS SOUTHERN BORDER, and we must have a great WALL to help protect us, and to help stop the massive inflow of drugs pouring into our country!|23492|112888
realDonaldTrump|Mon Jan 15 20:28:15 +0000 2018|Senator Dicky Durbin totally misrepresented what was said at the DACA meeting. Deals can?t get made when there is no trust! Durbin blew DACA and is hurting our Military.|28309|112582
realDonaldTrump|Mon Jan 15 13:02:22 +0000 2018|...to stop drugs, they want to take money away from our military which we cannot do.? My standard is very simple, AMERICA FIRST &amp; MAKE AMERICA GREAT AGAIN!|22240|108797
realDonaldTrump|Mon Jan 15 12:57:43 +0000 2018|Statement by me last night in Florida: ?Honestly, I don?t think the Democrats want to make a deal. They talk about DACA, but they don?t want to help..We are ready, willing and able to make a deal but they don?t want to. They don?t want security at the border, they don?t want.....|20897|90753
realDonaldTrump|Sun Jan 14 13:59:35 +0000 2018|...big unnecessary regulation cuts made it all possible? (among many other things). ?President Trump reversed the policies of President Obama, and reversed our economic decline.? Thank you Stuart Varney.  @foxandfriends|17966|84945
realDonaldTrump|Sun Jan 14 13:50:14 +0000 2018|?President Trump is not getting the credit he deserves for the economy. Tax Cut bonuses to more than 2,000,000 workers. Most explosive Stock Market rally that we?ve seen in modern times. 18,000 to 26,000 from Election, and grounded in profitability and growth. All Trump, not 0...|23671|107633
realDonaldTrump|Sun Jan 14 13:19:06 +0000 2018|I, as President, want people coming into our Country who are going to help us become strong and great again, people coming in through a system based on MERIT. No more Lotteries! #AMERICA FIRST|37035|154523
realDonaldTrump|Sun Jan 14 13:09:09 +0000 2018|DACA is probably dead because the Democrats don?t really want it, they just want to talk and take desperately needed money away from our Military.|25872|116724
realDonaldTrump|Sun Jan 14 13:01:44 +0000 2018|...and they knew exactly what I said and meant. They just wanted a story. FAKE NEWS!|15500|79898
realDonaldTrump|Sun Jan 14 12:58:43 +0000 2018|The Wall Street Journal stated falsely that I said to them ?I have a good relationship with Kim Jong Un? (of N. Korea). Obviously I didn?t say that. I said ?I?d have a good relationship with Kim Jong Un,? a big difference. Fortunately we now record conversations with reporters...|21087|92066
realDonaldTrump|Sat Jan 13 22:08:34 +0000 2018|So much Fake News is being reported. They don?t even try to get it right, or correct it when they are wrong. They promote the Fake Book of a mentally deranged author, who knowingly writes false information. The Mainstream Media is crazed that WE won the election!|32094|140928
realDonaldTrump|Sat Jan 13 14:20:01 +0000 2018|I don?t believe the Democrats really want to see a deal on DACA. They are all talk and no action. This is the time but, day by day, they are blowing the one great opportunity they have. Too bad!|25399|118966
realDonaldTrump|Sat Jan 13 13:14:20 +0000 2018|AMERICA FIRST!|34752|145630
realDonaldTrump|Sat Jan 13 13:14:03 +0000 2018|The Democrats are all talk and no action. They are doing nothing to fix DACA. Great opportunity missed. Too bad!|20320|99570
realDonaldTrump|Sat Jan 13 13:13:12 +0000 2018|Yesterday was a big day for the stock market. Jobs are coming back to America. Chrysler is coming back to the USA, from Mexico and many others will follow. Tax cut money to employees is pouring into our economy with many more companies announcing. American business is hot again!|23026|112922
realDonaldTrump|Fri Jan 12 17:56:18 +0000 2018|Today, it was my great honor to proclaim January 15, 2018, as Martin Luther King Jr., Federal Holiday. I encourage all Americans to observe this day with appropriate civic, community, and service activities in honor of Dr. King's life and legacy. https://t.co/samlJsz1Nt|24806|104561
realDonaldTrump|Fri Jan 12 13:48:49 +0000 2018|Never said anything derogatory about Haitians other than Haiti is, obviously, a very poor and troubled country. Never said ?take them out.? Made up by Dems. I have a wonderful relationship with Haitians. Probably should record future meetings - unfortunately, no trust!|33851|131871
realDonaldTrump|Fri Jan 12 12:50:00 +0000 2018|Sadly, Democrats want to stop paying our troops and government workers in order to give a sweetheart deal, not a fair deal, for DACA. Take care of our Military, and our Country, FIRST!|29764|119032
realDonaldTrump|Fri Jan 12 12:28:58 +0000 2018|The language used by me at the DACA meeting was tough, but this was not the language used. What was really tough was the outlandish proposal made - a big setback for DACA!|22934|98633
realDonaldTrump|Fri Jan 12 12:20:32 +0000 2018|....Because of the Democrats not being interested in life and safety, DACA has now taken a big step backwards. The Dems will threaten ?shutdown,? but what they are really doing is shutting down our military, at a time we need it most. Get smart, MAKE AMERICA GREAT AGAIN!|21397|87896
realDonaldTrump|Fri Jan 12 12:09:58 +0000 2018|....countries which are doing badly. I want a merit based system of immigration and people who will help take our country to the next level. I want safety and security for our people. I want to stop the massive inflow of drugs. I want to fund our military, not do a Dem defund....|22734|105215
realDonaldTrump|Fri Jan 12 11:59:02 +0000 2018|The so-called bipartisan DACA deal presented yesterday to myself and a group of Republican Senators and Congressmen was a big step backwards. Wall was not properly funded, Chain &amp; Lottery were made worse and USA would be forced to take large numbers of people from high crime.....|20079|79860
realDonaldTrump|Fri Jan 12 04:57:57 +0000 2018|Reason I canceled my trip to London is that I am not a big fan of the Obama Administration having sold perhaps the best located and finest embassy in London for ?peanuts,? only to build a new one in an off location for 1.2 billion dollars. Bad deal. Wanted me to cut ribbon-NO!|27663|118791
realDonaldTrump|Fri Jan 12 04:42:25 +0000 2018|The Democrats seem intent on having people and drugs pour into our country from the Southern Border, risking thousands of lives in the process. It is my duty to protect the lives and safety of all Americans. We must build a Great Wall, think Merit and end Lottery &amp; Chain. USA!|27365|116813
realDonaldTrump|Fri Jan 12 03:01:20 +0000 2018|Democrat Dianne Feinstein should never have released secret committee testimony to the public without authorization. Very disrespectful to committee members and possibly illegal. She blamed her poor decision on the fact she had a cold - a first!|21432|94641
realDonaldTrump|Fri Jan 12 02:53:05 +0000 2018|Chrysler is moving a massive plant from Mexico to Michigan, reversing a years long opposite trend. Thank you Chrysler, a very wise decision. The voters in Michigan are very happy they voted for Trump/Pence. Plenty of more to follow!|24313|110503
realDonaldTrump|Fri Jan 12 02:49:56 +0000 2018|More great news as a result of historical Tax Cuts and Reform: Fiat Chrysler announces plan to invest more than $1 BILLION in Michigan plant, relocating their heavy-truck production from Mexico to Michigan, adding 2,500 new jobs and paying $2,000 bonus to U.S. employees! https://t.co/47azKD0l9B|18053|70433
realDonaldTrump|Fri Jan 12 02:47:17 +0000 2018|Small Business Poll has highest approval numbers in the polls history. All business is just at the beginning of something really special!|12410|65382
realDonaldTrump|Fri Jan 12 02:43:56 +0000 2018|Thank you Adam Levine, The Federalist, in interview on @foxandfriends  ?Donald Trump is the greatest President our Country has ever seen.?|14553|72943
realDonaldTrump|Thu Jan 11 23:27:03 +0000 2018|Yesterday, I signed the #INTERDICTAct (H.R. 2142) with bipartisan members of Congress to help end the flow of drugs into our country. Together, we are committed to doing everything we can to combat the deadly scourge of drug addiction and overdose in the United States! https://t.co/ELZvFol5Lo|12909|56935
realDonaldTrump|Thu Jan 11 15:37:54 +0000 2018|Great news, as a result of our TAX CUTS &amp; JOBS ACT! https://t.co/SLvhLxP3Jl|14168|59968
realDonaldTrump|Thu Jan 11 14:14:51 +0000 2018|With that being said, I have personally directed the fix to the unmasking process since taking office and today?s vote is about foreign surveillance of foreign bad guys on foreign land. We need it! Get smart!|11576|58096
realDonaldTrump|Thu Jan 11 13:11:46 +0000 2018|?45 year low in illegal immigration this year.? @foxandfriends|15010|80716
realDonaldTrump|Thu Jan 11 12:33:21 +0000 2018|?House votes on controversial FISA ACT today.? This is the act that may have been used, with the help of the discredited and phony Dossier, to so badly surveil and abuse the Trump Campaign by the previous administration and others?|16022|69221
realDonaldTrump|Thu Jan 11 11:43:59 +0000 2018|In new Quinnipiac Poll, 66% of people feel the economy is ?Excellent or Good.? That is the highest number ever recorded by this poll.|19916|92799
realDonaldTrump|Thu Jan 11 11:33:06 +0000 2018|Disproven and paid for by Democrats ?Dossier used to spy on Trump Campaign. Did FBI use Intel tool to influence the Election?? @foxandfriends  Did Dems or Clinton also pay Russians? Where are hidden and smashed DNC servers? Where are Crooked Hillary Emails?  What a mess!|21725|78986
realDonaldTrump|Thu Jan 11 04:29:02 +0000 2018|Good news: Toyota and Mazda announce giant new Huntsville, Alabama, plant which will produce over 300,000 cars and SUV?s a year and employ 4000 people. Companies are coming back to the U.S. in a very big way. Congratulations Alabama!|34412|169859
realDonaldTrump|Wed Jan 10 23:37:41 +0000 2018|Cutting taxes and simplifying regulations makes America the place to invest! Great news as Toyota and Mazda announce they are bringing 4,000 JOBS and investing $1.6 BILLION in Alabama, helping to further grow our economy! https://t.co/Kcg8IVH6iA|21540|86171
realDonaldTrump|Wed Jan 10 23:07:48 +0000 2018|The United States needs the security of the Wall on the Southern Border, which must be part of any DACA approval. The safety and security of our country is #1! https://t.co/4CFzQXb5aS|14684|66227
realDonaldTrump|Wed Jan 10 21:31:30 +0000 2018|Today, it was my great honor to welcome Prime Minister Erna Solberg of Norway to the @WhiteHouse - a great friend and ally of the United States! Joint press conference: https://t.co/qWR1BhfQZI https://t.co/PJvwznjRCO|8943|48625
realDonaldTrump|Wed Jan 10 20:08:37 +0000 2018|I want to thank my @Cabinet for working tirelessly on behalf of our country. 2017 was a year of monumental achievement and we look forward to the year ahead. Together, we are delivering results and MAKING AMERICA GREAT AGAIN! https://t.co/ptXa1hAPwW https://t.co/yv6RALkQf3|11194|53963
realDonaldTrump|Wed Jan 10 15:14:15 +0000 2018|The single greatest Witch Hunt in American history continues. There was no collusion, everybody including the Dems knows there was no collusion, &amp; yet on and on it goes. Russia &amp; the world is laughing at the stupidity they are witnessing. Republicans should finally take control!|26774|113969
realDonaldTrump|Wed Jan 10 15:00:29 +0000 2018|The fact that Sneaky Dianne Feinstein, who has on numerous occasions stated that collusion between Trump/Russia has not been found, would release testimony in such an underhanded and possibly illegal way, totally without authorization, is a disgrace. Must have tough Primary!|21345|88367
realDonaldTrump|Wed Jan 10 14:11:13 +0000 2018|It just shows everyone how broken and unfair our Court System is when the opposing side in a case (such as DACA) always runs to the 9th Circuit and almost always wins before being reversed by higher courts.|24745|103290
realDonaldTrump|Wed Jan 10 04:23:58 +0000 2018|".@ICEgov HSI agents and ERO officers, on behalf of an entire Nation, THANK YOU for what you are doing 24/7/365 to keep fellow American?s SAFE. Everyone is so grateful!
#LawEnforcementAppreciationDay
President @realDonaldTrump https://t.co/HXCpTlruVo"|12909|57718
realDonaldTrump|Wed Jan 10 03:48:26 +0000 2018|Thank you @GOPLeader Kevin McCarthy! Couldn?t agree w/you more. TOGETHER, we are #MAGA?? https://t.co/QaxtqpyXTR|11171|50326
realDonaldTrump|Wed Jan 10 00:16:57 +0000 2018|As I made very clear today, our country needs the security of the Wall on the Southern Border, which must be part of any DACA approval.|22850|118113
realDonaldTrump|Tue Jan 09 23:07:09 +0000 2018|Today, it was my great honor to sign a new Executive Order to ensure Veterans have the resources they need as they transition back to civilian life. We must ensure that our HEROES are given the care and support they so richly deserve! https://t.co/0MdP9DDIAS https://t.co/LP2a8KCBAp|18196|78792
realDonaldTrump|Tue Jan 09 22:51:50 +0000 2018|Thanks to all of the Republican and Democratic lawmakers for today?s very productive meeting on immigration reform. There was strong agreement to negotiate a bill that deals with border security, chain migration, lottery and DACA. https://t.co/SdqAQ3aL3z https://t.co/8DYHZHspAy|11043|55858
realDonaldTrump|Tue Jan 09 20:17:17 +0000 2018|It was my great honor to sign H.R. 267, the ?Martin Luther King, Jr. National Historical Park Act,? which redesignates the Martin Luther King, Junior, National Historic Site in the State of Georgia as the Martin Luther King, Jr. National Historical Park. https://t.co/Qe0b6HBFTY https://t.co/QTgaqTawPT|16227|70586
realDonaldTrump|Tue Jan 09 17:11:23 +0000 2018|On behalf of the American people, THANK YOU to our incredible law enforcement officers. As President of the United States - I will fight for you, and I will never, ever let you down. Now, more than ever, we must support the men and women in blue! #LawEnforcementAppreciationDay https://t.co/Qb4uxB4JRm|25406|108578
realDonaldTrump|Mon Jan 08 23:19:47 +0000 2018|We are fighting for our farmers, for our country, and for our GREAT AMERICAN FLAG. We want our flag respected - and we want our NATIONAL ANTHEM respected also! https://t.co/16eOLXg6Fi|20803|101051
realDonaldTrump|Mon Jan 08 22:59:37 +0000 2018|In every decision we make, we are honoring America?s PROUD FARMING LEGACY. Years of crushing taxes, crippling regs, &amp; corrupt politics left our communities hurting, our economy stagnant, &amp; millions of hardworking Americans COMPLETELY FORGOTTEN. But they are not forgotten ANYMORE! https://t.co/MdYS7xnukQ|16792|77980
realDonaldTrump|Mon Jan 08 22:58:13 +0000 2018|We have been working every day to DELIVER for America?s Farmers just as they work every day to deliver FOR US. #AFBF18 https://t.co/QDH7fvFkZ7|10907|55640
realDonaldTrump|Mon Jan 08 19:06:40 +0000 2018|"Can?t wait to be back in the amazing state of Tennessee to address the 99th American @FarmBureau Federation?s Annual Convention in Nashville! #AFBF18

On my way now - join me LIVE at 4:00pmE: https://t.co/QaljAqekdD. https://t.co/Wm7Io0hYT8"|9615|52201
realDonaldTrump|Mon Jan 08 14:20:25 +0000 2018|African American unemployment is the lowest ever recorded in our country. The Hispanic unemployment rate dropped a full point in the last year and is close to the lowest in recorded history. Dems did nothing for you but get your vote!  #NeverForget  @foxandfriends|32577|126715
realDonaldTrump|Mon Jan 08 03:24:23 +0000 2018|...Clinton in the WH, doubling down on Barack Obama?s failed policies, washes away any doubts that America made the right choice. This was truly a change election ? and the changes Trump is bringing are far-reaching &amp; necessary.? Thank you Michael Goodwin! https://t.co/4fHNcx2Ydg|17718|79850
realDonaldTrump|Mon Jan 08 03:23:39 +0000 2018|?His is turning out to be an enormously consequential presidency. So much so that, despite my own frustration over his missteps, there has never been a day when I wished Hillary Clinton were president. Not one. Indeed, as Trump?s accomplishments accumulate, the mere thought of...|15882|79427
realDonaldTrump|Sun Jan 07 20:42:13 +0000 2018|The Stock Market has been creating tremendous benefits for our country in the form of not only Record Setting Stock Prices, but present and future Jobs, Jobs, Jobs. Seven TRILLION dollars of value created since our big election win!|19060|96303
realDonaldTrump|Sun Jan 07 20:35:39 +0000 2018|The Fake News Awards, those going to the most corrupt &amp; biased of the Mainstream Media, will be presented to the losers on Wednesday, January 17th, rather than this coming Monday. The interest in, and importance of, these awards is far greater than anyone could have anticipated!|35056|144405
realDonaldTrump|Sun Jan 07 15:15:50 +0000 2018|Jake Tapper of Fake News CNN just got destroyed in his interview with Stephen Miller of the Trump Administration. Watch the hatred and unfairness of this CNN flunky!|27452|117529
realDonaldTrump|Sun Jan 07 14:40:06 +0000 2018|I?ve had to put up with the Fake News from the first day I announced that I would be running for President. Now I have to put up with a Fake Book, written by a totally discredited author. Ronald Reagan had the same problem and handled it well. So will I!|29526|147291
realDonaldTrump|Sun Jan 07 14:33:10 +0000 2018|Leaving Camp David for the White House. Great meetings with the Cabinet and Military on many very important subjects including Border Security &amp; the desperately needed Wall, the ever increasing Drug and Opioid Problem, Infrastructure, Military, Budget, Trade and DACA.|14669|78269
realDonaldTrump|Sat Jan 06 12:30:51 +0000 2018|....to President of the United States (on my first try). I think that would qualify as not smart, but genius....and a very stable genius at that!|32000|136355
realDonaldTrump|Sat Jan 06 12:27:42 +0000 2018|....Actually, throughout my life, my two greatest assets have been mental stability and being, like, really smart. Crooked Hillary Clinton also played these cards very hard and, as everyone knows, went down in flames. I went from VERY successful businessman, to top T.V. Star.....|34034|129283
realDonaldTrump|Sat Jan 06 12:19:10 +0000 2018|Now that Russian collusion, after one year of intense study, has proven to be a total hoax on the American public, the Democrats and their lapdogs, the Fake News Mainstream Media, are taking out the old Ronald Reagan playbook and screaming mental stability and intelligence.....|32850|142328
realDonaldTrump|Sat Jan 06 11:57:35 +0000 2018|Brian Ross, the reporter who made a fraudulent live newscast about me that drove the Stock Market down 350 points (billions of dollars), was suspended for a month but is now back at ABC NEWS in a lower capacity. He is no longer allowed to report on Trump. Should have been fired!|21929|114435
realDonaldTrump|Sat Jan 06 11:49:02 +0000 2018|The African American unemployment rate fell to 6.8%, the lowest rate in 45 years. I am so happy about this News! And, in the Washington Post (of all places), headline states, ?Trumps first year jobs numbers were very, very good.?|30715|139122
realDonaldTrump|Sat Jan 06 04:32:08 +0000 2018|Michael Wolff is a total loser who made up stories in order to sell this really boring and untruthful book. He used Sloppy Steve Bannon, who cried when he got fired and begged for his job. Now Sloppy Steve has been dumped like a dog by almost everyone. Too bad! https://t.co/mEeUhk5ZV9|22248|84637
realDonaldTrump|Sat Jan 06 04:19:10 +0000 2018|Good idea Rand! https://t.co/55sqUDiC0s|28320|115878
realDonaldTrump|Fri Jan 05 15:34:28 +0000 2018|The Mercer Family recently dumped the leaker known as Sloppy Steve Bannon. Smart!|14786|76100
realDonaldTrump|Fri Jan 05 14:32:44 +0000 2018|Well, now that collusion with Russia is proving to be a total hoax and the only collusion is with Hillary Clinton and the FBI/Russia, the Fake News Media (Mainstream) and this phony new book are hitting out at every new front imaginable. They should try winning an election. Sad!|30761|140577
realDonaldTrump|Fri Jan 05 11:35:30 +0000 2018|Dow goes from 18,589 on November 9, 2016, to 25,075 today, for a new all-time Record. Jumped 1000 points in last 5 weeks, Record fastest 1000 point move in history. This is all about the Make America Great Again agenda! Jobs, Jobs, Jobs. Six trillion dollars in value created!|25595|118580
realDonaldTrump|Fri Jan 05 04:04:20 +0000 2018|The Fake News Media barely mentions the fact that the Stock Market just hit another New Record and that business in the U.S. is booming...but the people know! Can you imagine if ?O? was president and had these numbers - would be biggest story on earth! Dow now over 25,000.|26377|124076
realDonaldTrump|Fri Jan 05 03:52:53 +0000 2018|I authorized Zero access to White House (actually turned him down many times) for author of phony book! I never spoke to him for book. Full of lies, misrepresentations and sources that don?t exist. Look at this guy?s past and watch what happens to him and Sloppy Steve!|22224|96639
realDonaldTrump|Fri Jan 05 00:11:26 +0000 2018|MAKING AMERICA GREAT AGAIN! https://t.co/iONbr1DkVk|20964|89777
realDonaldTrump|Thu Jan 04 23:53:05 +0000 2018|Thank you to the great Republican Senators who showed up to our mtg on immigration reform. We must BUILD THE WALL, stop illegal immigration, end chain migration &amp; cancel the visa lottery. The current system is unsafe &amp; unfair to the great people of our country - time for change!|28366|131971
realDonaldTrump|Thu Jan 04 15:48:04 +0000 2018|Dow just crashes through 25,000. Congrats! Big cuts in unnecessary regulations continuing.|21932|113404
realDonaldTrump|Thu Jan 04 11:37:46 +0000 2018|So beautiful....Show this picture to the NFL players who still kneel! https://t.co/tJLM1tvbvb|31203|113504
realDonaldTrump|Thu Jan 04 11:32:22 +0000 2018|With all of the failed ?experts? weighing in, does anybody really believe that talks and dialogue would be going on between North and South Korea right now if I wasn?t firm, strong and willing to commit our total ?might? against the North. Fools, but talks are a good thing!|18582|90450
realDonaldTrump|Thu Jan 04 11:11:45 +0000 2018|As Americans, you need identification, sometimes in a very strong and accurate form, for almost everything you do.....except when it comes to the most important thing, VOTING for the people that run your country. Push hard for Voter Identification!|38020|149081
realDonaldTrump|Thu Jan 04 11:02:14 +0000 2018|Many mostly Democrat States refused to hand over data from the 2016 Election to the Commission On Voter Fraud. They fought hard that the Commission not see their records or methods because they know that many people are voting illegally. System is rigged, must go to Voter I.D.|29317|106767
realDonaldTrump|Thu Jan 04 02:13:16 +0000 2018|MAKE AMERICA GREAT AGAIN!|35646|154370
realDonaldTrump|Thu Jan 04 02:11:31 +0000 2018|Stock Market had another good day but, now that the Tax Cut Bill has passed, we have tremendous upward potential. Dow just short of 25,000, a number that few thought would be possible this soon into my administration. Also, unemployment went down to 4.1%. Only getting better!|18729|102434
realDonaldTrump|Thu Jan 04 02:07:37 +0000 2018|?Some 40 U.S. companies have responded to President Trump?s tax cut and reform victory in Congress last year by handing out bonuses up to $2,000, increases in 401k matches and spending on charity, a much higher number than previously known.? https://t.co/bmWrwWzxMR|15806|65666
realDonaldTrump|Thu Jan 04 01:06:06 +0000 2018|"Melania and I are deeply saddened by the death of Thomas S. Monson, a beloved President of the Church of Jesus Christ of Latter-day Saints...
https://t.co/ETD3fWtfU3"|11940|57553
realDonaldTrump|Wed Jan 03 13:37:13 +0000 2018|Such respect for the people of Iran as they try to take back their corrupt government. You will see great support from the United States at the appropriate time!|28415|142002
realDonaldTrump|Wed Jan 03 04:03:01 +0000 2018|?President Trump has something now he didn?t have a year ago, that is a set of accomplishments that nobody can deny. The accomplishments are there, look at his record, he has had a very significant first year.? @LouDobbs Show,David Asman &amp; Ed Rollins|19813|94170
realDonaldTrump|Wed Jan 03 01:05:10 +0000 2018|I will be announcing THE MOST DISHONEST &amp; CORRUPT MEDIA AWARDS OF THE YEAR on Monday at 5:00 o?clock. Subjects will cover Dishonesty &amp; Bad Reporting in various categories from the Fake News Media. Stay tuned!|47532|188132
realDonaldTrump|Wed Jan 03 00:49:19 +0000 2018|North Korean Leader Kim Jong Un just stated that the ?Nuclear Button is on his desk at all times.? Will someone from his depleted and food starved regime please inform him that I too have a Nuclear Button, but it is a much bigger &amp; more powerful one than his, and my Button works!|181373|483163
realDonaldTrump|Tue Jan 02 22:37:57 +0000 2018|...peace treaty with Israel. We have taken Jerusalem, the toughest part of the negotiation, off the table, but Israel, for that, would have had to pay more. But with the Palestinians no longer willing to talk peace, why should we make any of these massive future payments to them?|18727|90197
realDonaldTrump|Tue Jan 02 22:37:56 +0000 2018|It's not only Pakistan that we pay billions of dollars to for nothing, but also many other countries, and others. As an example, we pay the Palestinians HUNDRED OF MILLIONS OF DOLLARS a year and get no appreciation or respect. They don?t even want to negotiate a long overdue...|27446|113643
realDonaldTrump|Tue Jan 02 22:23:41 +0000 2018|Congratulations to Senator Orrin Hatch on an absolutely incredible career. He has been a tremendous supporter, and I will never forget the (beyond kind) statements he has made about me as President. He is my friend and he will be greatly missed in the U.S. Senate! https://t.co/0VjzLEeHTl|11642|60888
realDonaldTrump|Tue Jan 02 18:11:11 +0000 2018|We will not rest until all of America?s GREAT VETERANS can receive the care they so richly deserve. Tremendous progress has been made in a short period of time. Keep up the great work @SecShulkin @DeptVetAffairs! https://t.co/ir25vW15hx https://t.co/OtuzIgxMn6|15340|67706
realDonaldTrump|Tue Jan 02 15:16:38 +0000 2018|Democrats are doing nothing for DACA - just interested in politics.  DACA activists and Hispanics will go hard against Dems, will start ?falling in love? with Republicans and their President! We are about RESULTS.|17405|84049
realDonaldTrump|Tue Jan 02 14:53:47 +0000 2018|....impartial journalists of a much higher standard, lose all of your phony and non-existent ?sources,? and treat the President of the United States FAIRLY, so that the next time I (and the people) win, you won?t have to write an apology to your readers for a job poorly done! GL|15489|74309
realDonaldTrump|Tue Jan 02 14:39:49 +0000 2018|The Failing New York Times has a new publisher, A.G. Sulzberger. Congratulations! Here is a last chance for the Times to fulfill the vision of its Founder, Adolph Ochs, ?to give the news impartially, without fear or FAVOR, regardless of party, sect, or interests involved.? Get...|16852|76030
realDonaldTrump|Tue Jan 02 14:13:13 +0000 2018|Since taking office I have been very strict on Commercial Aviation. Good news - it was just reported that there were Zero deaths in 2017, the best and safest year on record!|15370|85357
realDonaldTrump|Tue Jan 02 14:08:56 +0000 2018|Sanctions and ?other? pressures are beginning to have a big impact on North Korea. Soldiers are dangerously fleeing to South Korea. Rocket man now wants to talk to South Korea for first time. Perhaps that is good news, perhaps not - we will see!|16302|74720
realDonaldTrump|Tue Jan 02 13:49:23 +0000 2018|Companies are giving big bonuses to their workers because of the Tax Cut Bill. Really great!|14661|83492
realDonaldTrump|Tue Jan 02 13:44:33 +0000 2018|Thank you to Brandon Judd of the National Border Patrol Council for your kind words on how well we are doing at the Border. We will be bringing in more &amp; more of your great folks and will build the desperately needed WALL! @foxandfriends|13590|66851
realDonaldTrump|Tue Jan 02 12:48:00 +0000 2018|Crooked Hillary Clinton?s top aid, Huma Abedin, has been accused of disregarding basic security protocols. She put Classified Passwords into the hands of foreign agents. Remember sailors pictures on submarine? Jail! Deep State Justice Dept must finally act? Also on Comey &amp; others|35525|126006
realDonaldTrump|Tue Jan 02 12:09:17 +0000 2018|The people of Iran are finally acting against the brutal and corrupt Iranian regime. All of the money that President Obama so foolishly gave them went into terrorism and into their ?pockets.? The people have little food, big inflation and no human rights. The U.S. is watching!|26538|101711
realDonaldTrump|Mon Jan 01 13:37:52 +0000 2018|Will be leaving Florida for Washington (D.C.) today at 4:00 P.M. Much work to be done, but it will be a great New Year!|15869|110353
realDonaldTrump|Mon Jan 01 12:44:40 +0000 2018|Iran is failing at every level despite the terrible deal made with them by the Obama Administration. The great Iranian people have been repressed for many years. They are hungry for food &amp; for freedom. Along with human rights, the wealth of Iran is being looted. TIME FOR CHANGE!|27263|107001
realDonaldTrump|Mon Jan 01 12:12:00 +0000 2018|The United States has foolishly given Pakistan more than 33 billion dollars in aid over the last 15 years, and they have given us nothing but lies &amp; deceit, thinking of our leaders as fools. They give safe haven to the terrorists we hunt in Afghanistan, with little help. No more!|96547|294359
realDonaldTrump|Sun Dec 31 23:43:04 +0000 2017|HAPPY NEW YEAR! We are MAKING AMERICA GREAT AGAIN, and much faster than anyone thought possible!|39108|188515
realDonaldTrump|Sun Dec 31 22:18:20 +0000 2017|As our Country rapidly grows stronger and smarter, I want to wish all of my friends, supporters, enemies, haters, and even the very dishonest Fake News Media, a Happy and Healthy New Year. 2018 will be a great year for America!|43062|192155
realDonaldTrump|Sun Dec 31 22:00:21 +0000 2017|Iran, the Number One State of Sponsored Terror with numerous violations of Human Rights occurring on an hourly basis, has now closed down the Internet so that peaceful demonstrators cannot communicate. Not good!|30978|106614
realDonaldTrump|Sun Dec 31 19:06:52 +0000 2017|What a year it?s been, and we're just getting started. Together, we are MAKING AMERICA GREAT AGAIN! Happy New Year!! https://t.co/qsMNyN1UJG|31192|131955
realDonaldTrump|Sun Dec 31 18:36:28 +0000 2017|My deepest condolences to the victims of the terrible shooting in Douglas County @DCSheriff, and their families. We love our police and law enforcement - God Bless them all! #LESM|17624|85495
realDonaldTrump|Sun Dec 31 13:36:32 +0000 2017|Why would smart voters want to put Democrats in Congress in 2018 Election when their policies will totally kill the great wealth created during the months since the Election. People are much better off now not to mention ISIS, VA, Judges, Strong Border, 2nd A, Tax Cuts &amp; more?|27189|116053
realDonaldTrump|Sun Dec 31 13:26:29 +0000 2017|If the Dems (Crooked Hillary) got elected, your stocks would be down 50% from values on Election Day. Now they have a great future - and just beginning! https://t.co/9TzSC8F8vY|14734|69004
realDonaldTrump|Sun Dec 31 13:03:29 +0000 2017|Big protests in Iran. The people are finally getting wise as to how their money and wealth is being stolen and squandered on terrorism. Looks like they will not take it any longer. The USA is watching very closely for human rights violations!|30212|115067
realDonaldTrump|Sun Dec 31 04:46:21 +0000 2017|?Trump Rally: Stocks put 2017 in the record books? https://t.co/0foQGaFjMh|13101|62879
realDonaldTrump|Sat Dec 30 22:42:09 +0000 2017|Jobs are kicking in and companies are coming back to the U.S. Unnecessary regulations and high taxes are being dramatically Cut, and it will only get better. MUCH MORE TO COME!|24053|121156
realDonaldTrump|Sat Dec 30 22:36:41 +0000 2017|I use Social Media not because I like to, but because it is the only way to fight a VERY dishonest and unfair ?press,? now often referred to as Fake News Media. Phony and non-existent ?sources? are being used more often than ever. Many stories &amp; reports a pure fiction!|51015|203989
realDonaldTrump|Sat Dec 30 21:12:45 +0000 2017|On Taxes: ?This is the biggest corporate rate cut ever, going back to the corporate income tax rate of roughly 80 years ago.This is a huge pro-growth stimulus for the economy. Every year the Obama WH overstated how the economy would grow. Now real economics and jobs.? @WSJ Report|16287|75875
realDonaldTrump|Sat Dec 30 19:02:53 +0000 2017|Oppressive regimes cannot endure forever, and the day will come when the Iranian people will face a choice. The world is watching! https://t.co/kvv1uAqcZ9|23049|82444
realDonaldTrump|Sat Dec 30 19:00:54 +0000 2017|The entire world understands that the good people of Iran want change, and, other than the vast military power of the United States, that Iran?s people are what their leaders fear the most.... https://t.co/W8rKN9B6RT|22697|80457
realDonaldTrump|Sat Dec 30 03:42:58 +0000 2017|Many reports of peaceful protests by Iranian citizens fed up with regime?s corruption &amp; its squandering of the nation?s wealth to fund terrorism abroad. Iranian govt should respect their people?s rights, including right to express themselves. The world is watching! #IranProtests|49524|136841
realDonaldTrump|Fri Dec 29 13:16:11 +0000 2017|The Democrats have been told, and fully understand, that there can be no DACA without the desperately needed WALL at the Southern Border and an END to the horrible Chain Migration &amp; ridiculous Lottery System of Immigration etc. We must protect our Country at all cost!|33559|140612
realDonaldTrump|Fri Dec 29 13:04:09 +0000 2017|Why is the United States Post Office, which is losing many billions of dollars a year, while charging Amazon and others so little to deliver their packages, making Amazon richer and the Post Office dumber and poorer? Should be charging MUCH MORE!|26303|117210
realDonaldTrump|Fri Dec 29 12:46:23 +0000 2017|While the Fake News loves to talk about my so-called low approval rating, @foxandfriends just showed that my rating on Dec. 28, 2017, was approximately the same as President Obama on Dec. 28, 2009, which was 47%...and this despite massive negative Trump coverage &amp; Russia hoax!|22009|96918
realDonaldTrump|Fri Dec 29 00:01:47 +0000 2017|In the East, it could be the COLDEST New Year?s Eve on record. Perhaps we could use a little bit of that good old Global Warming that our Country, but not other countries, was going to pay TRILLIONS OF DOLLARS to protect against. Bundle up!|61228|198423
realDonaldTrump|Thu Dec 28 23:14:21 +0000 2017|Together, we are MAKING AMERICA GREAT AGAIN! https://t.co/OeyTdFyl1Q https://t.co/wdLQkfdy4m|14762|66495
realDonaldTrump|Thu Dec 28 19:20:47 +0000 2017|I've been saying it for a long, long time. #NoKo https://t.co/LQl7tGhMdO|25453|72563
realDonaldTrump|Thu Dec 28 16:24:08 +0000 2017|Caught RED HANDED - very disappointed that China is allowing oil to go into North Korea. There will never be a friendly solution to the North Korea problem if this continues to happen!|29943|121706
realDonaldTrump|Thu Dec 28 16:18:20 +0000 2017|Retail sales are at record numbers. We?ve got the economy going better than anyone ever dreamt - and you haven?t seen anything yet!|20286|106015
realDonaldTrump|Thu Dec 28 15:24:53 +0000 2017|Vanity Fair, which looks like it is on its last legs, is bending over backwards in apologizing for the minor hit they took at Crooked H. Anna Wintour, who was all set to be Amb to Court of St James?s &amp; a big fundraiser for CH, is beside herself in grief &amp; begging for forgiveness!|13492|63895
realDonaldTrump|Thu Dec 28 02:46:30 +0000 2017|"?Arrests of MS-13 Members, Associates Up 83% Under Trump? 
https://t.co/70iPHy2Yqn"|19862|82551
realDonaldTrump|Thu Dec 28 02:09:22 +0000 2017|?On 1/20 - the day Trump was inaugurated - an estimated 35,000 ISIS fighters held approx 17,500 square miles of territory in both Iraq and Syria. As of 12/21, the U.S. military est the remaining 1,000 or so fighters occupy roughly 1,900 square miles..? @jamiejmcintyre @dcexaminer https://t.co/OgYEuDgzD2|18558|66926
realDonaldTrump|Wed Dec 27 23:11:13 +0000 2017|Just left West Palm Beach Fire &amp; Rescue #2. Met with great men and women as representatives of those who do so much for all of us. Firefighters, paramedics, first responders - what amazing people they are!|17357|105521
realDonaldTrump|Tue Dec 26 22:17:14 +0000 2017|All signs are that business is looking really good for next year, only to be helped further by our Tax Cut Bill. Will be a great year for Companies and JOBS! Stock Market is poised for another year of SUCCESS!|23799|126559
realDonaldTrump|Tue Dec 26 13:24:27 +0000 2017|WOW, @foxandfrlends  ?Dossier is bogus. Clinton Campaign, DNC funded Dossier. FBI CANNOT (after all of this time) VERIFY CLAIMS IN DOSSIER OF RUSSIA/TRUMP COLLUSION. FBI TAINTED.? And they used this Crooked Hillary pile of garbage as the basis for going after the Trump Campaign!|32982|114313
realDonaldTrump|Tue Dec 26 11:58:42 +0000 2017|Based on the fact that the very unfair and unpopular Individual Mandate has been terminated as part of our Tax Cut Bill, which essentially Repeals (over time) ObamaCare, the Democrats &amp; Republicans will eventually come together and develop a great new HealthCare plan!|19246|106282
realDonaldTrump|Mon Dec 25 23:33:55 +0000 2017|I hope everyone is having a great Christmas, then tomorrow it?s back to work in order to Make America Great Again (which is happening faster than anyone anticipated)!|32187|191918
realDonaldTrump|Mon Dec 25 13:36:51 +0000 2017|MERRY CHRISTMAS!!! https://t.co/mYtV5GNdLl|46991|200458
realDonaldTrump|Mon Dec 25 03:51:52 +0000 2017|MERRY CHRISTMAS!! https://t.co/xa2qxcisVV|31389|145094
realDonaldTrump|Mon Dec 25 02:56:19 +0000 2017|People are proud to be saying Merry Christmas again. I am proud to have led the charge against the assault of our cherished and beautiful phrase. MERRY CHRISTMAS!!!!!|50382|221914
realDonaldTrump|Sun Dec 24 20:35:26 +0000 2017|The Tax Cut/Reform Bill, including Massive Alaska Drilling and the Repeal of the highly unpopular Individual Mandate, brought it all together as to what an incredible year we had. Don?t let the Fake News convince you otherwise...and our insider Polls are strong!|21624|107136
realDonaldTrump|Sun Dec 24 13:48:11 +0000 2017|The Fake News refuses to talk about how Big and how Strong our BASE is. They show Fake Polls just like they report Fake News. Despite only negative reporting, we are doing well - nobody is going to beat us. MAKE AMERICA GREAT AGAIN!|30809|134098
realDonaldTrump|Sun Dec 24 12:25:22 +0000 2017|.@FoxNews-FBI?s Andrew McCabe, ?in addition to his wife getting all of this money from M (Clinton Puppet), he was using, allegedly, his FBI Official Email Account to promote her campaign. You obviously cannot do this. These were the people who were investigating Hillary Clinton.?|28080|95722
realDonaldTrump|Sat Dec 23 22:57:50 +0000 2017|Remember, the Republicans are 5-0 in Congressional races this year. In Senate, I said Roy M would lose in Alabama and supported Big Luther Strange - and Roy lost. Virginia candidate was not a ?Trumper,? and he lost.  Good Republican candidates will win BIG!|15661|81913
realDonaldTrump|Sat Dec 23 22:44:45 +0000 2017|The Stock Market is setting record after record and unemployment is at a 17 year low. So many things accomplished by the Trump Administration, perhaps more than any other President in first year. Sadly, will never be reported correctly by the Fake News Media!|21205|97359
realDonaldTrump|Sat Dec 23 20:32:42 +0000 2017|Wow, ?FBI lawyer James Baker reassigned,? according to @FoxNews.|16175|66910
realDonaldTrump|Sat Dec 23 20:30:06 +0000 2017|FBI Deputy Director Andrew McCabe is racing the clock to retire with full benefits. 90 days to go?!!!|21101|71485
realDonaldTrump|Sat Dec 23 20:27:05 +0000 2017|How can FBI Deputy Director Andrew McCabe, the man in charge, along with leakin? James Comey, of the Phony Hillary Clinton investigation (including her 33,000 illegally deleted emails) be given $700,000 for wife?s campaign by Clinton Puppets during investigation?|34454|117244
realDonaldTrump|Fri Dec 22 22:11:56 +0000 2017|Remember, the most hated part of ObamaCare is the Individual Mandate, which is being terminated under our just signed Tax Cut Bill.|23851|116140
realDonaldTrump|Fri Dec 22 20:47:43 +0000 2017|Today, it was my great honor to sign the largest TAX CUTS and reform in the history of our country. Full remarks: https://t.co/kMxoxEB68G https://t.co/OeAoA0sLfx|14937|66342
realDonaldTrump|Fri Dec 22 20:47:15 +0000 2017|The United Nations Security Council just voted 15-0 in favor of additional Sanctions on North Korea. The World wants Peace, not Death!|17885|87329
realDonaldTrump|Fri Dec 22 18:40:29 +0000 2017|Congressman Ron DeSantis is a brilliant young leader, Yale and then Harvard Law, who would make a GREAT Governor of Florida. He loves our Country and is a true FIGHTER!|15535|70533
realDonaldTrump|Fri Dec 22 16:46:49 +0000 2017|95% of Americans will pay less or, at worst, the same amount of taxes (mostly far less). The Dems only want to raise your taxes!|20108|99785
realDonaldTrump|Fri Dec 22 15:07:55 +0000 2017|Will be signing the biggest ever Tax Cut and Reform Bill in 30 minutes in Oval Office. Will also be signing a much needed 4 billion dollar missile defense bill.|18017|99053
realDonaldTrump|Fri Dec 22 15:04:39 +0000 2017|With all my Administration has done on Legislative Approvals (broke Harry Truman?s Record), Regulation Cutting, Judicial Appointments, Building Military, VA, TAX CUTS &amp; REFORM, Record Economy/Stock Market and so much more, I am sure great credit will be given by mainstream news?|18674|88366
realDonaldTrump|Fri Dec 22 14:17:04 +0000 2017|?The President has accomplished some absolutely historic things during this past year.? Thank you Charlie Kirk of Turning Points USA. Sadly, the Fake Mainstream Media will NEVER talk about our accomplishments in their end of year reviews. We are compiling a long &amp; beautiful list.|17624|82626
realDonaldTrump|Fri Dec 22 13:05:06 +0000 2017|At some point, and for the good of the country, I predict we will start working with the Democrats in a Bipartisan fashion. Infrastructure would be a perfect place to start. After having foolishly spent $7 trillion in the Middle East, it is time to start rebuilding our country!|26011|117292
realDonaldTrump|Fri Dec 22 12:50:42 +0000 2017|So true! https://t.co/1c8hu6O5t9|9631|45966
realDonaldTrump|Fri Dec 22 12:47:51 +0000 2017|Our big and very popular Tax Cut and Reform Bill has taken on an unexpected new source of ?love? - that is big companies and corporations showering their workers with bonuses. This is a phenomenon that nobody even thought of, and now it is the rage. Merry Christmas!|20813|91447
realDonaldTrump|Thu Dec 21 18:16:28 +0000 2017|THANK YOU to everyone who joined me at the @WhiteHouse yesterday. Together, we are MAKING AMERICA GREAT AGAIN! https://t.co/9HgcBKDSxo https://t.co/dTMU8OwmWB|13246|66012
realDonaldTrump|Thu Dec 21 14:52:22 +0000 2017|House Democrats want a SHUTDOWN for the holidays in order to distract from the very popular, just passed, Tax Cuts. House Republicans, don?t let this happen. Pass the C.R. TODAY and keep our Government OPEN!|19443|85231
realDonaldTrump|Thu Dec 21 13:56:28 +0000 2017|Home Sales hit BEST numbers in 10 years! MAKE AMERICA GREAT AGAIN|17063|82583
realDonaldTrump|Thu Dec 21 12:45:17 +0000 2017|Was @foxandfriends just named the most influential show in news? You deserve it - three great people! The many Fake News Hate Shows should study your formula for success!|17993|88525
realDonaldTrump|Thu Dec 21 12:24:22 +0000 2017|The Massive Tax Cuts, which the Fake News Media is desperate to write badly about so as to please their Democrat bosses, will soon be kicking in and will speak for themselves. Companies are already making big payments to workers. Dems want to raise taxes, hate these big Cuts!|23927|107093
realDonaldTrump|Wed Dec 20 21:44:50 +0000 2017|WE ARE MAKING AMERICA GREAT AGAIN! https://t.co/HY353gXV0R|22632|97186
realDonaldTrump|Wed Dec 20 18:09:44 +0000 2017|"We are delivering HISTORIC TAX RELIEF for the American people!
#TaxCutsandJobsAct https://t.co/lLgATrCh5o"|19416|79767
realDonaldTrump|Wed Dec 20 17:30:26 +0000 2017|Together, we are MAKING AMERICA GREAT AGAIN! https://t.co/47k9i4p3J2|14497|65788
realDonaldTrump|Wed Dec 20 16:39:04 +0000 2017|I would like to congratulate @SenateMajLdr on having done a fantastic job both strategically &amp; politically on the passing in the Senate of the MASSIVE TAX CUT &amp; Reform Bill. I could have not asked for a better or more talented partner. Our team will go onto many more VICTORIES!|16836|85010
realDonaldTrump|Wed Dec 20 14:32:51 +0000 2017|The Tax Cuts are so large and so meaningful, and yet the Fake News is working overtime to follow the lead of their friends, the defeated Dems, and only demean. This is truly a case where the results will speak for themselves, starting very soon. Jobs, Jobs, Jobs!|16927|75994
realDonaldTrump|Wed Dec 20 06:09:06 +0000 2017|The United States Senate just passed the biggest in history Tax Cut and Reform Bill. Terrible Individual Mandate (ObamaCare)Repealed. Goes to the House tomorrow morning for final vote. If approved, there will be a News Conference at The White House at approximately 1:00 P.M.|29622|134655
realDonaldTrump|Tue Dec 19 20:18:12 +0000 2017|Congratulations to Paul Ryan, Kevin McCarthy, Kevin Brady, Steve Scalise, Cathy McMorris Rodgers and all great House Republicans who voted in favor of cutting your taxes!|23178|122861
realDonaldTrump|Tue Dec 19 15:07:01 +0000 2017|A  story in the @washingtonpost that I was close to ?rescinding? the nomination of Justice Gorsuch prior to confirmation is FAKE NEWS. I never even wavered and am very proud of him and the job he is doing as a Justice of the U.S. Supreme Court. The unnamed sources don?t exist!|23519|92846
realDonaldTrump|Tue Dec 19 11:23:40 +0000 2017|Stocks and the economy have a long way to go after the Tax Cut Bill is totally understood and appreciated in scope and size. Immediate expensing will have a big impact. Biggest Tax Cuts and Reform EVER passed. Enjoy, and create many beautiful JOBS!|13480|67033
realDonaldTrump|Tue Dec 19 11:04:11 +0000 2017|DOW RISES 5000 POINTS ON THE YEAR FOR THE FIRST TIME EVER - MAKE AMERICA GREAT AGAIN!|22796|109243
realDonaldTrump|Tue Dec 19 00:54:32 +0000 2017|Together, our task is to strengthen our families, to build up our communities, to serve our citizens, and to celebrate AMERICAN GREATNESS as a shining example to the world.... https://t.co/ds6tZlgJpA|15684|64112
realDonaldTrump|Mon Dec 18 23:49:30 +0000 2017|"With the strategy that I announced today, we are declaring that AMERICA is in the game and AMERICA is DETERMINED to WIN!

OUR FOUR PILLARS OF NATIONAL SECURITY STRATEGY: https://t.co/B3POaMVID8"|14788|58711
realDonaldTrump|Mon Dec 18 22:25:20 +0000 2017|70 Record Closes for the Dow so far this year! We have NEVER had 70 Dow Records in a one year period. Wow!|20321|94006
realDonaldTrump|Mon Dec 18 22:20:20 +0000 2017|Thank you Maria B! https://t.co/v1UR63CqLK|8178|38530
realDonaldTrump|Mon Dec 18 22:18:13 +0000 2017|So true Ivanka! https://t.co/BNGUJG69Ki|8225|42126
realDonaldTrump|Mon Dec 18 20:40:08 +0000 2017|As the world watches, we are days away from passing HISTORIC TAX CUTS for American families and businesses. It will be the BIGGEST TAX CUT and TAX REFORM in the HISTORY of our country! https://t.co/EvcAkjuf8w|9444|46665
realDonaldTrump|Mon Dec 18 20:28:19 +0000 2017|When the American People speak, ALL OF US should listen. Just over one year ago, you spoke loud and clear. On November 8, 2016, you voted to MAKE AMERICA GREAT AGAIN! https://t.co/3AOv53S0PU|9688|46714
realDonaldTrump|Mon Dec 18 20:19:18 +0000 2017|Over the past 11 months, I have travelled tens of thousands of miles, to visit 13 countries. I have met with more than 100 world leaders and everywhere I traveled, it was my highest privilege and greatest honor to represent the AMERICAN PEOPLE! https://t.co/7SDsEeIhJH|12293|61781
realDonaldTrump|Mon Dec 18 19:35:38 +0000 2017|Our deepest sympathies and most heartfelt prayers are with the victims of the train derailment in Washington State. We are closely monitoring the situation and coordinating with local authorities... https://t.co/Gyf5BdVm4G|8266|41222
realDonaldTrump|Mon Dec 18 18:51:26 +0000 2017|My thoughts and prayers are with everyone involved in the train accident in DuPont, Washington. Thank you to all of our wonderful First Responders who are on the scene. We are currently monitoring here at the White House.|14455|81404
realDonaldTrump|Mon Dec 18 18:41:05 +0000 2017|The train accident that just occurred in DuPont, WA shows more than ever why our soon to be submitted infrastructure plan must be approved quickly. Seven trillion dollars spent in the Middle East while our roads, bridges, tunnels, railways (and more) crumble! Not for long!|21651|102072
realDonaldTrump|Mon Dec 18 11:42:18 +0000 2017|Ivanka Trump will be interviewed on @foxandfriends.|5899|42389
realDonaldTrump|Mon Dec 18 11:23:49 +0000 2017|Remember, Republicans are 5-0 in Congressional Races this year. The media refuses to mention this. I said Gillespie and Moore would lose (for very different reasons), and they did. I also predicted  ?I? would win. Republicans will do well in 2018, very well! @foxandfriends|17818|84194
realDonaldTrump|Mon Dec 18 00:26:07 +0000 2017|More than a century after conquering flight, the #WrightBrothers continue to motivate &amp; inspire Americans, who never tire of exploration &amp; innovation. This GREAT AMERICAN SPIRIT can be found in the design of every new supersonic jet and next generation: https://t.co/NeKPMgkdg8 https://t.co/pODjl00lAy|12343|58267
realDonaldTrump|Sun Dec 17 21:13:34 +0000 2017|Wonderful weekend at Camp David. A very special place. A lot of very important work done. Heading back to the @WhiteHouse now. https://t.co/cKxlsdr1ut|10317|61176
realDonaldTrump|Sun Dec 17 17:01:58 +0000 2017|As a candidate, I promised we would pass a massive TAX CUT for the everyday working American families who are the backbone and the heartbeat of our country. Now, we are just days away... https://t.co/MADTGUMktX|17249|81988
realDonaldTrump|Sat Dec 16 20:31:43 +0000 2017|WEEKLY ADDRESS?? https://t.co/1sH20Hb33x|12215|50156
realDonaldTrump|Sat Dec 16 20:05:05 +0000 2017|TAX CUTS will increase investment in the American economy and in U.S. workers, leading to higher growth, higher wages, and more JOBS! https://t.co/4GxM8psMU1|14365|67268
realDonaldTrump|Sat Dec 16 14:52:03 +0000 2017|Congratulations to two great and hardworking guys, Corey Lewandowski and David Bossie, on the success of their just out book, ?Let Trump Be Trump.? Finally people with real knowledge are writing about our wonderful and exciting campaign!|20963|105549
realDonaldTrump|Sat Dec 16 03:12:37 +0000 2017|Great job Kevin, we are all proud of you! https://t.co/K6hEEaOxKt|13048|62523
realDonaldTrump|Sat Dec 16 00:00:11 +0000 2017|DOW, S&amp;P 500 and NASDAQ close at record highs! #MAGA https://t.co/hvqwnqSGuG|12134|55084
realDonaldTrump|Fri Dec 15 21:58:12 +0000 2017|"Today, it was my tremendous honor to visit Marine Helicopter Squadron One (HMX-1) at the Marine Corps Air Facility in Quantico, Virginia. 

I am honored to serve as your Commander-in-Chief. On behalf of an entire Nation, THANK YOU for your sacrifice and service. We love you! https://t.co/eLOTc7do52"|17195|74794
realDonaldTrump|Fri Dec 15 19:48:58 +0000 2017|"You are always there for us ? THE MEN AND WOMEN IN BLUE.

Thank you to our police, thank you to our sheriffs, and thank you to our law enforcement families. God Bless you all, and GOD BLESS AMERICA! #LESM https://t.co/9ejiddVL9h"|15967|69632
realDonaldTrump|Fri Dec 15 17:35:59 +0000 2017|To each member of the graduating class from the National Academy at Quantico, CONGRATULATIONS! https://t.co/bGT8S33ZLU|9326|50684
realDonaldTrump|Fri Dec 15 13:55:01 +0000 2017|It was my honor. THANK YOU! https://t.co/1LvqbRQ1bi|13138|66227
realDonaldTrump|Thu Dec 14 21:20:51 +0000 2017|?Manufacturing Optimism Rose to Another All-Time High in the Latest @ShopFloorNAM Outlook Survey? https://t.co/LuV4BMp0Xc|8396|37080
realDonaldTrump|Thu Dec 14 20:35:13 +0000 2017|"In 1960, there were approximately 20,000 pages in the Code of Federal Regulations. Today there are over 185,000 pages, as seen in the Roosevelt Room.

Today, we CUT THE RED TAPE! It is time to SET FREE OUR DREAMS and MAKE AMERICA GREAT AGAIN! https://t.co/teAVNzjvcx"|24181|84612
realDonaldTrump|Thu Dec 14 20:27:00 +0000 2017|"When Americans are free to thrive, innovate, &amp; prosper, there is no challenge too great, no task too large, &amp; no goal beyond our reach. 

We are a nation of explorers, pioneers, innovators &amp; inventors. We are nation of people who work hard, dream big, &amp; who never, ever give up... https://t.co/9LVdp6zOgZ"|15778|66730
realDonaldTrump|Thu Dec 14 20:13:04 +0000 2017|Today, we gathered in the Roosevelt Room for one single reason: to CUT THE RED TAPE! For many decades, an ever-growing maze of regs, rules, and restrictions has cost our country trillions of dollars, millions of jobs, countless American factories, &amp; devastated entire industries. https://t.co/ostXOVnckf|11963|54998
realDonaldTrump|Thu Dec 14 17:05:13 +0000 2017|As a candidate, I promised we would pass a massive tax cut for the everyday, working Americans. If you make your voices heard, this moment will be forever remembered as a great new beginning ? the dawn of a brilliant American future shining with PATRIOTISM, PROSPERITY AND PRIDE! https://t.co/exsBzrlCdw|17179|73751
realDonaldTrump|Thu Dec 14 12:59:56 +0000 2017|Republican Tax Cuts are looking very good. All are working hard. In the meantime, the Stock Market hit another record high!|16081|88777
realDonaldTrump|Wed Dec 13 23:58:18 +0000 2017|Thank you Omarosa for your service! I wish you continued success.|13088|82620
realDonaldTrump|Wed Dec 13 14:45:48 +0000 2017|If last night?s election proved anything, it proved that we need to put up GREAT Republican candidates to increase the razor thin margins in both the House and Senate.|18588|97227
realDonaldTrump|Wed Dec 13 13:02:52 +0000 2017|Wow, more than 90% of Fake News Media coverage of me is negative, with numerous forced retractions of untrue stories. Hence my use of Social Media, the only way to get the truth out. Much of Mainstream Meadia has become a joke! @foxandfriends|27158|114172
realDonaldTrump|Wed Dec 13 11:22:04 +0000 2017|The reason I originally endorsed Luther Strange (and his numbers went up mightily), is that I said Roy Moore will not be able to win the General Election.  I was right! Roy worked hard but the deck was stacked against him!|14057|71951
realDonaldTrump|Wed Dec 13 04:08:41 +0000 2017|Congratulations to Doug Jones on a hard fought victory. The write-in votes played a very big factor, but a win is a win. The people of Alabama are great, and the Republicans will have another shot at this seat in a very short period of time. It never ends!|22957|117260
realDonaldTrump|Tue Dec 12 22:13:12 +0000 2017|Wishing all of those celebrating #Hanukkah around the world a happy and healthy eight nights in the company of those they love. https://t.co/A5W0PDWBxp https://t.co/D9MVVPq39x|16237|74045
realDonaldTrump|Tue Dec 12 14:23:55 +0000 2017|Consumer Confidence is at an All-Time High, along with a Record High Stock Market. Unemployment is at a 17 year low. MAKE AMERICA GREAT AGAIN! Working to pass MASSIVE TAX CUTS (looking good).|18705|87915
realDonaldTrump|Tue Dec 12 14:09:26 +0000 2017|The people of Alabama will do the right thing. Doug Jones is Pro-Abortion, weak on Crime, Military and Illegal Immigration, Bad for Gun Owners and Veterans and against the WALL. Jones is a Pelosi/Schumer Puppet. Roy Moore will always vote with us. VOTE ROY MOORE!|19749|76954
realDonaldTrump|Tue Dec 12 13:03:35 +0000 2017|Lightweight Senator Kirsten Gillibrand, a total flunky for Chuck Schumer and someone who would come to my office ?begging? for campaign contributions not so long ago (and would do anything for them), is now in the ring fighting against Trump. Very disloyal to Bill &amp; Crooked-USED!|21380|83795
realDonaldTrump|Tue Dec 12 12:10:58 +0000 2017|Despite thousands of hours wasted and many millions of dollars spent, the Democrats have been unable to show any collusion with Russia - so now they are moving on to the false accusations and fabricated stories of women who I don?t know and/or have never met. FAKE NEWS!|35224|140443
realDonaldTrump|Mon Dec 11 14:17:18 +0000 2017|Another false story, this time in the Failing @nytimes, that I watch 4-8 hours of television a day - Wrong!  Also, I seldom, if ever, watch CNN or MSNBC, both of which I consider Fake News. I never watch Don Lemon, who I once called the ?dumbest man on television!? Bad Reporting.|31053|131110
realDonaldTrump|Sun Dec 10 21:18:40 +0000 2017|Very little discussion of all the purposely false and defamatory stories put out this week by the Fake News Media. They are out of control - correct reporting means nothing to them. Major lies written, then forced to be withdrawn after they are exposed...a stain on America!|28294|113751
realDonaldTrump|Sun Dec 10 13:35:28 +0000 2017|Getting closer and closer on the Tax Cut Bill. Shaping up even better than projected. House and Senate working very hard and smart. End result will be not only important, but SPECIAL!|16978|91443
realDonaldTrump|Sun Dec 10 13:30:44 +0000 2017|Things are going really well for our economy, a subject the Fake News spends as little time as possible discussing! Stock Market hit another RECORD HIGH, unemployment is now at a 17 year low and companies are coming back into the USA. Really good news, and much more to come!|26792|121565
realDonaldTrump|Sun Dec 10 02:17:25 +0000 2017|No American should be separated from their loved ones because of preventable crime committed by those illegally in our country. Our cities should be Sanctuaries for Americans ? not for criminal aliens! https://t.co/CvtkCG1pln|32900|119278
realDonaldTrump|Sat Dec 09 23:47:55 +0000 2017|Great Army - Navy Game. Army wins 14 to 13 and brings home the COMMANDER-IN-CHIEF?S TROPHY! Congratulations!|14250|89625
realDonaldTrump|Sat Dec 09 23:14:34 +0000 2017|.@daveweigel of the Washington Post just admitted that his picture was a FAKE (fraud?) showing an almost empty arena last night for my speech in Pensacola when, in fact, he knew the arena was packed (as shown also on T.V.). FAKE NEWS, he should be fired.|22214|85057
realDonaldTrump|Sat Dec 09 22:01:44 +0000 2017|.@DaveWeigel @WashingtonPost put out a phony photo of an empty arena hours before I arrived @ the venue, w/ thousands of people outside, on their way in. Real photos now shown as I spoke. Packed house, many people unable to get in. Demand apology &amp; retraction from FAKE NEWS WaPo! https://t.co/XAblFGh1ob|22587|73591
realDonaldTrump|Sat Dec 09 18:37:31 +0000 2017|"Have a great game today, @USArmy and @USNavy - I will be watching. 

We love our U.S. Military. On behalf of an entire Nation, THANK YOU for your sacrifice and service! 
#ArmyNavyGame #USA?? https://t.co/8m1W9rFwIh"|10156|51221
realDonaldTrump|Sat Dec 09 18:19:31 +0000 2017|It was my great honor to celebrate the opening of two extraordinary museums-the Mississippi State History Museum &amp; the Mississippi Civil Rights Museum. We pay solemn tribute to our heroes of the past &amp; dedicate ourselves to building a future of freedom, equality, justice &amp; peace. https://t.co/5AkgVpV8aa|13780|63047
realDonaldTrump|Sat Dec 09 15:45:47 +0000 2017|Heading to the great state of Mississippi at the invitation of their popular and respected Governor, @PhilBryantMS. Look forward to seeing the new Civil Rights Museum!|9896|57015
realDonaldTrump|Sat Dec 09 13:21:24 +0000 2017|CNN?S slogan is CNN, THE MOST TRUSTED NAME IN NEWS. Everyone knows this is not true, that this could, in fact, be a fraud on the American Public. There are many outlets that are far more trusted than Fake News CNN. Their slogan should be CNN, THE LEAST TRUSTED NAME IN NEWS!|34606|140676
realDonaldTrump|Sat Dec 09 13:02:23 +0000 2017|Fake News CNN made a vicious and purposeful mistake yesterday. They were caught red handed, just like lonely Brian Ross at ABC News (who should be immediately fired for his ?mistake?). Watch to see if @CNN fires those responsible, or was it just gross incompetence?|21933|87976
realDonaldTrump|Sat Dec 09 12:52:18 +0000 2017|A big contingent of very enthusiastic Roy Moore fans at the rally last night. We can?t have a Pelosi/Schumer Liberal Democrat, Jones, in that important Alabama Senate seat. Need your vote to Make America Great Again! Jones will always vote against what we must do for our Country.|12812|57360
realDonaldTrump|Sat Dec 09 12:41:39 +0000 2017|GREAT EVENING last night in Pensacola, Florida. Arena was packed to the rafters, the crowd was loud, loving and really smart. They definitely get what?s going on. Thank you Pensacola!|13042|71319
realDonaldTrump|Sat Dec 09 06:06:03 +0000 2017|We believe that every American should stand for the National Anthem, and we proudly pledge allegiance to one NATION UNDER GOD! https://t.co/r2ITtWwfVs|15810|66935
realDonaldTrump|Sat Dec 09 04:46:05 +0000 2017|"This is your land, this is your home, and it's your voice that matters the most. So speak up, be heard, and fight, fight, fight for the change you've been waiting for your entire life!

MERRY CHRISTMAS and THANK YOU Pensacola, Florida! https://t.co/geWGzpzRp6"|19823|74723
realDonaldTrump|Sat Dec 09 01:04:16 +0000 2017|Just arrived at the Pensacola Bay Center. Join me LIVE on @FoxNews in 10 minutes! #MAGA https://t.co/RQFqOkcpNV|6575|39105
realDonaldTrump|Fri Dec 08 23:25:06 +0000 2017|On my way to Pensacola, Florida. See everyone soon! #MAGA https://t.co/ijwxVSYQ52|7493|47609
realDonaldTrump|Fri Dec 08 19:02:27 +0000 2017|"?The unemployment rate remains at a 17-year low of 4.1%. The unemployment rate in manufacturing dropped to 2.6%, the lowest ever recorded. The unemployment rate among Hispanics dropped to 4.7%, the lowest ever recorded...?
@SecretaryAcosta @USDOL https://t.co/vou28s0yHN"|16766|62564
realDonaldTrump|Fri Dec 08 17:46:21 +0000 2017|MAKE AMERICA GREAT AGAIN! https://t.co/64a93S07s7|13828|64486
realDonaldTrump|Fri Dec 08 15:18:27 +0000 2017|Fines and penalties against Wells Fargo Bank for their bad acts against their customers and others will not be dropped, as has incorrectly been reported, but will be pursued and, if anything, substantially increased. I will cut Regs but make penalties severe when caught cheating!|21242|94107
realDonaldTrump|Fri Dec 08 15:06:55 +0000 2017|LAST thing the Make America Great Again Agenda needs is a Liberal Democrat in Senate where we have so little margin for victory already. The Pelosi/Schumer Puppet Jones would vote against us 100% of the time. He?s bad on Crime, Life, Border, Vets, Guns &amp; Military. VOTE ROY MOORE!|18100|71647
realDonaldTrump|Fri Dec 08 13:11:43 +0000 2017|Big crowd expected today in Pensacola, Florida, for a Make America Great Again speech. We have done so much in so short a period of time...and yet are planning to do so much more! See you there!|14538|76336
realDonaldTrump|Fri Dec 08 05:41:08 +0000 2017|I fulfilled my campaign promise - others didn?t! https://t.co/bYdaOHmPVJ|52812|147403
realDonaldTrump|Fri Dec 08 05:36:09 +0000 2017|"Tonight, @FLOTUS Melania and I were thrilled to welcome so many wonderful friends to the @WhiteHouse ? and wish them all a very #HappyHanukkah
https://t.co/wyPkpTsP1i https://t.co/XhNXZSBEC8"|9633|47364
realDonaldTrump|Thu Dec 07 21:10:28 +0000 2017|"Across the battlefields, oceans, and harrowing skies of Europe and the Pacific throughout the war, one great battle cry could be heard by America?s friends and foes alike:
?REMEMBER PEARL HARBOR.? https://t.co/dfev02TwIr"|12850|60948
realDonaldTrump|Thu Dec 07 20:52:49 +0000 2017|Today, as we Remember Pearl Harbor, it was an incredible honor to be joined with surviving Veterans of the attack on 12/7/1941. They are HEROES, and they are living witnesses to American History. All American hearts are filled with gratitude for their service and their sacrifice. https://t.co/x5LDl25o30|12093|59636
realDonaldTrump|Thu Dec 07 20:04:20 +0000 2017|Today, the U.S. flag flies at half-staff at the @WhiteHouse, in honor of National Pearl Harbor Remembrance Day. https://t.co/LkXsBx2JF8 https://t.co/ogmpydr5LK|10011|53166
realDonaldTrump|Thu Dec 07 16:16:19 +0000 2017|"Today, our entire nation pauses to REMEMBER PEARL HARBOR?and the brave warriors who on that day stood tall and fought for America. 

God Bless our HEROES who wear the uniform, and God Bless the United States of America. #PearlHarborRemembranceDay?? https://t.co/qGhlsPlxtH"|20612|77975
realDonaldTrump|Thu Dec 07 15:04:54 +0000 2017|National Pearl Harbor Remembrance Day - ?A day that will live in infamy!? December 7, 1941|21491|102327
realDonaldTrump|Thu Dec 07 13:08:02 +0000 2017|Go get the new book on Andrew Jackson by Brian Kilmeade...Really good. @foxandfriends|9630|53366
realDonaldTrump|Wed Dec 06 21:14:41 +0000 2017|I have determined that it is time to officially recognize Jerusalem as the capital of Israel. I am also directing the State Department to begin preparation to move the American Embassy from Tel Aviv to Jerusalem... https://t.co/YwgWmT0O8m|36841|129089
realDonaldTrump|Wed Dec 06 18:05:04 +0000 2017|"Join me live from the @WhiteHouse via #Periscope
https://t.co/wLXKoISSTG"|12236|45233
realDonaldTrump|Wed Dec 06 16:11:55 +0000 2017|Our thoughts and prayers are with everyone in the path of California?s wildfires. I encourage everyone to heed the advice and orders of local and state officials. THANK YOU to all First Responders for your incredible work! https://t.co/g9y9PkB352|13058|63968
realDonaldTrump|Wed Dec 06 15:00:03 +0000 2017|MAKE AMERICA GREAT AGAIN!|45084|179762
realDonaldTrump|Tue Dec 05 23:13:28 +0000 2017|Join me this Friday in Pensacola, Florida at the Pensacola Bay Center! Tickets: https://t.co/zA7SGgWqBE https://t.co/QzFdxQdgAL|11761|48867
realDonaldTrump|Tue Dec 05 17:46:45 +0000 2017|"Yesterday, I was thrilled to be with so many WONDERFUL friends, in Utah?s MAGNIFICENT Capitol.

It was my honor to sign two Presidential Proclamations that will modify the national monuments designations of both Bears Ears and Grand Staircase Escalante...
https://t.co/jiTHcPovCi https://t.co/dIpdAUVoRB"|13655|64448
realDonaldTrump|Mon Dec 04 12:35:39 +0000 2017|A must watch: Legal Scholar Alan Dershowitz was just on @foxandfriends talking of what is going on with respect to the greatest Witch Hunt in U.S. political history. Enjoy!|17317|71743
realDonaldTrump|Mon Dec 04 12:03:18 +0000 2017|With the great vote on Cutting Taxes, this could be a big day for the Stock Market - and YOU!|15526|86732
realDonaldTrump|Mon Dec 04 12:00:08 +0000 2017|Putting Pelosi/Schumer Liberal Puppet Jones into office in Alabama would hurt our great Republican Agenda of low on taxes, tough on crime, strong on military and borders...&amp; so much more. Look at your 401-k?s since Election. Highest Stock Market EVER! Jobs are roaring back!|20583|91334
realDonaldTrump|Mon Dec 04 11:17:05 +0000 2017|Democrats refusal to give even one vote for massive Tax Cuts is why we need Republican Roy Moore to win in Alabama. We need his vote on stopping crime, illegal immigration, Border Wall, Military, Pro Life, V.A., Judges 2nd Amendment and more. No to Jones, a Pelosi/Schumer Puppet!|24326|92200
realDonaldTrump|Sun Dec 03 13:36:45 +0000 2017|Report: ?ANTI-TRUMP FBI AGENT LED CLINTON EMAIL PROBE?  Now it all starts to make sense!|35546|120305
realDonaldTrump|Sun Dec 03 13:15:21 +0000 2017|People who lost money when the Stock Market went down 350 points based on the False and Dishonest reporting of Brian Ross of @ABC News (he has been suspended), should consider hiring a lawyer and suing ABC for the damages this bad reporting has caused - many millions of dollars!|34392|117594
realDonaldTrump|Sun Dec 03 13:00:47 +0000 2017|After years of Comey, with the phony and dishonest Clinton investigation (and more), running the FBI, its reputation is in Tatters - worst in History! But fear not, we will bring it back to greatness.|27735|116601
realDonaldTrump|Sun Dec 03 12:42:47 +0000 2017|Tainted (no, very dishonest?) FBI ?agent?s role in Clinton probe under review.? Led Clinton Email probe. @foxandfriends  Clinton money going to wife of another FBI agent in charge.|24286|83262
realDonaldTrump|Sun Dec 03 12:27:54 +0000 2017|Such a total miscarriage of Justice in San Francisco! https://t.co/MSIkBCKF3t|17923|67018
realDonaldTrump|Sun Dec 03 11:15:02 +0000 2017|I never asked Comey to stop investigating Flynn. Just more Fake News covering another Comey lie!|21034|88927
realDonaldTrump|Sun Dec 03 02:22:40 +0000 2017|Congratulations to @ABC News for suspending Brian Ross for his horrendously inaccurate and dishonest report on the Russia, Russia, Russia Witch Hunt. More Networks and ?papers? should do the same with their Fake News!|25392|101568
realDonaldTrump|Sun Dec 03 02:13:28 +0000 2017|Many people in our Country are asking what the ?Justice? Department is going to do about the fact that totally Crooked Hillary, AFTER receiving a subpoena from the United States Congress, deleted and ?acid washed? 33,000 Emails? No justice!|30879|108960
realDonaldTrump|Sun Dec 03 02:06:54 +0000 2017|So General Flynn lies to the FBI and his life is destroyed, while Crooked Hillary Clinton, on that now famous FBI holiday ?interrogation? with no swearing in and no recording, lies many times...and nothing happens to her? Rigged system, or just a double standard?|40643|137215
realDonaldTrump|Sun Dec 03 01:50:15 +0000 2017|Great job First Lady Melania! https://t.co/TRuvaftPcD|13619|76703
realDonaldTrump|Sat Dec 02 21:07:59 +0000 2017|62 years ago this week, a brave seamstress in Montgomery, Alabama uttered one word that changed history... https://t.co/eOvCBcMIKX|25286|93957
realDonaldTrump|Sat Dec 02 17:14:13 +0000 2017|I had to fire General Flynn because he lied to the Vice President and the FBI. He has pled guilty to those lies. It is a shame because his actions during the transition were lawful. There was nothing to hide!|29062|110267
realDonaldTrump|Sat Dec 02 12:54:37 +0000 2017|Biggest Tax Bill and Tax Cuts in history just passed in the Senate. Now these great Republicans will be going for final passage. Thank you to House and Senate Republicans for your hard work and commitment!|26352|122091
realDonaldTrump|Sat Dec 02 07:49:18 +0000 2017|We are one step closer to delivering MASSIVE tax cuts for working families across America. Special thanks to @SenateMajLdr Mitch McConnell and Chairman @SenOrrinHatch for shepherding our bill through the Senate. Look forward to signing a final bill before Christmas! https://t.co/gmWTny3SfS|16060|67953
realDonaldTrump|Fri Dec 01 21:49:27 +0000 2017|"Economists on the TAX CUTS and JOBS ACT:

?The enactment of a comprehensive overhaul - complete with a lower corporate tax rate - will IGNITE our ECONOMY with levels of GROWTH not SEEN IN GENERATIONS...? https://t.co/2vCBDtLh3C"|14621|57443
realDonaldTrump|Fri Dec 01 20:08:22 +0000 2017|"The media has been speculating that I fired Rex Tillerson or that he would be leaving soon - FAKE NEWS! He?s not leaving and while we disagree on certain subjects, (I call the final shots) we work well together and America is highly respected again!
https://t.co/FrqiPLFJ1E"|24142|85715
realDonaldTrump|Fri Dec 01 11:21:06 +0000 2017|Republicans Senators are working hard to pass the biggest Tax Cuts in the history of our Country. The Bill is getting better and better. This is a once in a generation chance. Obstructionist Dems trying to block because they think it is too good and will not be given the credit!|16538|78067
realDonaldTrump|Fri Dec 01 11:13:35 +0000 2017|The jury was not told the killer of Kate was a 7 time felon. The Schumer/Pelosi Democrats are so weak on Crime that they will pay a big price in the 2018 and 2020 Elections.|28512|113890
realDonaldTrump|Fri Dec 01 11:03:35 +0000 2017|The Kate Steinle killer came back and back over the weakly protected Obama border, always committing crimes and being violent, and yet this info was not used in court. His exoneration is a complete travesty of justice. BUILD THE WALL!|32804|123059
realDonaldTrump|Fri Dec 01 03:30:42 +0000 2017|A disgraceful verdict in the Kate Steinle case! No wonder the people of our Country are so angry with Illegal Immigration.|41458|149598
realDonaldTrump|Fri Dec 01 00:42:21 +0000 2017|"The Christmas Story begins 2,000 years ago with a mother, a father, their baby son and the most extraordinary gift of all?the gift of God?s love for all of humanity.

Whatever our beliefs, we know that the birth of Jesus Christ and the story of his life... https://t.co/P94C3LjWlx"|45696|147969
realDonaldTrump|Fri Dec 01 00:36:40 +0000 2017|"Today is a day that I?ve been looking very much forward to ALL YEAR LONG. It is one that you have heard me speak about many times before. 

Now, as President of the United States, it is my tremendous honor to finally wish America and the world, a very MERRY CHRISTMAS! https://t.co/cTvdlUkfHV"|27057|108853
realDonaldTrump|Thu Nov 30 21:50:33 +0000 2017|"Our FIFTH 1K milestone of 2017!
#DOW24K #MAGA https://t.co/NoVt1uFp0y"|12130|51886
realDonaldTrump|Thu Nov 30 21:00:50 +0000 2017|"Today, it was my great honor to meet with the Crown Prince of Bahrain at the @WhiteHouse. Bahrain and the United States are important partners.

During the Crown Prince?s visit, he is advancing $9 BILLION in commercial deals, including finalizing the purchase of F-16?s... https://t.co/vYuw7UGYmN"|9744|45216
realDonaldTrump|Thu Nov 30 19:26:42 +0000 2017|Thank you @SenOrrinHatch. Let?s continue MAKING AMERICA GREAT AGAIN! https://t.co/PIv9OAVZcf https://t.co/6egRvuwj1l|13460|50289
realDonaldTrump|Thu Nov 30 15:46:39 +0000 2017|The Dow just broke 24,000 for the first time (another all-time Record). If the Dems had won the Presidential Election, the Market would be down 50% from these levels and Consumer Confidence, which is also at an all-time high, would be ?low and glum!?|20465|95123
realDonaldTrump|Thu Nov 30 13:05:21 +0000 2017|Stock Market hits new Record High. Confidence and enthusiasm abound. More great numbers coming out!|14847|84364
realDonaldTrump|Thu Nov 30 12:25:00 +0000 2017|The Chinese Envoy, who just returned from North Korea, seems to have had no impact on Little Rocket Man. Hard to believe his people, and the military, put up with living in such horrible conditions. Russia and China condemned the launch.|15594|72545
realDonaldTrump|Thu Nov 30 12:15:08 +0000 2017|The Failing @nytimes has totally gone against the Social Media Guidelines that they installed to preserve some credibility after many of their biased reporters went Rogue!  @foxandfriends|11378|51536
realDonaldTrump|Thu Nov 30 12:01:25 +0000 2017|The Failing @nytimes, the pipe organ for the Democrat Party, has become a virtual lobbyist for them with regard to our massive Tax Cut Bill. They are wrong so often that now I know we have a winner!|13660|59805
realDonaldTrump|Thu Nov 30 02:23:14 +0000 2017|Funny to hear the Democrats talking about the National Debt when President Obama doubled it in only 8 years!|34307|124948
realDonaldTrump|Thu Nov 30 02:00:23 +0000 2017|"?Had the information (Crooked Hillary?s emails) been released there would have been harm to National Security....\"
Charles McCullough
Fmr Intel Comm Inspector General https://t.co/b0tLW5TVhX"|19672|56273
realDonaldTrump|Thu Nov 30 01:09:42 +0000 2017|The only people who don?t like the Tax Cut Bill are the people that don?t understand it or the Obstructionist Democrats that know how really good it is and do not want the credit and success to go to the Republicans!|17210|76542
realDonaldTrump|Thu Nov 30 01:03:30 +0000 2017|The House of Representatives seeks contempt citations(?) against the JusticeDepartment and the FBI for withholding key documents and an FBI witness which could shed light on surveillance of associates of Donald Trump. Big stuff. Deep State. Give this information NOW! @FoxNews|22393|70070
realDonaldTrump|Thu Nov 30 01:02:06 +0000 2017|.@Theresa_May, don?t focus on me, focus on the destructive Radical Islamic Terrorism that is taking place within the United Kingdom. We are doing just fine!|36428|110762
realDonaldTrump|Thu Nov 30 00:40:59 +0000 2017|"Now, we have a once in a lifetime opportunity to RESTORE AMERICAN PROSPERITY ? and RECLAIM AMERICA?S DESTINY.

But in order to achieve this bright and glowing future, the SENATE MUST PASS TAX CUTS ? and bring Main Street roaring back to life!
https://t.co/jMNwEMrbbr https://t.co/3Niu0thp1D"|11941|50016
realDonaldTrump|Wed Nov 29 23:29:27 +0000 2017|A vote to CUT TAXES is a vote to PUT AMERICA FIRST. It is time to take care of OUR WORKERS, to protect OUR COMMUNITIES, and to REBUILD OUR GREAT COUNTRY! https://t.co/wW3QNxcCHf https://t.co/sRL2yRK6k2|10709|46517
realDonaldTrump|Wed Nov 29 22:54:56 +0000 2017|This week, the Senate can join the House &amp; take a strong stand for the Middle Class families who are the backbone of America. Together, we will give the American people a big, beautiful Christmas present-a massive tax cut that lets Americans keep more of their HARD-EARNED MONEY! https://t.co/9jddEW2Oo5|11650|52287
realDonaldTrump|Wed Nov 29 18:34:50 +0000 2017|"Departing @JBA_NAFW for St. Charles, Missouri to help push our plan for HISTORIC TAX CUTS across the finish line.

A successful vote in the Senate this week will bring us one giant step closer to delivering an incredible victory for the American people!
https://t.co/jR1DEUnm2h https://t.co/XF9sRwdV8u"|7774|38877
realDonaldTrump|Wed Nov 29 14:49:14 +0000 2017|"Economy growing! Excluding hurricane effects, CEA estimates that real GDP growth would have been 3.9% in Q3.

Stock market at a new high, unemployment at a low. We are winning and TAX CUTS will shift our economy into high gear! https://t.co/HrKIF72VqE"|10921|47083
realDonaldTrump|Wed Nov 29 14:40:01 +0000 2017|Just spoke to President XI JINPING of China concerning the provocative actions of North Korea. Additional major sanctions will be imposed on North Korea today. This situation will be handled!|19292|96666
realDonaldTrump|Wed Nov 29 14:14:19 +0000 2017|So now that Matt Lauer is gone when will the Fake News practitioners at NBC be terminating the contract of Phil Griffin? And will they terminate low ratings Joe Scarborough based on the ?unsolved mystery? that took place in Florida years ago? Investigate!|21721|82355
realDonaldTrump|Wed Nov 29 12:16:21 +0000 2017|Wow, Matt Lauer was just fired from NBC for ?inappropriate sexual behavior in the workplace.? But when will the top executives at NBC &amp; Comcast be fired for putting out so much Fake News. Check out Andy Lack?s past!|23835|95722
realDonaldTrump|Wed Nov 29 12:03:38 +0000 2017|Looks like another great day for the Stock Market. Consumer Confidence is at Record High. I guess somebody likes me (my policies)!|14107|81621
realDonaldTrump|Wed Nov 29 11:49:18 +0000 2017|Great, and we should boycott Fake News CNN. Dealing with them is a total waste of time! https://t.co/8zJ3j7g5el|15432|64532
realDonaldTrump|Wed Nov 29 11:32:46 +0000 2017|.@foxandfriends, we are in record territory in all things having to do with our economy! https://t.co/VB0Ao3s18d|7592|35935
realDonaldTrump|Wed Nov 29 03:35:27 +0000 2017|Great day for Tax Cuts and the Republican Party. But the biggest Winner will be our great Country!|12353|69282
realDonaldTrump|Wed Nov 29 03:30:50 +0000 2017|Great work Ivanka! https://t.co/AQL4JLvnDh|7157|42509
realDonaldTrump|Wed Nov 29 03:28:33 +0000 2017|Just won the lawsuit on leadership of Consumer Financial Protection Bureau, CFPB. A big win for the Consumer!|15246|77958
realDonaldTrump|Wed Nov 29 02:45:10 +0000 2017|Charles McCullough, the respected fmr Intel Comm Inspector General, said public was misled on Crooked Hillary Emails. ?Emails endangered National Security.? Why aren?t our deep State authorities looking at this? Rigged &amp; corrupt? @TuckerCarlson @seanhannity|19341|61621
realDonaldTrump|Wed Nov 29 01:45:50 +0000 2017|After North Korea missile launch, it's more important than ever to fund our gov't &amp; military! Dems shouldn't hold troop funding hostage for amnesty &amp; illegal immigration. I ran on stopping illegal immigration and won big. They can't now threaten a shutdown to get their demands.|22072|91284
realDonaldTrump|Tue Nov 28 22:44:31 +0000 2017|?The Conference Board said that consumer sentiment was at its highest level in nearly 17 years in November. The Consumer Confidence Index rose from 126.2 in October to 129.5, notching its best reading since December 2000...? https://t.co/iNOtT3K8Vn|8924|39153
realDonaldTrump|Tue Nov 28 22:30:12 +0000 2017|Dow, S&amp;P 500 and Nasdaq all finished the day at new RECORD HIGHS! https://t.co/wJyB9d00hh|9799|45640
realDonaldTrump|Tue Nov 28 22:12:01 +0000 2017|Remarks from the Roosevelt Room with @SenateMajLdr Mitch McConnell, @SpeakerRyan and Secretary of Defense, General James Mattis. https://t.co/lZMqK5jBvh|7819|33042
realDonaldTrump|Tue Nov 28 16:27:30 +0000 2017|?Statement from President Donald J. Trump on #GivingTuesday? https://t.co/NrfnmixAwR|6765|29168
realDonaldTrump|Tue Nov 28 14:17:46 +0000 2017|Meeting with ?Chuck and Nancy? today about keeping government open and working. Problem is they want illegal immigrants flooding into our Country unchecked, are weak on Crime and want to substantially RAISE Taxes. I don?t see a deal!|19215|81648
realDonaldTrump|Tue Nov 28 13:00:34 +0000 2017|Melania, our great and very hard working First Lady, who truly loves what she is doing, always thought that ?if you run, you will win.? She would tell everyone that, ?no doubt, he will win.? I also felt I would win (or I would not have run) - and Country is doing great!|17269|108040
realDonaldTrump|Tue Nov 28 12:45:30 +0000 2017|At least 24 players kneeling this weekend at NFL stadiums that are now having a very hard time filling up. The American public is fed up with the disrespect the NFL is paying to our Country, our Flag and our National Anthem. Weak and out of control!|19036|96357
realDonaldTrump|Tue Nov 28 02:50:30 +0000 2017|Thank you Rand! https://t.co/NvPeleVmub|11060|48921
realDonaldTrump|Tue Nov 28 02:48:53 +0000 2017|New home sales reach a 10 year high. Stock Market has more record gains. Hopefully Republican Senators will give us the much needed Tax Cuts to keep it all going! Democrats want big Tax Increases.|15226|74179
realDonaldTrump|Mon Nov 27 14:24:36 +0000 2017|The Tax Cut Bill is coming along very well, great support. With just a few changes, some mathematical, the middle class and job producers can get even more in actual dollars and savings and the pass through provision becomes simpler and really works well!|14988|80197
realDonaldTrump|Mon Nov 27 14:16:36 +0000 2017|The good news is that their ratings are terrible, nobody cares! https://t.co/I7h4Ryin3h|12233|56321
realDonaldTrump|Mon Nov 27 14:04:51 +0000 2017|We should have a contest as to which of the Networks, plus CNN and not including Fox, is the most dishonest, corrupt and/or distorted in its political coverage of your favorite President (me). They are all bad. Winner to receive the FAKE NEWS TROPHY!|38613|146743
realDonaldTrump|Mon Nov 27 01:47:32 +0000 2017|Back in D.C., big week for Tax Cuts and many other things of great importance to our Country.  Senate Republicans will hopefully come through for all of us. The Tax Cut Bill is getting better and better. The end result will be great for ALL!|15828|83129
realDonaldTrump|Sun Nov 26 21:29:46 +0000 2017|Since the first day I took office, all you hear is the phony Democrat excuse for losing the election, Russia, Russia,Russia.  Despite this I have the economy booming and have possibly done more than any 10 month President. MAKE AMERICA GREAT AGAIN!|32041|147366
realDonaldTrump|Sun Nov 26 14:33:47 +0000 2017|I endorsed Luther Strange in the Alabama Primary. He shot way up in the polls but it wasn?t enough. Can?t let Schumer/Pelosi win this race. Liberal Jones would be BAD!|17459|74253
realDonaldTrump|Sun Nov 26 13:52:36 +0000 2017|The last thing we need in Alabama and the U.S. Senate is a Schumer/Pelosi puppet who is WEAK on Crime, WEAK on the Border, Bad for our Military and our great Vets, Bad for our 2nd Amendment, AND WANTS TO RAISES TAXES TO THE SKY. Jones would be a disaster!|24538|97498
realDonaldTrump|Sat Nov 25 23:25:54 +0000 2017|Wow, even I didn?t realize we did so much. Wish the Fake News would report! Thank you. https://t.co/ApVbu2b0Jd|18615|65050
realDonaldTrump|Sat Nov 25 22:37:21 +0000 2017|.@FoxNews is MUCH more important in the United States than CNN, but outside of the U.S., CNN International is still a major source of (Fake) news, and they represent our Nation to the WORLD very poorly. The outside world does not see the truth from them!|31319|108406
realDonaldTrump|Sat Nov 25 22:00:11 +0000 2017|Check out the recent Editorial in the Wall Street Journal @WSJ about what a complete disaster the @CFPB has been under its leader from previous Administration, who just quit!|9509|42877
realDonaldTrump|Sat Nov 25 21:48:16 +0000 2017|The Consumer Financial Protection Bureau, or CFPB, has been a total disaster as run by the previous Administrations pick. Financial Institutions have been devastated and unable to properly serve the public. We will bring it back to life!|14085|68452
realDonaldTrump|Sat Nov 25 19:40:55 +0000 2017|"Happy #SmallBusinessSaturday!

A great day to support your community and America?s JOB creators by shopping locally at a #SmallBiz. #ShopSmall https://t.co/pBQaBHvl7k"|10526|49419
realDonaldTrump|Fri Nov 24 22:40:26 +0000 2017|Time Magazine called to say that I was PROBABLY going to be named ?Man (Person) of the Year,? like last year, but I would have to agree to an interview and a major photo shoot. I said probably is no good and took a pass. Thanks anyway!|40190|157670
realDonaldTrump|Fri Nov 24 18:49:12 +0000 2017|Will be calling the President of Egypt in a short while to discuss the tragic terrorist attack, with so much loss of life. We have to get TOUGHER AND SMARTER than ever before, and we will. Need the WALL, need the BAN! God bless the people of Egypt.|19352|97450
realDonaldTrump|Fri Nov 24 15:27:13 +0000 2017|Horrible and cowardly terrorist attack on innocent and defenseless worshipers in Egypt. The world cannot tolerate terrorism, we must defeat them militarily and discredit the extremist ideology that forms the basis of their existence!|31296|138368
realDonaldTrump|Fri Nov 24 12:10:46 +0000 2017|After Turkey call I will be heading over to Trump National Golf Club, Jupiter, to play golf (quickly) with Tiger Woods and Dustin Johnson. Then back to Mar-a-Lago for talks on bringing even more jobs and companies back to the USA!|14327|88209
realDonaldTrump|Fri Nov 24 12:04:13 +0000 2017|Will be speaking to President Recep Tayyip Erdogan of Turkey this morning about bringing peace to the mess that I inherited in the Middle East. I will get it all done, but what a mistake, in lives and dollars (6 trillion), to be there in the first place!|14651|65773
realDonaldTrump|Fri Nov 24 11:48:58 +0000 2017|Can you believe that the disrespect for our Country, our Flag, our Anthem continues without penalty to the players. The Commissioner has lost control of the hemorrhaging league. Players are the boss! https://t.co/udXP5MR8BC|14092|57685
realDonaldTrump|Fri Nov 24 04:54:37 +0000 2017|Two great people! https://t.co/5cVnMhnmuH|14076|65568
realDonaldTrump|Fri Nov 24 04:42:17 +0000 2017|A great guy (with great ratings)! https://t.co/S0S6xqrjSC|11257|62583
realDonaldTrump|Thu Nov 23 23:18:00 +0000 2017|ObamaCare premiums are going up, up, up, just as I have been predicting for two years. ObamaCare is OWNED by the Democrats, and it is a disaster. But do not worry. Even though the Dems want to Obstruct, we will Repeal &amp; Replace right after Tax Cuts!|17420|85860
realDonaldTrump|Thu Nov 23 22:54:41 +0000 2017|"My great honor to join our incredible men and women of the @USCG, at the Lake Worth Inlet Station, in Riviera Beach, Florida today!
#HappyThanksgiving https://t.co/C35HR9opbP"|10453|55445
realDonaldTrump|Thu Nov 23 15:35:13 +0000 2017|HAPPY THANKSGIVING! https://t.co/nQhi7XopMW|22643|96282
realDonaldTrump|Thu Nov 23 13:43:24 +0000 2017|Will be doing a live Thanksgiving Video Teleconference with Members of the Military at 9:00 A.M.  Afghanistan, Iraq, USS Monterey, Turkey &amp; Bahrain. Then going to Coast Guard Quarters, Florida.|7969|50147
realDonaldTrump|Thu Nov 23 11:44:36 +0000 2017|MAKE AMERICA GREAT AGAIN!|34366|140857
realDonaldTrump|Thu Nov 23 11:31:09 +0000 2017|@ThePlumLineGS MAKE AMERICA GREAT AGAIN!|3648|8972
realDonaldTrump|Thu Nov 23 11:28:32 +0000 2017|HAPPY THANKSGIVING, your Country is starting to do really well. Jobs coming back, highest Stock Market EVER, Military getting really strong, we will build the WALL, V.A. taking care of our Vets, great Supreme Court Justice, RECORD CUT IN REGS, lowest unemployment in 17 years....!|41007|198149
realDonaldTrump|Thu Nov 23 02:06:57 +0000 2017|....And it will get even better with Tax Cuts! https://t.co/75wozGJQoP|9571|49061
realDonaldTrump|Wed Nov 22 21:32:18 +0000 2017|I have long given the order to help Argentina with the Search and Rescue mission of their missing submarine. 45 people aboard and not much time left. May God be with them and the people of Argentina!|24038|119714
realDonaldTrump|Wed Nov 22 21:25:11 +0000 2017|51 Million American to travel this weekend - highest number in twelve years (AAA). Traffic and airports are running very smoothly!  @FoxNews|10288|60982
realDonaldTrump|Wed Nov 22 13:00:38 +0000 2017|The @USNavy is conducting search and rescue following aircraft crash. We are monitoring the situation. Prayers for all involved. https://t.co/1AxmegKqvu|10438|49328
realDonaldTrump|Wed Nov 22 11:51:22 +0000 2017|Will be having meetings and working the phones from the Winter White House in Florida (Mar-a-Lago). Stock Market hit new Record High yesterday - $5.5 trillion gain since E. Many companies coming back to the U.S. Military building up and getting very strong.|14598|74522
realDonaldTrump|Wed Nov 22 10:48:10 +0000 2017|The NFL is now thinking about a new idea - keeping teams in the Locker Room during the National Anthem next season. That?s almost as bad as kneeling! When will the highly paid Commissioner finally get tough and smart? This issue is killing your league!.....|23501|115196
realDonaldTrump|Wed Nov 22 10:33:28 +0000 2017|...LaVar, you could have spent the next 5 to 10 years during Thanksgiving with your son in China, but no NBA contract to support you. But remember LaVar, shoplifting is NOT a little thing. It?s a really big deal, especially in China. Ungrateful fool!|35869|153127
realDonaldTrump|Wed Nov 22 10:25:22 +0000 2017|It wasn?t the White House, it wasn?t the State Department, it wasn?t father LaVar?s so-called people on the ground in China that got his son out of a long term prison sentence - IT WAS ME. Too bad! LaVar is just a poor man?s version of Don King, but without the hair. Just think..|30210|119476
realDonaldTrump|Tue Nov 21 22:49:40 +0000 2017|Today, we continued a wonderful American Tradition at the White House. Drumstick and Wishbone will live out their days in the beautiful Blue Ridge Mountains at Gobbler?s Rest... https://t.co/fsS8B8f5UR|13679|71763
realDonaldTrump|Tue Nov 21 18:25:24 +0000 2017|President Donald J. Trump and @FLOTUS Melania Participate in the Pardoning of the National Thanksgiving Turkey at the White House. https://t.co/Zauqz4jfWv|13628|61372
realDonaldTrump|Mon Nov 20 11:55:57 +0000 2017|Under President Trump unemployment rate will drop below 4%.  Analysts predict economic boom for 2018!  @foxandfriends and @Varneyco|16673|75470
realDonaldTrump|Mon Nov 20 11:25:38 +0000 2017|Marshawn Lynch of the NFL?s Oakland Raiders stands for the Mexican Anthem and sits down to boos for our National Anthem. Great disrespect! Next time NFL should suspend him for remainder of season. Attendance and ratings way down.|34562|149248
realDonaldTrump|Mon Nov 20 02:21:24 +0000 2017|Republican Senators are working very hard to get Tax Cuts and Tax Reform approved. Hopefully it will not be long and they do not want to disappoint the American public!|13750|70844
realDonaldTrump|Mon Nov 20 01:29:02 +0000 2017|Border Patrol Officer killed at Southern Border, another badly hurt. We will seek out and bring to justice those responsible. We will, and must, build the Wall!|33756|143466
realDonaldTrump|Sun Nov 19 23:57:10 +0000 2017|Big-game trophy decision will be announced next week but will be very hard pressed to change my mind that this horror show in any way helps conservation of Elephants or any other animal.|12394|62791
realDonaldTrump|Sun Nov 19 23:36:40 +0000 2017|Shoplifting is a very big deal in China, as it should be (5-10 years in jail), but not to father LaVar. Should have gotten his son out during my next trip to China instead. China told them why they were released. Very ungrateful!|27765|128776
realDonaldTrump|Sun Nov 19 23:22:17 +0000 2017|Sen. Jeff Flake(y), who is unelectable in the Great State of Arizona (quit race, anemic polls) was caught (purposely) on ?mike? saying bad things about your favorite President. He?ll be a NO on tax cuts because his political career anyway is ?toast.?|15002|66675
realDonaldTrump|Sun Nov 19 17:42:36 +0000 2017|Now that the three basketball players are out of China and saved from years in jail, LaVar Ball, the father of LiAngelo, is unaccepting of what I did for his son and that shoplifting is no big deal. I should have left them in jail!|70759|262295
realDonaldTrump|Sat Nov 18 13:31:47 +0000 2017|Crooked Hillary Clinton is the worst (and biggest) loser of all time. She just can?t stop, which is so good for the Republican Party. Hillary, get on with your life and give it another try in three years!|47602|182640
realDonaldTrump|Sat Nov 18 00:47:03 +0000 2017|Put big game trophy decision on hold until such time as I review all conservation facts. Under study for years. Will update soon with Secretary Zinke. Thank you!|21616|122196
realDonaldTrump|Fri Nov 17 23:13:27 +0000 2017|"Today, it was an honor to celebrate the Collegiate National Champions of 2016/2017 at the @WhiteHouse! 
#NCAAChampions?Photos: https://t.co/Ecl2phhzyl https://t.co/w8jE24pLwa"|10172|52569
realDonaldTrump|Fri Nov 17 15:03:16 +0000 2017|"Together, we're going to restore safety to our streets and peace to our communities, and we're going to destroy the vile criminal cartel, #MS13, and many other gangs...

'Hundreds arrested in MS-13 crackdown'
https://t.co/Mp268d8RaU https://t.co/mrynwnTuoO"|18365|72087
realDonaldTrump|Fri Nov 17 11:00:43 +0000 2017|If Democrats were not such obstructionists and understood the power of lower taxes, we would be able to get many of their ideas into Bill!|19986|94951
realDonaldTrump|Fri Nov 17 10:29:37 +0000 2017|Great numbers on Stocks and the Economy. If we get Tax Cuts and Reform, we'll really see some great results!|13557|71390
realDonaldTrump|Fri Nov 17 03:15:49 +0000 2017|.And to think that just last week he was lecturing anyone who would listen about sexual harassment and respect for women. Lesley Stahl tape?|18460|80516
realDonaldTrump|Fri Nov 17 03:06:34 +0000 2017|The Al Frankenstien picture is really bad, speaks a thousand words. Where do his hands go in pictures 2, 3, 4, 5 &amp; 6 while she sleeps? .....|21533|81473
realDonaldTrump|Fri Nov 17 02:57:19 +0000 2017|Big win today in the House for GOP Tax Cuts and Reform, 227-205. Zero Dems, they want to raise taxes much higher, but not for our military!|11898|60739
realDonaldTrump|Thu Nov 16 20:16:15 +0000 2017|Congratulations to the House of Representatives for passing the #TaxCutsandJobsAct ? a big step toward fulfilling our promise to deliver historic TAX CUTS for the American people by the end of the year! https://t.co/8FjefMj6hh|15031|64713
realDonaldTrump|Thu Nov 16 18:13:51 +0000 2017|Need all on the UN Security Council to vote to renew the Joint Investigative Mechanism for Syria to ensure that Assad Regime does not commit mass murder with chemical weapons ever again.|12820|62672
realDonaldTrump|Thu Nov 16 12:43:05 +0000 2017|China is sending an Envoy and Delegation to North Korea - A big move, we'll see what happens!|18180|86690
realDonaldTrump|Thu Nov 16 11:34:52 +0000 2017|....your release possible and, HAVE A GREAT LIFE! Be careful, there are many pitfalls on the long and winding road of life!|15863|88822
realDonaldTrump|Thu Nov 16 11:30:14 +0000 2017|To the three UCLA basketball players I say:  You're welcome, go out and give a big Thank You to President Xi Jinping of China who made.....|16764|84643
realDonaldTrump|Thu Nov 16 02:14:35 +0000 2017|Big vote tomorrow in the House. Tax cuts are getting close!|11166|67264
realDonaldTrump|Thu Nov 16 02:11:45 +0000 2017|Why are Democrats fighting massive tax cuts for the middle class and business (jobs)? The reason: Obstruction and Delay!|22053|96325
realDonaldTrump|Wed Nov 15 16:52:33 +0000 2017|It is actually hard to believe how naive (or dumb) the Failing @nytimes is when it comes to foreign policy...weak and ineffective!|14179|69271
realDonaldTrump|Wed Nov 15 16:39:16 +0000 2017|...They should realize that these relationships are a good thing, not a bad thing. The U.S. is being respected again. Watch Trade!|14416|80666
realDonaldTrump|Wed Nov 15 16:35:39 +0000 2017|The failing @nytimes hates the fact that I have developed a great relationship with World leaders like Xi Jinping, President of China.....|13116|63484
realDonaldTrump|Wed Nov 15 15:11:53 +0000 2017|Do you think the three UCLA Basketball Players will say thank you President Trump? They were headed for 10 years in jail!|40224|157172
realDonaldTrump|Wed Nov 15 10:58:18 +0000 2017|Thank you! https://t.co/EQMwv1XbiM|9950|45931
realDonaldTrump|Wed Nov 15 10:53:42 +0000 2017|Thank you, working hard! https://t.co/TmNdNPBJ3m|4754|30491
realDonaldTrump|Wed Nov 15 10:45:39 +0000 2017|While in the Philippines I was forced to watch @CNN, which I have not done in months, and again realized how bad, and FAKE, it is. Loser!|29821|127829
realDonaldTrump|Wed Nov 15 10:40:02 +0000 2017|.@foxandfriends will be showing much of our successful trip to Asia, and the friendships &amp; benefits that will endure for years to come!|8822|49730
realDonaldTrump|Wed Nov 15 10:30:58 +0000 2017|Our great country is respected again in Asia. You will see the fruits of our long but successful trip for many years to come!|15628|87683
realDonaldTrump|Wed Nov 15 04:42:16 +0000 2017|Just returned from Asia after 12 very successful days. Great to be home!|10934|80969
realDonaldTrump|Tue Nov 14 17:39:54 +0000 2017|THANK YOU ASIA! #USA?? https://t.co/FziKSbrzcu|18772|82441
realDonaldTrump|Tue Nov 14 09:11:51 +0000 2017|THANK YOU to the amazing staff and their families of the United States Embassy in the Philippines. Keep up the GREAT WORK! https://t.co/3ABVXTsJM0|9810|53150
realDonaldTrump|Tue Nov 14 08:07:29 +0000 2017|One of the most accurate polls last time around. But #FakeNews likes to say we?re in the 30?s. They are wrong. Some people think numbers could be in the 50's. Together, WE will MAKE AMERICA GREAT AGAIN! https://t.co/YhrwkdObhP|14520|61964
realDonaldTrump|Tue Nov 14 06:23:12 +0000 2017|I will be making a major statement from the @WhiteHouse upon my return to D.C. Time and date to be set.|18308|81475
realDonaldTrump|Tue Nov 14 05:26:45 +0000 2017|Just arrived at #ASEAN50 in the Philippines for my final stop with World Leaders. Will lead to FAIR TRADE DEALS, unlike the horror shows from past Administrations. Will then be leaving for D.C. Made many good friends!|7907|45851
realDonaldTrump|Tue Nov 14 05:20:31 +0000 2017|After my tour of Asia, all Countries dealing with us on TRADE know that the rules have changed. The United States has to be treated fairly and in a reciprocal fashion. The massive TRADE deficits must go down quickly!|15746|79999
realDonaldTrump|Tue Nov 14 05:08:19 +0000 2017|Great to see @RandPaul looking well and back on the Senate floor. He will help us with TAX CUTS and REFORM!|10250|55052
realDonaldTrump|Tue Nov 14 02:21:14 +0000 2017|"Excited to be heading home to see the House pass a GREAT Tax Bill with the middle class getting big TAX CUTS!

#MakeAmericaGreatAgain??"|13504|73858
realDonaldTrump|Mon Nov 13 15:06:01 +0000 2017|I am proud of the Rep. House &amp; Senate for working so hard on cutting taxes {&amp; reform.} We?re getting close! Now, how about ending the unfair &amp; highly unpopular Indiv Mandate in OCare &amp; reducing taxes even further? Cut top rate to 35% w/all of the rest going to middle income cuts?|15372|74100
realDonaldTrump|Mon Nov 13 14:57:02 +0000 2017|Happy to announce, I am nominating Alex Azar to be the next HHS Secretary. He will be a star for better healthcare and lower drug prices!|11872|67027
realDonaldTrump|Mon Nov 13 12:33:24 +0000 2017|Will be leaving the Philippines tomorrow after many days of constant mtgs &amp; work in order to #MAGA! My promises are rapidly being fulfilled.|12870|69262
realDonaldTrump|Mon Nov 13 12:29:06 +0000 2017|Great day of bilateral meetings at #ASEANSummit on trade, which we are turning around to be great deals for our country! https://t.co/2ahAvm4n9s|8046|41872
realDonaldTrump|Sun Nov 12 14:29:22 +0000 2017|Thank you! https://t.co/TD0rYcWN8C|10014|58859
realDonaldTrump|Sun Nov 12 11:20:20 +0000 2017|We had a wonderful visit to Vietnam, thank you President Tran Dai Quang! Heading to the #ASEANSummit 50th Anniv Gala in the Philippines now. https://t.co/WfSd8EE3Nm|10121|55869
realDonaldTrump|Sun Nov 12 10:21:06 +0000 2017|Just landed in the Philippines after a great day of meetings and events in Hanoi, Vietnam! https://t.co/YxHRNhhPWo|10092|68845
realDonaldTrump|Sun Nov 12 00:48:01 +0000 2017|"Why would Kim Jong-un insult me by calling me \"old,\" when I would NEVER call him \"short and fat?\" Oh well, I try so hard to be his friend - and maybe someday that will happen!"|255843|597274
realDonaldTrump|Sun Nov 12 00:43:36 +0000 2017|Does the Fake News Media remember when Crooked Hillary Clinton, as Secretary of State, was begging Russia to be our friend with the misspelled reset button? Obama tried also, but he had zero chemistry with Putin.|26423|113023
realDonaldTrump|Sun Nov 12 00:18:32 +0000 2017|When will all the haters and fools out there realize that having a good relationship with Russia is a good thing, not a bad thing. There always playing politics - bad for our country. I want to solve North Korea, Syria, Ukraine, terrorism, and Russia can greatly help!|36643|149991
realDonaldTrump|Sun Nov 12 00:16:05 +0000 2017|Met with President Putin of Russia who was at #APEC meetings. Good discussions on Syria. Hope for his help to solve, along with China the dangerous North Korea crisis. Progress being made.|14199|71102
realDonaldTrump|Sat Nov 11 23:35:39 +0000 2017|Will be doing a joint press conference in Hanoi, Vietnam then heading for final destination of trip, the Phillipines.|8824|55670
realDonaldTrump|Sat Nov 11 23:32:25 +0000 2017|President Xi of China has stated that he is upping the sanctions against #NoKo. Said he wants them to denuclearize. Progress is being made.|14992|74017
realDonaldTrump|Sat Nov 11 12:35:46 +0000 2017|"?Presidential Proclamation Commemorating the 50th Anniversary of the Vietnam War? 
??https://t.co/hgUQP9leqK 
??https://t.co/9C0yyIv9Ws https://t.co/f9snmRUA4a"|11651|54920
realDonaldTrump|Sat Nov 11 12:11:53 +0000 2017|On this wonderful Veterans Day, I want to express the incredible gratitude of the entire American Nation to our GREAT VETERANS. Thank you! https://t.co/GhQbCA7yII|28941|113491
realDonaldTrump|Fri Nov 10 12:57:23 +0000 2017|"On behalf of an entire nation, Happy 242nd Birthday to the men and women of the United States Marines!
#USMC242 #SemperFi https://t.co/ecgoSJP5Uc"|23306|97656
realDonaldTrump|Fri Nov 10 10:43:48 +0000 2017|The United States has been reminded time and again in recent years that economic security is not merely RELATED to national security - economic security IS national security. It is vital to our national strength. #APEC2017 https://t.co/8gKQUhit2X|12893|55558
realDonaldTrump|Fri Nov 10 10:26:22 +0000 2017|The United States is prepared to work with each of the leaders in this room today to achieve mutually beneficial commerce that is in the interests of both your countries and mine. That is the message I am here to deliver today. #APEC2017 https://t.co/CM3Hqt16A8|10413|47174
realDonaldTrump|Fri Nov 10 10:06:37 +0000 2017|Today I am here to offer a renewed partnership with America -- to work together to strengthen the bonds of friendship and commerce between all of the nations of the Indo-Pacific, and together, to promote our prosperity and security. #APEC2017 https://t.co/gN2YbS9CYB|8781|41701
realDonaldTrump|Fri Nov 10 09:50:25 +0000 2017|In more and more places throughout this region, citizens of SOVEREIGN and INDEPENDENT nations have taken greater control of their destinies, and unlocked the potential of their people. #APEC2017 https://t.co/a570IIGe0I|8068|38216
realDonaldTrump|Fri Nov 10 09:32:07 +0000 2017|Throughout my travels, I've had the pleasure of sharing the good news from America. I've had the honor of sharing our vision for a free &amp; open Indo-Pacific -- a place where sovereign &amp; independent nations, w/diverse cultures &amp; many different dreams, can all prosper side-by-side. https://t.co/qBOCY3u7YV|10616|50035
realDonaldTrump|Fri Nov 10 05:45:36 +0000 2017|Just landed in Da Nang, Vietnam to deliver a speech at #APEC2017|7180|49268
realDonaldTrump|Fri Nov 10 01:17:15 +0000 2017|I am leaving China for #APEC2017 in Vietnam. @FLOTUS Melania is staying behind to see the zoo, and of course, the Great WALL of China before going to Alaska to greet our AMAZING troops.|12535|68886
realDonaldTrump|Thu Nov 09 23:44:17 +0000 2017|My meetings with President Xi Jinping were very productive on both trade and the subject of North Korea. He is a highly respected and powerful representative of his people. It was great being with him and Madame Peng Liyuan!|13872|79137
realDonaldTrump|Thu Nov 09 23:39:56 +0000 2017|I don?t blame China, I blame the incompetence of past Admins for allowing China to take advantage of the U.S. on trade leading up to a point where the U.S. is losing $100's of billions. How can you blame China for taking advantage of people that had no clue? I would've done same!|27057|129088
realDonaldTrump|Thu Nov 09 13:58:32 +0000 2017|In the coming months and years ahead I look forward to building an even STRONGER relationship between the United States and China. ???? https://t.co/mK3SB7t3EV|19065|90484
realDonaldTrump|Thu Nov 09 07:08:33 +0000 2017|President Xi, thank you for such an incredible welcome ceremony. It was a truly memorable and impressive display! ?https://t.co/J9x51h1LBe https://t.co/g4Z7mO5cV9|18058|88518
realDonaldTrump|Wed Nov 08 18:17:41 +0000 2017|Congratulations to all of the ?DEPLORABLES? and the millions of people who gave us a MASSIVE (304-227) Electoral College landslide victory! https://t.co/7ifv5gT7Ur|34186|129719
realDonaldTrump|Wed Nov 08 15:40:40 +0000 2017|Looking forward to a full day of meetings with President Xi and our delegations tomorrow. THANK YOU for the beautiful welcome China! @FLOTUS Melania and I will never forget it! https://t.co/sQoUWIGAiQ|12592|61553
realDonaldTrump|Wed Nov 08 15:15:08 +0000 2017|NoKo has interpreted America's past restraint as weakness. This would be a fatal miscalculation. Do not underestimate us. AND DO NOT TRY US. https://t.co/4llqLrNpK3|21903|84424
realDonaldTrump|Wed Nov 08 14:27:18 +0000 2017|On behalf of @FLOTUS Melania and I, THANK YOU for an unforgettable?afternoon and evening?at the?Forbidden City in Beijing, President Xi and Madame Peng Liyuan. We are looking forward to rejoining you tomorrow morning! https://t.co/ma0F7SHbVU|12103|58257
realDonaldTrump|Wed Nov 08 04:57:40 +0000 2017|Leaving South Korea now heading to China. Looking very much forward to meeting and being with President Xi!|10555|69217
realDonaldTrump|Wed Nov 08 03:43:59 +0000 2017|Together, we dream of a Korea that is free, a peninsula that is safe, and families that are reunited once again! https://t.co/9tsZRCC83j|11948|51168
realDonaldTrump|Wed Nov 08 03:14:34 +0000 2017|Anyone who doubts the strength or determination of the U.S. should look to our past....and you will doubt it no longer. https://t.co/zyuYc0fIH6|11535|50174
realDonaldTrump|Wed Nov 08 03:12:17 +0000 2017|The North Korean regime has pursued its nuclear &amp; ballistic missile programs in defiance of every assurance, agreement, &amp; commmitment it has made to the U.S. and its allies. It's broken all of those commitments... https://t.co/xJ4jUpA8d8|9649|41206
realDonaldTrump|Wed Nov 08 03:09:37 +0000 2017|The U.S., under my administration, is completely rebuilding its military, and they're spending hundreds of billions of dollars to the newest and finest military equipment anywhere in the world, being built right now. I want peace through strength! https://t.co/2YXkIvRIFi|13460|57400
realDonaldTrump|Wed Nov 08 02:14:20 +0000 2017|"Join me LIVE in South Korea????
#NationalAssembly #POTUSinAsia 
??https://t.co/M3iEhPdkas https://t.co/hSxdtd2UnY"|5487|28613
realDonaldTrump|Wed Nov 08 01:40:37 +0000 2017|Ed Gillespie worked hard but did not embrace me or what I stand for. Don?t forget, Republicans won 4 out of 4 House seats, and with the economy doing record numbers, we will continue to win, even bigger than before!|17620|77611
realDonaldTrump|Wed Nov 08 01:00:15 +0000 2017|Getting ready to make a major speech to the National Assembly here in South Korea, then will be headed to China where I very much look forward to meeting with President Xi who is just off his great political victory.|10128|59609
realDonaldTrump|Tue Nov 07 21:50:07 +0000 2017|Thank you to all Americans who participated in Nat'l Rx Drug Take Back Day. A record amount of drugs collected &amp; disposed. We can do this!|10189|60764
realDonaldTrump|Tue Nov 07 14:30:54 +0000 2017|"Franklin, such a great photo. 

HAPPY 99th BIRTHDAY to your father, @BillyGraham! https://t.co/l0c7RvvOa1"|11819|57763
realDonaldTrump|Tue Nov 07 10:56:55 +0000 2017|.@EdWGillespie will totally turn around the high crime and poor economic performance of VA. MS-13 and crime will be gone. Vote today, ASAP!|11949|50012
realDonaldTrump|Tue Nov 07 10:53:19 +0000 2017|....and has been horrible on Virginia economy. Vote @EdWGillespie today!|6626|33168
realDonaldTrump|Tue Nov 07 10:53:04 +0000 2017|Ralph Northam will allow crime to be rampant in Virginia. He?s weak on crime, weak on our GREAT VETS, Anti-Second Amendment....|12112|48878
realDonaldTrump|Tue Nov 07 10:37:30 +0000 2017|....is making. Working very hard on TAX CUTS for the middle class, companies and jobs!|6582|40996
realDonaldTrump|Tue Nov 07 10:37:01 +0000 2017|Stock market hit yet another all-time record high yesterday. There is great confidence in the moves that my Administration....|10899|59940
realDonaldTrump|Tue Nov 07 10:25:31 +0000 2017|Thank you to President Moon of South Korea for the beautiful welcoming ceremony. It will always be remembered. https://t.co/bMvJz1iV2a|20668|68037
realDonaldTrump|Tue Nov 07 07:39:54 +0000 2017|It was my great honor to have lunch with our INCREDIBLE U.S. and ROK troops at Camp Humphreys, in South Korea. ???? https://t.co/5NJirz4iNM https://t.co/kNLyONhBCC|13718|53185
realDonaldTrump|Mon Nov 06 23:05:14 +0000 2017|....Some of those they are harshly treating have been ?milking? their country for years!|81455|43396
realDonaldTrump|Mon Nov 06 23:03:35 +0000 2017|I have great confidence in King Salman and the Crown Prince of Saudi Arabia, they know exactly what they are doing....|81077|82218
realDonaldTrump|Mon Nov 06 21:28:20 +0000 2017|Getting ready to leave for South Korea and meetings with President Moon, a fine gentleman. We will figure it all out!|12393|72634
realDonaldTrump|Mon Nov 06 21:15:32 +0000 2017|My visit to Japan and friendship with PM Abe will yield many benefits, for our great Country. Massive military &amp; energy orders happening+++!|14822|65234
realDonaldTrump|Mon Nov 06 21:12:15 +0000 2017|The state of Virginia economy, under Democrat rule, has been terrible. If you vote Ed Gillespie tomorrow, it will come roaring back!|18816|74916
realDonaldTrump|Mon Nov 06 13:09:30 +0000 2017|#USA?? #Japan?? https://t.co/EvxFqAVnFS|16881|68971
realDonaldTrump|Mon Nov 06 04:48:25 +0000 2017|...Americans do what we do best: we pull together. We join hands. We lock arms and through the tears and the sadness, we stand strong... https://t.co/qkCPgtKGkA|16878|81687
realDonaldTrump|Sun Nov 05 20:06:34 +0000 2017|May God be w/ the people of Sutherland Springs, Texas. The FBI &amp; law enforcement are on the scene. I am monitoring the situation from Japan.|37554|179243
realDonaldTrump|Sun Nov 05 07:37:08 +0000 2017|Heading into the 12 days with great negotiating strength because of our tremendous economy. https://t.co/4HnXkR3EhW|11408|55557
realDonaldTrump|Sun Nov 05 07:28:31 +0000 2017|It was a true honor to be at Yokota Air Base with our GREAT @USForcesJapan! https://t.co/KEXnIkkQks|11114|53395
realDonaldTrump|Sun Nov 05 06:25:16 +0000 2017|Playing golf with Prime Minister Abe and Hideki Matsuyama, two wonderful people! https://t.co/vYLULe0o2K|21814|102821
realDonaldTrump|Sun Nov 05 02:59:05 +0000 2017|Just gave a speech to the great men and women at Yokota Air Base in Tokyo, Japan. Leaving to see Prime Minister Abe. https://t.co/6LRAgojvDB|15820|82356
realDonaldTrump|Sun Nov 05 00:43:08 +0000 2017|I am landing shortly. Can?t wait to be with our GREAT MILITARY. See you soon! https://t.co/AVLrrOxmm4|13735|72273
realDonaldTrump|Sat Nov 04 12:49:26 +0000 2017|Would very much appreciate Saudi Arabia doing their IPO of Aramco with the New York Stock Exchange. Important to the United States!|17318|67495
realDonaldTrump|Sat Nov 04 12:35:00 +0000 2017|Unemployment is down to 4.1%, lowest in 17 years. 1.5 million new jobs created since I took office. Highest stock Market ever, up $5.4 trill|36124|153252
realDonaldTrump|Sat Nov 04 07:08:25 +0000 2017|"Thank you to our GREAT Military/Veterans and @PacificCommand.

Remember #PearlHarbor. Remember the @USSArizona!

A day I?ll never forget. https://t.co/CMkB0kTkSc"|18494|75089
realDonaldTrump|Sat Nov 04 03:07:20 +0000 2017|Thank you for such a beautiful welcome Hawaii. My great honor to visit @PacificCommand upon arrival. Heading to Pearl Harbor w/ @FLOTUS now. https://t.co/6gDME9cmnS|12184|65177
realDonaldTrump|Fri Nov 03 22:44:39 +0000 2017|Getting ready to land in Hawaii. Looking so much forward to meeting with our great Military/Veterans at Pearl Harbor!|12127|85094
realDonaldTrump|Fri Nov 03 16:54:59 +0000 2017|The decision on Sergeant Bergdahl is a complete and total disgrace to our Country and to our Military.|34536|131008
realDonaldTrump|Fri Nov 03 16:22:11 +0000 2017|JOBS, JOBS, JOBS! https://t.co/twUNktGbnb|15007|64332
realDonaldTrump|Fri Nov 03 16:09:52 +0000 2017|The rigged Dem Primary, one of the biggest political stories in years, got ZERO coverage on Fake News Network TV last night. Disgraceful!|24122|89688
realDonaldTrump|Fri Nov 03 14:45:56 +0000 2017|Just took off for ceremony @ Pearl Harbor. Will then be heading to Japan, SKorea, China, Vietnam &amp; the Philippines. Will never let you down!|12955|70966
realDonaldTrump|Fri Nov 03 14:29:55 +0000 2017|I always felt I would be running and winning against Bernie Sanders, not Crooked H, without cheating, I was right.|15572|78192
realDonaldTrump|Fri Nov 03 14:28:34 +0000 2017|Bernie Sanders supporters have every right to be apoplectic of the complete theft of the Dem primary by Crooked Hillary!|15128|73725
realDonaldTrump|Fri Nov 03 12:11:33 +0000 2017|"...Based on that, the Military has hit ISIS \"much harder\" over the last two days. They will pay a big price for every attack on us!"|14118|67198
realDonaldTrump|Fri Nov 03 12:03:50 +0000 2017|"ISIS just claimed the Degenerate Animal who killed, and so badly wounded, the wonderful people on the West Side, was \"their soldier.\" ....."|13481|54728
realDonaldTrump|Fri Nov 03 11:55:29 +0000 2017|Pocahontas just stated that the Democrats, lead by the legendary Crooked Hillary Clinton, rigged the Primaries! Lets go FBI &amp; Justice Dept.|26897|97967
realDonaldTrump|Fri Nov 03 11:48:10 +0000 2017|The real story on Collusion is in Donna B's new book. Crooked Hillary bought the DNC &amp; then stole the Democratic Primary from Crazy Bernie!|17565|72584
realDonaldTrump|Fri Nov 03 11:11:33 +0000 2017|....People are angry.  At some point the Justice Department, and the FBI, must do what is right and proper. The American public deserves it!|28777|125643
realDonaldTrump|Fri Nov 03 11:03:59 +0000 2017|...New Donna B book says she paid for and stole the Dem Primary. What about the deleted E-mails, Uranium, Podesta, the Server, plus, plus...|16939|68811
realDonaldTrump|Fri Nov 03 10:57:47 +0000 2017|Everybody is asking why the Justice Department (and FBI) isn't looking into all of the dishonesty going on with Crooked Hillary &amp; the Dems..|22721|85002
realDonaldTrump|Fri Nov 03 10:51:51 +0000 2017|My Twitter account was taken down for 11 minutes by a rogue employee. I guess the word must finally be getting out-and having an impact.|25513|102972
realDonaldTrump|Fri Nov 03 01:29:54 +0000 2017|I will be interviewed by @IngrahamAngle on @FoxNews at 10:00. Enjoy!|7433|43650
realDonaldTrump|Fri Nov 03 01:26:48 +0000 2017|The @TuckerCarlson opening statement about our once cherished and great FBI was so sad to watch. James Comey's leadership was a disaster!|15803|60790
realDonaldTrump|Fri Nov 03 00:48:09 +0000 2017|....This is real collusion and dishonesty. Major violation of Campaign Finance Laws and Money Laundering - where is our Justice Department?|23518|86593
realDonaldTrump|Fri Nov 03 00:39:57 +0000 2017|Donna Brazile just stated the DNC RIGGED the system to illegally steal the Primary from Bernie Sanders. Bought and paid for by Crooked H....|22472|78459
realDonaldTrump|Fri Nov 03 00:05:07 +0000 2017|Great Tax Cut rollout today. The lobbyists are storming Capital Hill, but the Republicans will hold strong and do what is right for America!|12329|61288
realDonaldTrump|Thu Nov 02 22:35:43 +0000 2017|Today, it was my pleasure and great honor to announce my nomination of Jerome Powell to be the next Chairman of the @FederalReserve. https://t.co/6aDuRy3zws|8743|41199
realDonaldTrump|Thu Nov 02 20:33:18 +0000 2017|Broadcom's move to America=$20 BILLION of annual rev into U.S.A., $3+ BILLION/yr. in research/engineering &amp; $6 BILLION/yr. in manufacturing. https://t.co/NsJ4PtVTtl|13050|53041
realDonaldTrump|Thu Nov 02 19:58:56 +0000 2017|Today, we are thrilled to welcome @Broadcom CEO Hock Tan to the WH to announce he is moving their HQ?s from Singapore back to the U.S.A..... https://t.co/WrqUXBndyZ|9894|44422
realDonaldTrump|Thu Nov 02 18:43:47 +0000 2017|Congress must end chain migration so that we can have a system that is SECURITY BASED! We need to make AMERICA SAFE! #USA?? https://t.co/d7L1YW5iVY|12704|52207
realDonaldTrump|Thu Nov 02 18:33:47 +0000 2017|I am calling on Congress to TERMINATE the diversity visa lottery program that presents significant vulnerabilities to our national security. https://t.co/tW4wOlI4vu|16746|70555
realDonaldTrump|Thu Nov 02 17:31:32 +0000 2017|Congratulations to the Houston @Astros, 2017 #WorldSeries Champions??#HoustonStrong #EarnHistory https://t.co/BP7OEzdhFi|10779|53457
realDonaldTrump|Thu Nov 02 11:54:36 +0000 2017|...There is also something appropriate about keeping him in the home of the horrible crime he committed. Should move fast. DEATH PENALTY!|15893|80426
realDonaldTrump|Thu Nov 02 11:50:46 +0000 2017|Would love to send the NYC terrorist to Guantanamo but statistically that process takes much longer than going through the Federal system...|12906|66776
realDonaldTrump|Thu Nov 02 03:43:18 +0000 2017|NYC terrorist was happy as he asked to hang ISIS flag in his hospital room. He killed 8 people, badly injured 12. SHOULD GET DEATH PENALTY!|39832|164725
realDonaldTrump|Thu Nov 02 03:21:56 +0000 2017|Great mtg w/ @Cabinet today. Tomorrow, I will be announcing the new head of the Fed. I think you will be extremely impressed by this person! https://t.co/5ASJVLGAiG|7612|38346
realDonaldTrump|Thu Nov 02 02:45:57 +0000 2017|Happy birthday to @garyplayer, a truly great Champion and Person!|4753|33000
realDonaldTrump|Thu Nov 02 02:30:43 +0000 2017|It is finally happening for our great clean coal miners! https://t.co/suAnjs6Ccz|9593|43739
realDonaldTrump|Thu Nov 02 02:19:44 +0000 2017|The United States will be immediately implementing much tougher Extreme Vetting Procedures. The safety of our citizens comes first!|21291|101998
realDonaldTrump|Thu Nov 02 02:09:21 +0000 2017|Just spoke to President Macri of Argentina about the five proud and wonderful men killed in the West Side terror attack. God be with them!|12816|67861
realDonaldTrump|Wed Nov 01 23:03:26 +0000 2017|CHAIN MIGRATION must end now! Some people come in, and they bring their whole family with them, who can be truly evil. NOT ACCEPTABLE! https://t.co/PQGeTTdRtX|21594|72960
realDonaldTrump|Wed Nov 01 22:03:27 +0000 2017|@SenateMajLdr @SenateGOP ...and Appeals Court Judges at a record clip! Our courts are rapidly changing for the better!|6635|33200
realDonaldTrump|Wed Nov 01 22:03:19 +0000 2017|Thanks to @SenateMajLdr McConnell and the @SenateGOP we are appointing high-quality Federal District...|7858|40459
realDonaldTrump|Wed Nov 01 21:14:33 +0000 2017|Thank you to the GREAT NYPD, First Responders and all govt officials for having handled the terrible West Side attack so professionally! https://t.co/imPIdOzjAn|11461|54740
realDonaldTrump|Wed Nov 01 20:14:27 +0000 2017|@NYGovCuomo @NYCMayor ...fully supports any and all of their efforts with respect to the West Side attack. #NYCStrong|5000|28005
realDonaldTrump|Wed Nov 01 20:14:17 +0000 2017|Just spoke with @NYGovCuomo and @NYCMayor de Blasio to let them know that the federal government...|6052|33359
realDonaldTrump|Wed Nov 01 19:26:47 +0000 2017|We mourn the horrifying terrorist attack in NYC. All of America is praying and grieving for the families who lost their precious loved ones. https://t.co/WZFHXoJE3K|11705|53527
realDonaldTrump|Wed Nov 01 15:03:29 +0000 2017|....for the Middle Class. The House and Senate should consider ASAP as the process of final approval moves along. Push Biggest Tax Cuts EVER|10904|53394
realDonaldTrump|Wed Nov 01 14:59:43 +0000 2017|Wouldn't it be great to Repeal the very unfair and unpopular Individual Mandate in ObamaCare and use those savings for further Tax Cuts.....|16359|78771
realDonaldTrump|Wed Nov 01 13:30:32 +0000 2017|#NYCStrong #USA?? https://t.co/6K3Xw5P87d|8206|38119
realDonaldTrump|Wed Nov 01 11:40:14 +0000 2017|"\"Senator Chuck Schumer helping to import Europes problems\" said Col.Tony Shaffer. We will stop this craziness!  @foxandfriends"|19653|73063
realDonaldTrump|Wed Nov 01 11:30:48 +0000 2017|We are fighting hard for Merit Based immigration, no more Democrat Lottery Systems. We must get MUCH tougher (and smarter).  @foxandfriends|24314|97120
realDonaldTrump|Wed Nov 01 11:24:32 +0000 2017|"The terrorist came into our country through what is called the \"Diversity Visa Lottery Program,\" a Chuck Schumer beauty. I want merit based."|34400|124369
realDonaldTrump|Wed Nov 01 01:26:22 +0000 2017|I have just ordered Homeland Security to step up our already Extreme Vetting Program. Being politically correct is fine, but not for this!|34507|141188
realDonaldTrump|Wed Nov 01 01:22:20 +0000 2017|The Republican House members are working hard (and late) toward the Massive Tax Cuts that they know you deserve. These will be biggest ever!|12734|66477
realDonaldTrump|Tue Oct 31 22:57:40 +0000 2017|My thoughts, condolences and prayers to the victims and families of the New York City terrorist attack. God and your country are with you!|24289|108641
realDonaldTrump|Tue Oct 31 22:31:45 +0000 2017|We must not allow ISIS to return, or enter, our country after defeating them in the Middle East and elsewhere. Enough!|33407|135705
realDonaldTrump|Tue Oct 31 21:30:04 +0000 2017|In NYC, looks like another attack by a very sick and deranged person. Law enforcement is following this closely. NOT IN THE U.S.A.!|23610|104988
realDonaldTrump|Tue Oct 31 19:41:25 +0000 2017|"U.S. COAL PRODUCTION
Up?7.8% past year. 
Down?31.5% last 10 years. 
#EndingWarOnCoal https://t.co/xr20OBb2DV"|10217|42169
realDonaldTrump|Tue Oct 31 19:14:31 +0000 2017|?Home Prices Reach New All-Time Highs in August? Read more: https://t.co/XzJiZgGQ8R https://t.co/STBtR6mO2j|6050|28073
realDonaldTrump|Tue Oct 31 18:11:11 +0000 2017|"\"Consumer Confidence Hits Highest Level Since December 2000\" Read more: https://t.co/w7WkcobFun https://t.co/nLo5XCnuIx"|9715|39212
realDonaldTrump|Tue Oct 31 16:08:36 +0000 2017|"Wishing everyone a safe and Happy Halloween!
#Halloween2017 https://t.co/BRpgXVRI8Y"|12945|59685
realDonaldTrump|Tue Oct 31 15:48:22 +0000 2017|Thank you @LuisRiveraMarin! https://t.co/BK7sDv9phU|5530|26910
realDonaldTrump|Tue Oct 31 14:46:24 +0000 2017|?Statement by President Trump on the Apprehension of Mustafa al-Imam for His Alleged Role in Benghazi Attacks? https://t.co/2U7WJmfGlM|9254|35406
realDonaldTrump|Tue Oct 31 14:10:42 +0000 2017|....earth shattering. He and his brother could Drain The Swamp, which would be yet another campaign promise fulfilled. Fake News weak!|11688|50953
realDonaldTrump|Tue Oct 31 14:06:27 +0000 2017|The biggest story yesterday, the one that has the Dems in a dither, is Podesta running from his firm. What he know about Crooked Dems is....|16187|64578
realDonaldTrump|Tue Oct 31 12:21:06 +0000 2017|I hope people will start to focus on our Massive Tax Cuts for Business (jobs) and the Middle Class (in addition to Democrat corruption)!|16070|72952
realDonaldTrump|Tue Oct 31 12:16:08 +0000 2017|....came to the campaign. Few people knew the young, low level volunteer named George, who has already proven to be a liar. Check the DEMS!|12068|54144
realDonaldTrump|Tue Oct 31 12:09:41 +0000 2017|"The Fake News is working overtime. As Paul Manaforts lawyer said, there was \"no collusion\" and events mentioned took place long before he..."|13459|56778
realDonaldTrump|Mon Oct 30 14:28:10 +0000 2017|....Also, there is NO COLLUSION!|21332|88311
realDonaldTrump|Mon Oct 30 14:25:09 +0000 2017|Sorry, but this is years ago, before Paul Manafort was part of the Trump campaign. But why aren't Crooked Hillary &amp; the Dems the focus?????|32931|116323
realDonaldTrump|Mon Oct 30 11:50:26 +0000 2017|Great job by MichaelCaputo on @foxandfriends.|7173|41866
realDonaldTrump|Mon Oct 30 11:37:36 +0000 2017|Report out that Obama Campaign paid $972,000 to Fusion GPS. The firm also got $12,400,000 (really?) from DNC. Nobody knows who OK'd!|35250|106831
realDonaldTrump|Sun Oct 29 14:48:09 +0000 2017|"All of this \"Russia\" talk right when the Republicans are making their big push for historic Tax Cuts &amp; Reform. Is this coincidental? NOT!"|22358|89354
realDonaldTrump|Sun Oct 29 14:17:14 +0000 2017|...are now fighting back like never before. There is so much GUILT by Democrats/Clinton, and now the facts are pouring out. DO SOMETHING!|23827|97433
realDonaldTrump|Sun Oct 29 14:09:51 +0000 2017|"...\"collusion,\" which doesn't exist. The Dems are using this terrible (and bad for our country) Witch Hunt for evil politics, but the R's..."|16939|71869
realDonaldTrump|Sun Oct 29 14:02:37 +0000 2017|...the Uranium to Russia deal, the  33,000 plus deleted Emails, the Comey fix and so much more. Instead they look at phony Trump/Russia,....|22538|85057
realDonaldTrump|Sun Oct 29 13:53:43 +0000 2017|Never seen such Republican ANGER &amp; UNITY as I have concerning the lack of investigation on Clinton made Fake Dossier (now $12,000,000?),....|28648|108722
realDonaldTrump|Sun Oct 29 13:12:47 +0000 2017|As usual, the ObamaCare premiums will be up (the Dems own it), but we will Repeal &amp; Replace and have great Healthcare soon after Tax Cuts!|13513|65487
realDonaldTrump|Sat Oct 28 23:15:39 +0000 2017|JFK Files are released, long ahead of schedule!|18393|89653
realDonaldTrump|Sat Oct 28 22:19:42 +0000 2017|While not at all presidential I must point out that the Sloppy Michael Moore Show on Broadway was a TOTAL BOMB and was forced to close. Sad!|23594|110178
realDonaldTrump|Sat Oct 28 22:08:30 +0000 2017|Happy #FirstRespondersDay to all of our HEROES out there. We are forever grateful to you for your service, sacrifice and courage 24/7/365! https://t.co/vOcTlyOeyw|14073|61374
realDonaldTrump|Sat Oct 28 21:10:36 +0000 2017|...in order to put any and all conspiracy theories to rest.|10000|52166
realDonaldTrump|Sat Oct 28 21:09:57 +0000 2017|...addresses of any mentioned person who is still living. I am doing this for reasons of full disclosure, transparency and...|9823|49376
realDonaldTrump|Sat Oct 28 21:09:00 +0000 2017|After strict consultation with General Kelly, the CIA and other Agencies, I will be releasing ALL #JFKFiles other than the names and...|15989|69304
realDonaldTrump|Sat Oct 28 14:37:38 +0000 2017|Today is National Prescription Drug Take Back Day. Everyone can help fight the #OpioidEpidemic by participating! https://t.co/ONObTWOaOn https://t.co/CYG11DnxH7|8530|40063
realDonaldTrump|Sat Oct 28 12:28:28 +0000 2017|Just read the nice remarks by President Jimmy Carter about me and how badly I am treated by the press (Fake News). Thank you Mr. President!|22597|127576
realDonaldTrump|Sat Oct 28 12:22:12 +0000 2017|Very little reporting about the GREAT GDP numbers announced yesterday (3.0 despite the big hurricane hits). Best consecutive Q's in years!|20081|86670
realDonaldTrump|Sat Oct 28 02:13:28 +0000 2017|"?WHAT HAPPENED?

?How Team Hillary played the press for fools on Russia?
??https://t.co/GqpIidk017

NOW WE KNOW! https://t.co/SgWL1HZmkI"|24226|66292
realDonaldTrump|Sat Oct 28 00:05:45 +0000 2017|#JFKFiles https://t.co/AnPBSJFh3J|16575|63567
realDonaldTrump|Fri Oct 27 23:33:14 +0000 2017|"Happy Birthday @TheLeeGreenwood!
#FlashbackFriday https://t.co/MCrMK6Eurm"|9578|40727
realDonaldTrump|Fri Oct 27 21:17:31 +0000 2017|"People are anxiously awaiting my decision as to who the next head of the Fed will be....
?https://t.co/PEj1KNYcAO"|8322|43328
realDonaldTrump|Fri Oct 27 20:33:50 +0000 2017|.@FoxNews Chris Wallace: ?More evidence of Dem collusion with Russia than GOP? https://t.co/nACQerJSiu|12573|43821
realDonaldTrump|Fri Oct 27 18:16:35 +0000 2017|We are inspired by the stories of everyday heroes who pull their communities from the depths of despair through leadership and love. https://t.co/DL3oan4Fm7|9573|46611
realDonaldTrump|Fri Oct 27 14:52:42 +0000 2017|Diane Black of Tennessee, the highly respected House Budget Committee Chairwoman, did a GREAT job in passing Budget, setting up big Tax Cuts|11284|59590
realDonaldTrump|Fri Oct 27 14:33:15 +0000 2017|Thank you @FLGovScott. https://t.co/rgdU9plvFK|7658|38122
realDonaldTrump|Fri Oct 27 13:33:40 +0000 2017|It is now commonly agreed, after many months of COSTLY looking, that there was NO collusion between Russia and Trump. Was collusion with HC!|26077|97420
realDonaldTrump|Fri Oct 27 12:50:47 +0000 2017|Happy birthday to the great @TheLeeGreenwood. You and your beautiful song have made such a difference. MAKE AMERICA GREAT AGAIN!|9404|47972
realDonaldTrump|Fri Oct 27 11:38:43 +0000 2017|JFK Files are being carefully released. In the end there will be great transparency. It is my hope to get just about everything to public!|18554|92400
realDonaldTrump|Fri Oct 27 11:16:40 +0000 2017|Good luck to @Joy_Villa on her decision to enter the wonderful world of politics. She has many fans!|9742|48913
realDonaldTrump|Fri Oct 27 11:09:03 +0000 2017|Congratulations to @SpeakerRyan, @GOPLeader, @SteveScalise and to the Republican Party on Budget passage yesterday. Now for biggest Tax Cuts|8366|44578
realDonaldTrump|Fri Oct 27 10:59:56 +0000 2017|Thank you @foxandfriends. Really great job and show!|6654|42980
realDonaldTrump|Fri Oct 27 10:58:36 +0000 2017|Wacky &amp; totally unhinged Tom Steyer, who has been fighting me and my Make America Great Again agenda from beginning, never wins elections!|10917|52635
realDonaldTrump|Fri Oct 27 01:18:55 +0000 2017|WORKING TOGETHER, we will defeat this #OpioidEpidemic &amp; free our nation from the terrible affliction of drug abuse. https://t.co/iAZjqGMwav https://t.co/mZI5uQN4oZ|9481|44319
realDonaldTrump|Thu Oct 26 21:29:52 +0000 2017|Effective today, my administration officially declared the #OpioidCrisis a NATIONAL PUBLIC HEALTH EMERGENCY under federal law. https://t.co/YosOBurdCw|12418|54571
realDonaldTrump|Thu Oct 26 15:05:36 +0000 2017|Big news - Budget just passed!|23741|130211
realDonaldTrump|Thu Oct 26 14:30:45 +0000 2017|Do not underestimate the UNITY within the Republican Party!|12492|66543
realDonaldTrump|Thu Oct 26 14:11:21 +0000 2017|Ed Gillespie will be a great Governor of Virginia. His opponent doesn't even show up to meetings/work, and will be VERY weak on crime!|11245|51500
realDonaldTrump|Thu Oct 26 14:07:08 +0000 2017|Ed Gillespie will turn the really bad Virginia economy #'s around, and fast. Strong on crime, he might even save our great statues/heritage!|12603|59433
realDonaldTrump|Thu Oct 26 13:45:45 +0000 2017|Will be another Sean success! https://t.co/SlNTENvJLA|8722|38699
realDonaldTrump|Thu Oct 26 03:33:41 +0000 2017|"Together, we will Make America Great Again!
#AmericaFirst?? https://t.co/ajiC3flNkI"|12273|51102
realDonaldTrump|Thu Oct 26 01:47:50 +0000 2017|"This will be the biggest TAX CUT in the history of our country - and we need it! #TaxReform 
Read more: https://t.co/o3W9bJkz5k https://t.co/JYckXWEmLu"|11229|49322
realDonaldTrump|Wed Oct 25 22:46:57 +0000 2017|Interview with @LouDobbs coming up at 7pmE on @FoxBusiness. Enjoy! https://t.co/9V9z015kVl|5546|30417
realDonaldTrump|Wed Oct 25 22:17:36 +0000 2017|"Texas @GovAbbott &amp; Lt. Gov. @DanPatrick,

Thank you for todays briefing on hurricane recovery efforts here in TX. Keep up the great work! https://t.co/rBel6IWrJl"|6751|33757
realDonaldTrump|Wed Oct 25 19:56:39 +0000 2017|The long anticipated release of the #JFKFiles will take place tomorrow. So interesting!|31693|118696
realDonaldTrump|Wed Oct 25 19:39:22 +0000 2017|Melania and I look forward to being with President Xi &amp; Madame Peng Liyuan in China in two weeks for what will hopefully be a historic trip! https://t.co/uFMonzza7N|8456|44506
realDonaldTrump|Wed Oct 25 19:24:10 +0000 2017|Spoke to President Xi of China to congratulate him on his extraordinary elevation. Also discussed NoKo &amp; trade, two very important subjects!|9258|53422
realDonaldTrump|Wed Oct 25 17:46:10 +0000 2017|Just interviewed by @LouDobbs. Will be aired tonight at 7pmE on @FoxBusiness. #Dobbs|7277|35649
realDonaldTrump|Wed Oct 25 17:19:31 +0000 2017|Congrats to @Reince Priebus, a really good and talented man. We?re proud of you Reince! https://t.co/7AsjAMrSnV|5663|31814
realDonaldTrump|Wed Oct 25 15:40:03 +0000 2017|MAKE AMERICA GREAT AGAIN! https://t.co/CbEwJSQ1A3|12927|48785
realDonaldTrump|Wed Oct 25 12:33:30 +0000 2017|"Jeff Flake, with an 18% approval rating in Arizona, said \"a lot of my colleagues have spoken out.\" Really, they just gave me a standing O!"|14419|70028
realDonaldTrump|Wed Oct 25 11:35:16 +0000 2017|Working hard on the biggest tax cut in U.S. history. Great support from so many sides. Big winners will be the middle class, business &amp; JOBS|17691|91343
realDonaldTrump|Wed Oct 25 11:30:36 +0000 2017|The meeting with Republican Senators yesterday, outside of Flake and Corker, was a love fest with standing ovations and great ideas for USA!|11342|57679
realDonaldTrump|Wed Oct 25 11:27:36 +0000 2017|The reason Flake and Corker dropped out of the Senate race is very simple, they had zero chance of being elected. Now act so hurt &amp; wounded!|14385|64920
realDonaldTrump|Wed Oct 25 11:21:30 +0000 2017|"\"Clinton campaign &amp; DNC paid for research that led to the anti-Trump Fake News Dossier. The victim here is the President.\" @FoxNews"|21433|75823
realDonaldTrump|Tue Oct 24 22:20:42 +0000 2017|So nice being with Republican Senators today. Multiple standing ovations! Most are great people who want big Tax Cuts and success for U.S.|15926|85121
realDonaldTrump|Tue Oct 24 19:11:38 +0000 2017|?President Donald J. Trump Proclaims October 24, 2017, as United Nations Day? Read more: https://t.co/cyRAQAKhy2 https://t.co/HVD0kLYlBk|6263|30457
realDonaldTrump|Tue Oct 24 14:35:32 +0000 2017|Stock Market just hit another record high! Jobs looking very good.|17973|95079
realDonaldTrump|Tue Oct 24 14:20:46 +0000 2017|...the entire World WAS laughing and taking advantage of us. People like liddle' Bob Corker have set the U.S. way back. Now we move forward!|14228|64755
realDonaldTrump|Tue Oct 24 14:13:48 +0000 2017|Sen. Corker is the incompetent head of the Foreign Relations Committee, &amp; look how poorly the U.S. has done. He doesn't have a clue as.....|13262|60816
realDonaldTrump|Tue Oct 24 13:30:21 +0000 2017|Isn't it sad that lightweight Senator Bob Corker, who couldn't get re-elected in the Great State of Tennessee, will now fight Tax Cuts plus!|13152|56694
realDonaldTrump|Tue Oct 24 12:20:35 +0000 2017|...Corker dropped out of the race in Tennesse when I refused to endorse him, and now is only negative on anything Trump. Look at his record!|12638|57848
realDonaldTrump|Tue Oct 24 12:13:59 +0000 2017|Bob Corker, who helped President O give us the bad Iran Deal &amp; couldn't get elected dog catcher in Tennessee, is now fighting Tax Cuts....|19270|79197
realDonaldTrump|Mon Oct 23 23:18:01 +0000 2017|We will never forget the 241 American service members killed by Hizballah in Beirut. They died in service to our nation. https://t.co/BaQZDA3s2e|16305|69504
realDonaldTrump|Mon Oct 23 12:30:10 +0000 2017|I had a very respectful conversation with the widow of Sgt. La David Johnson, and spoke his name from beginning, without hesitation!|15948|85432
realDonaldTrump|Mon Oct 23 11:53:08 +0000 2017|Two dozen NFL players continue to kneel during the National Anthem, showing total disrespect to our Flag &amp; Country.  No leadership in NFL!|23369|112628
realDonaldTrump|Mon Oct 23 11:42:56 +0000 2017|There will be NO change to your 401(k). This has always been a great and popular middle class tax break that works, and it stays!|23337|112212
realDonaldTrump|Sun Oct 22 12:08:47 +0000 2017|It is finally sinking through. 46% OF PEOPLE BELIEVE MAJOR NATIONAL NEWS ORGS FABRICATE STORIES ABOUT ME. FAKE NEWS, even worse! Lost cred.|25825|119222
realDonaldTrump|Sun Oct 22 12:02:31 +0000 2017|Wacky Congresswoman Wilson is the gift that keeps on giving for the Republican Party, a disaster for Dems. You watch her in action &amp; vote R!|22133|104460
realDonaldTrump|Sun Oct 22 11:50:39 +0000 2017|Doing interview today with Maria Bartiromo at 10:00 A.M. on @FoxNews - ENJOY!|7354|45821
realDonaldTrump|Sun Oct 22 00:09:21 +0000 2017|...2nd Amendment, Strong Military, ISIS, historic VA improvement, Supreme Court Justice, Record Stock Market, lowest unemployment in 17 yrs!|16138|75122
realDonaldTrump|Sun Oct 22 00:02:45 +0000 2017|...9 months than this Administration. Over 50 Legislation approvals, massive regulation cuts, energy freedom, pipelines, border security....|15036|74574
realDonaldTrump|Sat Oct 21 23:57:41 +0000 2017|I agree getting Tax Cuts approved  is important (we will also get HealthCare), but perhaps no Administration has done more in its first.....|13008|69987
realDonaldTrump|Sat Oct 21 22:51:57 +0000 2017|"Just out, but lightly reported: \"Fewest jobless claims since 1973 show firm U.S. Job Market\" Lowest since March 1973. @bpolitics"|16065|64066
realDonaldTrump|Sat Oct 21 21:21:08 +0000 2017|Crooked Hillary Clinton spent hundreds of millions of dollars more on Presidential Election than I did. Facebook was on her side, not mine!|21318|96648
realDonaldTrump|Sat Oct 21 20:06:00 +0000 2017|"Keep hearing about \"tiny\" amount of money spent on Facebook ads. What about the billions of dollars of Fake News on CNN, ABC, NBC &amp; CBS?"|22385|95248
realDonaldTrump|Sat Oct 21 19:59:23 +0000 2017|"Officials behind the now discredited \"Dossier\" plead the Fifth. Justice Department and/or FBI should immediately release who paid for it."|23492|79924
realDonaldTrump|Sat Oct 21 16:50:33 +0000 2017|?Trump hails liberation of Raqqa as critical breakthrough in anti-ISIS campaign? https://t.co/2eoYXJB7h0|10352|45811
realDonaldTrump|Sat Oct 21 13:14:33 +0000 2017|Stock Market hits another all time high on Friday. 5.3 trillion dollars up since Election. Fake News doesn't spent much time on this!|19772|91118
realDonaldTrump|Sat Oct 21 13:08:17 +0000 2017|People get what is going on! https://t.co/Pdg7VqQv6M|14673|51869
realDonaldTrump|Sat Oct 21 12:35:05 +0000 2017|Subject to the receipt of further information, I will be allowing, as President, the long blocked and classified JFK FILES to be opened.|64450|200886
realDonaldTrump|Sat Oct 21 12:07:16 +0000 2017|I hope the Fake News Media keeps talking about Wacky Congresswoman Wilson in that she, as a representative, is killing the Democrat Party!|18657|87609
realDonaldTrump|Sat Oct 21 11:52:56 +0000 2017|Budget that just passed is a really big deal, especially in terms of what will be the biggest tax cut in U.S. history - MSM barely covered!|14503|67405
realDonaldTrump|Fri Oct 20 23:52:17 +0000 2017|"Great book just out, \"A Place Called Heaven,\" by Dr. Robert Jeffress - A wonderful man!"|13574|71673
realDonaldTrump|Fri Oct 20 21:10:37 +0000 2017|This is a once-in-a-generation opportunity to offer historic tax relief to the American people! Join me today: https://t.co/9czcJDbmVW https://t.co/s3kXpvbYih|14943|61530
realDonaldTrump|Fri Oct 20 18:50:21 +0000 2017|"Today, it was an honor to have @UN
Secretary-General @AntonioGuterres at the @WhiteHouse. Speaking for the U.S.A., we appreciate all you do! https://t.co/Sk0Jcazzxw"|6705|35199
realDonaldTrump|Fri Oct 20 18:31:19 +0000 2017|Thank you @GeraldoRivera @FoxandFriends. Agree! https://t.co/8cZLdAbgzw|12288|46975
realDonaldTrump|Fri Oct 20 10:31:50 +0000 2017|"Just out report: \"United Kingdom crime rises 13% annually amid spread of Radical Islamic terror.\" Not good, we must keep America safe!"|27416|102549
realDonaldTrump|Fri Oct 20 10:15:45 +0000 2017|....This now allows for the passage of large scale Tax Cuts (and Reform), which will be the biggest in the history of our country!|14216|71812
realDonaldTrump|Fri Oct 20 10:11:15 +0000 2017|The Budget passed late last night, 51 to 49. We got ZERO Democrat votes with only Rand Paul (he will vote for Tax Cuts) voting against.....|14861|68464
realDonaldTrump|Fri Oct 20 05:12:44 +0000 2017|Great news on the 2018 budget @SenateMajLdr McConnell - first step toward delivering MASSIVE tax cuts for the American people! #TaxReform https://t.co/aBzQR7KR0c|12076|52235
realDonaldTrump|Fri Oct 20 03:00:42 +0000 2017|Big ratings getter @seanhannity and Apprentice Champion John Rich are right now going on stage in Las Vegas for #VegasStrong. Great Show!|9177|49539
realDonaldTrump|Fri Oct 20 02:53:42 +0000 2017|The Fake News is going crazy with wacky Congresswoman Wilson(D), who was SECRETLY on a very personal call, and gave a total lie on content!|19455|86413
realDonaldTrump|Fri Oct 20 01:43:00 +0000 2017|"Keep up the GREAT work. I am with you 100%!

\"ISIS is losing its grip...\"
Army Colonel Ryan Dillon
CJTF?OIR
https://t.co/jVGuvv5mzm https://t.co/PSCXg38CtS"|11996|52504
realDonaldTrump|Thu Oct 19 20:40:21 +0000 2017|It was great to have Governor @RicardoRossello of #PuertoRico??with us at the @WhiteHouse today. We are with you! #PRStrong https://t.co/Op2xDZxvNc|10252|47758
realDonaldTrump|Thu Oct 19 12:21:18 +0000 2017|".@foxandfriends \"Russia sent millions to Clinton Foundation\""|23438|70300
realDonaldTrump|Thu Oct 19 11:56:15 +0000 2017|Workers of firm involved with the discredited and Fake Dossier take the 5th. Who paid for it, Russia, the FBI or the Dems (or all)?|25014|83911
realDonaldTrump|Thu Oct 19 11:17:52 +0000 2017|Uranium deal to Russia, with Clinton help and Obama Administration knowledge, is the biggest story that Fake Media doesn't want to follow!|38445|113986
realDonaldTrump|Thu Oct 19 10:54:09 +0000 2017|Republicans are going for the big Budget approval today, first step toward massive tax cuts. I think we have the votes, but who knows?|12550|68817
realDonaldTrump|Thu Oct 19 03:03:29 +0000 2017|"\"46% of Americans think the Media is inventing stories about Trump &amp; his Administration.\" @FoxNews   It is actually much worse than this!"|17851|79348
realDonaldTrump|Wed Oct 18 23:31:54 +0000 2017|".@DanaPerino &amp; @BradThor,
Thank you so much for the wonderful compliment. Working hard! #MAGA https://t.co/AKWlsMsCVH"|9830|42297
realDonaldTrump|Wed Oct 18 22:49:42 +0000 2017|"\"20,000?21,000?22,000? 23,000?this year...FOUR one thousand milestones this year...\" 
#Dow23K #MAGA https://t.co/GQ5f2eVvEI"|13392|54993
realDonaldTrump|Wed Oct 18 22:19:12 +0000 2017|This is what REAL PRIDE in our COUNTRY is all about! #USA?? https://t.co/kyv866prdE|17066|67022
realDonaldTrump|Wed Oct 18 20:42:05 +0000 2017|.@NFL: Too much talk, not enough action. Stand for the National Anthem.|21316|93576
realDonaldTrump|Wed Oct 18 19:27:26 +0000 2017|"\"Iran hides behind its assertion of technical compliance w/the nuclear deal, while it brazenly violates the other limits..\"
Amb. @NikkiHaley https://t.co/xvHgx7d1cT"|11051|40153
realDonaldTrump|Wed Oct 18 18:20:39 +0000 2017|It was an honor to welcome Republican and Democratic members of the Senate Finance Committee to the @WhiteHouse today. #TaxReform https://t.co/ge4Xic9fId|6979|35018
realDonaldTrump|Wed Oct 18 16:58:23 +0000 2017|Our hearts are with all affected by the wildfires in California. God bless our brave First Responders and @FEMA team. We support you! https://t.co/YaoPbaVI5L|8377|42032
realDonaldTrump|Wed Oct 18 15:07:07 +0000 2017|The current tax code is a burden on American taxpayers &amp; harmful to job-creators. Americans need #TaxReform! More: https://t.co/qXyiYiFWCO https://t.co/NGIjJOc3TP|9841|41564
realDonaldTrump|Wed Oct 18 13:41:10 +0000 2017|I am supportive of Lamar as a person &amp; also of the process, but I can never support bailing out ins co's who have made a fortune w/ O'Care.|12086|57761
realDonaldTrump|Wed Oct 18 11:25:24 +0000 2017|Democrat Congresswoman totally fabricated what I said to the wife of a soldier who died in action (and I have proof). Sad!|23377|93910
realDonaldTrump|Wed Oct 18 11:06:06 +0000 2017|The NFL has decided that it will not force players to stand for the playing of our National Anthem. Total disrespect for our great country!|22649|96349
realDonaldTrump|Wed Oct 18 10:56:36 +0000 2017|As it has turned out, James Comey lied and leaked and totally protected Hillary Clinton. He was the best thing that ever happened to her!|23471|89457
realDonaldTrump|Wed Oct 18 10:38:18 +0000 2017|The Democrats will only vote for Tax Increases. Hopefully, all Senate Republicans will vote for the largest Tax Cuts in U.S. history.|13092|57541
realDonaldTrump|Wed Oct 18 10:27:29 +0000 2017|...people not interviewed, including Clinton herself. Comey stated under oath that he didn't do this-obviously a fix? Where is Justice Dept?|18314|69717
realDonaldTrump|Wed Oct 18 10:21:00 +0000 2017|Wow, FBI confirms report that James Comey drafted letter exonerating  Crooked Hillary Clinton long before investigation was complete. Many..|22586|81649
realDonaldTrump|Wed Oct 18 02:21:16 +0000 2017|The most important truth our FOUNDERS understood was: FREEDOM is NOT a gift from Govt. FREEDOM is a GIFT from GOD. ?https://t.co/rmAzGt8SuG https://t.co/SrPavwrt2R|16867|60915
realDonaldTrump|Wed Oct 18 00:44:43 +0000 2017|Thank you @Heritage! This is our once-in-a-generation opportunity to revitalize our economy, revive our industry &amp; renew the AMERICAN DREAM! https://t.co/HI30nojsGo|9097|40621
realDonaldTrump|Tue Oct 17 23:06:01 +0000 2017|WOW! https://t.co/eKfRktNVuy|15855|60468
realDonaldTrump|Tue Oct 17 23:03:32 +0000 2017|BORDER WALL prototypes underway! https://t.co/arFNO80zmO|28335|98475
realDonaldTrump|Tue Oct 17 21:56:08 +0000 2017|"Any increase in ObamaCare premiums is the fault of the Democrats for giving us a \"product\" that never had a chance of working."|15581|69126
realDonaldTrump|Tue Oct 17 21:51:34 +0000 2017|So much Fake News being put in dying magazines and newspapers. Only place worse may be @NBCNews, @CBSNews, @ABC and @CNN. Fiction writers!|14930|60480
realDonaldTrump|Tue Oct 17 18:59:43 +0000 2017|It was my great honor to welcome Prime Minister Alexis Tsipras of Greece to the WH today! ?https://t.co/Bn1vM6fYW9 ?https://t.co/j0roMFT3YL https://t.co/MPe5HWFcZ1|6266|35868
realDonaldTrump|Tue Oct 17 17:25:44 +0000 2017|Join me LIVE from the Rose Garden at 1:30pmE with Prime Minister Alexis Tsipras of Greece. ??https://t.co/Bn1vM6fYW9 https://t.co/dZB4mDBKpi|4066|24082
realDonaldTrump|Tue Oct 17 16:16:28 +0000 2017|"\"Dow Passes 23,000 for the First Time, Fueled by Strong Earnings\"
#Dow23K?https://t.co/wnkrddYlb9 https://t.co/wlP0NCNcou"|10678|43770
realDonaldTrump|Tue Oct 17 12:39:45 +0000 2017|Rep.Tom Marino has informed me that he is withdrawing his name from consideration as drug czar. Tom is a fine man and a great Congressman!|8063|47679
realDonaldTrump|Mon Oct 16 23:32:05 +0000 2017|Always great to see the wonderful people of South Carolina. Thank you for the beautiful welcome at Greenville-Spartanburg Int'l Airport! https://t.co/maO9Nc0sTe|11435|62596
realDonaldTrump|Mon Oct 16 13:12:43 +0000 2017|"I was recently asked if Crooked Hillary Clinton is going to run in 2020? My answer was, \"I hope so!\""|31894|143032
realDonaldTrump|Mon Oct 16 12:57:50 +0000 2017|The U.S. has gained more than 5.2 trillion dollars in Stock Market Value since Election Day! Also, record business enthusiasm.|18223|92071
realDonaldTrump|Mon Oct 16 12:54:49 +0000 2017|Since Election Day on November 8, the Stock Market is up more than 25%, unemployment is at a 17 year low &amp; companies are coming back to U.S.|18813|88404
realDonaldTrump|Mon Oct 16 12:49:27 +0000 2017|Dem Senator Schumer hated the Iran deal made by President Obama, but now that I am involved, he is OK with it. Tell that to Israel, Chuck!|19563|72897
realDonaldTrump|Mon Oct 16 12:21:49 +0000 2017|The Democrats only want to increase taxes and obstruct. That's all they are good at!|11932|54475
realDonaldTrump|Mon Oct 16 12:17:10 +0000 2017|Art Laffer just said that he doesn't know how a Democrat could vote against the big tax cut/reform bill and live with themselves!  @FoxNews|12025|55165
realDonaldTrump|Sun Oct 15 13:46:27 +0000 2017|...approvals of The Keystone XL &amp; Dakota Access pipelines. Also, look at the recent EPA cancelations &amp; our great new Supreme Court Justice!|13820|73608
realDonaldTrump|Sun Oct 15 13:25:05 +0000 2017|The Failing @nytimes, in a story by Peter Baker, should have mentioned the rapid terminations by me of TPP &amp; The Paris Accord &amp; the fast....|11862|57446
realDonaldTrump|Sat Oct 14 21:27:22 +0000 2017|The Democrats in the Southwest part of Virginia have been abandoned by their Party. Republican Ed Gillespie will never let you down!|14832|67309
realDonaldTrump|Sat Oct 14 11:27:00 +0000 2017|Very proud of my Executive Order which will allow greatly expanded access and far lower costs for HealthCare. Millions of people benefit!|21126|112155
realDonaldTrump|Sat Oct 14 11:18:49 +0000 2017|Health Insurance stocks, which have gone through the roof during the ObamaCare years, plunged yesterday after I ended their Dems windfall!|16985|79609
realDonaldTrump|Sat Oct 14 01:31:20 +0000 2017|"Such a wonderful statement from the great @LouDobbs. \"We take up what may be the most accomplished presidency in modern American history.\""|14907|64725
realDonaldTrump|Sat Oct 14 01:17:54 +0000 2017|ObamaCare is causing such grief and tragedy for so many. It is being dismantled but in the meantime, premiums &amp; deductibles are way up!|11544|58022
realDonaldTrump|Sat Oct 14 01:10:55 +0000 2017|"Money pouring into Insurance Companies profits, under the guise of ObamaCare, is over. They have made a fortune.
Dems must get smart &amp; deal!"|14672|65314
realDonaldTrump|Sat Oct 14 01:02:48 +0000 2017|Many people talking, with much agreement, on my Iran speech today. Participants in the deal are making lots of money on trade with Iran!|10467|51393
realDonaldTrump|Sat Oct 14 00:53:59 +0000 2017|Starting to develop a much better relationship with Pakistan and its leaders. I want to thank them for their cooperation on many fronts.|13278|66504
realDonaldTrump|Fri Oct 13 22:01:57 +0000 2017|#WeeklyAddress?? https://t.co/riqEiBNwk2|9823|39162
realDonaldTrump|Fri Oct 13 18:09:00 +0000 2017|Today, I announced our strategy to confront the Iranian regime?s hostile actions and to ensure that they never acquire a nuclear weapon. https://t.co/N4ISdjuEdC|16344|62965
